id,sportradar_player_id,player_name,name,position,price,salary,projected_points,avg_fppg,team,recent_team,opponent_team,opponent_display,home_away,game_time,gameday,stadium,game_id,headshot_url,jersey_number,roster_status,height,weight,college,rank,prediction_rank,confidence
joe_burrow_CIN_2025,3023ac10-4e7f-425f-9fc5-2b8e6332c92e,Joe Burrow,,QB,9400,9400,20.8,20.8,CIN,CIN,CLE,@ CLE,away,Sun 09/07 13:00,2025-09-07,FirstEnergy Stadium,2025_01_CIN_CLE,"https://static.www.nfl.com/image/private/f_auto,q_auto/league/jzzqz5ubkilrn9dpxtlp",9.0,ACT,76.0,215.0,LSU,1,1,0
patrick_mahomes_KC_2025,11cad59d-90dd-449c-a839-dddaba4fe16c,Patrick Mahomes,,QB,9100,9100,20.3,20.3,KC,KC,LAC,@ LAC,away,Fri 09/05 20:00,2025-09-05,SoFi Stadium,2025_01_KC_LAC,"https://static.www.nfl.com/image/upload/f_auto,q_auto/league/qrdbvu4iqy7wkqg8jq8d",15.0,ACT,74.0,225.0,Texas Tech,2,2,0
josh_allen_BUF_2025,3069db07-aa43-4503-ab11-2ae5c0002721,Josh Allen,,QB,8400,8400,18.6,18.6,BUF,BUF,BAL,vs BAL,home,Sun 09/07 20:20,2025-09-07,New Era Field,2025_01_BAL_BUF,"https://static.www.nfl.com/image/upload/f_auto,q_auto/league/lq4ezafbszwwt2qsvhqv",17.0,ACT,77.0,237.0,Wyoming,4,4,0
dak_prescott_DAL_2025,86197778-8d4b-4eba-affe-08ef7be7c70b,Dak Prescott,,QB,7900,7900,17.5,17.5,DAL,DAL,PHI,@ PHI,away,Thu 09/04 20:20,2025-09-04,Lincoln Financial Field,2025_01_DAL_PHI,"https://static.www.nfl.com/image/upload/f_auto,q_auto/league/xmtaggdnhuyl4pdwtv8j",4.0,ACT,74.0,238.0,Mississippi State,5,5,0
jalen_hurts_PHI_2025,64bd0f02-6a5d-407e-98f1-fd02048ea21d,Jalen Hurts,,QB,7900,7900,17.5,17.5,PHI,PHI,DAL,vs DAL,home,Thu 09/04 20:20,2025-09-04,Lincoln Financial Field,2025_01_DAL_PHI,"https://static.www.nfl.com/image/upload/f_auto,q_auto/league/k2p5yb4qmqwoo3qcapgt",1.0,ACT,73.0,223.0,Oklahoma,6,6,0
tua_tagovailoa_MIA_2025,26ad9c27-de38-495e-913c-6fb2428e76d3,Tua Tagovailoa,,QB,7600,7600,17.0,17.0,MIA,MIA,IND,@ IND,away,Sun 09/07 13:00,2025-09-07,Lucas Oil Stadium,2025_01_MIA_IND,"https://static.www.nfl.com/image/upload/f_auto,q_auto/league/xzdbwt2ezmxk3pjcsr1n",1.0,ACT,73.0,225.0,Alabama,7,7,0
c.j._stroud_HOU_2025,7e91086f-9ca4-4bd9-a099-b88b2f37e6c6,C.J. Stroud,,QB,7600,7600,16.9,16.9,HOU,HOU,LA,@ LA,away,Sun 09/07 16:25,2025-09-07,SoFi Stadium,2025_01_HOU_LA,"https://static.www.nfl.com/image/upload/f_auto,q_auto/league/fbk2eqpo54lawppgetjn",7.0,ACT,75.0,218.0,Ohio State,8,8,0
tyler_shough_NO_2025,94b8f9e1-3109-4429-8f71-4f79d7588237,Tyler Shough,,QB,6900,6900,15.4,15.4,NO,NO,ARI,vs ARI,home,Sun 09/07 13:00,2025-09-07,Mercedes-Benz Superdome,2025_01_ARI_NO,,6.0,ACT,77.0,219.0,Louisville,9,9,0
joe_flacco_CLE_2025,64797df2-efd3-4b27-86ee-1d48f7edb09f,Joe Flacco,,QB,6600,6600,14.7,14.7,CLE,CLE,CIN,vs CIN,home,Sun 09/07 13:00,2025-09-07,FirstEnergy Stadium,2025_01_CIN_CLE,"https://static.www.nfl.com/image/upload/f_auto,q_auto/league/yxvyoeojkif7tnfviamc",15.0,ACT,78.0,245.0,Delaware,10,10,0
kyler_murray_ARI_2025,dd5a6b6e-ffae-45a5-b8e6-718a9251f374,Kyler Murray,,QB,6600,6600,14.6,14.6,ARI,ARI,NO,@ NO,away,Sun 09/07 13:00,2025-09-07,Mercedes-Benz Superdome,2025_01_ARI_NO,"https://static.www.nfl.com/image/upload/f_auto,q_auto/league/lsladvvsaptc29bbcah2",1.0,ACT,70.0,207.0,Oklahoma,11,11,0
jayden_daniels_WAS_2025,bab8c65a-9fff-410d-8e34-dc2f636d890e,Jayden Daniels,,QB,6500,6500,14.4,14.4,WAS,WAS,NYG,vs NYG,home,Sun 09/07 13:00,2025-09-07,FedExField,2025_01_NYG_WAS,"https://static.www.nfl.com/image/upload/f_auto,q_auto/league/mh9rkwpmq1rgfarg9rpm",5.0,ACT,76.0,210.0,LSU,12,12,0
jared_goff_DET_2025,aba8f925-ffbf-4654-bfa7-a25d3d237494,Jared Goff,,QB,6300,6300,14.0,14.0,DET,DET,GB,@ GB,away,Sun 09/07 16:25,2025-09-07,Lambeau Field,2025_01_DET_GB,"https://static.www.nfl.com/image/upload/f_auto,q_auto/league/jxyaiwwkabzmmphouxil",16.0,ACT,76.0,217.0,California,13,13,0
russell_wilson_NYG_2025,409d4cac-ee90-4470-9710-ebe671678339,Russell Wilson,,QB,6200,6200,13.8,13.8,NYG,NYG,WAS,@ WAS,away,Sun 09/07 13:00,2025-09-07,FedExField,2025_01_NYG_WAS,"https://static.www.nfl.com/image/upload/f_auto,q_auto/league/u36rhg0md8ey3b4khbre",3.0,ACT,71.0,206.0,Wisconsin,14,14,0
matthew_stafford_LA_2025,ade43b1a-0601-4672-83b6-d246bc066a19,Matthew Stafford,,QB,6000,6000,13.3,13.3,LA,LA,HOU,vs HOU,home,Sun 09/07 16:25,2025-09-07,SoFi Stadium,2025_01_HOU_LA,"https://static.www.nfl.com/image/upload/f_auto,q_auto/league/xdlnnbapdbk8trxqlasu",9.0,ACT,75.0,214.0,Georgia,15,15,0
baker_mayfield_TB_2025,30198d30-9769-4e10-ac86-b4c91d940802,Baker Mayfield,,QB,5800,5800,13.0,13.0,TB,TB,ATL,@ ATL,away,Sun 09/07 13:00,2025-09-07,Mercedes-Benz Stadium,2025_01_TB_ATL,"https://static.www.nfl.com/image/upload/f_auto,q_auto/league/xrbgtbyy8a7l0ux13hjy",6.0,ACT,73.0,215.0,Oklahoma,16,16,0
jordan_love_GB_2025,e5094779-e94f-4052-8597-bdbee3719f6b,Jordan Love,,QB,5800,5800,13.0,13.0,GB,GB,DET,vs DET,home,Sun 09/07 16:25,2025-09-07,Lambeau Field,2025_01_DET_GB,"https://static.www.nfl.com/image/upload/f_auto,q_auto/league/a8xqle2vmsnumawdhswb",10.0,ACT,76.0,219.0,Utah State,17,17,0
sam_darnold_SEA_2025,13d826c5-9b22-4e0a-a877-02d8c84c546b,Sam Darnold,,QB,5800,5800,12.9,12.9,SEA,SEA,SF,vs SF,home,Sun 09/07 16:05,2025-09-07,Lumen Field,2025_01_SF_SEA,"https://static.www.nfl.com/image/upload/f_auto,q_auto/league/agjgfwk9jk9ufoac2vpd",14.0,ACT,75.0,225.0,USC,18,18,0
justin_herbert_LAC_2025,f0a8f8e3-b9e9-46ed-85e4-eec6452a8a44,Justin Herbert,,QB,5700,5700,12.7,12.7,LAC,LAC,KC,vs KC,home,Fri 09/05 20:00,2025-09-05,SoFi Stadium,2025_01_KC_LAC,"https://static.www.nfl.com/image/upload/f_auto,q_auto/league/vvwim9hpgq1zs3bufmr0",10.0,ACT,78.0,236.0,Oregon,19,19,0
geno_smith_LV_2025,cfc93f5e-105e-4a5e-88d3-f4279893cfa8,Geno Smith,,QB,5700,5700,12.6,12.6,LV,LV,NE,@ NE,away,Sun 09/07 13:00,2025-09-07,Gillette Stadium,2025_01_LV_NE,"https://static.www.nfl.com/image/upload/f_auto,q_auto/league/izkm5yyxybb5uy5dkcgf",7.0,ACT,75.0,221.0,West Virginia,20,20,0
brock_purdy_SF_2025,d5aef708-ad61-4ab8-a637-62ff96e92040,Brock Purdy,,QB,5600,5600,12.4,12.4,SF,SF,SEA,@ SEA,away,Sun 09/07 16:05,2025-09-07,Lumen Field,2025_01_SF_SEA,"https://static.www.nfl.com/image/upload/f_auto,q_auto/league/myvg8siij2bn9ecx7btm",13.0,ACT,73.0,220.0,Iowa State,21,21,0
bryce_young_CAR_2025,38475bfa-9773-4c3b-9157-a0dbd576fa22,Bryce Young,,QB,5600,5600,12.4,12.4,CAR,CAR,JAX,@ JAX,away,Sun 09/07 13:00,2025-09-07,TIAA Bank Stadium,2025_01_CAR_JAX,"https://static.www.nfl.com/image/upload/f_auto,q_auto/league/gdmtmmviwadpobyjogal",9.0,ACT,70.0,204.0,Alabama,22,22,0
trevor_lawrence_JAX_2025,aaa8b42c-4d87-45f6-bfd2-e31cfed9a736,Trevor Lawrence,,QB,5500,5500,12.3,12.3,JAX,JAX,CAR,vs CAR,home,Sun 09/07 13:00,2025-09-07,TIAA Bank Stadium,2025_01_CAR_JAX,"https://static.www.nfl.com/image/upload/f_auto,q_auto/league/ftznnho2rk2xzrculbob",16.0,ACT,78.0,220.0,Clemson,23,23,0
bo_nix_DEN_2025,f056c8ed-6ee5-492c-af11-3f7e3d97195c,Bo Nix,,QB,5400,5400,11.9,11.9,DEN,DEN,TEN,vs TEN,home,Sun 09/07 16:05,2025-09-07,Empower Field at Mile High,2025_01_TEN_DEN,"https://static.www.nfl.com/image/upload/f_auto,q_auto/league/zibtvsprpauxnytis229",10.0,ACT,74.0,217.0,Oregon,24,24,0
caleb_williams_CHI_2025,49d4b627-3f19-49a8-ae33-f539e0fb1f88,Caleb Williams,,QB,5300,5300,11.8,11.8,CHI,CHI,MIN,vs MIN,home,Mon 09/08 20:15,2025-09-08,Soldier Field,2025_01_MIN_CHI,"https://static.www.nfl.com/image/upload/f_auto,q_auto/league/idewrhb7kngpdtrvku31",18.0,ACT,73.0,226.0,USC,25,25,0
aaron_rodgers_PIT_2025,0ce48193-e2fa-466e-a986-33f751add206,Aaron Rodgers,,QB,5100,5100,11.4,11.4,PIT,PIT,NYJ,@ NYJ,away,Sun 09/07 13:00,2025-09-07,MetLife Stadium,2025_01_PIT_NYJ,"https://static.www.nfl.com/image/upload/f_auto,q_auto/league/jdcb4nomlc4rd6k5l6to",8.0,ACT,74.0,223.0,California,26,26,0
drake_maye_NE_2025,d0c0630e-8925-4b81-a32b-e4146d95f01f,Drake Maye,,QB,5000,5000,11.2,11.2,NE,NE,LV,vs LV,home,Sun 09/07 13:00,2025-09-07,Gillette Stadium,2025_01_LV_NE,"https://static.www.nfl.com/image/upload/f_auto,q_auto/league/iy96wbyjth5ehizc0xq5",10.0,ACT,76.0,225.0,North Carolina,27,27,0
j.j._mccarthy_MIN_2025,587cc3c3-aeda-4ac7-8803-a7e4db195534,J.J. McCarthy,,QB,4000,4000,6.6,6.6,MIN,MIN,CHI,@ CHI,away,Mon 09/08 20:15,2025-09-08,Soldier Field,2025_01_MIN_CHI,,9.0,ACT,75.0,219.0,Michigan,28,28,0
cameron_ward_TEN_2025,3c76cab3-3df2-43dd-acaa-57e055bd32d0,Cameron Ward,,QB,4000,4000,6.6,6.6,TEN,TEN,DEN,@ DEN,away,Sun 09/07 16:05,2025-09-07,Empower Field at Mile High,2025_01_TEN_DEN,,1.0,ACT,74.0,219.0,Miami (FL),29,29,0
justin_fields_NYJ_2025,cf15be8f-9117-4531-a517-2b9c7cb3e9e1,Justin Fields,,QB,4000,4000,6.5,6.5,NYJ,NYJ,PIT,vs PIT,home,Sun 09/07 13:00,2025-09-07,MetLife Stadium,2025_01_PIT_NYJ,"https://static.www.nfl.com/image/upload/f_auto,q_auto/league/vqcvybvs1vlqhkjvujbg",7.0,ACT,75.0,227.0,Ohio State,30,30,0
gardner_minshew_KC_2025,dabb52c0-455b-48fe-996b-abf758120623,Gardner Minshew,,QB,4000,4000,1.7,1.7,KC,KC,LAC,@ LAC,away,Fri 09/05 20:00,2025-09-05,SoFi Stadium,2025_01_KC_LAC,"https://static.www.nfl.com/image/upload/f_auto,q_auto/league/zn2kvriijuixffqfx7ob",17.0,ACT,73.0,225.0,Washington State,31,31,0
cooper_rush_BAL_2025,4595c8ea-9d85-4504-8a34-2c8a02349105,Cooper Rush,,QB,4000,4000,1.7,1.7,BAL,BAL,BUF,@ BUF,away,Sun 09/07 20:20,2025-09-07,New Era Field,2025_01_BAL_BUF,"https://static.www.nfl.com/image/upload/f_auto,q_auto/league/amuag2qiwa9veml1lhvs",15.0,ACT,75.0,225.0,Central Michigan,32,32,0
kirk_cousins_ATL_2025,bbd0942c-6f77-4f83-a6d0-66ec6548019e,Kirk Cousins,,QB,4000,4000,1.7,1.7,ATL,ATL,TB,vs TB,home,Sun 09/07 13:00,2025-09-07,Mercedes-Benz Stadium,2025_01_TB_ATL,"https://static.www.nfl.com/image/upload/f_auto,q_auto/league/yt6n07jezvfmcsoq0j13",18.0,ACT,75.0,205.0,Michigan State,33,33,0
aidan_o'connell_LV_2025,5891a917-9071-4bc2-a652-7f702c44cbd2,Aidan O'Connell,,QB,4000,4000,1.7,1.7,LV,LV,NE,@ NE,away,Sun 09/07 13:00,2025-09-07,Gillette Stadium,2025_01_LV_NE,"https://static.www.nfl.com/image/upload/f_auto,q_auto/league/aphs7sdbtn8v4zo9pz6w",12.0,ACT,75.0,206.0,Purdue,34,34,0
tyler_huntley_CLE_2025,7c226f73-a59f-4db6-ad98-2766d05d4d5a,Tyler Huntley,,QB,4000,4000,1.6,1.6,CLE,CLE,CIN,vs CIN,home,Sun 09/07 13:00,2025-09-07,FirstEnergy Stadium,2025_01_CIN_CLE,"https://static.www.nfl.com/image/upload/f_auto,q_auto/league/ex2ygunvni5o5aabnhbq",7.0,ACT,73.0,205.0,Utah,35,35,0
jameis_winston_NYG_2025,fb3b36fc-b985-4807-8199-d038d7e62a93,Jameis Winston,,QB,4000,4000,1.6,1.6,NYG,NYG,WAS,@ WAS,away,Sun 09/07 13:00,2025-09-07,FedExField,2025_01_NYG_WAS,"https://static.www.nfl.com/image/upload/f_auto,q_auto/league/chdeosreuupotgq0eqlm",19.0,ACT,76.0,231.0,Florida State,36,36,0
drew_lock_SEA_2025,94325301-e0ad-4a9f-a0e5-ffec0f529be3,Drew Lock,,QB,4000,4000,1.6,1.6,SEA,SEA,SF,vs SF,home,Sun 09/07 16:05,2025-09-07,Lumen Field,2025_01_SF_SEA,"https://static.www.nfl.com/image/upload/f_auto,q_auto/league/tlkgzjnuugarxjeoj9vk",2.0,ACT,76.0,228.0,Missouri,37,37,0
case_keenum_CHI_2025,1b3d350a-478b-4542-a430-d12cc96adc22,Case Keenum,,QB,4000,4000,1.6,1.6,CHI,CHI,MIN,vs MIN,home,Mon 09/08 20:15,2025-09-08,Soldier Field,2025_01_MIN_CHI,"https://static.www.nfl.com/image/upload/f_auto,q_auto/league/zj2xieg6nctsabgzu65n",11.0,ACT,73.0,220.0,Houston,38,38,0
easton_stick_ATL_2025,af291d43-a51f-44ce-b8ac-430ec68c78c8,Easton Stick,,QB,4000,4000,1.6,1.6,ATL,ATL,TB,vs TB,home,Sun 09/07 13:00,2025-09-07,Mercedes-Benz Stadium,2025_01_TB_ATL,"https://static.www.nfl.com/image/upload/f_auto,q_auto/league/ybdbylsv4ikjnmwornzo",12.0,ACT,73.0,224.0,North Dakota State,39,39,0
andy_dalton_CAR_2025,d2a0e5af-3850-4f16-8e40-a0b1d15c2ce1,Andy Dalton,,QB,4000,4000,1.6,1.6,CAR,CAR,JAX,@ JAX,away,Sun 09/07 13:00,2025-09-07,TIAA Bank Stadium,2025_01_CAR_JAX,"https://static.www.nfl.com/image/upload/f_auto,q_auto/league/az1zo7fl2tozg50tgs0d",14.0,ACT,74.0,220.0,TCU,40,40,0
trevor_siemian_TEN_2025,,Trevor Siemian,Trevor Siemian,QB,4000,4000,1.6,1.6,TEN,TEN,DEN,@ DEN,away,Sun 09/07 16:05,2025-09-07,Empower Field at Mile High,2025_01_TEN_DEN,"https://static.www.nfl.com/image/private/f_auto,q_auto/league/vmksfbms9zefxezf39sb",15.0,ACT,,,,41,41,0
dorian_thompson-robinson_PHI_2025,d66ae3ad-8a60-47e7-a3b2-18a1e8377e1b,Dorian Thompson-Robinson,,QB,4000,4000,1.5,1.5,PHI,PHI,DAL,vs DAL,home,Thu 09/04 20:20,2025-09-04,Lincoln Financial Field,2025_01_DAL_PHI,"https://static.www.nfl.com/image/upload/f_auto,q_auto/league/ujuyt3hpswlin3aahmhu",14.0,ACT,74.0,203.0,UCLA,42,42,0
sam_howell_MIN_2025,7d85e9c2-f464-4654-9200-acfcffd7dfaf,Sam Howell,,QB,4000,4000,1.5,1.5,MIN,MIN,CHI,@ CHI,away,Mon 09/08 20:15,2025-09-08,Soldier Field,2025_01_MIN_CHI,"https://static.www.nfl.com/image/upload/f_auto,q_auto/league/xd9l7dbtwz8bpvygmcab",8.0,ACT,73.0,225.0,North Carolina,43,43,0
spencer_rattler_NO_2025,e0eecf78-86b2-4ee8-8ac9-d7713a138765,Spencer Rattler,,QB,4000,4000,1.5,1.5,NO,NO,ARI,vs ARI,home,Sun 09/07 13:00,2025-09-07,Mercedes-Benz Superdome,2025_01_ARI_NO,"https://static.www.nfl.com/image/upload/f_auto,q_auto/league/xhllpfkd4hrpbwczbca6",2.0,ACT,72.0,211.0,South Carolina,44,44,0
mac_jones_SF_2025,1fd00ec3-b758-46d2-a2c1-cca521ea8a54,Mac Jones,,QB,4000,4000,1.5,1.5,SF,SF,SEA,@ SEA,away,Sun 09/07 16:05,2025-09-07,Lumen Field,2025_01_SF_SEA,"https://static.www.nfl.com/image/upload/f_auto,q_auto/league/pedpdxybeus7mrovsoko",10.0,ACT,75.0,220.0,Alabama,45,45,0
tommy_devito_NYG_2025,a1ae8db0-eb91-11ed-a4cb-cd397e2b413c,Tommy DeVito,,QB,4000,4000,1.5,1.5,NYG,NYG,WAS,@ WAS,away,Sun 09/07 13:00,2025-09-07,FedExField,2025_01_NYG_WAS,"https://static.www.nfl.com/image/upload/f_auto,q_auto/league/ntolppjso4da6spe6okt",15.0,ACT,74.0,210.0,Illinois,46,46,0
daniel_jones_IND_2025,0042266b-cb28-4012-bfd2-06650badad97,Daniel Jones,,QB,4000,4000,1.5,1.5,IND,IND,MIA,vs MIA,home,Sun 09/07 13:00,2025-09-07,Lucas Oil Stadium,2025_01_MIA_IND,"https://static.www.nfl.com/image/private/f_auto,q_auto/league/zrhniboizqpxtdyz6gez",17.0,ACT,77.0,230.0,Duke,47,47,0
desmond_ridder_CIN_2025,6bf35760-217c-401d-b80b-2ae7cc5d7564,Desmond Ridder,,QB,4000,4000,1.5,1.5,CIN,CIN,CLE,@ CLE,away,Sun 09/07 13:00,2025-09-07,FirstEnergy Stadium,2025_01_CIN_CLE,"https://static.www.nfl.com/image/upload/f_auto,q_auto/league/rhpusa7pfgd82d9ui6y7",4.0,ACT,76.0,215.0,Cincinnati,48,48,0
jacoby_brissett_ARI_2025,ad2258ab-67f0-41c2-bcf3-f3ba145187dc,Jacoby Brissett,,QB,4000,4000,1.4,1.4,ARI,ARI,NO,@ NO,away,Sun 09/07 13:00,2025-09-07,Mercedes-Benz Superdome,2025_01_ARI_NO,"https://static.www.nfl.com/image/upload/f_auto,q_auto/league/dps7iuuc2zwl68yppqux",7.0,ACT,76.0,235.0,North Carolina State,49,49,0
bailey_zappe_KC_2025,14926860-abef-45a9-b8f6-e66103ca6029,Bailey Zappe,,QB,4000,4000,1.4,1.4,KC,KC,LAC,@ LAC,away,Fri 09/05 20:00,2025-09-05,SoFi Stadium,2025_01_KC_LAC,"https://static.www.nfl.com/image/upload/f_auto,q_auto/league/m0aps8mb4jev4t4tduir",14.0,ACT,73.0,215.0,Western Kentucky,50,50,0
kenny_pickett_CLE_2025,ef7ae1f1-4ebe-4759-bbb3-32bd177ace08,Kenny Pickett,,QB,4000,4000,1.4,1.4,CLE,CLE,CIN,vs CIN,home,Sun 09/07 13:00,2025-09-07,FirstEnergy Stadium,2025_01_CIN_CLE,"https://static.www.nfl.com/image/upload/f_auto,q_auto/league/lbyu04eubfsgezqftovz",8.0,ACT,75.0,220.0,Pittsburgh,51,51,0
jimmy_garoppolo_LA_2025,42de9d1d-0352-460b-9172-9452414fd7fd,Jimmy Garoppolo,,QB,4000,4000,1.3,1.3,LA,LA,HOU,vs HOU,home,Sun 09/07 16:25,2025-09-07,SoFi Stadium,2025_01_HOU_LA,"https://static.www.nfl.com/image/upload/f_auto,q_auto/league/lbyjizqecoq4onrgectw",11.0,ACT,74.0,225.0,Eastern Illinois,52,52,0
zach_wilson_MIA_2025,17bb63b1-1b0e-48e1-baf7-55cd314d0e62,Zach Wilson,,QB,4000,4000,1.3,1.3,MIA,MIA,IND,@ IND,away,Sun 09/07 13:00,2025-09-07,Lucas Oil Stadium,2025_01_MIA_IND,"https://static.www.nfl.com/image/upload/f_auto,q_auto/league/okhlne3kgc11gwv4w6s8",,ACT,74.0,214.0,BYU,53,53,0
mason_rudolph_PIT_2025,be4ca0ad-f3d6-4b98-a37f-79d0cbc06390,Mason Rudolph,,QB,4000,4000,1.3,1.3,PIT,PIT,NYJ,@ NYJ,away,Sun 09/07 13:00,2025-09-07,MetLife Stadium,2025_01_PIT_NYJ,"https://static.www.nfl.com/image/upload/f_auto,q_auto/league/pn938e0z2fobxmzfxmlh",2.0,ACT,77.0,235.0,Oklahoma State,54,54,0
joshua_dobbs_NE_2025,15bedebc-839e-450a-86f6-1f5ad1f4f820,Joshua Dobbs,,QB,4000,4000,1.2,1.2,NE,NE,LV,vs LV,home,Sun 09/07 13:00,2025-09-07,Gillette Stadium,2025_01_LV_NE,"https://static.www.nfl.com/image/upload/f_auto,q_auto/league/vjl8nqbcodtgzppwyemb",11.0,ACT,75.0,220.0,Tennessee,55,55,0
tyrod_taylor_NYJ_2025,7f3ef024-eb34-46af-8b9e-544cdf09378f,Tyrod Taylor,,QB,4000,4000,1.2,1.2,NYJ,NYJ,PIT,vs PIT,home,Sun 09/07 13:00,2025-09-07,MetLife Stadium,2025_01_PIT_NYJ,"https://static.www.nfl.com/image/upload/f_auto,q_auto/league/xk8e04jdsvigd6fky3uy",2.0,ACT,73.0,217.0,Virginia Tech,56,56,0
skylar_thompson_PIT_2025,5ba2c367-a293-4d83-9268-a0e392ebca1a,Skylar Thompson,,QB,4000,4000,1.2,1.2,PIT,PIT,NYJ,@ NYJ,away,Sun 09/07 13:00,2025-09-07,MetLife Stadium,2025_01_PIT_NYJ,"https://static.www.nfl.com/image/upload/f_auto,q_auto/league/pfzzkuppkzuy1obzuf0m",17.0,ACT,74.0,219.0,Kansas State,57,57,0
brett_rypien_MIN_2025,9ab44516-2a26-4049-b630-66539c7a5dfd,Brett Rypien,,QB,4000,4000,1.1,1.1,MIN,MIN,CHI,@ CHI,away,Mon 09/08 20:15,2025-09-08,Soldier Field,2025_01_MIN_CHI,"https://static.www.nfl.com/image/upload/f_auto,q_auto/league/oogvu5kkkboldowqkfst",11.0,ACT,74.0,210.0,Boise State,58,58,0
shane_buechele_BUF_2025,d7c63db7-dfe8-4cd6-a684-90342d12fa26,Shane Buechele,,QB,4000,4000,1.0,1.0,BUF,BUF,BAL,vs BAL,home,Sun 09/07 20:20,2025-09-07,New Era Field,2025_01_BAL_BUF,,6.0,ACT,72.0,210.0,SMU,59,59,0
jaxson_dart_NYG_2025,53848cba-bcad-4cd0-bb35-0a1f6ed111d1,Jaxson Dart,,QB,4000,4000,1.0,1.0,NYG,NYG,WAS,@ WAS,away,Sun 09/07 13:00,2025-09-07,FedExField,2025_01_NYG_WAS,,6.0,ACT,74.0,223.0,Ole Miss,60,60,0
dillon_gabriel_CLE_2025,299d4fe8-188c-43d1-95d3-8a8f103da5c5,Dillon Gabriel,,QB,4000,4000,1.0,1.0,CLE,CLE,CIN,vs CIN,home,Sun 09/07 13:00,2025-09-07,FirstEnergy Stadium,2025_01_CIN_CLE,,5.0,ACT,71.0,205.0,Oregon,61,61,0
sam_hartman_WAS_2025,7e65f950-06ee-11ef-82bc-b549600b8321,Sam Hartman,,QB,4000,4000,1.0,1.0,WAS,WAS,NYG,vs NYG,home,Sun 09/07 13:00,2025-09-07,FedExField,2025_01_NYG_WAS,,15.0,ACT,73.0,209.0,Notre Dame,62,62,0
chris_oladokun_KC_2025,7078cdfc-032b-4f85-8b4b-720f926ba1cb,Chris Oladokun,,QB,4000,4000,1.0,1.0,KC,KC,LAC,@ LAC,away,Fri 09/05 20:00,2025-09-05,SoFi Stadium,2025_01_KC_LAC,"https://static.www.nfl.com/image/upload/f_auto,q_auto/league/l3cx5zsyz0nvwl4ycszo",19.0,ACT,73.0,213.0,South Dakota State,63,63,0
jack_plummer_CAR_2025,1897f020-070b-11ef-860e-85b981b3a108,Jack Plummer,,QB,4000,4000,1.0,1.0,CAR,CAR,JAX,@ JAX,away,Sun 09/07 13:00,2025-09-07,TIAA Bank Stadium,2025_01_CAR_JAX,,16.0,ACT,77.0,215.0,Louisville,64,64,0
joe_milton_iii_DAL_2025,74043480-24ef-4c26-99d4-18f43d5b41d3,Joe Milton III,,QB,4000,4000,1.0,1.0,DAL,DAL,PHI,@ PHI,away,Thu 09/04 20:20,2025-09-04,Lincoln Financial Field,2025_01_DAL_PHI,,10.0,ACT,77.0,246.0,Tennessee,65,65,0
emory_jones_ATL_2025,0fc82e70-06fb-11ef-884d-cbdb0bc0c89c,Emory Jones,,QB,4000,4000,1.0,1.0,ATL,ATL,TB,vs TB,home,Sun 09/07 13:00,2025-09-07,Mercedes-Benz Stadium,2025_01_TB_ATL,,15.0,ACT,74.0,211.0,Cincinnati,66,66,0
shedeur_sanders_CLE_2025,270e09bc-8bf8-44b0-87ed-1fd014de4ab7,Shedeur Sanders,,QB,4000,4000,1.0,1.0,CLE,CLE,CIN,vs CIN,home,Sun 09/07 13:00,2025-09-07,FirstEnergy Stadium,2025_01_CIN_CLE,,12.0,ACT,74.0,212.0,Colorado,67,67,0
will_grier_DAL_2025,7905e9be-2f66-4ff5-a6e9-dbe281bf4822,Will Grier,,QB,4000,4000,1.0,1.0,DAL,DAL,PHI,@ PHI,away,Thu 09/04 20:20,2025-09-04,Lincoln Financial Field,2025_01_DAL_PHI,"https://static.www.nfl.com/image/upload/f_auto,q_auto/league/i4yjdmx9siwbpou4s8km",15.0,ACT,73.0,220.0,West Virginia,68,68,0
dresser_winn_LA_2025,adefcf10-e8e6-11ed-b5d6-23d85f497f81,Dresser Winn,,QB,4000,4000,1.0,1.0,LA,LA,HOU,vs HOU,home,Sun 09/07 16:25,2025-09-07,SoFi Stadium,2025_01_HOU_LA,,4.0,ACT,75.0,215.0,Tennessee-Martin,69,69,0
stetson_bennett_LA_2025,a5cc5958-01f9-4b7d-a8d9-c44625d53ed5,Stetson Bennett,,QB,4000,4000,1.0,1.0,LA,LA,HOU,vs HOU,home,Sun 09/07 16:25,2025-09-07,SoFi Stadium,2025_01_HOU_LA,,13.0,ACT,71.0,190.0,Georgia,70,70,0
sean_clifford_GB_2025,332b31ed-37a0-4172-acde-f7377c5bdff1,Sean Clifford,,QB,4000,4000,1.0,1.0,GB,GB,DET,vs DET,home,Sun 09/07 16:25,2025-09-07,Lambeau Field,2025_01_DET_GB,"https://static.www.nfl.com/image/upload/f_auto,q_auto/league/ru4qdl0ffm28dvywvc4r",16.0,ACT,74.0,218.0,Penn State,71,71,0
adrian_martinez_NYJ_2025,e95a83c0-e6f6-11ed-88d6-7977d3a68019,Adrian Martinez,,QB,4000,4000,1.0,1.0,NYJ,NYJ,PIT,vs PIT,home,Sun 09/07 13:00,2025-09-07,MetLife Stadium,2025_01_PIT_NYJ,,15.0,ACT,74.0,220.0,Kansas State,72,72,0
tanner_mckee_PHI_2025,93147c90-09c8-471d-a6b2-0b9d19739ba1,Tanner McKee,,QB,4000,4000,1.0,1.0,PHI,PHI,DAL,vs DAL,home,Thu 09/04 20:20,2025-09-04,Lincoln Financial Field,2025_01_DAL_PHI,"https://static.www.nfl.com/image/upload/f_auto,q_auto/league/q0uc1cubsh0rwc4ezuul",16.0,ACT,78.0,231.0,Stanford,73,73,0
carter_bradley_SF_2025,30ee4a00-04fb-11ef-bec6-79d1846dfa68,Carter Bradley,,QB,4000,4000,1.0,1.0,SF,SF,SEA,@ SEA,away,Sun 09/07 16:05,2025-09-07,Lumen Field,2025_01_SF_SEA,,14.0,ACT,75.0,213.0,South Alabama,74,74,0
jalen_milroe_SEA_2025,b0eb5b67-4ef2-462d-bfe7-e73bcce1f6b0,Jalen Milroe,,QB,4000,4000,1.0,1.0,SEA,SEA,SF,vs SF,home,Sun 09/07 16:05,2025-09-07,Lumen Field,2025_01_SF_SEA,,6.0,ACT,74.0,216.0,Alabama,75,75,0
austin_reed_CHI_2025,3dd3c120-05b2-11ef-a7ec-77a76ba1f065,Austin Reed,,QB,4000,4000,1.0,1.0,CHI,CHI,MIN,vs MIN,home,Mon 09/08 20:15,2025-09-08,Soldier Field,2025_01_MIN_CHI,,16.0,ACT,73.0,214.0,Western Kentucky,76,76,0
taylor_elgersma_GB_2025,69325730-2f3e-11f0-85d5-b9c4bfaa75e3,Taylor Elgersma,,QB,4000,4000,1.0,1.0,GB,GB,DET,vs DET,home,Sun 09/07 16:25,2025-09-07,Lambeau Field,2025_01_DET_GB,,19.0,ACT,77.0,227.0,Wilfrid Laurier (CAN),77,77,0
graham_mertz_HOU_2025,54cfd592-9878-4ac3-ab29-f00f8b2e9440,Graham Mertz,,QB,4000,4000,1.0,1.0,HOU,HOU,LA,@ LA,away,Sun 09/07 16:25,2025-09-07,SoFi Stadium,2025_01_HOU_LA,,18.0,ACT,74.0,216.0,Florida,78,78,0
ben_wooldridge_NE_2025,0eba8690-2572-11f0-841c-6faaaac5712d,Ben Wooldridge,,QB,4000,4000,1.0,1.0,NE,NE,LV,vs LV,home,Sun 09/07 13:00,2025-09-07,Gillette Stadium,2025_01_LV_NE,,17.0,ACT,74.0,214.0,Louisiana,79,79,0
seth_henigan_JAX_2025,05125990-248e-11f0-b86d-cf6af77e85f8,Seth Henigan,,QB,4000,4000,1.0,1.0,JAX,JAX,CAR,vs CAR,home,Sun 09/07 13:00,2025-09-07,TIAA Bank Stadium,2025_01_CAR_JAX,,19.0,ACT,75.0,215.0,Memphis,80,80,0
devin_leary_BAL_2025,8e947d6d-f043-4e12-8a42-b7c30732cdeb,Devin Leary,,QB,4000,4000,1.0,1.0,BAL,BAL,BUF,@ BUF,away,Sun 09/07 20:20,2025-09-07,New Era Field,2025_01_BAL_BUF,,13.0,ACT,73.0,215.0,Kentucky,81,81,0
mitchell_trubisky_BUF_2025,7a1b8f1a-9024-4897-86b0-01c63e00305e,Mitchell Trubisky,,QB,4000,4000,1.0,1.0,BUF,BUF,BAL,vs BAL,home,Sun 09/07 20:20,2025-09-07,New Era Field,2025_01_BAL_BUF,"https://static.www.nfl.com/image/upload/f_auto,q_auto/league/jetjlsljpb3shogn5grq",11.0,ACT,75.0,222.0,North Carolina,82,82,0
kyle_mccord_PHI_2025,451c7689-4fc2-410a-a33f-22dfa2ab37d4,Kyle McCord,,QB,4000,4000,1.0,1.0,PHI,PHI,DAL,vs DAL,home,Thu 09/04 20:20,2025-09-04,Lincoln Financial Field,2025_01_DAL_PHI,,19.0,ACT,75.0,218.0,Syracuse,83,83,0
will_howard_PIT_2025,b8a1b579-3a7e-4858-960b-fbfaca8de613,Will Howard,,QB,4000,4000,1.0,1.0,PIT,PIT,NYJ,@ NYJ,away,Sun 09/07 13:00,2025-09-07,MetLife Stadium,2025_01_PIT_NYJ,,18.0,ACT,76.0,236.0,Ohio State,84,84,0
riley_leonard_IND_2025,38b62d7f-4403-4e2b-8083-4d0cd08e81aa,Riley Leonard,,QB,4000,4000,1.0,1.0,IND,IND,MIA,vs MIA,home,Sun 09/07 13:00,2025-09-07,Lucas Oil Stadium,2025_01_MIA_IND,,15.0,ACT,76.0,213.0,Notre Dame,85,85,0
jason_bean_IND_2025,a6172a30-07d1-11ef-9660-238a22e41658,Jason Bean,,QB,4000,4000,1.0,1.0,IND,IND,MIA,vs MIA,home,Sun 09/07 13:00,2025-09-07,Lucas Oil Stadium,2025_01_MIA_IND,,12.0,ACT,74.0,196.0,Kansas,86,86,0
cam_miller_LV_2025,065b4e2a-5071-4b33-aef8-0b3eb99dce35,Cam Miller,,QB,4000,4000,1.0,1.0,LV,LV,NE,@ NE,away,Sun 09/07 13:00,2025-09-07,Gillette Stadium,2025_01_LV_NE,,5.0,ACT,73.0,211.0,North Dakota State,87,87,0
payton_thorne_CIN_2025,88ba5e20-2301-11f0-860c-abb69bcf1b51,Payton Thorne,,QB,4000,4000,1.0,1.0,CIN,CIN,CLE,@ CLE,away,Sun 09/07 13:00,2025-09-07,FirstEnergy Stadium,2025_01_CIN_CLE,,10.0,ACT,74.0,207.0,Auburn,88,88,0
kedon_slovis_HOU_2025,4842ee80-07d1-11ef-977b-d7c6de486031,Kedon Slovis,,QB,4000,4000,1.0,1.0,HOU,HOU,LA,@ LA,away,Sun 09/07 16:25,2025-09-07,SoFi Stadium,2025_01_HOU_LA,,16.0,ACT,74.0,223.0,BYU,89,89,0
brady_cook_NYJ_2025,4916c770-2501-11f0-aed8-c154e65d4269,Brady Cook,,QB,4000,4000,1.0,1.0,NYJ,NYJ,PIT,vs PIT,home,Sun 09/07 13:00,2025-09-07,MetLife Stadium,2025_01_PIT_NYJ,,4.0,ACT,74.0,215.0,Missouri,90,90,0
connor_bazelak_TB_2025,81b0e840-2317-11f0-9c65-b965c8884c48,Connor Bazelak,,QB,4000,4000,1.0,1.0,TB,TB,ATL,@ ATL,away,Sun 09/07 13:00,2025-09-07,Mercedes-Benz Stadium,2025_01_TB_ATL,,8.0,ACT,75.0,225.0,Bowling Green,91,91,0
dj_uiagalelei_LAC_2025,afaf9a70-2312-11f0-be9a-5f5a7ddcdf04,DJ Uiagalelei,,QB,4000,4000,1.0,1.0,LAC,LAC,KC,vs KC,home,Fri 09/05 20:00,2025-09-05,SoFi Stadium,2025_01_KC_LAC,,7.0,ACT,76.0,252.0,Florida State,92,92,0
max_brosmer_MIN_2025,921d4a00-230f-11f0-8931-09b8041f90bf,Max Brosmer,,QB,4000,4000,1.0,1.0,MIN,MIN,CHI,@ CHI,away,Mon 09/08 20:15,2025-09-08,Soldier Field,2025_01_MIN_CHI,,12.0,ACT,74.0,217.0,Minnesota,93,93,0
quinn_ewers_MIA_2025,d89f0384-21a6-44e4-8aa6-324cb2103bf6,Quinn Ewers,,QB,4000,4000,1.0,1.0,MIA,MIA,IND,@ IND,away,Sun 09/07 13:00,2025-09-07,Lucas Oil Stadium,2025_01_MIA_IND,,14.0,ACT,74.0,209.0,Texas,94,94,0
hendon_hooker_DET_2025,25b10007-802d-4ebb-8314-3eb7b24ddc37,Hendon Hooker,,QB,4000,4000,0.8,0.8,DET,DET,GB,@ GB,away,Sun 09/07 16:25,2025-09-07,Lambeau Field,2025_01_DET_GB,"https://static.www.nfl.com/image/upload/f_auto,q_auto/league/ym5l2he8pycechphzse6",2.0,ACT,75.0,220.0,Tennessee,95,95,0
malik_willis_GB_2025,55aefcf9-4dfb-4994-883f-4d537a6f1ddb,Malik Willis,,QB,4000,4000,0.7,0.7,GB,GB,DET,vs DET,home,Sun 09/07 16:25,2025-09-07,Lambeau Field,2025_01_DET_GB,"https://static.www.nfl.com/image/upload/f_auto,q_auto/league/e6w0hpe2pzefydmhqmr7",2.0,ACT,73.0,225.0,Liberty,96,96,0
tyson_bagent_CHI_2025,9bdeb910-ead2-11ed-999e-03b49558b5db,Tyson Bagent,,QB,4000,4000,0.6,0.6,CHI,CHI,MIN,vs MIN,home,Mon 09/08 20:15,2025-09-08,Soldier Field,2025_01_MIN_CHI,"https://static.www.nfl.com/image/upload/f_auto,q_auto/league/m6ls9t5npcqavk3eoa9c",17.0,ACT,75.0,212.0,Shepherd (WV),97,97,0
clayton_tune_ARI_2025,b2810d1e-3ea7-4907-bb34-93b40e893c08,Clayton Tune,,QB,4000,4000,0.6,0.6,ARI,ARI,NO,@ NO,away,Sun 09/07 13:00,2025-09-07,Mercedes-Benz Superdome,2025_01_ARI_NO,"https://static.www.nfl.com/image/upload/f_auto,q_auto/league/bbiianhnrupao5vm4onx",15.0,ACT,75.0,220.0,Houston,98,98,0
taylor_heinicke_LAC_2025,2c259733-ec2c-4e3c-bb7b-34dc0d37dc34,Taylor Heinicke,,QB,4000,4000,0.6,0.6,LAC,LAC,KC,vs KC,home,Fri 09/05 20:00,2025-09-05,SoFi Stadium,2025_01_KC_LAC,"https://static.www.nfl.com/image/upload/f_auto,q_auto/league/fz9e0aufjyyo5raclwji",4.0,ACT,73.0,210.0,Old Dominion,99,99,0
josh_johnson_WAS_2025,73e133bf-d3f7-4fda-bd25-2fde66cb8ee1,Josh Johnson,,QB,4000,4000,0.5,0.5,WAS,WAS,NYG,vs NYG,home,Sun 09/07 13:00,2025-09-07,FedExField,2025_01_NYG_WAS,"https://static.www.nfl.com/image/upload/f_auto,q_auto/league/gbaye18gptzb1jpyswv8",14.0,ACT,75.0,219.0,San Diego,100,100,0
marcus_mariota_WAS_2025,7c16c04c-04de-41f3-ac16-ad6a9435e3f7,Marcus Mariota,,QB,4000,4000,0.5,0.5,WAS,WAS,NYG,vs NYG,home,Sun 09/07 13:00,2025-09-07,FedExField,2025_01_NYG_WAS,"https://static.www.nfl.com/image/upload/f_auto,q_auto/league/b9ribxqudeehvmjlw0va",18.0,ACT,76.0,222.0,Oregon,101,101,0
jake_browning_CIN_2025,f2f29019-7306-4b1c-a9d8-e9f802cb06e0,Jake Browning,,QB,4000,4000,0.5,0.5,CIN,CIN,CLE,@ CLE,away,Sun 09/07 13:00,2025-09-07,FirstEnergy Stadium,2025_01_CIN_CLE,"https://static.www.nfl.com/image/upload/f_auto,q_auto/league/kuxgw7azlwgyv2ptawvf",6.0,ACT,74.0,209.0,Washington,102,102,0
mike_white_BUF_2025,f4808328-86e9-459d-a2bc-18e90c7d211e,Mike White,,QB,4000,4000,0.5,0.5,BUF,BUF,BAL,vs BAL,home,Sun 09/07 20:20,2025-09-07,New Era Field,2025_01_BAL_BUF,"https://static.www.nfl.com/image/upload/f_auto,q_auto/league/fmffqxu8o4ckhspqd8vm",14.0,ACT,77.0,220.0,Western Kentucky,103,103,0
davis_mills_HOU_2025,7d51fab7-2d52-4d19-a021-19a123af0d10,Davis Mills,,QB,4000,4000,0.5,0.5,HOU,HOU,LA,@ LA,away,Sun 09/07 16:25,2025-09-07,SoFi Stadium,2025_01_HOU_LA,"https://static.www.nfl.com/image/upload/f_auto,q_auto/league/ednftvn7qywdim05j7u5",10.0,ACT,76.0,225.0,Stanford,104,104,0
jake_haener_NO_2025,70376919-8220-4128-a089-72d5b10f2346,Jake Haener,,QB,4000,4000,0.4,0.4,NO,NO,ARI,vs ARI,home,Sun 09/07 13:00,2025-09-07,Mercedes-Benz Superdome,2025_01_ARI_NO,"https://static.www.nfl.com/image/upload/f_auto,q_auto/league/wugesxgiiuzs6fdymp57",3.0,ACT,73.0,200.0,Fresno State,105,105,0
kyle_trask_TB_2025,13038760-a019-4e2a-9aea-f13d7dce5bda,Kyle Trask,,QB,4000,4000,0.4,0.4,TB,TB,ATL,@ ATL,away,Sun 09/07 13:00,2025-09-07,Mercedes-Benz Stadium,2025_01_TB_ATL,"https://static.www.nfl.com/image/upload/f_auto,q_auto/league/bnraldiwx6rqfbawxkvs",2.0,ACT,77.0,236.0,Florida,106,106,0
trey_lance_LAC_2025,676a508c-c65f-404a-a2b0-f861a4bfd072,Trey Lance,,QB,4000,4000,0.4,0.4,LAC,LAC,KC,vs KC,home,Fri 09/05 20:00,2025-09-05,SoFi Stadium,2025_01_KC_LAC,"https://static.www.nfl.com/image/upload/f_auto,q_auto/league/fas0q1ssb3ihak6pduet",5.0,ACT,76.0,226.0,North Dakota State,107,107,0
nick_mullens_JAX_2025,7738fea8-7ea2-4c4c-b589-bca90b070819,Nick Mullens,,QB,4000,4000,0.3,0.3,JAX,JAX,CAR,vs CAR,home,Sun 09/07 13:00,2025-09-07,TIAA Bank Stadium,2025_01_CAR_JAX,"https://static.www.nfl.com/image/upload/f_auto,q_auto/league/xkbzegq3t29ean26xyp0",14.0,ACT,72.0,210.0,Southern Miss,108,108,0
jarrett_stidham_DEN_2025,582fe465-135a-4901-beef-60aebce99067,Jarrett Stidham,,QB,4000,4000,0.3,0.3,DEN,DEN,TEN,vs TEN,home,Sun 09/07 16:05,2025-09-07,Empower Field at Mile High,2025_01_TEN_DEN,"https://static.www.nfl.com/image/upload/f_auto,q_auto/league/ydf4deab7bxkpjztpze5",8.0,ACT,75.0,215.0,Auburn,109,109,0
kyle_allen_DET_2025,d2023f5b-f73b-43ad-a816-f10dadfdfaed,Kyle Allen,,QB,4000,4000,0.2,0.2,DET,DET,GB,@ GB,away,Sun 09/07 16:25,2025-09-07,Lambeau Field,2025_01_DET_GB,"https://static.www.nfl.com/image/upload/f_auto,q_auto/league/knqlp0qrchvv6rjayshv",8.0,ACT,75.0,210.0,Houston,110,110,0
brandon_allen_TEN_2025,a8c3bcd7-69d0-4c5e-a876-6b33857942bc,Brandon Allen,,QB,4000,4000,0.1,0.1,TEN,TEN,DEN,@ DEN,away,Sun 09/07 16:05,2025-09-07,Empower Field at Mile High,2025_01_TEN_DEN,"https://static.www.nfl.com/image/upload/f_auto,q_auto/league/xn9eheiy6kty4movmlak",10.0,ACT,74.0,209.0,Arkansas,111,111,0
chase_brown_CIN_2025,d74ff06d-905d-4fed-8f98-b5f6d4549333,Chase Brown,,RB,7400,7400,14.9,14.9,CIN,CIN,CLE,@ CLE,away,Sun 09/07 13:00,2025-09-07,FirstEnergy Stadium,2025_01_CIN_CLE,"https://static.www.nfl.com/image/upload/f_auto,q_auto/league/rxzzjpgjgjsmmkekp6zu",30.0,ACT,70.0,210.0,Illinois,1,1,0
saquon_barkley_PHI_2025,9811b753-347c-467a-b3cb-85937e71e2b9,Saquon Barkley,,RB,7300,7300,14.7,14.7,PHI,PHI,DAL,vs DAL,home,Thu 09/04 20:20,2025-09-04,Lincoln Financial Field,2025_01_DAL_PHI,"https://static.www.nfl.com/image/upload/f_auto,q_auto/league/ugiuanl8bf6uoya5mgid",26.0,ACT,72.0,233.0,Penn State,2,2,0
derrick_henry_BAL_2025,87c481c7-7414-43cc-82df-19ca0c2ae22e,Derrick Henry,,RB,7200,7200,14.5,14.5,BAL,BAL,BUF,@ BUF,away,Sun 09/07 20:20,2025-09-07,New Era Field,2025_01_BAL_BUF,"https://static.www.nfl.com/image/upload/f_auto,q_auto/league/m7bv3lv9puapabltvykk",22.0,ACT,74.0,252.0,Alabama,3,3,0
alvin_kamara_NO_2025,d9c857b2-97da-4fb8-a527-afbbb2a67413,Alvin Kamara,,RB,7200,7200,14.5,14.5,NO,NO,ARI,vs ARI,home,Sun 09/07 13:00,2025-09-07,Mercedes-Benz Superdome,2025_01_ARI_NO,"https://static.www.nfl.com/image/private/f_auto,q_auto/league/tl9enad6kiwv6cukf4vt",41.0,ACT,70.0,215.0,Tennessee,4,4,0
jonathan_taylor_IND_2025,925195a4-06ba-4e37-ae7d-a3d6a5419139,Jonathan Taylor,,RB,7200,7200,14.3,14.3,IND,IND,MIA,vs MIA,home,Sun 09/07 13:00,2025-09-07,Lucas Oil Stadium,2025_01_MIA_IND,"https://static.www.nfl.com/image/upload/f_auto,q_auto/league/ye4runp84oku1vnodsa7",28.0,ACT,70.0,226.0,Wisconsin,5,5,0
jahmyr_gibbs_DET_2025,fef9457e-6497-47de-9bf2-cc3b95929375,Jahmyr Gibbs,,RB,7000,7000,14.0,14.0,DET,DET,GB,@ GB,away,Sun 09/07 16:25,2025-09-07,Lambeau Field,2025_01_DET_GB,"https://static.www.nfl.com/image/upload/f_auto,q_auto/league/f5y3osxxtov5rgfv4ra5",,ACT,69.0,202.0,Alabama,6,6,0
josh_jacobs_GB_2025,61694ab9-b099-408e-b48d-6a643dd069ec,Josh Jacobs,,RB,6900,6900,13.8,13.8,GB,GB,DET,vs DET,home,Sun 09/07 16:25,2025-09-07,Lambeau Field,2025_01_DET_GB,"https://static.www.nfl.com/image/upload/f_auto,q_auto/league/ksdusqxnwqtnph0htcfx",8.0,ACT,70.0,223.0,Alabama,7,7,0
bijan_robinson_ATL_2025,f78d68c2-f9da-48e7-b954-26b69efd828d,Bijan Robinson,,RB,6800,6800,13.5,13.5,ATL,ATL,TB,vs TB,home,Sun 09/07 13:00,2025-09-07,Mercedes-Benz Stadium,2025_01_TB_ATL,"https://static.www.nfl.com/image/upload/f_auto,q_auto/league/rydwvaod6ethdjap41l6",7.0,ACT,71.0,215.0,Texas,8,8,0
christian_mccaffrey_SF_2025,f96db0af-5e25-42d1-a07a-49b4e065b364,Christian McCaffrey,,RB,6700,6700,13.4,13.4,SF,SF,SEA,@ SEA,away,Sun 09/07 16:05,2025-09-07,Lumen Field,2025_01_SF_SEA,"https://static.www.nfl.com/image/upload/f_auto,q_auto/league/umiv5sn2xxrjdjwjtkqm",23.0,ACT,71.0,210.0,Stanford,9,9,0
chuba_hubbard_CAR_2025,32205e74-b23f-420a-b312-465b29260745,Chuba Hubbard,,RB,6600,6600,13.2,13.2,CAR,CAR,JAX,@ JAX,away,Sun 09/07 13:00,2025-09-07,TIAA Bank Stadium,2025_01_CAR_JAX,"https://static.www.nfl.com/image/upload/f_auto,q_auto/league/oyis5zooijf0xfme9csj",30.0,ACT,73.0,210.0,Oklahoma State,10,10,0
kyren_williams_LA_2025,19d44771-8f1d-4127-9b7d-230da137f15d,Kyren Williams,,RB,6600,6600,13.2,13.2,LA,LA,HOU,vs HOU,home,Sun 09/07 16:25,2025-09-07,SoFi Stadium,2025_01_HOU_LA,"https://static.www.nfl.com/image/upload/f_auto,q_auto/league/vcvstwywz6iufk7iul3x",23.0,ACT,69.0,202.0,Notre Dame,11,11,0
james_conner_ARI_2025,28a084c0-14df-499f-bd1f-b975603626b7,James Conner,,RB,6600,6600,13.2,13.2,ARI,ARI,NO,@ NO,away,Sun 09/07 13:00,2025-09-07,Mercedes-Benz Superdome,2025_01_ARI_NO,"https://static.www.nfl.com/image/upload/f_auto,q_auto/league/rtvys5j7sxjrlbpy5iim",6.0,ACT,73.0,233.0,Pittsburgh,12,12,0
ashton_jeanty_LV_2025,320fc4b7-76c7-43af-bbfd-1a22ba8f78cb,Ashton Jeanty,,RB,6300,6300,12.6,12.6,LV,LV,NE,@ NE,away,Sun 09/07 13:00,2025-09-07,Gillette Stadium,2025_01_LV_NE,,2.0,ACT,68.0,208.0,Boise State,13,13,0
james_cook_BUF_2025,ce5de0e5-9f76-42ee-b93a-3ef88af9b0a7,James Cook,,RB,6000,6000,12.1,12.1,BUF,BUF,BAL,vs BAL,home,Sun 09/07 20:20,2025-09-07,New Era Field,2025_01_BAL_BUF,"https://static.www.nfl.com/image/upload/f_auto,q_auto/league/bzdvrarxum9zate4te4b",4.0,ACT,71.0,190.0,Georgia,14,14,0
d'andre_swift_CHI_2025,cc4b5f58-a11c-4450-a1df-617ad88336e4,D'Andre Swift,,RB,6000,6000,12.0,12.0,CHI,CHI,MIN,vs MIN,home,Mon 09/08 20:15,2025-09-08,Soldier Field,2025_01_MIN_CHI,"https://static.www.nfl.com/image/upload/f_auto,q_auto/league/xlqznrxbapcjhxxazkbx",4.0,ACT,68.0,204.0,Georgia,15,15,0
de'von_achane__2025,a4ef921b-8767-4b4f-a651-7675c00f9af0,De'Von Achane,,RB,5900,5900,11.8,11.8,,,,TBD,,TBD,,,,,28.0,ACT,69.0,191.0,Texas A&M,16,16,0
bucky_irving_TB_2025,c5249c6f-bd1b-4352-8228-de2bd499ca0d,Bucky Irving,,RB,5800,5800,11.7,11.7,TB,TB,ATL,@ ATL,away,Sun 09/07 13:00,2025-09-07,Mercedes-Benz Stadium,2025_01_TB_ATL,"https://static.www.nfl.com/image/upload/f_auto,q_auto/league/wjaqkrtdhwf16wldi83h",7.0,ACT,70.0,195.0,Oregon,17,17,0
kenneth_walker_iii_SEA_2025,22ee9bac-a64c-4d44-94fc-51d775465b3b,Kenneth Walker III,,RB,5100,5100,10.2,10.2,SEA,SEA,SF,vs SF,home,Sun 09/07 16:05,2025-09-07,Lumen Field,2025_01_SF_SEA,,9.0,ACT,69.0,211.0,Michigan State,18,18,0
javonte_williams_DAL_2025,889dcdc5-3d88-45df-9677-5ad7ff87c011,Javonte Williams,,RB,5100,5100,10.2,10.2,DAL,DAL,PHI,@ PHI,away,Thu 09/04 20:20,2025-09-04,Lincoln Financial Field,2025_01_DAL_PHI,"https://static.www.nfl.com/image/upload/f_auto,q_auto/league/dm8qipfrz2nes9kgpcyp",33.0,ACT,70.0,220.0,North Carolina,19,19,0
breece_hall_NYJ_2025,db1053d7-3343-43a3-9aab-8353f10f1221,Breece Hall,,RB,4800,4800,9.5,9.5,NYJ,NYJ,PIT,vs PIT,home,Sun 09/07 13:00,2025-09-07,MetLife Stadium,2025_01_PIT_NYJ,"https://static.www.nfl.com/image/upload/f_auto,q_auto/league/ekmqygsmfkwwwdmuox4r",20.0,ACT,71.0,217.0,Iowa State,20,20,0
rhamondre_stevenson_NE_2025,6260e78a-64e2-4f7e-9bf8-39948a17a370,Rhamondre Stevenson,,RB,4600,4600,9.3,9.3,NE,NE,LV,vs LV,home,Sun 09/07 13:00,2025-09-07,Gillette Stadium,2025_01_LV_NE,"https://static.www.nfl.com/image/private/f_auto,q_auto/league/ro2fqabc4qndtnxykvm7",38.0,ACT,72.0,227.0,Oklahoma,21,21,0
brian_robinson_WAS_2025,795f636e-6f7f-4bc7-a346-2862272abead,Brian Robinson,,RB,4600,4600,9.3,9.3,WAS,WAS,NYG,vs NYG,home,Sun 09/07 13:00,2025-09-07,FedExField,2025_01_NYG_WAS,"https://static.www.nfl.com/image/private/f_auto,q_auto/league/gxcfbuvmooytbn45kvxf",8.0,ACT,73.0,228.0,Alabama,22,22,0
rj_harvey_DEN_2025,fc6dbb83-b2b1-4962-b793-e79b2378b525,RJ Harvey,,RB,4400,4400,8.8,8.8,DEN,DEN,TEN,vs TEN,home,Sun 09/07 16:05,2025-09-07,Empower Field at Mile High,2025_01_TEN_DEN,,37.0,ACT,68.0,205.0,UCF,23,23,0
isiah_pacheco_KC_2025,3a25c037-fa30-4740-b742-ec8e4f1a2a25,Isiah Pacheco,,RB,4000,4000,6.9,6.9,KC,KC,LAC,@ LAC,away,Fri 09/05 20:00,2025-09-05,SoFi Stadium,2025_01_KC_LAC,"https://static.www.nfl.com/image/private/f_auto,q_auto/league/rzr8nxjunjeiv8bjir59",10.0,ACT,70.0,216.0,Rutgers,24,24,0
jaylen_warren_PIT_2025,7e397190-ca24-11ec-9f1c-b7114d38a85b,Jaylen Warren,,RB,4000,4000,6.6,6.6,PIT,PIT,NYJ,@ NYJ,away,Sun 09/07 13:00,2025-09-07,MetLife Stadium,2025_01_PIT_NYJ,"https://static.www.nfl.com/image/upload/f_auto,q_auto/league/aaw4yacm6azisxqy273i",30.0,ACT,68.0,215.0,Oklahoma State,25,25,0
robbie_ouzts_SEA_2025,fc472cd5-1a00-4bd9-ab41-6eb7e50f0d21,Robbie Ouzts,,RB,4000,4000,6.3,6.3,SEA,SEA,SF,vs SF,home,Sun 09/07 16:05,2025-09-07,Lumen Field,2025_01_SF_SEA,,40.0,ACT,75.0,274.0,Alabama,26,26,0
jerome_ford_CLE_2025,cdc61676-6592-43f9-a4a6-d29ce52ac8f4,Jerome Ford,,RB,4000,4000,5.9,5.9,CLE,CLE,CIN,vs CIN,home,Sun 09/07 13:00,2025-09-07,FirstEnergy Stadium,2025_01_CIN_CLE,"https://static.www.nfl.com/image/private/f_auto,q_auto/league/djggmwo5v8osoboiseo2",34.0,ACT,70.0,210.0,Cincinnati,27,27,0
omarion_hampton_LAC_2025,3e1b7908-79ee-4a23-97b9-5190725a2e5e,Omarion Hampton,,RB,4000,4000,5.4,5.4,LAC,LAC,KC,vs KC,home,Fri 09/05 20:00,2025-09-05,SoFi Stadium,2025_01_KC_LAC,,8.0,ACT,72.0,220.0,North Carolina,28,28,0
treveyon_henderson_NE_2025,0d9788e6-03ee-416d-8ba2-deb57037d209,TreVeyon Henderson,,RB,4000,4000,4.7,4.7,NE,NE,LV,vs LV,home,Sun 09/07 13:00,2025-09-07,Gillette Stadium,2025_01_LV_NE,,32.0,ACT,70.0,202.0,Ohio State,29,29,0
kaleb_johnson_PIT_2025,9738de9a-7626-460f-a786-28433ef70a1f,Kaleb Johnson,,RB,4000,4000,4.0,4.0,PIT,PIT,NYJ,@ NYJ,away,Sun 09/07 13:00,2025-09-07,MetLife Stadium,2025_01_PIT_NYJ,,20.0,ACT,73.0,224.0,Iowa,30,30,0
ben_vansumeren_PHI_2025,1377e940-eb75-11ed-aecd-85bc826ed43e,Ben VanSumeren,,RB,4000,4000,3.8,3.8,PHI,PHI,DAL,vs DAL,home,Thu 09/04 20:20,2025-09-04,Lincoln Financial Field,2025_01_DAL_PHI,"https://static.www.nfl.com/image/private/f_auto,q_auto/league/uf90uiqoapeb0jrzumui",43.0,ACT,74.0,231.0,Michigan State,31,31,0
j.k._dobbins_DEN_2025,a57b9914-4315-4295-98b4-9b348c52d6a1,J.K. Dobbins,,RB,4000,4000,3.7,3.7,DEN,DEN,TEN,vs TEN,home,Sun 09/07 16:05,2025-09-07,Empower Field at Mile High,2025_01_TEN_DEN,"https://static.www.nfl.com/image/upload/f_auto,q_auto/league/rbuyzj3kv10xrq1rfy2l",27.0,ACT,70.0,212.0,Ohio State,32,32,0
zach_charbonnet_SEA_2025,7d7f1628-85a7-4633-9ffe-d82fc2761b00,Zach Charbonnet,,RB,4000,4000,3.5,3.5,SEA,SEA,SF,vs SF,home,Sun 09/07 16:05,2025-09-07,Lumen Field,2025_01_SF_SEA,"https://static.www.nfl.com/image/upload/f_auto,q_auto/league/eaaj5vbfmk08wvwelyqt",26.0,ACT,73.0,214.0,UCLA,33,33,0
rico_dowdle_CAR_2025,bba755a2-63b6-4ac1-b806-0609816135de,Rico Dowdle,,RB,4000,4000,3.5,3.5,CAR,CAR,JAX,@ JAX,away,Sun 09/07 13:00,2025-09-07,TIAA Bank Stadium,2025_01_CAR_JAX,"https://static.www.nfl.com/image/upload/f_auto,q_auto/league/fe8ge4f6vvtyihou5czu",5.0,ACT,71.0,215.0,South Carolina,34,34,0
david_montgomery_DET_2025,1c9e1cd5-8cb1-4a15-a2c8-3a0c0fd5423c,David Montgomery,,RB,4000,4000,3.3,3.3,DET,DET,GB,@ GB,away,Sun 09/07 16:25,2025-09-07,Lambeau Field,2025_01_DET_GB,"https://static.www.nfl.com/image/upload/f_auto,q_auto/league/nwdb4paueb1x4gv7tlb9",5.0,ACT,71.0,230.0,Iowa State,35,35,0
sincere_mccormick_LV_2025,2e808f70-d3a3-11ec-96a0-c3471a31202c,Sincere McCormick,,RB,4000,4000,3.2,3.2,LV,LV,NE,@ NE,away,Sun 09/07 13:00,2025-09-07,Gillette Stadium,2025_01_LV_NE,"https://static.www.nfl.com/image/upload/f_auto,q_auto/league/esocauqmcswp4jolgnom",28.0,ACT,68.0,204.0,UTSA,37,37,0
michael_carter_ARI_2025,117d2769-60b3-47f0-be7f-f47fe36e0ac9,Michael Carter,,RB,4000,4000,3.1,3.1,ARI,ARI,NO,@ NO,away,Sun 09/07 13:00,2025-09-07,Mercedes-Benz Superdome,2025_01_ARI_NO,"https://static.www.nfl.com/image/upload/f_auto,q_auto/league/wylipaunq6cueyj8h1in",22.0,ACT,70.0,184.0,Duke,38,38,0
antonio_gibson_NE_2025,c0a8a5d0-583f-457a-9d96-70027d3f69e7,Antonio Gibson,,RB,4000,4000,3.1,3.1,NE,NE,LV,vs LV,home,Sun 09/07 13:00,2025-09-07,Gillette Stadium,2025_01_LV_NE,"https://static.www.nfl.com/image/upload/f_auto,q_auto/league/hsjhpzgfdilf9cyrpeup",4.0,ACT,72.0,228.0,Memphis,39,39,0
carson_steele_KC_2025,56312980-07cc-11ef-ae1a-ef16ff05bbda,Carson Steele,,RB,4000,4000,3.1,3.1,KC,KC,LAC,@ LAC,away,Fri 09/05 20:00,2025-09-05,SoFi Stadium,2025_01_KC_LAC,"https://static.www.nfl.com/image/upload/f_auto,q_auto/league/lhkvntmjrt4fbsxi3hrt",42.0,ACT,72.0,228.0,UCLA,40,40,0
austin_ekeler_WAS_2025,e5b8c439-a48a-4f83-b63b-1a4d30e04cd3,Austin Ekeler,,RB,4000,4000,3.0,3.0,WAS,WAS,NYG,vs NYG,home,Sun 09/07 13:00,2025-09-07,FedExField,2025_01_NYG_WAS,"https://static.www.nfl.com/image/upload/f_auto,q_auto/league/sldndpn2zwt4uhkj2zks",30.0,ACT,69.0,200.0,Western Colorado,41,41,0
kyle_juszczyk_SF_2025,67da5b5c-0db9-4fbc-b98d-7eb8e97b69f6,Kyle Juszczyk,,RB,4000,4000,2.9,2.9,SF,SF,SEA,@ SEA,away,Sun 09/07 16:05,2025-09-07,Lumen Field,2025_01_SF_SEA,"https://static.www.nfl.com/image/upload/f_auto,q_auto/league/mfhpygabawkeioplae7a",44.0,ACT,73.0,235.0,Harvard,42,42,0
deon_jackson_DET_2025,,Deon Jackson,Deon Jackson,RB,4000,4000,2.9,2.9,DET,DET,GB,@ GB,away,Sun 09/07 16:25,2025-09-07,Lambeau Field,2025_01_DET_GB,"https://static.www.nfl.com/image/private/f_auto,q_auto/league/wvi0pz27h6t7gfjujxis",36.0,ACT,,,,43,43,0
travis_etienne_JAX_2025,970693f0-0af4-4627-ac0c-bf519f7433ee,Travis Etienne,,RB,4000,4000,2.7,2.7,JAX,JAX,CAR,vs CAR,home,Sun 09/07 13:00,2025-09-07,TIAA Bank Stadium,2025_01_CAR_JAX,"https://static.www.nfl.com/image/private/f_auto,q_auto/league/ne5lyv8n6elqw77yrz9w",1.0,ACT,70.0,215.0,Clemson,44,44,0
jordan_mason_MIN_2025,af9f7390-ca80-11ec-97ae-e1573849d1a6,Jordan Mason,,RB,4000,4000,2.6,2.6,MIN,MIN,CHI,@ CHI,away,Mon 09/08 20:15,2025-09-08,Soldier Field,2025_01_MIN_CHI,"https://static.www.nfl.com/image/upload/f_auto,q_auto/league/ub1ub6sxuov1f1kux1v9",27.0,ACT,71.0,223.0,Georgia Tech,45,45,0
nick_chubb_HOU_2025,4bd60b33-9fbf-4156-ba2b-8264ac37b418,Nick Chubb,,RB,4000,4000,2.6,2.6,HOU,HOU,LA,@ LA,away,Sun 09/07 16:25,2025-09-07,SoFi Stadium,2025_01_HOU_LA,"https://static.www.nfl.com/image/private/f_auto,q_auto/league/a8ib0haur75wrhqrbtyo",21.0,ACT,71.0,227.0,Georgia,46,46,0
patrick_ricard_BAL_2025,cb68b95f-ef6f-4e5e-b861-8bfe6cfeacf5,Patrick Ricard,,RB,4000,4000,2.4,2.4,BAL,BAL,BUF,@ BUF,away,Sun 09/07 20:20,2025-09-07,New Era Field,2025_01_BAL_BUF,"https://static.www.nfl.com/image/upload/f_auto,q_auto/league/dwnktpq9tu98n7ozspri",42.0,ACT,75.0,300.0,Maine,47,47,0
tank_bigsby_JAX_2025,2034916c-8062-46e3-8d0c-d0dec694e2d1,Tank Bigsby,,RB,4000,4000,2.3,2.3,JAX,JAX,CAR,vs CAR,home,Sun 09/07 13:00,2025-09-07,TIAA Bank Stadium,2025_01_CAR_JAX,"https://static.www.nfl.com/image/upload/f_auto,q_auto/league/vwl0kijb59dp20m3hs3u",4.0,ACT,71.0,215.0,Auburn,48,48,0
justice_hill_BAL_2025,528e71ec-8fb3-4928-ace5-fc5ffbf26eb3,Justice Hill,,RB,4000,4000,2.2,2.2,BAL,BAL,BUF,@ BUF,away,Sun 09/07 20:20,2025-09-07,New Era Field,2025_01_BAL_BUF,"https://static.www.nfl.com/image/upload/f_auto,q_auto/league/jeeq17ah67zxc6vdamhk",43.0,ACT,70.0,205.0,Oklahoma State,49,49,0
marshawn_lloyd_GB_2025,7b8967bc-a3a5-4aa4-bd1f-2846663ca831,MarShawn Lloyd,,RB,4000,4000,2.0,2.0,GB,GB,DET,vs DET,home,Sun 09/07 16:25,2025-09-07,Lambeau Field,2025_01_DET_GB,"https://static.www.nfl.com/image/upload/f_auto,q_auto/league/cikf6dm0qassteyibwlv",32.0,ACT,69.0,220.0,USC,50,50,0
scott_matlock_LAC_2025,9cedc261-40ff-4fe3-80e1-e128dcceede0,Scott Matlock,,RB,4000,4000,2.0,2.0,LAC,LAC,KC,vs KC,home,Fri 09/05 20:00,2025-09-05,SoFi Stadium,2025_01_KC_LAC,"https://static.www.nfl.com/image/upload/f_auto,q_auto/league/qin48hcmcufdvuvyefxz",44.0,ACT,76.0,296.0,Boise State,51,51,0
lucas_scott_BAL_2025,9ecda000-2ffe-11f0-9156-0d63b2ee880c,Lucas Scott,,RB,4000,4000,2.0,2.0,BAL,BAL,BUF,@ BUF,away,Sun 09/07 20:20,2025-09-07,New Era Field,2025_01_BAL_BUF,,47.0,ACT,75.0,290.0,Army,52,52,0
jordan_mims_TEN_2025,6d91ccf0-f013-11ed-88ef-07b7f7d6320c,Jordan Mims,,RB,4000,4000,1.9,1.9,TEN,TEN,DEN,@ DEN,away,Sun 09/07 16:05,2025-09-07,Empower Field at Mile High,2025_01_TEN_DEN,"https://static.www.nfl.com/image/upload/f_auto,q_auto/league/nvamfcrdqvkwtnpgmzdh",24.0,ACT,72.0,205.0,Fresno State,53,53,0
alec_ingold_MIA_2025,7ade135c-0760-4548-b7d9-cf1174e2be33,Alec Ingold,,RB,4000,4000,1.9,1.9,MIA,MIA,IND,@ IND,away,Sun 09/07 13:00,2025-09-07,Lucas Oil Stadium,2025_01_MIA_IND,"https://static.www.nfl.com/image/upload/f_auto,q_auto/league/ti3f1rb38z7sbxkjk2d9",30.0,ACT,73.0,232.0,Wisconsin,54,54,0
raheem_mostert_LV_2025,b040e601-ec40-4757-bf3d-71bf64ef99cf,Raheem Mostert,,RB,4000,4000,1.8,1.8,LV,LV,NE,@ NE,away,Sun 09/07 13:00,2025-09-07,Gillette Stadium,2025_01_LV_NE,"https://static.www.nfl.com/image/upload/f_auto,q_auto/league/ayii5q2am51xeipp1h8v",31.0,ACT,70.0,212.0,Purdue,55,55,0
rachaad_white_TB_2025,4d3f2f57-215c-4cb4-bf75-a7ecdcdded70,Rachaad White,,RB,4000,4000,1.8,1.8,TB,TB,ATL,@ ATL,away,Sun 09/07 13:00,2025-09-07,Mercedes-Benz Stadium,2025_01_TB_ATL,"https://static.www.nfl.com/image/upload/f_auto,q_auto/league/przphhlw0zga7b45qlyb",1.0,ACT,72.0,214.0,Arizona State,56,56,0
tyler_badie_DEN_2025,e62678b9-9816-420f-bf86-398e7fea7063,Tyler Badie,,RB,4000,4000,1.8,1.8,DEN,DEN,TEN,vs TEN,home,Sun 09/07 16:05,2025-09-07,Empower Field at Mile High,2025_01_TEN_DEN,"https://static.www.nfl.com/image/upload/f_auto,q_auto/league/brr4ec8gkikxhqqsu1nw",28.0,ACT,68.0,197.0,Missouri,57,57,0
israel_abanikanda_GB_2025,07802728-2d68-4aac-8e1f-ee306977495d,Israel Abanikanda,,RB,4000,4000,1.7,1.7,GB,GB,DET,vs DET,home,Sun 09/07 16:25,2025-09-07,Lambeau Field,2025_01_DET_GB,"https://static.www.nfl.com/image/private/f_auto,q_auto/league/ythhca1bq2bjbhgfyf9o",23.0,ACT,70.0,217.0,Pittsburgh,58,58,0
kendre_miller_NO_2025,66627686-34fe-4599-84ac-e436fd7d798a,Kendre Miller,,RB,4000,4000,1.6,1.6,NO,NO,ARI,vs ARI,home,Sun 09/07 13:00,2025-09-07,Mercedes-Benz Superdome,2025_01_ARI_NO,"https://static.www.nfl.com/image/upload/f_auto,q_auto/league/wyj0lpna5gbhvyfiqnis",5.0,ACT,72.0,220.0,TCU,59,59,0
emanuel_wilson_GB_2025,05266280-f323-11ed-bd27-0bcbcaae8d67,Emanuel Wilson,,RB,4000,4000,1.6,1.6,GB,GB,DET,vs DET,home,Sun 09/07 16:25,2025-09-07,Lambeau Field,2025_01_DET_GB,"https://static.www.nfl.com/image/upload/f_auto,q_auto/league/hpscbhsmjocm8kmwfbuc",31.0,ACT,70.0,226.0,Fort Valley State,60,60,0
chris_rodriguez_jr._WAS_2025,ae5c4758-cb53-4f17-8763-b91381036af3,Chris Rodriguez Jr.,,RB,4000,4000,1.5,1.5,WAS,WAS,NYG,vs NYG,home,Sun 09/07 13:00,2025-09-07,FedExField,2025_01_NYG_WAS,,36.0,ACT,71.0,224.0,Kentucky,61,61,0
aj_dillon__2025,,AJ Dillon,AJ Dillon,RB,4000,4000,1.5,1.5,,,,TBD,,TBD,,,,"https://static.www.nfl.com/image/upload/f_auto,q_auto/league/dmngnuthwbzaxzekg53u",,ACT,,,,62,62,0
clyde_edwards-helaire_NO_2025,8aa01565-4481-443a-9951-642c98ded113,Clyde Edwards-Helaire,,RB,4000,4000,1.5,1.5,NO,NO,ARI,vs ARI,home,Sun 09/07 13:00,2025-09-07,Mercedes-Benz Superdome,2025_01_ARI_NO,"https://static.www.nfl.com/image/upload/f_auto,q_auto/league/lgwe3vcpwh3db31b2obg",23.0,ACT,67.0,207.0,LSU,63,63,0
will_shipley_PHI_2025,796e223d-e8d5-42ab-afb4-557fa6183357,Will Shipley,,RB,4000,4000,1.5,1.5,PHI,PHI,DAL,vs DAL,home,Thu 09/04 20:20,2025-09-04,Lincoln Financial Field,2025_01_DAL_PHI,"https://static.www.nfl.com/image/upload/f_auto,q_auto/league/irh5l9dxqamsfnfjwuc7",28.0,ACT,71.0,209.0,Clemson,64,64,0
c.j._ham_MIN_2025,971fc9e5-bebb-4a2c-a822-8c52f92a3d07,C.J. Ham,,RB,4000,4000,1.5,1.5,MIN,MIN,CHI,@ CHI,away,Mon 09/08 20:15,2025-09-08,Soldier Field,2025_01_MIN_CHI,"https://static.www.nfl.com/image/upload/f_auto,q_auto/league/a23fezyvrzsse3q8yuxi",30.0,ACT,71.0,250.0,Augustana,65,65,0
hunter_luepke_DAL_2025,58f425d0-f677-11ed-978f-0975e9cb7dba,Hunter Luepke,,RB,4000,4000,1.5,1.5,DAL,DAL,PHI,@ PHI,away,Thu 09/04 20:20,2025-09-04,Lincoln Financial Field,2025_01_DAL_PHI,"https://static.www.nfl.com/image/upload/f_auto,q_auto/league/kutswlnzg4fefe7lpbd2",40.0,ACT,73.0,238.0,North Dakota State,66,66,0
devin_singletary_NYG_2025,a961b0d4-5d7c-438e-90f0-2e1fa09f6c89,Devin Singletary,,RB,4000,4000,1.4,1.4,NYG,NYG,WAS,@ WAS,away,Sun 09/07 13:00,2025-09-07,FedExField,2025_01_NYG_WAS,"https://static.www.nfl.com/image/upload/f_auto,q_auto/league/wz8mp8xb5bdspcxosreh",26.0,ACT,67.0,203.0,Florida Atlantic,67,67,0
bam_knight_ARI_2025,53df5e30-d3bd-11ec-96a0-c3471a31202c,Bam Knight,,RB,4000,4000,1.4,1.4,ARI,ARI,NO,@ NO,away,Sun 09/07 13:00,2025-09-07,Mercedes-Benz Superdome,2025_01_ARI_NO,"https://static.www.nfl.com/image/private/f_auto,q_auto/league/qdfkex1xfpfdyfovabig",35.0,ACT,71.0,210.0,North Carolina State,68,68,0
chris_brooks__2025,35a0d440-f017-11ed-bedb-53f19b227cc3,Chris Brooks,,RB,4000,4000,1.4,1.4,,,,TBD,,TBD,,,,,30.0,ACT,73.0,219.0,BYU,69,69,0
andrew_beck_NYJ_2025,b556a98d-16aa-4a0d-9134-1b59c46cc640,Andrew Beck,,RB,4000,4000,1.4,1.4,NYJ,NYJ,PIT,vs PIT,home,Sun 09/07 13:00,2025-09-07,MetLife Stadium,2025_01_PIT_NYJ,"https://static.www.nfl.com/image/upload/f_auto,q_auto/league/rsfn0gxxiu1cx6woxd38",47.0,ACT,75.0,255.0,Texas,70,70,0
reggie_gilliam_BUF_2025,4475bb8a-b5a6-4527-bfc7-8e7e03900984,Reggie Gilliam,,RB,4000,4000,1.4,1.4,BUF,BUF,BAL,vs BAL,home,Sun 09/07 20:20,2025-09-07,New Era Field,2025_01_BAL_BUF,"https://static.www.nfl.com/image/upload/f_auto,q_auto/league/qj2xzath8p7188isoxkd",41.0,ACT,72.0,244.0,Toledo,71,71,0
isaac_guerendo_SF_2025,eac64b21-6e9e-447a-bf18-8a00b5c12871,Isaac Guerendo,,RB,4000,4000,1.3,1.3,SF,SF,SEA,@ SEA,away,Sun 09/07 16:05,2025-09-07,Lumen Field,2025_01_SF_SEA,"https://static.www.nfl.com/image/upload/f_auto,q_auto/league/vi0oa4oajc6ecgzr8l08",31.0,ACT,72.0,221.0,Louisville,72,72,0
isaiah_davis_NYJ_2025,849789be-b8f0-4d97-a777-2fcf336efa6a,Isaiah Davis,,RB,4000,4000,1.3,1.3,NYJ,NYJ,PIT,vs PIT,home,Sun 09/07 13:00,2025-09-07,MetLife Stadium,2025_01_PIT_NYJ,"https://static.www.nfl.com/image/upload/f_auto,q_auto/league/yx5kxu7fsb1oe4jlqvyh",32.0,ACT,73.0,220.0,South Dakota State,73,73,0
blake_corum_LA_2025,93ba1da2-3679-4ddc-9687-0802349f9ee2,Blake Corum,,RB,4000,4000,1.3,1.3,LA,LA,HOU,vs HOU,home,Sun 09/07 16:25,2025-09-07,SoFi Stadium,2025_01_HOU_LA,"https://static.www.nfl.com/image/upload/f_auto,q_auto/league/ehpbxs9iiosm4xs7nhnl",22.0,ACT,68.0,210.0,Michigan,74,74,0
deuce_vaughn_DAL_2025,e444229e-c262-40a7-bb89-61d4b774da55,Deuce Vaughn,,RB,4000,4000,1.3,1.3,DAL,DAL,PHI,@ PHI,away,Thu 09/04 20:20,2025-09-04,Lincoln Financial Field,2025_01_DAL_PHI,"https://static.www.nfl.com/image/upload/f_auto,q_auto/league/uzxaeh4dssbmvz3lwaan",42.0,ACT,66.0,176.0,Kansas State,75,75,0
cam_akers_NO_2025,74980532-8158-4b56-91db-5053878737b4,Cam Akers,,RB,4000,4000,1.3,1.3,NO,NO,ARI,vs ARI,home,Sun 09/07 13:00,2025-09-07,Mercedes-Benz Superdome,2025_01_ARI_NO,"https://static.www.nfl.com/image/upload/f_auto,q_auto/league/dutj0wamu7giwghnmr4m",26.0,ACT,70.0,217.0,Florida State,76,76,0
ty_johnson_BUF_2025,96e6687b-2b89-4dd9-98df-6e7507cd82cf,Ty Johnson,,RB,4000,4000,1.3,1.3,BUF,BUF,BAL,vs BAL,home,Sun 09/07 20:20,2025-09-07,New Era Field,2025_01_BAL_BUF,"https://static.www.nfl.com/image/upload/f_auto,q_auto/league/zdedn4xqr2jy6mddh5pb",26.0,ACT,70.0,210.0,Maryland,77,77,0
craig_reynolds_DET_2025,0deb1dc9-0945-470d-8352-220d26d03d7d,Craig Reynolds,,RB,4000,4000,1.3,1.3,DET,DET,GB,@ GB,away,Sun 09/07 16:25,2025-09-07,Lambeau Field,2025_01_DET_GB,"https://static.www.nfl.com/image/upload/f_auto,q_auto/league/kfohmdfiai96uqcl7c03",13.0,ACT,71.0,216.0,Kutztown,78,78,0
raheem_blackshear_CAR_2025,f64a23e0-d457-11ec-9026-65785f74dc2a,Raheem Blackshear,,RB,4000,4000,1.2,1.2,CAR,CAR,JAX,@ JAX,away,Sun 09/07 13:00,2025-09-07,TIAA Bank Stadium,2025_01_CAR_JAX,"https://static.www.nfl.com/image/upload/f_auto,q_auto/league/sv6aefajv1duatig0buu",3.0,ACT,69.0,190.0,Virginia Tech,79,79,0
braelon_allen_NYJ_2025,d7f72deb-c1e2-47a2-b651-887f0e33dc44,Braelon Allen,,RB,4000,4000,1.2,1.2,NYJ,NYJ,PIT,vs PIT,home,Sun 09/07 13:00,2025-09-07,MetLife Stadium,2025_01_PIT_NYJ,"https://static.www.nfl.com/image/upload/f_auto,q_auto/league/p0fylkec7poarrjosefz",,ACT,73.0,235.0,Wisconsin,80,80,0
keaton_mitchell_BAL_2025,16341d80-f01f-11ed-97df-a94b89ac5704,Keaton Mitchell,,RB,4000,4000,1.1,1.1,BAL,BAL,BUF,@ BUF,away,Sun 09/07 20:20,2025-09-07,New Era Field,2025_01_BAL_BUF,"https://static.www.nfl.com/image/upload/f_auto,q_auto/league/ubl4gwglxlbxzku0qta9",34.0,ACT,68.0,190.0,East Carolina,81,81,0
kimani_vidal_LAC_2025,ed923635-f021-4b76-9dbb-9f1901eeaab9,Kimani Vidal,,RB,4000,4000,1.1,1.1,LAC,LAC,KC,vs KC,home,Fri 09/05 20:00,2025-09-05,SoFi Stadium,2025_01_KC_LAC,"https://static.www.nfl.com/image/upload/f_auto,q_auto/league/fcxbkvgjtitodz3pjequ",30.0,ACT,68.0,215.0,Troy,82,82,0
trey_benson_ARI_2025,0c1253f2-1822-445d-8590-fea6fd32703f,Trey Benson,,RB,4000,4000,1.1,1.1,ARI,ARI,NO,@ NO,away,Sun 09/07 13:00,2025-09-07,Mercedes-Benz Superdome,2025_01_ARI_NO,"https://static.www.nfl.com/image/upload/f_auto,q_auto/league/iu0gbspz3kjdqlazvtkn",33.0,ACT,72.0,220.0,Florida State,83,83,0
ray_davis_BUF_2025,a856dd59-ed95-471a-bfb9-fbd0566bd1a9,Ray Davis,,RB,4000,4000,1.1,1.1,BUF,BUF,BAL,vs BAL,home,Sun 09/07 20:20,2025-09-07,New Era Field,2025_01_BAL_BUF,"https://static.www.nfl.com/image/upload/f_auto,q_auto/league/xm8csnleyxsop4pldyby",22.0,ACT,68.0,220.0,Kentucky,84,84,0
emari_demercado_ARI_2025,44b4cbf0-e8fe-11ed-bc6e-a5c4d3ccbdd1,Emari Demercado,,RB,4000,4000,1.1,1.1,ARI,ARI,NO,@ NO,away,Sun 09/07 13:00,2025-09-07,Mercedes-Benz Superdome,2025_01_ARI_NO,"https://static.www.nfl.com/image/upload/f_auto,q_auto/league/pvd4nrkfpg8h1yamerrr",31.0,ACT,69.0,215.0,TCU,85,85,0
gary_brightwell_CIN_2025,94bde2c7-7229-4bf0-a545-5950cf3c7927,Gary Brightwell,,RB,4000,4000,1.0,1.0,CIN,CIN,CLE,@ CLE,away,Sun 09/07 13:00,2025-09-07,FirstEnergy Stadium,2025_01_CIN_CLE,"https://static.www.nfl.com/image/upload/f_auto,q_auto/league/m2xicttj0rfcclm9t0gs",32.0,ACT,73.0,218.0,Arizona,86,86,0
nay'quan_wright_IND_2025,,Nay'Quan Wright,Nay'Quan Wright,RB,4000,4000,1.0,1.0,IND,IND,MIA,vs MIA,home,Sun 09/07 13:00,2025-09-07,Lucas Oil Stadium,2025_01_MIA_IND,,42.0,ACT,,,,87,87,0
lawrance_toafili_NYJ_2025,0fff38c0-6c85-11f0-bc0e-4ba8054abf12,Lawrance Toafili,,RB,4000,4000,1.0,1.0,NYJ,NYJ,PIT,vs PIT,home,Sun 09/07 13:00,2025-09-07,MetLife Stadium,2025_01_PIT_NYJ,,38.0,ACT,72.0,185.0,Florida State,88,88,0
bhayshul_tuten_JAX_2025,26d4b13e-a555-4519-9356-cd16c65384e7,Bhayshul Tuten,,RB,4000,4000,1.0,1.0,JAX,JAX,CAR,vs CAR,home,Sun 09/07 13:00,2025-09-07,TIAA Bank Stadium,2025_01_CAR_JAX,,33.0,ACT,69.0,209.0,Virginia Tech,89,89,0
cam_skattebo_NYG_2025,e1f0c72d-f4d0-4c24-93a4-8a12b9a2efd2,Cam Skattebo,,RB,4000,4000,1.0,1.0,NYG,NYG,WAS,@ WAS,away,Sun 09/07 13:00,2025-09-07,FedExField,2025_01_NYG_WAS,,44.0,ACT,71.0,215.0,Arizona State,90,90,0
jashaun_corbin_ATL_2025,f75439c0-d3bb-11ec-96a0-c3471a31202c,Jashaun Corbin,,RB,4000,4000,1.0,1.0,ATL,ATL,TB,vs TB,home,Sun 09/07 13:00,2025-09-07,Mercedes-Benz Stadium,2025_01_TB_ATL,"https://static.www.nfl.com/image/private/f_auto,q_auto/league/ruppqk56fuctb78gf21p",30.0,ACT,71.0,200.0,Florida State,91,91,0
brittain_brown_CHI_2025,,Brittain Brown,Brittain Brown,RB,4000,4000,1.0,1.0,CHI,CHI,MIN,vs MIN,home,Mon 09/08 20:15,2025-09-08,Soldier Field,2025_01_MIN_CHI,,38.0,ACT,,,,92,92,0
jarquez_hunter_LA_2025,e71d4c32-3233-467f-ab01-71de34e5d9b4,Jarquez Hunter,,RB,4000,4000,1.0,1.0,LA,LA,HOU,vs HOU,home,Sun 09/07 16:25,2025-09-07,SoFi Stadium,2025_01_HOU_LA,,35.0,ACT,69.0,204.0,Auburn,93,93,0
woody_marks_HOU_2025,b900661b-b5df-47c8-819d-bb13b106a60b,Woody Marks,,RB,4000,4000,1.0,1.0,HOU,HOU,LA,@ LA,away,Sun 09/07 16:25,2025-09-07,SoFi Stadium,2025_01_HOU_LA,,27.0,ACT,70.0,208.0,USC,94,94,0
evan_hull_PIT_2025,20d82a85-0128-499a-9330-2906af3cbb09,Evan Hull,,RB,4000,4000,1.0,1.0,PIT,PIT,NYJ,@ NYJ,away,Sun 09/07 13:00,2025-09-07,MetLife Stadium,2025_01_PIT_NYJ,"https://static.www.nfl.com/image/upload/f_auto,q_auto/league/ujeotuzljtwd4wtzbuse",38.0,ACT,70.0,209.0,Northwestern,95,95,0
ulysses_bentley_iv_IND_2025,f71d0370-23b2-11f0-b632-8947e146a0ae,Ulysses Bentley IV,,RB,4000,4000,1.0,1.0,IND,IND,MIA,vs MIA,home,Sun 09/07 13:00,2025-09-07,Lucas Oil Stadium,2025_01_MIA_IND,,37.0,ACT,70.0,200.0,Ole Miss,96,96,0
lew_nichols_iii_PIT_2025,,Lew Nichols III,Lew Nichols III,RB,4000,4000,1.0,1.0,PIT,PIT,NYJ,@ NYJ,away,Sun 09/07 13:00,2025-09-07,MetLife Stadium,2025_01_PIT_NYJ,,35.0,ACT,,,,97,97,0
owen_wright_TB_2025,53cbf000-f01f-11ed-97df-a94b89ac5704,Owen Wright,,RB,4000,4000,1.0,1.0,TB,TB,ATL,@ ATL,away,Sun 09/07 13:00,2025-09-07,Mercedes-Benz Stadium,2025_01_TB_ATL,,49.0,ACT,69.0,217.0,Monmouth,98,98,0
dameon_pierce_HOU_2025,5d4ef6da-a6b5-4d9c-adc0-28dfdbe9315e,Dameon Pierce,,RB,4000,4000,1.0,1.0,HOU,HOU,LA,@ LA,away,Sun 09/07 16:25,2025-09-07,SoFi Stadium,2025_01_HOU_LA,"https://static.www.nfl.com/image/upload/f_auto,q_auto/league/kotnmiuvvfmfuupr0f82",31.0,ACT,70.0,215.0,Florida,99,99,0
damien_martinez_SEA_2025,487da97d-a1e8-4a1f-9b43-085944ea1a44,Damien Martinez,,RB,4000,4000,1.0,1.0,SEA,SEA,SF,vs SF,home,Sun 09/07 16:05,2025-09-07,Lumen Field,2025_01_SF_SEA,,22.0,ACT,72.0,217.0,Miami (FL),100,100,0
trevor_etienne_CAR_2025,39e2d13c-0fb7-465f-ad8b-0b4bb73e1124,Trevor Etienne,,RB,4000,4000,1.0,1.0,CAR,CAR,JAX,@ JAX,away,Sun 09/07 13:00,2025-09-07,TIAA Bank Stadium,2025_01_CAR_JAX,,23.0,ACT,68.0,198.0,Georgia,101,101,0
jordan_waters_LA_2025,b3271d80-254d-11f0-85e6-ad6d4b9a9b15,Jordan Waters,,RB,4000,4000,1.0,1.0,LA,LA,HOU,vs HOU,home,Sun 09/07 16:25,2025-09-07,SoFi Stadium,2025_01_HOU_LA,,36.0,ACT,72.0,225.0,North Carolina State,102,102,0
khalil_herbert_IND_2025,02af99e0-3c84-4d4e-937a-a9f29a02323b,Khalil Herbert,,RB,4000,4000,1.0,1.0,IND,IND,MIA,vs MIA,home,Sun 09/07 13:00,2025-09-07,Lucas Oil Stadium,2025_01_MIA_IND,"https://static.www.nfl.com/image/upload/f_auto,q_auto/league/rz6zmdluhpsaylbvmpgr",26.0,ACT,69.0,212.0,Virginia Tech,103,103,0
corey_kiner_SF_2025,c7483e80-2574-11f0-b082-a1e374c45b00,Corey Kiner,,RB,4000,4000,1.0,1.0,SF,SF,SEA,@ SEA,away,Sun 09/07 16:05,2025-09-07,Lumen Field,2025_01_SF_SEA,,49.0,ACT,69.0,209.0,Cincinnati,104,104,0
elijah_mitchell_KC_2025,8ba68abf-e9d2-4927-bf8d-476f271d840c,Elijah Mitchell,,RB,4000,4000,1.0,1.0,KC,KC,LAC,@ LAC,away,Fri 09/05 20:00,2025-09-05,SoFi Stadium,2025_01_KC_LAC,"https://static.www.nfl.com/image/upload/f_auto,q_auto/league/ecpkun66fbkxptrnmdcw",25.0,ACT,70.0,200.0,Louisiana,105,105,0
toa_taua_CLE_2025,cd8d5f70-6a69-11f0-bafc-7fbf1cbad470,Toa Taua,,RB,4000,4000,1.0,1.0,CLE,CLE,CIN,vs CIN,home,Sun 09/07 13:00,2025-09-07,FirstEnergy Stadium,2025_01_CIN_CLE,,35.0,ACT,69.0,215.0,Nevada,106,106,0
marcus_yarns_NO_2025,8a118cb0-2551-11f0-9371-f9b494c39630,Marcus Yarns,,RB,4000,4000,1.0,1.0,NO,NO,ARI,vs ARI,home,Sun 09/07 13:00,2025-09-07,Mercedes-Benz Superdome,2025_01_ARI_NO,,34.0,ACT,71.0,190.0,Delaware,107,107,0
nate_carter_ATL_2025,,Nate Carter,Nate Carter,RB,4000,4000,1.0,1.0,ATL,ATL,TB,vs TB,home,Sun 09/07 13:00,2025-09-07,Mercedes-Benz Stadium,2025_01_TB_ATL,,38.0,ACT,,,,108,108,0
kayron_lynch-adams__2025,7ed2cad0-2515-11f0-a575-0f290c5d2e10,Kayron Lynch-Adams,,RB,4000,4000,1.0,1.0,,,,TBD,,TBD,,,,,34.0,ACT,70.0,215.0,Michigan State,109,109,0
deejay_dallas_ARI_2025,48ef5bfa-7b91-4ed1-ad12-e94c0bc101c2,DeeJay Dallas,,RB,4000,4000,1.0,1.0,ARI,ARI,NO,@ NO,away,Sun 09/07 13:00,2025-09-07,Mercedes-Benz Superdome,2025_01_ARI_NO,"https://static.www.nfl.com/image/upload/f_auto,q_auto/league/qsij89kqrxap0jba9zwh",20.0,ACT,70.0,225.0,Miami (FL),110,110,0
kazmeir_allen_WAS_2025,79db66b0-e75d-11ed-ad1e-4d786886cff5,Kazmeir Allen,,RB,4000,4000,1.0,1.0,WAS,WAS,NYG,vs NYG,home,Sun 09/07 13:00,2025-09-07,FedExField,2025_01_NYG_WAS,,22.0,ACT,68.0,176.0,UCLA,111,111,0
elijah_dotson_ATL_2025,1df86850-e78c-11ed-8c85-33e7cdbd0a45,Elijah Dotson,,RB,4000,4000,1.0,1.0,ATL,ATL,TB,vs TB,home,Sun 09/07 13:00,2025-09-07,Mercedes-Benz Stadium,2025_01_TB_ATL,"https://static.www.nfl.com/image/upload/f_auto,q_auto/league/yx9vzbdqe6khlgdanbk3",41.0,ACT,69.0,202.0,Northern Colorado,112,112,0
jacob_saylors_DET_2025,99a7f770-ea18-11ed-a93b-a93886fe0bfd,Jacob Saylors,,RB,4000,4000,1.0,1.0,DET,DET,GB,@ GB,away,Sun 09/07 16:25,2025-09-07,Lambeau Field,2025_01_DET_GB,,48.0,ACT,71.0,195.0,East Tennessee State,113,113,0
carlos_washington_ATL_2025,43670880-e8f9-11ed-a4c3-31452e24a6c7,Carlos Washington,,RB,4000,4000,1.0,1.0,ATL,ATL,TB,vs TB,home,Sun 09/07 13:00,2025-09-07,Mercedes-Benz Stadium,2025_01_TB_ATL,,26.0,ACT,71.0,210.0,Southeastern Louisiana,114,114,0
sean_tucker_TB_2025,6d616c10-f35e-11ed-b721-9b68b08a2e09,Sean Tucker,,RB,4000,4000,1.0,1.0,TB,TB,ATL,@ ATL,away,Sun 09/07 13:00,2025-09-07,Mercedes-Benz Stadium,2025_01_TB_ATL,"https://static.www.nfl.com/image/upload/f_auto,q_auto/league/pgc1uq4p5euuc9lkaphf",44.0,ACT,70.0,205.0,Syracuse,115,115,0
jaleel_mclaughlin_DEN_2025,60b4ded0-f321-11ed-ab27-e38fa04fd6c0,Jaleel McLaughlin,,RB,4000,4000,1.0,1.0,DEN,DEN,TEN,vs TEN,home,Sun 09/07 16:05,2025-09-07,Empower Field at Mile High,2025_01_TEN_DEN,"https://static.www.nfl.com/image/upload/f_auto,q_auto/league/ndqnhudqtipzrnzslyla",38.0,ACT,67.0,187.0,Youngstown State,116,116,0
nate_noel_IND_2025,,Nate Noel,Nate Noel,RB,4000,4000,1.0,1.0,IND,IND,MIA,vs MIA,home,Sun 09/07 13:00,2025-09-07,Lucas Oil Stadium,2025_01_MIA_IND,,41.0,ACT,,,,117,117,0
j.j._taylor_HOU_2025,879325b1-c961-4c9a-a3a4-679d77a28293,J.J. Taylor,,RB,4000,4000,1.0,1.0,HOU,HOU,LA,@ LA,away,Sun 09/07 16:25,2025-09-07,SoFi Stadium,2025_01_HOU_LA,"https://static.www.nfl.com/image/upload/f_auto,q_auto/league/m8en6noemyviirgtxlgd",26.0,ACT,66.0,185.0,Arizona,118,118,0
dante_miller_NYG_2025,6e0c07b0-f42a-11ee-88d0-f12fe77edfe4,Dante Miller,,RB,4000,4000,1.0,1.0,NYG,NYG,WAS,@ WAS,away,Sun 09/07 13:00,2025-09-07,FedExField,2025_01_NYG_WAS,,25.0,ACT,69.0,200.0,South Carolina,119,119,0
chris_collier_LV_2025,7fcfe130-06fc-11ef-9592-67ed152bdb91,Chris Collier,,RB,4000,4000,1.0,1.0,LV,LV,NE,@ NE,away,Sun 09/07 13:00,2025-09-07,Gillette Stadium,2025_01_LV_NE,"https://static.www.nfl.com/image/upload/f_auto,q_auto/league/pj0aengevekxp3j1psd6",35.0,ACT,70.0,203.0,Lock Haven,120,120,0
kendall_milton_CIN_2025,d0dd8a70-072c-11ef-a49f-41e71daeb2e1,Kendall Milton,,RB,4000,4000,1.0,1.0,CIN,CIN,CLE,@ CLE,away,Sun 09/07 13:00,2025-09-07,FirstEnergy Stadium,2025_01_CIN_CLE,,36.0,ACT,73.0,230.0,Georgia,121,121,0
george_holani_SEA_2025,971a3930-0724-11ef-a47d-6f7fe8c7bc97,George Holani,,RB,4000,4000,1.0,1.0,SEA,SEA,SF,vs SF,home,Sun 09/07 16:05,2025-09-07,Lumen Field,2025_01_SF_SEA,"https://static.www.nfl.com/image/upload/f_auto,q_auto/league/x0f2kv9b6nw2vjloykm9",36.0,ACT,71.0,210.0,Boise State,122,122,0
emani_bailey_CAR_2025,dc1edb70-0707-11ef-a3d0-77ba0287fd10,Emani Bailey,,RB,4000,4000,1.0,1.0,CAR,CAR,JAX,@ JAX,away,Sun 09/07 13:00,2025-09-07,TIAA Bank Stadium,2025_01_CAR_JAX,,39.0,ACT,67.0,202.0,TCU,123,123,0
tre_stewart_MIN_2025,34368fd0-2514-11f0-a81f-81aa50e9d045,Tre Stewart,,RB,4000,4000,1.0,1.0,MIN,MIN,CHI,@ CHI,away,Mon 09/08 20:15,2025-09-08,Soldier Field,2025_01_MIN_CHI,,38.0,ACT,68.0,186.0,Jacksonville State,124,124,0
jaydon_blue_DAL_2025,f5e6eb8e-2c76-4bf9-b47f-57c62659341d,Jaydon Blue,,RB,4000,4000,1.0,1.0,DAL,DAL,PHI,@ PHI,away,Thu 09/04 20:20,2025-09-04,Lincoln Financial Field,2025_01_DAL_PHI,,34.0,ACT,69.0,196.0,Texas,125,125,0
jaylen_wright_MIA_2025,ba9e1390-028b-47c9-8710-84cee3fa25de,Jaylen Wright,,RB,4000,4000,1.0,1.0,MIA,MIA,IND,@ IND,away,Sun 09/07 13:00,2025-09-07,Lucas Oil Stadium,2025_01_MIA_IND,"https://static.www.nfl.com/image/upload/f_auto,q_auto/league/ib9s3nvt4i1i5wh11t4f",5.0,ACT,70.0,208.0,Tennessee,126,126,0
zavier_scott_MIN_2025,3b133980-eb9a-11ed-8b52-a11a185238e2,Zavier Scott,,RB,4000,4000,1.0,1.0,MIN,MIN,CHI,@ CHI,away,Mon 09/08 20:15,2025-09-08,Soldier Field,2025_01_MIN_CHI,,36.0,ACT,73.0,219.0,Maine,127,127,0
jacory_croskey-merritt_WAS_2025,202b8be6-40d2-49ed-b256-312ac45ec70f,Jacory Croskey-Merritt,,RB,4000,4000,1.0,1.0,WAS,WAS,NYG,vs NYG,home,Sun 09/07 13:00,2025-09-07,FedExField,2025_01_NYG_WAS,,32.0,ACT,71.0,208.0,Arizona,128,128,0
deion_hankins_CHI_2025,81f84780-25f6-11f0-bfac-bd2427320add,Deion Hankins,,RB,4000,4000,1.0,1.0,CHI,CHI,MIN,vs MIN,home,Mon 09/08 20:15,2025-09-08,Soldier Field,2025_01_MIN_CHI,,35.0,ACT,71.0,226.0,Texas State,129,129,0
keilan_robinson_PHI_2025,de79955a-99ab-492e-9161-3544fd812dbd,Keilan Robinson,,RB,4000,4000,1.0,1.0,PHI,PHI,DAL,vs DAL,home,Thu 09/04 20:20,2025-09-04,Lincoln Financial Field,2025_01_DAL_PHI,,35.0,ACT,68.0,191.0,Texas,130,130,0
phil_mafah_DAL_2025,54b97d06-1639-46a3-9dcc-67320687281d,Phil Mafah,,RB,4000,4000,1.0,1.0,DAL,DAL,PHI,@ PHI,away,Thu 09/04 20:20,2025-09-04,Lincoln Financial Field,2025_01_DAL_PHI,,37.0,ACT,72.0,234.0,Clemson,131,131,0
shane_watts_NE_2025,,Shane Watts,Shane Watts,RB,4000,4000,1.0,1.0,NE,NE,LV,vs LV,home,Sun 09/07 13:00,2025-09-07,Gillette Stadium,2025_01_LV_NE,,30.0,ACT,,,,132,132,0
jase_mcclellan_TB_2025,,Jase McClellan,Jase McClellan,RB,4000,4000,1.0,1.0,TB,TB,ATL,@ ATL,away,Sun 09/07 13:00,2025-09-07,Mercedes-Benz Stadium,2025_01_TB_ATL,"https://static.www.nfl.com/image/upload/f_auto,q_auto/league/qargp7q40zcnh0tjfc1o",39.0,ACT,,,,133,133,0
anthony_tyus_iii_SEA_2025,ddfc3ea0-2507-11f0-be8f-f5c6930b3c52,Anthony Tyus III,,RB,4000,4000,1.0,1.0,SEA,SEA,SF,vs SF,home,Sun 09/07 16:05,2025-09-07,Lumen Field,2025_01_SF_SEA,,35.0,ACT,73.0,226.0,Ohio,134,134,0
jawhar_jordan_HOU_2025,d3ddb80f-6f08-4594-be42-4c2f0716f4ef,Jawhar Jordan,,RB,4000,4000,1.0,1.0,HOU,HOU,LA,@ LA,away,Sun 09/07 16:25,2025-09-07,SoFi Stadium,2025_01_HOU_LA,,22.0,ACT,70.0,186.0,Louisville,135,135,0
donovan_edwards_NYJ_2025,162f3110-24fe-11f0-9c33-270dfe4c58dc,Donovan Edwards,,RB,4000,4000,1.0,1.0,NYJ,NYJ,PIT,vs PIT,home,Sun 09/07 13:00,2025-09-07,MetLife Stadium,2025_01_PIT_NYJ,,40.0,ACT,73.0,212.0,Michigan,136,136,0
dylan_laube_LV_2025,de5b56bd-33f0-48bc-b1e3-9523bd6bba64,Dylan Laube,,RB,4000,4000,1.0,1.0,LV,LV,NE,@ NE,away,Sun 09/07 13:00,2025-09-07,Gillette Stadium,2025_01_LV_NE,"https://static.www.nfl.com/image/upload/f_auto,q_auto/league/zag3wqxniqpcgujte3h7",23.0,ACT,69.0,204.0,New Hampshire,137,137,0
terrell_jennings_NE_2025,e6fc9a80-1168-11ef-8e6a-d7d3a1fb0861,Terrell Jennings,,RB,4000,4000,1.0,1.0,NE,NE,LV,vs LV,home,Sun 09/07 13:00,2025-09-07,Gillette Stadium,2025_01_LV_NE,"https://static.www.nfl.com/image/upload/f_auto,q_auto/league/yn8krjb11it7oqoogryb",26.0,ACT,72.0,217.0,Florida A&M,138,138,0
ian_wheeler_CHI_2025,4cbe3c80-0718-11ef-ad6b-0f2dd4b44ccd,Ian Wheeler,,RB,4000,4000,1.0,1.0,CHI,CHI,MIN,vs MIN,home,Mon 09/08 20:15,2025-09-08,Soldier Field,2025_01_MIN_CHI,,33.0,ACT,70.0,206.0,Howard,139,139,0
josh_williams_TB_2025,bfb346f0-2318-11f0-81b8-b7cb2fd8d89b,Josh Williams,,RB,4000,4000,1.0,1.0,TB,TB,ATL,@ ATL,away,Sun 09/07 13:00,2025-09-07,Mercedes-Benz Stadium,2025_01_TB_ATL,,37.0,ACT,69.0,210.0,LSU,140,140,0
raheim_sanders_LAC_2025,09b7c5d0-23ca-11f0-97f8-1902f784caec,Raheim Sanders,,RB,4000,4000,1.0,1.0,LAC,LAC,KC,vs KC,home,Fri 09/05 20:00,2025-09-05,SoFi Stadium,2025_01_KC_LAC,,35.0,ACT,72.0,230.0,South Carolina,141,141,0
british_brooks_HOU_2025,2ef88b80-07cf-11ef-96cf-876a6c13e638,British Brooks,,RB,4000,4000,1.0,1.0,HOU,HOU,LA,@ LA,away,Sun 09/07 16:25,2025-09-07,SoFi Stadium,2025_01_HOU_LA,"https://static.www.nfl.com/image/upload/f_auto,q_auto/league/qyywm0giwehv0iwy2f7n",44.0,ACT,71.0,225.0,North Carolina,142,142,0
cody_schrader_LA_2025,70c949c0-057f-11ef-ae83-716cc96c95b8,Cody Schrader,,RB,4000,4000,1.0,1.0,LA,LA,HOU,vs HOU,home,Sun 09/07 16:25,2025-09-07,SoFi Stadium,2025_01_HOU_LA,"https://static.www.nfl.com/image/upload/f_auto,q_auto/league/lalojbe9yf1gmoeuyklz",32.0,ACT,69.0,214.0,Missouri,143,143,0
colson_yankoff_WAS_2025,8344b150-0667-11ef-8407-311b2612bbe3,Colson Yankoff,,RB,4000,4000,1.0,1.0,WAS,WAS,NYG,vs NYG,home,Sun 09/07 13:00,2025-09-07,FedExField,2025_01_NYG_WAS,,41.0,ACT,76.0,225.0,UCLA,144,144,0
michael_wiley_KC_2025,,Michael Wiley,Michael Wiley,RB,4000,4000,1.0,1.0,KC,KC,LAC,@ LAC,away,Fri 09/05 20:00,2025-09-05,SoFi Stadium,2025_01_KC_LAC,,39.0,ACT,,,,145,145,0
ahmani_marshall_CLE_2025,c18cabc0-2321-11f0-80a0-bb24566134d1,Ahmani Marshall,,RB,4000,4000,1.0,1.0,CLE,CLE,CIN,vs CIN,home,Sun 09/07 13:00,2025-09-07,FirstEnergy Stadium,2025_01_CIN_CLE,,39.0,ACT,73.0,225.0,Appalachian State,146,146,0
blake_watson_DEN_2025,51f21920-0730-11ef-9a3c-99c1643e1512,Blake Watson,,RB,4000,4000,1.0,1.0,DEN,DEN,TEN,vs TEN,home,Sun 09/07 16:05,2025-09-07,Empower Field at Mile High,2025_01_TEN_DEN,"https://static.www.nfl.com/image/upload/f_auto,q_auto/league/x527wf1dlqhu9ncr9zv0",25.0,ACT,69.0,195.0,Memphis,147,147,0
lequint_allen_jr._JAX_2025,14aedd06-41a6-41db-8c5e-05483f91570d,LeQuint Allen Jr.,,RB,4000,4000,1.0,1.0,JAX,JAX,CAR,vs CAR,home,Sun 09/07 13:00,2025-09-07,TIAA Bank Stadium,2025_01_CAR_JAX,,36.0,ACT,72.0,201.0,Syracuse,148,148,0
ja'quinden_jackson_JAX_2025,826620a0-249a-11f0-9302-cb167d81eff7,Ja'Quinden Jackson,,RB,4000,4000,1.0,1.0,JAX,JAX,CAR,vs CAR,home,Sun 09/07 13:00,2025-09-07,TIAA Bank Stadium,2025_01_CAR_JAX,,38.0,ACT,74.0,233.0,Arkansas,149,149,0
jamycal_hasty_NE_2025,c6c50d09-f14f-41c2-9eb3-87514f0121f6,JaMycal Hasty,,RB,4000,4000,1.0,1.0,NE,NE,LV,vs LV,home,Sun 09/07 13:00,2025-09-07,Gillette Stadium,2025_01_LV_NE,"https://static.www.nfl.com/image/upload/f_auto,q_auto/league/stvclosmy6zi864kfxw7",39.0,ACT,68.0,205.0,Baylor,150,150,0
montrell_johnson_jr._PHI_2025,3557e290-2449-11f0-9b47-b3e02d0eb26f,Montrell Johnson Jr.,,RB,4000,4000,1.0,1.0,PHI,PHI,DAL,vs DAL,home,Thu 09/04 20:20,2025-09-04,Lincoln Financial Field,2025_01_DAL_PHI,,34.0,ACT,71.0,212.0,Florida,151,151,0
shunderrick_powell_PHI_2025,542de5c0-263d-11f0-961b-296ef24a1ae9,ShunDerrick Powell,,RB,4000,4000,1.0,1.0,PHI,PHI,DAL,vs DAL,home,Thu 09/04 20:20,2025-09-04,Lincoln Financial Field,2025_01_DAL_PHI,,39.0,ACT,67.0,183.0,Central Arkansas,152,152,0
amar_johnson_GB_2025,9ec3d420-250a-11f0-aaad-b190600d09cf,Amar Johnson,,RB,4000,4000,1.0,1.0,GB,GB,DET,vs DET,home,Sun 09/07 16:25,2025-09-07,Lambeau Field,2025_01_DET_GB,,46.0,ACT,70.0,205.0,South Dakota State,153,153,0
jacardia_wright_SEA_2025,42cb24b0-2556-11f0-a3b7-37e42e45b4dd,Jacardia Wright,,RB,4000,4000,1.0,1.0,SEA,SEA,SF,vs SF,home,Sun 09/07 16:05,2025-09-07,Lumen Field,2025_01_SF_SEA,,31.0,ACT,72.0,218.0,Missouri State,154,154,0
elijah_young_KC_2025,9e487800-23a9-11f0-97c5-6362ab5bbdb8,Elijah Young,,RB,4000,4000,1.0,1.0,KC,KC,LAC,@ LAC,away,Fri 09/05 20:00,2025-09-05,SoFi Stadium,2025_01_KC_LAC,,34.0,ACT,70.0,198.0,Western Kentucky,155,155,0
quali_conley_CIN_2025,e1d60110-25f1-11f0-853d-af323d5bbf18,Quali Conley,,RB,4000,4000,1.0,1.0,CIN,CIN,CLE,@ CLE,away,Sun 09/07 13:00,2025-09-07,FirstEnergy Stadium,2025_01_CIN_CLE,,40.0,ACT,70.0,211.0,Arizona,156,156,0
brashard_smith_KC_2025,3170164a-1718-4a39-9ef2-e18104e35fef,Brashard Smith,,RB,4000,4000,1.0,1.0,KC,KC,LAC,@ LAC,away,Fri 09/05 20:00,2025-09-05,SoFi Stadium,2025_01_KC_LAC,,30.0,ACT,70.0,196.0,SMU,157,157,0
dylan_sampson_CLE_2025,6ea71d26-623a-4178-a93a-215678244902,Dylan Sampson,,RB,4000,4000,1.0,1.0,CLE,CLE,CIN,vs CIN,home,Sun 09/07 13:00,2025-09-07,FirstEnergy Stadium,2025_01_CIN_CLE,,22.0,ACT,68.0,200.0,Tennessee,158,158,0
jordan_james_SF_2025,c16040c3-7534-4eeb-956c-8ed3be9972ec,Jordan James,,RB,4000,4000,1.0,1.0,SF,SF,SEA,@ SEA,away,Sun 09/07 16:05,2025-09-07,Lumen Field,2025_01_SF_SEA,,29.0,ACT,69.0,208.0,Oregon,159,159,0
dj_giddens__2025,73ffa6e6-7fb3-4f34-a856-38bfd62cca15,DJ Giddens,,RB,4000,4000,1.0,1.0,,,,TBD,,TBD,,,,,21.0,ACT,72.0,212.0,Kansas State,160,160,0
ollie_gordon_ii_MIA_2025,42753bb4-a416-4d40-bf81-f20d2181be2f,Ollie Gordon II,,RB,4000,4000,1.0,1.0,MIA,MIA,IND,@ IND,away,Sun 09/07 13:00,2025-09-07,Lucas Oil Stadium,2025_01_MIA_IND,,31.0,ACT,74.0,225.0,Oklahoma State,161,161,0
devin_neal_NO_2025,4ef874c1-50c3-4120-9199-0d5a4ae7c6dd,Devin Neal,,RB,4000,4000,1.0,1.0,NO,NO,ARI,vs ARI,home,Sun 09/07 13:00,2025-09-07,Mercedes-Benz Superdome,2025_01_ARI_NO,,30.0,ACT,71.0,213.0,Kansas,162,162,0
kalel_mullings_TEN_2025,9983d47b-c955-4546-882f-4bd2a2a5ad42,Kalel Mullings,,RB,4000,4000,1.0,1.0,TEN,TEN,DEN,@ DEN,away,Sun 09/07 16:05,2025-09-07,Empower Field at Mile High,2025_01_TEN_DEN,,28.0,ACT,74.0,226.0,Michigan,163,163,0
tahj_brooks_CIN_2025,8d50af87-f6dc-42cb-a7e7-11716667a1dc,Tahj Brooks,,RB,4000,4000,1.0,1.0,CIN,CIN,CLE,@ CLE,away,Sun 09/07 13:00,2025-09-07,FirstEnergy Stadium,2025_01_CIN_CLE,,25.0,ACT,69.0,220.0,Texas Tech,164,164,0
kyle_monangai_CHI_2025,6edec23b-f938-40f7-a151-1db5374880dd,Kyle Monangai,,RB,4000,4000,1.0,1.0,CHI,CHI,MIN,vs MIN,home,Mon 09/08 20:15,2025-09-08,Soldier Field,2025_01_MIN_CHI,,25.0,ACT,68.0,207.0,Rutgers,165,165,0
jermar_jefferson_TEN_2025,de456390-b27b-4146-87b9-0267f1ea8db4,Jermar Jefferson,,RB,4000,4000,0.9,0.9,TEN,TEN,DEN,@ DEN,away,Sun 09/07 16:05,2025-09-07,Empower Field at Mile High,2025_01_TEN_DEN,"https://static.www.nfl.com/image/upload/f_auto,q_auto/league/bkgrgirrdwlm05vqg74b",32.0,ACT,70.0,215.0,Oregon State,166,166,0
aaron_shampklin_MIA_2025,,Aaron Shampklin,Aaron Shampklin,RB,4000,4000,0.9,0.9,MIA,MIA,IND,@ IND,away,Sun 09/07 13:00,2025-09-07,Lucas Oil Stadium,2025_01_MIA_IND,"https://static.www.nfl.com/image/upload/f_auto,q_auto/league/iujjn4h87hwnj9tswfey",48.0,ACT,,,,167,167,0
d'ernest_johnson_BAL_2025,f46e812f-14c6-4af8-9316-01a880adebc5,D'Ernest Johnson,,RB,4000,4000,0.9,0.9,BAL,BAL,BUF,@ BUF,away,Sun 09/07 20:20,2025-09-07,New Era Field,2025_01_BAL_BUF,"https://static.www.nfl.com/image/upload/f_auto,q_auto/league/gbe2eojaxid4n3pmo0rj",30.0,ACT,70.0,208.0,South Florida,168,168,0
myles_gaskin_BAL_2025,,Myles Gaskin,Myles Gaskin,RB,4000,4000,0.9,0.9,BAL,BAL,BUF,@ BUF,away,Sun 09/07 20:20,2025-09-07,New Era Field,2025_01_BAL_BUF,"https://static.www.nfl.com/image/upload/f_auto,q_auto/league/dn5kacxm99pb95u8dle1",38.0,ACT,,,,169,169,0
kenneth_gainwell_PIT_2025,e2a5882a-dcc1-4800-889f-3b957b21834f,Kenneth Gainwell,,RB,4000,4000,0.9,0.9,PIT,PIT,NYJ,@ NYJ,away,Sun 09/07 13:00,2025-09-07,MetLife Stadium,2025_01_PIT_NYJ,"https://static.www.nfl.com/image/upload/f_auto,q_auto/league/prer0j0tkzsdva1yrd0i",14.0,ACT,69.0,200.0,Memphis,170,170,0
roschon_johnson_CHI_2025,e3c414c0-be8c-4807-af9c-f91d89c83e60,Roschon Johnson,,RB,4000,4000,0.9,0.9,CHI,CHI,MIN,vs MIN,home,Mon 09/08 20:15,2025-09-08,Soldier Field,2025_01_MIN_CHI,"https://static.www.nfl.com/image/upload/f_auto,q_auto/league/skajjk8i3zdrvzqmucww",23.0,ACT,72.0,227.0,Texas,171,171,0
ty_chandler_MIN_2025,a0833a94-60ce-4a3a-a32a-d067fe7b253d,Ty Chandler,,RB,4000,4000,0.9,0.9,MIN,MIN,CHI,@ CHI,away,Mon 09/08 20:15,2025-09-08,Soldier Field,2025_01_MIN_CHI,"https://static.www.nfl.com/image/private/f_auto,q_auto/league/map979dvuonzb8a6g13b",32.0,ACT,71.0,204.0,North Carolina,172,172,0
tyler_allgeier_ATL_2025,f4529909-1a02-4f4b-a1f3-315cad100683,Tyler Allgeier,,RB,4000,4000,0.9,0.9,ATL,ATL,TB,vs TB,home,Sun 09/07 13:00,2025-09-07,Mercedes-Benz Stadium,2025_01_TB_ATL,"https://static.www.nfl.com/image/upload/f_auto,q_auto/league/yosaj2anmqoujqrgzecd",25.0,ACT,70.0,225.0,BYU,173,173,0
zamir_white_LV_2025,440d7750-672e-4293-8eb0-89b241a498eb,Zamir White,,RB,4000,4000,0.9,0.9,LV,LV,NE,@ NE,away,Sun 09/07 13:00,2025-09-07,Gillette Stadium,2025_01_LV_NE,"https://static.www.nfl.com/image/upload/f_auto,q_auto/league/jpxuggpx567die5348be",3.0,ACT,71.0,227.0,Georgia,174,174,0
darrynton_evans_BUF_2025,eb3c219d-6489-4f2f-a542-bdbf7423a325,Darrynton Evans,,RB,4000,4000,0.9,0.9,BUF,BUF,BAL,vs BAL,home,Sun 09/07 20:20,2025-09-07,New Era Field,2025_01_BAL_BUF,"https://static.www.nfl.com/image/upload/f_auto,q_auto/league/akmrd72vwsbpsnuh9775",21.0,ACT,70.0,203.0,Appalachian State,175,175,0
miles_sanders_DAL_2025,ef3ceaf4-b733-4e06-a7f4-a94fc67361c1,Miles Sanders,,RB,4000,4000,0.9,0.9,DAL,DAL,PHI,@ PHI,away,Thu 09/04 20:20,2025-09-04,Lincoln Financial Field,2025_01_DAL_PHI,"https://static.www.nfl.com/image/upload/f_auto,q_auto/league/lvyjbie3d0ro8ohgphe0",27.0,ACT,71.0,211.0,Penn State,176,176,0
travis_homer_CHI_2025,4afb77d8-4564-469b-be4c-5a8587df8046,Travis Homer,,RB,4000,4000,0.9,0.9,CHI,CHI,MIN,vs MIN,home,Mon 09/08 20:15,2025-09-08,Soldier Field,2025_01_MIN_CHI,"https://static.www.nfl.com/image/upload/f_auto,q_auto/league/eg1e7va024emnbm55got",21.0,ACT,70.0,211.0,Miami (FL),177,177,0
jeremy_mcnichols_WAS_2025,25cc3585-6194-4786-968a-2600db46b6c6,Jeremy McNichols,,RB,4000,4000,0.9,0.9,WAS,WAS,NYG,vs NYG,home,Sun 09/07 13:00,2025-09-07,FedExField,2025_01_NYG_WAS,"https://static.www.nfl.com/image/upload/f_auto,q_auto/league/kegqjj5pv7xidm0xwtpy",26.0,ACT,69.0,214.0,Boise State,178,178,0
julius_chestnut_TEN_2025,873860f0-cca2-11ec-9e80-cff885fdbae7,Julius Chestnut,,RB,4000,4000,0.8,0.8,TEN,TEN,DEN,@ DEN,away,Sun 09/07 16:05,2025-09-07,Empower Field at Mile High,2025_01_TEN_DEN,"https://static.www.nfl.com/image/upload/f_auto,q_auto/league/dmy7xkb6lv63qou6qag7",36.0,ACT,71.0,228.0,Sacred Heart,179,179,0
sione_vaki_DET_2025,f5e0334b-b5f1-422f-a437-199c36cc108d,Sione Vaki,,RB,4000,4000,0.8,0.8,DET,DET,GB,@ GB,away,Sun 09/07 16:25,2025-09-07,Lambeau Field,2025_01_DET_GB,"https://static.www.nfl.com/image/upload/f_auto,q_auto/league/kpheugqezo5wlqou2mrd",33.0,ACT,71.0,216.0,Utah,180,180,0
samaje_perine_CIN_2025,e601812f-ce24-4e99-bee0-e33c1e9014e4,Samaje Perine,,RB,4000,4000,0.8,0.8,CIN,CIN,CLE,@ CLE,away,Sun 09/07 13:00,2025-09-07,FirstEnergy Stadium,2025_01_CIN_CLE,"https://static.www.nfl.com/image/upload/f_auto,q_auto/league/liorwdmj8gelxh5u7rc4",34.0,ACT,71.0,240.0,Oklahoma,181,181,0
mike_boone_MIA_2025,,Mike Boone,Mike Boone,RB,4000,4000,0.8,0.8,MIA,MIA,IND,@ IND,away,Sun 09/07 13:00,2025-09-07,Lucas Oil Stadium,2025_01_MIA_IND,"https://static.www.nfl.com/image/upload/f_auto,q_auto/league/yeoyrlaf9hlvowj6fdio",16.0,ACT,,,,182,182,0
ronnie_rivers_LA_2025,246db560-cb4e-11ec-a667-6354702e3fca,Ronnie Rivers,,RB,4000,4000,0.8,0.8,LA,LA,HOU,vs HOU,home,Sun 09/07 16:25,2025-09-07,SoFi Stadium,2025_01_HOU_LA,"https://static.www.nfl.com/image/upload/f_auto,q_auto/league/xjumjdizgaw4gicg6gbb",20.0,ACT,69.0,192.0,Fresno State,183,183,0
jeff_wilson_SF_2025,,Jeff Wilson,Jeff Wilson,RB,4000,4000,0.7,0.7,SF,SF,SEA,@ SEA,away,Sun 09/07 16:05,2025-09-07,Lumen Field,2025_01_SF_SEA,,20.0,ACT,,,,184,184,0
hassan_haskins_LAC_2025,f3a50b5d-0197-4ae8-b5a5-bb54484b8941,Hassan Haskins,,RB,4000,4000,0.6,0.6,LAC,LAC,KC,vs KC,home,Fri 09/05 20:00,2025-09-05,SoFi Stadium,2025_01_KC_LAC,"https://static.www.nfl.com/image/upload/f_auto,q_auto/league/kfqhhr4xcm2iaocbvdyp",28.0,ACT,74.0,228.0,Michigan,185,185,0
velus_jones_jr._NO_2025,318b263d-8910-4e46-afe3-5860092ab260,Velus Jones Jr.,,RB,4000,4000,0.6,0.6,NO,NO,ARI,vs ARI,home,Sun 09/07 13:00,2025-09-07,Mercedes-Benz Superdome,2025_01_ARI_NO,,13.0,ACT,72.0,200.0,Tennessee,186,186,0
dare_ogunbowale_HOU_2025,42b57148-fc06-4aee-b40b-bb941271b5b7,Dare Ogunbowale,,RB,4000,4000,0.6,0.6,HOU,HOU,LA,@ LA,away,Sun 09/07 16:25,2025-09-07,SoFi Stadium,2025_01_HOU_LA,"https://static.www.nfl.com/image/upload/f_auto,q_auto/league/kzthvzy64jesgizjthwx",33.0,ACT,70.0,205.0,Wisconsin,187,187,0
jonathan_ward_NYG_2025,1dc6b133-355f-451e-856f-d02839681578,Jonathan Ward,,RB,4000,4000,0.6,0.6,NYG,NYG,WAS,@ WAS,away,Sun 09/07 13:00,2025-09-07,FedExField,2025_01_NYG_WAS,"https://static.www.nfl.com/image/upload/f_auto,q_auto/league/yct3a4xznwcxjvn4iosk",23.0,ACT,72.0,202.0,Central Michigan,188,188,0
rasheen_ali_BAL_2025,9aeb79b0-e55b-4341-8c6b-233971b667a7,Rasheen Ali,,RB,4000,4000,0.6,0.6,BAL,BAL,BUF,@ BUF,away,Sun 09/07 20:20,2025-09-07,New Era Field,2025_01_BAL_BUF,"https://static.www.nfl.com/image/upload/f_auto,q_auto/league/rahywwfay2yyqupfwebh",26.0,ACT,71.0,210.0,Marshall,189,189,0
trey_sermon_PIT_2025,b7146193-fcd1-4b02-a6da-625fe467f60e,Trey Sermon,,RB,4000,4000,0.6,0.6,PIT,PIT,NYJ,@ NYJ,away,Sun 09/07 13:00,2025-09-07,MetLife Stadium,2025_01_PIT_NYJ,"https://static.www.nfl.com/image/upload/f_auto,q_auto/league/freievsvipthuvrwn7uw",27.0,ACT,72.0,215.0,Ohio State,190,190,0
tyler_goodson_IND_2025,3fec8370-ca72-11ec-a83a-8732d3d5a7e3,Tyler Goodson,,RB,4000,4000,0.6,0.6,IND,IND,MIA,vs MIA,home,Sun 09/07 13:00,2025-09-07,Lucas Oil Stadium,2025_01_MIA_IND,"https://static.www.nfl.com/image/upload/f_auto,q_auto/league/z4ugeazvmccxxhqjoxzv",31.0,ACT,69.0,197.0,Iowa,191,191,0
kene_nwangwu_NYJ_2025,482c1032-765a-48d3-b46e-b47a809dbee4,Kene Nwangwu,,RB,4000,4000,0.5,0.5,NYJ,NYJ,PIT,vs PIT,home,Sun 09/07 13:00,2025-09-07,MetLife Stadium,2025_01_PIT_NYJ,"https://static.www.nfl.com/image/upload/f_auto,q_auto/league/eti2uf3a3u1igqoornct",34.0,ACT,73.0,210.0,Iowa State,192,192,0
ke'shawn_vaughn_SF_2025,,Ke'Shawn Vaughn,Ke'Shawn Vaughn,RB,4000,4000,0.5,0.5,SF,SF,SEA,@ SEA,away,Sun 09/07 16:05,2025-09-07,Lumen Field,2025_01_SF_SEA,"https://static.www.nfl.com/image/private/f_auto,q_auto/league/npa1msmoqbig9cqznkti",30.0,ACT,,,,193,193,0
trayveon_williams_CLE_2025,478fcd24-2617-41d5-a900-b272aa6ef515,Trayveon Williams,,RB,4000,4000,0.4,0.4,CLE,CLE,CIN,vs CIN,home,Sun 09/07 13:00,2025-09-07,FirstEnergy Stadium,2025_01_CIN_CLE,"https://static.www.nfl.com/image/upload/f_auto,q_auto/league/kx1u2iefb1vcnkrpdt4e",36.0,ACT,68.0,206.0,Texas A&M,194,194,0
ladd_mcconkey_LAC_2025,473bc7e5-c393-4f21-9e49-3ffc16711238,Ladd McConkey,,WR,8500,8500,17.0,17.0,LAC,LAC,KC,vs KC,home,Fri 09/05 20:00,2025-09-05,SoFi Stadium,2025_01_KC_LAC,"https://static.www.nfl.com/image/upload/f_auto,q_auto/league/wcx39ialovvxxnvs2bke",15.0,ACT,72.0,185.0,Georgia,1,1,0
ceedee_lamb_DAL_2025,a72ea15b-5199-4101-a300-846e1c655add,CeeDee Lamb,,WR,7600,7600,15.3,15.3,DAL,DAL,PHI,@ PHI,away,Thu 09/04 20:20,2025-09-04,Lincoln Financial Field,2025_01_DAL_PHI,"https://static.www.nfl.com/image/upload/f_auto,q_auto/league/tfuj9njqdw2dovkwhryc",88.0,ACT,74.0,200.0,Oklahoma,2,2,0
nico_collins_HOU_2025,bd56a50c-5fae-4ee2-8363-f74ae07b6887,Nico Collins,,WR,7600,7600,15.1,15.1,HOU,HOU,LA,@ LA,away,Sun 09/07 16:25,2025-09-07,SoFi Stadium,2025_01_HOU_LA,"https://static.www.nfl.com/image/upload/f_auto,q_auto/league/q7c9aq8rpremfygslmya",12.0,ACT,76.0,222.0,Michigan,3,3,0
dj_moore_CHI_2025,d8202e6d-d03b-4cd1-a793-ff8fd39d9755,DJ Moore,,WR,7300,7300,14.7,14.7,CHI,CHI,MIN,vs MIN,home,Mon 09/08 20:15,2025-09-08,Soldier Field,2025_01_MIN_CHI,,2.0,ACT,72.0,213.0,Maryland,4,4,0
ja'marr_chase_CIN_2025,fa99e984-d63b-4ef4-a164-407f68a7eeaf,Ja'Marr Chase,,WR,7200,7200,14.5,14.5,CIN,CIN,CLE,@ CLE,away,Sun 09/07 13:00,2025-09-07,FirstEnergy Stadium,2025_01_CIN_CLE,"https://static.www.nfl.com/image/upload/f_auto,q_auto/league/qkcb3qt2fhasfgtfuprd",1.0,ACT,72.0,205.0,LSU,5,5,0
rashee_rice_KC_2025,cbd73c09-da07-48b0-a0d6-f248dfa631b6,Rashee Rice,,WR,7200,7200,14.5,14.5,KC,KC,LAC,@ LAC,away,Fri 09/05 20:00,2025-09-05,SoFi Stadium,2025_01_KC_LAC,"https://static.www.nfl.com/image/private/f_auto,q_auto/league/zjgi60dvmj5ogvanp201",4.0,ACT,73.0,204.0,SMU,6,6,0
mike_evans_TB_2025,c48c21d9-0ae5-478c-ad34-30a660cfa9b8,Mike Evans,,WR,7100,7100,14.2,14.2,TB,TB,ATL,@ ATL,away,Sun 09/07 13:00,2025-09-07,Mercedes-Benz Stadium,2025_01_TB_ATL,"https://static.www.nfl.com/image/upload/f_auto,q_auto/league/vfsaie1uiokfczwv9p4d",13.0,ACT,77.0,231.0,Texas A&M,7,7,0
tyreek_hill_MIA_2025,01d8aee3-e1c4-4988-970a-8c0c2d08bd83,Tyreek Hill,,WR,6900,6900,13.9,13.9,MIA,MIA,IND,@ IND,away,Sun 09/07 13:00,2025-09-07,Lucas Oil Stadium,2025_01_MIA_IND,"https://static.www.nfl.com/image/upload/f_auto,q_auto/league/gdwjlpbkenmnsibawkht",10.0,ACT,70.0,191.0,West Alabama,8,8,0
a.j._brown_PHI_2025,a9e580f2-1fbe-46fb-887c-c84089b507e4,A.J. Brown,,WR,6800,6800,13.7,13.7,PHI,PHI,DAL,vs DAL,home,Thu 09/04 20:20,2025-09-04,Lincoln Financial Field,2025_01_DAL_PHI,"https://static.www.nfl.com/image/private/f_auto,q_auto/league/a014sgzctarbvhwb35lw",11.0,ACT,73.0,226.0,Ole Miss,9,9,0
jerry_jeudy_CLE_2025,eaaa4a61-c2a7-4926-8e9b-3ec71be2f991,Jerry Jeudy,,WR,6600,6600,13.2,13.2,CLE,CLE,CIN,vs CIN,home,Sun 09/07 13:00,2025-09-07,FirstEnergy Stadium,2025_01_CIN_CLE,"https://static.www.nfl.com/image/upload/f_auto,q_auto/league/szca1v9butuqkjs7ekpm",3.0,ACT,73.0,195.0,Alabama,10,10,0
puka_nacua_LA_2025,111be44d-7bc2-4cad-934d-c9e946293b2f,Puka Nacua,,WR,6500,6500,13.0,13.0,LA,LA,HOU,vs HOU,home,Sun 09/07 16:25,2025-09-07,SoFi Stadium,2025_01_HOU_LA,"https://static.www.nfl.com/image/upload/f_auto,q_auto/league/i1pmrhua5gpvwgsqphxa",12.0,ACT,74.0,212.0,BYU,11,11,0
amon-ra_st._brown_DET_2025,26ef0447-29b8-4dd1-9831-dcbf8132bb74,Amon-Ra St. Brown,,WR,6400,6400,12.8,12.8,DET,DET,GB,@ GB,away,Sun 09/07 16:25,2025-09-07,Lambeau Field,2025_01_DET_GB,"https://static.www.nfl.com/image/upload/f_auto,q_auto/league/jmfuamqblg8jag0stpnq",14.0,ACT,72.0,202.0,USC,12,12,0
drake_london_ATL_2025,5053f9ae-15d9-4730-833d-484886b6f890,Drake London,,WR,6000,6000,12.0,12.0,ATL,ATL,TB,vs TB,home,Sun 09/07 13:00,2025-09-07,Mercedes-Benz Stadium,2025_01_TB_ATL,"https://static.www.nfl.com/image/upload/f_auto,q_auto/league/wikjazqtt3uunjufgqrf",5.0,ACT,76.0,215.0,USC,13,13,0
malik_nabers_NYG_2025,55ef2022-50c2-465b-839e-c0f4c9e7c55c,Malik Nabers,,WR,6000,6000,12.0,12.0,NYG,NYG,WAS,@ WAS,away,Sun 09/07 13:00,2025-09-07,FedExField,2025_01_NYG_WAS,"https://static.www.nfl.com/image/upload/f_auto,q_auto/league/w3edoyyuomqlovvp9ixc",1.0,ACT,72.0,200.0,LSU,14,14,0
chris_olave_NO_2025,2375d572-a36c-4365-bb3f-87e156526e2f,Chris Olave,,WR,6000,6000,12.0,12.0,NO,NO,ARI,vs ARI,home,Sun 09/07 13:00,2025-09-07,Mercedes-Benz Superdome,2025_01_ARI_NO,"https://static.www.nfl.com/image/upload/f_auto,q_auto/league/riiwbow7zphqmomiazph",12.0,ACT,72.0,187.0,Ohio State,15,15,0
courtland_sutton_DEN_2025,b55ae5ba-593f-4560-9cab-14e10698e01d,Courtland Sutton,,WR,5700,5700,11.4,11.4,DEN,DEN,TEN,vs TEN,home,Sun 09/07 16:05,2025-09-07,Empower Field at Mile High,2025_01_TEN_DEN,"https://static.www.nfl.com/image/upload/f_auto,q_auto/league/qts95gbd6hv65s9eiseq",14.0,ACT,76.0,216.0,SMU,16,16,0
justin_jefferson_MIN_2025,4131d4ee-0318-4bb5-832a-4dec80668a4f,Justin Jefferson,,WR,5600,5600,11.1,11.1,MIN,MIN,CHI,@ CHI,away,Mon 09/08 20:15,2025-09-08,Soldier Field,2025_01_MIN_CHI,"https://static.www.nfl.com/image/upload/f_auto,q_auto/league/vrftbpzwk6qmv0zjcysg",18.0,ACT,73.0,195.0,LSU,17,17,0
jakobi_meyers_LV_2025,73e194d1-a4b7-4de4-b1c2-3c24ef502918,Jakobi Meyers,,WR,5400,5400,10.8,10.8,LV,LV,NE,@ NE,away,Sun 09/07 13:00,2025-09-07,Gillette Stadium,2025_01_LV_NE,"https://static.www.nfl.com/image/upload/f_auto,q_auto/league/p1abjttm5pu8gev0gwea",16.0,ACT,74.0,193.0,North Carolina State,18,18,0
garrett_wilson_NYJ_2025,68d72fe0-79b2-4fdb-afd5-6c79676e77f3,Garrett Wilson,,WR,5000,5000,10.0,10.0,NYJ,NYJ,PIT,vs PIT,home,Sun 09/07 13:00,2025-09-07,MetLife Stadium,2025_01_PIT_NYJ,"https://static.www.nfl.com/image/private/f_auto,q_auto/league/llgosx4tokddwnyrgvbx",5.0,ACT,72.0,183.0,Ohio State,19,19,0
tetairoa_mcmillan_CAR_2025,874de000-586c-4999-ac12-02766563e200,Tetairoa McMillan,,WR,5000,5000,10.0,10.0,CAR,CAR,JAX,@ JAX,away,Sun 09/07 13:00,2025-09-07,TIAA Bank Stadium,2025_01_CAR_JAX,,4.0,ACT,77.0,212.0,Arizona,20,20,0
khalil_shakir_BUF_2025,0ce9ddce-bdf6-469c-8a32-9cf0ed3714a4,Khalil Shakir,,WR,5000,5000,10.0,10.0,BUF,BUF,BAL,vs BAL,home,Sun 09/07 20:20,2025-09-07,New Era Field,2025_01_BAL_BUF,"https://static.www.nfl.com/image/upload/f_auto,q_auto/league/ch2yarhiobqlvr9ls2yw",10.0,ACT,72.0,190.0,Boise State,21,21,0
stefon_diggs_NE_2025,a1c40664-b265-4083-aad2-54b4c734f2c5,Stefon Diggs,,WR,4900,4900,9.9,9.9,NE,NE,LV,vs LV,home,Sun 09/07 13:00,2025-09-07,Gillette Stadium,2025_01_LV_NE,"https://static.www.nfl.com/image/upload/f_auto,q_auto/league/to2qwuffjnjlouctglsl",8.0,ACT,72.0,191.0,Maryland,22,22,0
jaxon_smith-njigba_SEA_2025,6215db71-1e13-4c62-8f14-2005d33dee47,Jaxon Smith-Njigba,,WR,4600,4600,9.3,9.3,SEA,SEA,SF,vs SF,home,Sun 09/07 16:05,2025-09-07,Lumen Field,2025_01_SF_SEA,"https://static.www.nfl.com/image/upload/f_auto,q_auto/league/lfroslgx4bo5p641flvg",11.0,ACT,72.0,197.0,Ohio State,23,23,0
dk_metcalf_PIT_2025,754faf0f-40f7-45f0-b23b-6ce990ecaf26,DK Metcalf,,WR,4600,4600,9.1,9.1,PIT,PIT,NYJ,@ NYJ,away,Sun 09/07 13:00,2025-09-07,MetLife Stadium,2025_01_PIT_NYJ,"https://static.www.nfl.com/image/upload/f_auto,q_auto/league/ezpzdcvzlu5ga4uv6oas",4.0,ACT,76.0,229.0,Ole Miss,24,24,0
jayden_reed_GB_2025,23a306bc-5f77-4574-a575-bd599f243185,Jayden Reed,,WR,4500,4500,9.0,9.0,GB,GB,DET,vs DET,home,Sun 09/07 16:25,2025-09-07,Lambeau Field,2025_01_DET_GB,"https://static.www.nfl.com/image/upload/f_auto,q_auto/league/blh2tfg9qjthqo2g6ot4",11.0,ACT,71.0,187.0,Michigan State,25,25,0
zay_flowers_BAL_2025,2b6d74b7-10fb-4f17-99c8-9bb557fb475b,Zay Flowers,,WR,4000,4000,5.4,5.4,BAL,BAL,BUF,@ BUF,away,Sun 09/07 20:20,2025-09-07,New Era Field,2025_01_BAL_BUF,"https://static.www.nfl.com/image/upload/f_auto,q_auto/league/oidhqwg0fjvanyk57nc1",4.0,ACT,69.0,183.0,Boston College,26,26,0
xavier_worthy_KC_2025,52e049b1-0a7a-4e7f-9866-d2848e9cc478,Xavier Worthy,,WR,4000,4000,4.2,4.2,KC,KC,LAC,@ LAC,away,Fri 09/05 20:00,2025-09-05,SoFi Stadium,2025_01_KC_LAC,"https://static.www.nfl.com/image/upload/f_auto,q_auto/league/fvzbx5gpiqkogglyoo1w",1.0,ACT,71.0,165.0,Texas,27,27,0
josh_downs_IND_2025,dd227f4a-0785-482d-a28b-f231c7f3b73f,Josh Downs,,WR,4000,4000,3.9,3.9,IND,IND,MIA,vs MIA,home,Sun 09/07 13:00,2025-09-07,Lucas Oil Stadium,2025_01_MIA_IND,"https://static.www.nfl.com/image/upload/f_auto,q_auto/league/zue2xxvfrignllqlhagu",1.0,ACT,69.0,171.0,North Carolina,28,28,0
adam_thielen_CAR_2025,2fa2b2da-4aa9-44b5-b27e-56876dfe2ad4,Adam Thielen,,WR,4000,4000,3.7,3.7,CAR,CAR,JAX,@ JAX,away,Sun 09/07 13:00,2025-09-07,TIAA Bank Stadium,2025_01_CAR_JAX,"https://static.www.nfl.com/image/upload/f_auto,q_auto/league/pxehgo0l9xl03n7dronf",19.0,ACT,74.0,195.0,Minnesota State,29,29,0
tee_higgins_CIN_2025,7963b029-5de4-4541-b00a-44eefe4349af,Tee Higgins,,WR,4000,4000,3.6,3.6,CIN,CIN,CLE,@ CLE,away,Sun 09/07 13:00,2025-09-07,FirstEnergy Stadium,2025_01_CIN_CLE,"https://static.www.nfl.com/image/upload/f_auto,q_auto/league/swqgkrdmjecz3vumrex5",5.0,ACT,76.0,220.0,Clemson,30,30,0
alec_pierce_IND_2025,a67ee8f8-e9de-4fb9-90b6-edca2f83f6d8,Alec Pierce,,WR,4000,4000,3.6,3.6,IND,IND,MIA,vs MIA,home,Sun 09/07 13:00,2025-09-07,Lucas Oil Stadium,2025_01_MIA_IND,"https://static.www.nfl.com/image/upload/f_auto,q_auto/league/hvtcpccoigf9cghzkxcg",14.0,ACT,75.0,211.0,Cincinnati,31,31,0
jauan_jennings_SF_2025,3ae9f0fa-c711-4663-80cf-4707856c07aa,Jauan Jennings,,WR,4000,4000,3.6,3.6,SF,SF,SEA,@ SEA,away,Sun 09/07 16:05,2025-09-07,Lumen Field,2025_01_SF_SEA,"https://static.www.nfl.com/image/upload/f_auto,q_auto/league/fqyzagb57zrtegmw69eb",15.0,ACT,75.0,212.0,Tennessee,32,32,0
deebo_samuel_sr._WAS_2025,,Deebo Samuel Sr.,Deebo Samuel Sr.,WR,4000,4000,3.6,3.6,WAS,WAS,NYG,vs NYG,home,Sun 09/07 13:00,2025-09-07,FedExField,2025_01_NYG_WAS,,1.0,ACT,,,,33,33,0
darnell_mooney_ATL_2025,bafe8df1-66b5-4200-8fb3-ff188c25a4e2,Darnell Mooney,,WR,4000,4000,3.5,3.5,ATL,ATL,TB,vs TB,home,Sun 09/07 13:00,2025-09-07,Mercedes-Benz Stadium,2025_01_TB_ATL,"https://static.www.nfl.com/image/upload/f_auto,q_auto/league/c1ixyspw0eshl3a2qrly",1.0,ACT,71.0,180.0,Tulane,34,34,0
george_pickens_DAL_2025,018e8f25-54e5-44f1-967a-7ff237f1c52f,George Pickens,,WR,4000,4000,3.5,3.5,DAL,DAL,PHI,@ PHI,away,Thu 09/04 20:20,2025-09-04,Lincoln Financial Field,2025_01_DAL_PHI,"https://static.www.nfl.com/image/upload/f_auto,q_auto/league/klxzcb6p7ekngcognpiy",3.0,ACT,75.0,200.0,Georgia,35,35,0
devonta_smith_PHI_2025,3555d07e-57ae-43de-97d5-b1b5bf055f17,DeVonta Smith,,WR,4000,4000,3.3,3.3,PHI,PHI,DAL,vs DAL,home,Thu 09/04 20:20,2025-09-04,Lincoln Financial Field,2025_01_DAL_PHI,"https://static.www.nfl.com/image/upload/f_auto,q_auto/league/bmdflwy52nsk7zpnfhwb",6.0,ACT,72.0,170.0,Alabama,36,36,0
davante_adams_LA_2025,e7d6ae25-bf15-4660-8b37-c37716551de3,Davante Adams,,WR,4000,4000,3.3,3.3,LA,LA,HOU,vs HOU,home,Sun 09/07 16:25,2025-09-07,SoFi Stadium,2025_01_HOU_LA,"https://static.www.nfl.com/image/upload/f_auto,q_auto/league/jweoujpjv9u2a8k7wnos",17.0,ACT,73.0,215.0,Fresno State,37,37,0
ricky_pearsall_SF_2025,aca4c1b8-915f-4295-92e4-05b51feee6b1,Ricky Pearsall,,WR,4000,4000,3.2,3.2,SF,SF,SEA,@ SEA,away,Sun 09/07 16:05,2025-09-07,Lumen Field,2025_01_SF_SEA,"https://static.www.nfl.com/image/upload/f_auto,q_auto/league/akwepvt6qxwbgankljmv",1.0,ACT,73.0,189.0,Florida,38,38,0
jameson_williams_DET_2025,590adb00-5598-47ad-b6d4-16a6c5519847,Jameson Williams,,WR,4000,4000,3.2,3.2,DET,DET,GB,@ GB,away,Sun 09/07 16:25,2025-09-07,Lambeau Field,2025_01_DET_GB,"https://static.www.nfl.com/image/upload/f_auto,q_auto/league/kt6xzcnjbe9affdfsayt",1.0,ACT,73.0,182.0,Alabama,39,39,0
keenan_allen_LAC_2025,5f424505-f29f-433c-b3f2-1a143a04a010,Keenan Allen,,WR,4000,4000,3.1,3.1,LAC,LAC,KC,vs KC,home,Fri 09/05 20:00,2025-09-05,SoFi Stadium,2025_01_KC_LAC,"https://static.www.nfl.com/image/upload/f_auto,q_auto/league/lngo1onvkcqjnq7ozkuu",13.0,ACT,74.0,211.0,California,40,40,0
dyami_brown_JAX_2025,0fb60ada-bdd3-4d74-8c98-058303a1649a,Dyami Brown,,WR,4000,4000,3.0,3.0,JAX,JAX,CAR,vs CAR,home,Sun 09/07 13:00,2025-09-07,TIAA Bank Stadium,2025_01_CAR_JAX,"https://static.www.nfl.com/image/upload/f_auto,q_auto/league/mibh7ud59ygmzm19ivac",5.0,ACT,72.0,195.0,North Carolina,41,41,0
michael_gallup_WAS_2025,9e174ff2-ca0e-4e6b-96f7-90f0088f7edd,Michael Gallup,,WR,4000,4000,3.0,3.0,WAS,WAS,NYG,vs NYG,home,Sun 09/07 13:00,2025-09-07,FedExField,2025_01_NYG_WAS,"https://static.www.nfl.com/image/private/f_auto,q_auto/league/tt9xpcg4x2z3osc1fcq6",12.0,ACT,73.0,205.0,Colorado State,42,42,0
nick_westbrook-ikhine_MIA_2025,5e63e674-adf3-4f4e-929e-4a0ff2cfb1df,Nick Westbrook-Ikhine,,WR,4000,4000,2.8,2.8,MIA,MIA,IND,@ IND,away,Sun 09/07 13:00,2025-09-07,Lucas Oil Stadium,2025_01_MIA_IND,"https://static.www.nfl.com/image/upload/f_auto,q_auto/league/rt9ic9wzwl2pevlxt1nd",18.0,ACT,74.0,211.0,Indiana,43,43,0
jordan_addison_MIN_2025,63fdd64e-1a23-4b77-9536-b1609f3a708c,Jordan Addison,,WR,4000,4000,2.8,2.8,MIN,MIN,CHI,@ CHI,away,Mon 09/08 20:15,2025-09-08,Soldier Field,2025_01_MIN_CHI,"https://static.www.nfl.com/image/upload/f_auto,q_auto/league/tmyckmignrvy8truccwm",3.0,ACT,71.0,175.0,USC,44,44,0
jalen_mcmillan_TB_2025,c2b25795-8c63-425a-8790-f6d626dbf0d3,Jalen McMillan,,WR,4000,4000,2.7,2.7,TB,TB,ATL,@ ATL,away,Sun 09/07 13:00,2025-09-07,Mercedes-Benz Stadium,2025_01_TB_ATL,"https://static.www.nfl.com/image/upload/f_auto,q_auto/league/zdxkyl8gy4dqiq6evfzp",15.0,ACT,73.0,192.0,Washington,45,45,0
cedric_tillman_CLE_2025,148330d9-5182-4b58-b695-8067aaba4731,Cedric Tillman,,WR,4000,4000,2.7,2.7,CLE,CLE,CIN,vs CIN,home,Sun 09/07 13:00,2025-09-07,FirstEnergy Stadium,2025_01_CIN_CLE,"https://static.www.nfl.com/image/upload/f_auto,q_auto/league/fp371fgk45btt01uvucq",19.0,ACT,75.0,215.0,Tennessee,46,46,0
noah_brown_WAS_2025,36f62824-1cdb-4e9e-8a11-55df97e562b9,Noah Brown,,WR,4000,4000,2.7,2.7,WAS,WAS,NYG,vs NYG,home,Sun 09/07 13:00,2025-09-07,FedExField,2025_01_NYG_WAS,"https://static.www.nfl.com/image/upload/f_auto,q_auto/league/nv6ix0p8965yiugsuhwh",85.0,ACT,74.0,225.0,Ohio State,47,47,0
greg_dortch_ARI_2025,4484c7d1-025a-4f26-8e9b-48503afb0c68,Greg Dortch,,WR,4000,4000,2.7,2.7,ARI,ARI,NO,@ NO,away,Sun 09/07 13:00,2025-09-07,Mercedes-Benz Superdome,2025_01_ARI_NO,"https://static.www.nfl.com/image/upload/f_auto,q_auto/league/gkog6lrht3rnktwiberj",4.0,ACT,67.0,180.0,Wake Forest,48,48,0
wan'dale_robinson_NYG_2025,582dfe0e-98f3-48a5-8a2d-a52baa926b05,Wan'Dale Robinson,,WR,4000,4000,2.6,2.6,NYG,NYG,WAS,@ WAS,away,Sun 09/07 13:00,2025-09-07,FedExField,2025_01_NYG_WAS,"https://static.www.nfl.com/image/upload/f_auto,q_auto/league/z94hnehk9vgmvtad6sgi",17.0,ACT,68.0,185.0,Kentucky,49,49,0
kavontae_turpin_DAL_2025,2dfd63d0-0e8a-11ed-a8f4-191ad3c6932a,KaVontae Turpin,,WR,4000,4000,2.5,2.5,DAL,DAL,PHI,@ PHI,away,Thu 09/04 20:20,2025-09-04,Lincoln Financial Field,2025_01_DAL_PHI,"https://static.www.nfl.com/image/upload/f_auto,q_auto/league/lwkox2bvc6k3hqmidf4q",9.0,ACT,69.0,153.0,TCU,50,50,0
michael_wilson_ARI_2025,b91be982-fccd-448e-869b-e9b5148a1730,Michael Wilson,,WR,4000,4000,2.5,2.5,ARI,ARI,NO,@ NO,away,Sun 09/07 13:00,2025-09-07,Mercedes-Benz Superdome,2025_01_ARI_NO,"https://static.www.nfl.com/image/upload/f_auto,q_auto/league/spsbduvpqe21tgkwhvbc",14.0,ACT,74.0,213.0,Stanford,51,51,0
malik_washington_MIA_2025,d7f4fd2c-ba4f-49ca-bd92-443a506e9eb4,Malik Washington,,WR,4000,4000,2.4,2.4,MIA,MIA,IND,@ IND,away,Sun 09/07 13:00,2025-09-07,Lucas Oil Stadium,2025_01_MIA_IND,"https://static.www.nfl.com/image/upload/f_auto,q_auto/league/mlnnipvmbl92w7mmr1pa",6.0,ACT,68.0,195.0,Virginia,52,52,0
nikko_remigio_KC_2025,52b850b0-ec3b-11ed-aeaf-cb0dc6206dc5,Nikko Remigio,,WR,4000,4000,2.4,2.4,KC,KC,LAC,@ LAC,away,Fri 09/05 20:00,2025-09-05,SoFi Stadium,2025_01_KC_LAC,"https://static.www.nfl.com/image/private/f_auto,q_auto/league/zyfiv72fmfh3unajdnu0",81.0,ACT,69.0,187.0,Fresno State,53,53,0
juju_smith-schuster_KC_2025,9547fbb1-0d4f-4d9e-83b9-e2fa30463bb9,JuJu Smith-Schuster,,WR,4000,4000,2.4,2.4,KC,KC,LAC,@ LAC,away,Fri 09/05 20:00,2025-09-05,SoFi Stadium,2025_01_KC_LAC,"https://static.www.nfl.com/image/upload/f_auto,q_auto/league/l0hsr6xsbsagzygcqhci",9.0,ACT,73.0,215.0,USC,54,54,0
brandin_cooks_NO_2025,b6b954eb-4591-4b7a-86b9-a481f15fdd58,Brandin Cooks,,WR,4000,4000,2.3,2.3,NO,NO,ARI,vs ARI,home,Sun 09/07 13:00,2025-09-07,Mercedes-Benz Superdome,2025_01_ARI_NO,"https://static.www.nfl.com/image/upload/f_auto,q_auto/league/pjoksfxpbba4hevwpuop",10.0,ACT,70.0,193.0,Oregon State,55,55,0
jalen_tolbert_DAL_2025,c6fb9f3a-f8ff-4224-a5f6-4d2d09501c9c,Jalen Tolbert,,WR,4000,4000,2.3,2.3,DAL,DAL,PHI,@ PHI,away,Thu 09/04 20:20,2025-09-04,Lincoln Financial Field,2025_01_DAL_PHI,"https://static.www.nfl.com/image/upload/f_auto,q_auto/league/cek1m1cbly5rfmmmjpcc",1.0,ACT,73.0,195.0,South Alabama,56,56,0
xavier_legette_CAR_2025,0bb0c37c-e76b-4529-92b0-b026be4f7d6c,Xavier Legette,,WR,4000,4000,2.3,2.3,CAR,CAR,JAX,@ JAX,away,Sun 09/07 13:00,2025-09-07,TIAA Bank Stadium,2025_01_CAR_JAX,"https://static.www.nfl.com/image/upload/f_auto,q_auto/league/a3etuvp3kqtwmtkioq8g",17.0,ACT,75.0,227.0,South Carolina,57,57,0
dj_chark__2025,c2a7bd8a-d141-423a-8810-0988a59ff0b4,DJ Chark,,WR,4000,4000,2.2,2.2,,,,TBD,,TBD,,,,,16.0,ACT,75.0,198.0,LSU,58,58,0
quentin_johnston_LAC_2025,e648bc98-bc81-44d0-8d4b-b9223c497ff4,Quentin Johnston,,WR,4000,4000,2.2,2.2,LAC,LAC,KC,vs KC,home,Fri 09/05 20:00,2025-09-05,SoFi Stadium,2025_01_KC_LAC,"https://static.www.nfl.com/image/upload/f_auto,q_auto/league/jbxlvsbokf9qdqtet1qr",1.0,ACT,74.0,208.0,TCU,59,59,0
andrei_iosivas_CIN_2025,30c0df5e-bb77-4eee-8390-8fc13844e1c3,Andrei Iosivas,,WR,4000,4000,2.2,2.2,CIN,CIN,CLE,@ CLE,away,Sun 09/07 13:00,2025-09-07,FirstEnergy Stadium,2025_01_CIN_CLE,"https://static.www.nfl.com/image/upload/f_auto,q_auto/league/pgbqgzrxmbnmpcnkhsya",80.0,ACT,75.0,210.0,Princeton,60,60,0
dontayvion_wicks_GB_2025,ea3d1393-8c3b-4e81-a519-f636d28d692e,Dontayvion Wicks,,WR,4000,4000,2.2,2.2,GB,GB,DET,vs DET,home,Sun 09/07 16:25,2025-09-07,Lambeau Field,2025_01_DET_GB,"https://static.www.nfl.com/image/upload/f_auto,q_auto/league/ghsev2bmz8kvhm8dsbey",13.0,ACT,73.0,206.0,Virginia,61,61,0
john_metchie_iii_HOU_2025,2995df34-ee81-4320-be1e-1c497b83c927,John Metchie III,,WR,4000,4000,2.2,2.2,HOU,HOU,LA,@ LA,away,Sun 09/07 16:25,2025-09-07,SoFi Stadium,2025_01_HOU_LA,,8.0,ACT,72.0,195.0,Alabama,62,62,0
josh_palmer_BUF_2025,,Josh Palmer,Josh Palmer,WR,4000,4000,2.2,2.2,BUF,BUF,BAL,vs BAL,home,Sun 09/07 20:20,2025-09-07,New Era Field,2025_01_BAL_BUF,"https://static.www.nfl.com/image/upload/f_auto,q_auto/league/dexbsmmldvsqtr83or5l",5.0,ACT,,,,63,63,0
allen_lazard_NYJ_2025,6a23db75-021b-4808-99e6-21a33d34202b,Allen Lazard,,WR,4000,4000,2.1,2.1,NYJ,NYJ,PIT,vs PIT,home,Sun 09/07 13:00,2025-09-07,MetLife Stadium,2025_01_PIT_NYJ,"https://static.www.nfl.com/image/private/f_auto,q_auto/league/blrzk3bfnpneuyhsqiqg",10.0,ACT,77.0,227.0,Iowa State,64,64,0
rashid_shaheed_NO_2025,e1ecc660-cc9f-11ec-952e-a10f2c98fc4d,Rashid Shaheed,,WR,4000,4000,2.1,2.1,NO,NO,ARI,vs ARI,home,Sun 09/07 13:00,2025-09-07,Mercedes-Benz Superdome,2025_01_ARI_NO,"https://static.www.nfl.com/image/upload/f_auto,q_auto/league/mnaref4vwyau8mbsp0ri",22.0,ACT,72.0,180.0,Weber State,65,65,0
cedrick_wilson_jr._NO_2025,a964f59b-af2b-48e1-b64d-c376cc1d8c28,Cedrick Wilson Jr.,,WR,4000,4000,2.1,2.1,NO,NO,ARI,vs ARI,home,Sun 09/07 13:00,2025-09-07,Mercedes-Benz Superdome,2025_01_ARI_NO,,11.0,ACT,74.0,197.0,Boise State,67,67,0
jalen_coker_CAR_2025,67977ab0-070b-11ef-978d-05d80704d329,Jalen Coker,,WR,4000,4000,2.1,2.1,CAR,CAR,JAX,@ JAX,away,Sun 09/07 13:00,2025-09-07,TIAA Bank Stadium,2025_01_CAR_JAX,"https://static.www.nfl.com/image/upload/f_auto,q_auto/league/wk9xewrixauh09f71pqh",18.0,ACT,75.0,213.0,Holy Cross,68,68,0
elijah_moore_BUF_2025,b1935e20-6bd6-4863-8d7e-702ec403491f,Elijah Moore,,WR,4000,4000,2.1,2.1,BUF,BUF,BAL,vs BAL,home,Sun 09/07 20:20,2025-09-07,New Era Field,2025_01_BAL_BUF,"https://static.www.nfl.com/image/private/f_auto,q_auto/league/bhwvzckfhhcqhb7zdqyj",18.0,ACT,70.0,178.0,Ole Miss,69,69,0
christian_kirk_HOU_2025,ebcd87ce-218c-4144-810b-921c2f59d6e8,Christian Kirk,,WR,4000,4000,2.1,2.1,HOU,HOU,LA,@ LA,away,Sun 09/07 16:25,2025-09-07,SoFi Stadium,2025_01_HOU_LA,"https://static.www.nfl.com/image/private/f_auto,q_auto/league/ersmmtjmjlpsy9lmjvde",13.0,ACT,71.0,200.0,Texas A&M,70,70,0
rome_odunze_CHI_2025,f64694e0-0381-11ef-973d-5176a0ecbee4,Rome Odunze,,WR,4000,4000,2.0,2.0,CHI,CHI,MIN,vs MIN,home,Mon 09/08 20:15,2025-09-08,Soldier Field,2025_01_MIN_CHI,"https://static.www.nfl.com/image/upload/f_auto,q_auto/league/labs8tstecnehvzfmrs5",15.0,ACT,75.0,214.0,Washington,71,71,0
travis_hunter_JAX_2025,4a975d4c-d7cd-45ef-b258-db45187140eb,Travis Hunter,,WR,4000,4000,2.0,2.0,JAX,JAX,CAR,vs CAR,home,Sun 09/07 13:00,2025-09-07,TIAA Bank Stadium,2025_01_CAR_JAX,,12.0,ACT,73.0,185.0,Colorado,72,72,0
jason_brownlee_KC_2025,f286b160-eba8-11ed-87ba-cb97497fad29,Jason Brownlee,,WR,4000,4000,2.0,2.0,KC,KC,LAC,@ LAC,away,Fri 09/05 20:00,2025-09-05,SoFi Stadium,2025_01_KC_LAC,"https://static.www.nfl.com/image/upload/f_auto,q_auto/league/qc0gcnxlh1pcw6ppr9kw",89.0,ACT,75.0,202.0,Southern Miss,73,73,0
tutu_atwell_LA_2025,7dc49535-f9dd-44b0-94f2-08ac6470130b,Tutu Atwell,,WR,4000,4000,2.0,2.0,LA,LA,HOU,vs HOU,home,Sun 09/07 16:25,2025-09-07,SoFi Stadium,2025_01_HOU_LA,"https://static.www.nfl.com/image/upload/f_auto,q_auto/league/hpvbp9pn7ifbh62nde0n",5.0,ACT,69.0,165.0,Louisville,74,74,0
demario_douglas_NE_2025,962496d4-9ffa-471b-8dd2-fc5e60fee84b,DeMario Douglas,,WR,4000,4000,2.0,2.0,NE,NE,LV,vs LV,home,Sun 09/07 13:00,2025-09-07,Gillette Stadium,2025_01_LV_NE,"https://static.www.nfl.com/image/private/f_auto,q_auto/league/svnh61ottqtfmcqvnbj3",3.0,ACT,68.0,192.0,Liberty,75,75,0
jalen_nailor_MIN_2025,3f9e3634-54d7-46a4-bf26-67274500c907,Jalen Nailor,,WR,4000,4000,2.0,2.0,MIN,MIN,CHI,@ CHI,away,Mon 09/08 20:15,2025-09-08,Soldier Field,2025_01_MIN_CHI,"https://static.www.nfl.com/image/upload/f_auto,q_auto/league/fe9b3l4fz6n02gbr5zbt",1.0,ACT,71.0,190.0,Michigan State,76,76,0
rashod_bateman_BAL_2025,d9f8b92b-69d4-4d83-9bf2-106ee523efed,Rashod Bateman,,WR,4000,4000,2.0,2.0,BAL,BAL,BUF,@ BUF,away,Sun 09/07 20:20,2025-09-07,New Era Field,2025_01_BAL_BUF,"https://static.www.nfl.com/image/upload/f_auto,q_auto/league/jkcapzvd65fxivefjv8l",7.0,ACT,73.0,193.0,Minnesota,77,77,0
van_jefferson_TEN_2025,8e1285f7-6e4c-41e4-aac9-92e09f9f32b2,Van Jefferson,,WR,4000,4000,1.9,1.9,TEN,TEN,DEN,@ DEN,away,Sun 09/07 16:05,2025-09-07,Empower Field at Mile High,2025_01_TEN_DEN,"https://static.www.nfl.com/image/upload/f_auto,q_auto/league/v2vkt9htky3xawu8yskx",11.0,ACT,73.0,200.0,Florida,78,78,0
tre_tucker_LV_2025,9beb72c5-5a81-413c-ada3-ff4854c95cf4,Tre Tucker,,WR,4000,4000,1.9,1.9,LV,LV,NE,@ NE,away,Sun 09/07 13:00,2025-09-07,Gillette Stadium,2025_01_LV_NE,"https://static.www.nfl.com/image/upload/f_auto,q_auto/league/soebzcfwhgnjffwqv1ox",1.0,ACT,68.0,182.0,Cincinnati,79,79,0
parker_washington_JAX_2025,c05863ec-3414-4ae6-a8d2-830aed99b6d3,Parker Washington,,WR,4000,4000,1.9,1.9,JAX,JAX,CAR,vs CAR,home,Sun 09/07 13:00,2025-09-07,TIAA Bank Stadium,2025_01_CAR_JAX,"https://static.www.nfl.com/image/private/f_auto,q_auto/league/pukz1x5ysxkhvsmcttdm",11.0,ACT,70.0,204.0,Penn State,80,80,0
olamide_zaccheaus_CHI_2025,d8281390-f081-41e5-b55e-75779536fe94,Olamide Zaccheaus,,WR,4000,4000,1.9,1.9,CHI,CHI,MIN,vs MIN,home,Mon 09/08 20:15,2025-09-08,Soldier Field,2025_01_MIN_CHI,"https://static.www.nfl.com/image/upload/f_auto,q_auto/league/hcmdnfgnnvcp0qbktpxd",14.0,ACT,68.0,199.0,Virginia,81,81,0
troy_franklin_DEN_2025,765dffd8-8112-4078-86a1-924ccebf1069,Troy Franklin,,WR,4000,4000,1.9,1.9,DEN,DEN,TEN,vs TEN,home,Sun 09/07 16:05,2025-09-07,Empower Field at Mile High,2025_01_TEN_DEN,"https://static.www.nfl.com/image/upload/f_auto,q_auto/league/w429urxwxc8sw4bsbvxz",11.0,ACT,75.0,180.0,Oregon,82,82,0
demarcus_robinson_SF_2025,46b16198-116f-4913-85db-2bc21462bd66,Demarcus Robinson,,WR,4000,4000,1.9,1.9,SF,SF,SEA,@ SEA,away,Sun 09/07 16:05,2025-09-07,Lumen Field,2025_01_SF_SEA,"https://static.www.nfl.com/image/upload/f_auto,q_auto/league/lakf0xue1qqb7ed4p6ge",5.0,ACT,73.0,202.0,Florida,83,83,0
kayshon_boutte_NE_2025,9c054866-5e6c-460b-9af3-ebf91e7d0a3e,Kayshon Boutte,,WR,4000,4000,1.9,1.9,NE,NE,LV,vs LV,home,Sun 09/07 13:00,2025-09-07,Gillette Stadium,2025_01_LV_NE,"https://static.www.nfl.com/image/private/f_auto,q_auto/league/nz6t7jhx6erszovbv1bd",9.0,ACT,71.0,197.0,LSU,84,84,0
jacob_cowing_SF_2025,9c145f4f-c9b1-4c2c-b011-8dc40167d0f1,Jacob Cowing,,WR,4000,4000,1.8,1.8,SF,SF,SEA,@ SEA,away,Sun 09/07 16:05,2025-09-07,Lumen Field,2025_01_SF_SEA,"https://static.www.nfl.com/image/upload/f_auto,q_auto/league/q8luttpmauwatynr9iti",19.0,ACT,69.0,171.0,Arizona,85,85,0
cooper_kupp_SEA_2025,2806e915-c46f-492f-8a29-71d3a85e5620,Cooper Kupp,,WR,4000,4000,1.8,1.8,SEA,SEA,SF,vs SF,home,Sun 09/07 16:05,2025-09-07,Lumen Field,2025_01_SF_SEA,"https://static.www.nfl.com/image/upload/f_auto,q_auto/league/sq7zwzcgrajuk0hwwph2",10.0,ACT,73.0,205.0,Eastern Washington,86,86,0
kendrick_bourne_NE_2025,5aba3610-ab55-4922-ac46-806ded5eb8bf,Kendrick Bourne,,WR,4000,4000,1.7,1.7,NE,NE,LV,vs LV,home,Sun 09/07 13:00,2025-09-07,Gillette Stadium,2025_01_LV_NE,"https://static.www.nfl.com/image/private/f_auto,q_auto/league/vrovcaqql9p6xsycko83",84.0,ACT,73.0,205.0,Eastern Washington,87,87,0
matthew_golden_GB_2025,d1963360-c011-4764-9a36-9e627073f68f,Matthew Golden,,WR,4000,4000,1.6,1.6,GB,GB,DET,vs DET,home,Sun 09/07 16:25,2025-09-07,Lambeau Field,2025_01_DET_GB,,22.0,ACT,71.0,191.0,Texas,88,88,0
trey_palmer_TB_2025,9a011241-f4b3-403a-af70-c9cdfd177054,Trey Palmer,,WR,4000,4000,1.6,1.6,TB,TB,ATL,@ ATL,away,Sun 09/07 13:00,2025-09-07,Mercedes-Benz Stadium,2025_01_TB_ATL,"https://static.www.nfl.com/image/upload/f_auto,q_auto/league/zv0wdsdctgf2zw2ctumy",10.0,ACT,73.0,190.0,Nebraska,89,89,0
romeo_doubs_GB_2025,5f559fde-3a5f-4df6-99a2-cd1a4b103c68,Romeo Doubs,,WR,4000,4000,1.6,1.6,GB,GB,DET,vs DET,home,Sun 09/07 16:25,2025-09-07,Lambeau Field,2025_01_DET_GB,"https://static.www.nfl.com/image/upload/f_auto,q_auto/league/dyulbddqbqshoqdxgo63",87.0,ACT,74.0,204.0,Nevada,90,90,0
chris_moore_WAS_2025,0b504d67-639b-4ba8-979a-498a3086257b,Chris Moore,,WR,4000,4000,1.6,1.6,WAS,WAS,NYG,vs NYG,home,Sun 09/07 13:00,2025-09-07,FedExField,2025_01_NYG_WAS,"https://static.www.nfl.com/image/upload/f_auto,q_auto/league/dzzwxblkzpxnauo9iwhi",19.0,ACT,73.0,200.0,Cincinnati,91,91,0
xavier_hutchinson_HOU_2025,aed98af2-b228-4b74-a804-2d210bd11122,Xavier Hutchinson,,WR,4000,4000,1.5,1.5,HOU,HOU,LA,@ LA,away,Sun 09/07 16:25,2025-09-07,SoFi Stadium,2025_01_HOU_LA,"https://static.www.nfl.com/image/upload/f_auto,q_auto/league/vlxzxhej5ffelkxrqf4g",19.0,ACT,75.0,210.0,Iowa State,92,92,0
adonai_mitchell_IND_2025,190dbc97-2b7c-4023-b6b0-5729b854b60b,Adonai Mitchell,,WR,4000,4000,1.5,1.5,IND,IND,MIA,vs MIA,home,Sun 09/07 13:00,2025-09-07,Lucas Oil Stadium,2025_01_MIA_IND,"https://static.www.nfl.com/image/upload/f_auto,q_auto/league/fztxucnxhoxep6utluyc",10.0,ACT,74.0,205.0,Texas,93,93,0
austin_trammell_JAX_2025,c1d52f55-4c65-4b37-8457-f0dc028c85bc,Austin Trammell,,WR,4000,4000,1.5,1.5,JAX,JAX,CAR,vs CAR,home,Sun 09/07 13:00,2025-09-07,TIAA Bank Stadium,2025_01_CAR_JAX,"https://static.www.nfl.com/image/upload/f_auto,q_auto/league/spxcsfhejojjtk2ruqbw",81.0,ACT,70.0,185.0,Rice,94,94,0
keon_coleman_BUF_2025,6752915f-efe5-473d-a520-78cadfab6dda,Keon Coleman,,WR,4000,4000,1.5,1.5,BUF,BUF,BAL,vs BAL,home,Sun 09/07 20:20,2025-09-07,New Era Field,2025_01_BAL_BUF,"https://static.www.nfl.com/image/upload/f_auto,q_auto/league/ipwpdgb0cm3xy3d8zu1l",,ACT,76.0,215.0,Florida State,95,95,0
sterling_shepard_TB_2025,1ffc735b-74d8-44d2-ab32-00c5485c799f,Sterling Shepard,,WR,4000,4000,1.5,1.5,TB,TB,ATL,@ ATL,away,Sun 09/07 13:00,2025-09-07,Mercedes-Benz Stadium,2025_01_TB_ATL,"https://static.www.nfl.com/image/upload/f_auto,q_auto/league/dphqvpkeselgrselrvma",17.0,ACT,70.0,194.0,Oklahoma,96,96,0
darius_slayton_NYG_2025,82ed30a5-54a8-4ed0-b040-99c3a78fb055,Darius Slayton,,WR,4000,4000,1.4,1.4,NYG,NYG,WAS,@ WAS,away,Sun 09/07 13:00,2025-09-07,FedExField,2025_01_NYG_WAS,"https://static.www.nfl.com/image/upload/f_auto,q_auto/league/zhm6evj813ucss03ndlx",18.0,ACT,73.0,198.0,Auburn,97,97,0
diontae_johnson_CLE_2025,244c00c7-fe9a-4f4f-adff-1d5b9c8877e7,Diontae Johnson,,WR,4000,4000,1.4,1.4,CLE,CLE,CIN,vs CIN,home,Sun 09/07 13:00,2025-09-07,FirstEnergy Stadium,2025_01_CIN_CLE,"https://static.www.nfl.com/image/upload/f_auto,q_auto/league/rjtil6ilydmwoy0btlt7",16.0,ACT,70.0,183.0,Toledo,98,98,0
marquez_valdes-scantling_SEA_2025,e7f0a505-8060-403e-a3b3-9d4e88dda1dc,Marquez Valdes-Scantling,,WR,4000,4000,1.4,1.4,SEA,SEA,SF,vs SF,home,Sun 09/07 16:05,2025-09-07,Lumen Field,2025_01_SF_SEA,"https://static.www.nfl.com/image/upload/f_auto,q_auto/league/vn2bg6lhyl15xrymtd5g",1.0,ACT,76.0,206.0,South Florida,99,99,0
david_moore_CAR_2025,aecc1809-4628-4c3a-8b2b-c8f2858d2492,David Moore,,WR,4000,4000,1.4,1.4,CAR,CAR,JAX,@ JAX,away,Sun 09/07 13:00,2025-09-07,TIAA Bank Stadium,2025_01_CAR_JAX,"https://static.www.nfl.com/image/upload/f_auto,q_auto/league/i2esmsczxxoq7pzvg6yf",83.0,ACT,72.0,220.0,East Central,100,100,0
tim_patrick_DET_2025,2a443351-5e63-4a49-819e-912b51a745f2,Tim Patrick,,WR,4000,4000,1.4,1.4,DET,DET,GB,@ GB,away,Sun 09/07 16:25,2025-09-07,Lambeau Field,2025_01_DET_GB,"https://static.www.nfl.com/image/upload/f_auto,q_auto/league/tsbe7jbwmgzby45hnb3j",12.0,ACT,77.0,210.0,Utah,101,101,0
johnny_wilson_PHI_2025,e8d389b5-56c8-4276-9983-0dbcc1663507,Johnny Wilson,,WR,4000,4000,1.3,1.3,PHI,PHI,DAL,vs DAL,home,Thu 09/04 20:20,2025-09-04,Lincoln Financial Field,2025_01_DAL_PHI,"https://static.www.nfl.com/image/upload/f_auto,q_auto/league/cj13ngp4tjmi9621trrk",89.0,ACT,78.0,228.0,Florida State,102,102,0
curtis_samuel_BUF_2025,66a21b6d-97e5-4732-8bb0-062145d6bbc6,Curtis Samuel,,WR,4000,4000,1.3,1.3,BUF,BUF,BAL,vs BAL,home,Sun 09/07 20:20,2025-09-07,New Era Field,2025_01_BAL_BUF,"https://static.www.nfl.com/image/upload/f_auto,q_auto/league/mq62ulflifrpjrcyknbj",1.0,ACT,71.0,195.0,Ohio State,103,103,0
tylan_wallace_BAL_2025,29269863-13cf-4c66-ac3c-5d9a47e2040a,Tylan Wallace,,WR,4000,4000,1.3,1.3,BAL,BAL,BUF,@ BUF,away,Sun 09/07 20:20,2025-09-07,New Era Field,2025_01_BAL_BUF,"https://static.www.nfl.com/image/upload/f_auto,q_auto/league/e3ghtadqh39zhu0iieht",16.0,ACT,71.0,200.0,Oklahoma State,104,104,0
dante_pettis_NO_2025,20d16690-560b-4a01-af20-8870ef07ea70,Dante Pettis,,WR,4000,4000,1.3,1.3,NO,NO,ARI,vs ARI,home,Sun 09/07 13:00,2025-09-07,Mercedes-Benz Superdome,2025_01_ARI_NO,"https://static.www.nfl.com/image/upload/f_auto,q_auto/league/bkn6mnwboawe7iucprxe",17.0,ACT,74.0,200.0,Washington,105,105,0
robert_woods_PIT_2025,618bedee-9259-4536-b0ff-fec98d2a20de,Robert Woods,,WR,4000,4000,1.3,1.3,PIT,PIT,NYJ,@ NYJ,away,Sun 09/07 13:00,2025-09-07,MetLife Stadium,2025_01_PIT_NYJ,"https://static.www.nfl.com/image/upload/f_auto,q_auto/league/ydjg5fylwkf5aaxiul6v",16.0,ACT,72.0,190.0,USC,106,106,0
jahan_dotson_PHI_2025,d4a7917d-f327-431b-9b87-83af341c3e21,Jahan Dotson,,WR,4000,4000,1.3,1.3,PHI,PHI,DAL,vs DAL,home,Thu 09/04 20:20,2025-09-04,Lincoln Financial Field,2025_01_DAL_PHI,"https://static.www.nfl.com/image/upload/f_auto,q_auto/league/myxhp9oqtcv1peactbhv",2.0,ACT,71.0,184.0,Penn State,107,107,0
javon_baker_NE_2025,901992cc-f4b7-45e8-800e-c2dce6ae5199,Javon Baker,,WR,4000,4000,1.3,1.3,NE,NE,LV,vs LV,home,Sun 09/07 13:00,2025-09-07,Gillette Stadium,2025_01_LV_NE,"https://static.www.nfl.com/image/upload/f_auto,q_auto/league/k9junpcjhuulnixdqnqn",6.0,ACT,73.0,202.0,UCF,108,108,0
robbie_chosen_SF_2025,e81fb788-1478-4936-ae12-f6ed7ec23476,Robbie Chosen,,WR,4000,4000,1.2,1.2,SF,SF,SEA,@ SEA,away,Sun 09/07 16:05,2025-09-07,Lumen Field,2025_01_SF_SEA,"https://static.www.nfl.com/image/private/f_auto,q_auto/league/hkcncqfwusv19fah3mbt",3.0,ACT,75.0,185.0,Temple,109,109,0
zay_jones_ARI_2025,a28f7368-0306-4d20-855f-285a1a09c09c,Zay Jones,,WR,4000,4000,1.2,1.2,ARI,ARI,NO,@ NO,away,Sun 09/07 13:00,2025-09-07,Mercedes-Benz Superdome,2025_01_ARI_NO,"https://static.www.nfl.com/image/upload/f_auto,q_auto/league/uxtqpnwdviolravhnrkw",17.0,ACT,74.0,200.0,East Carolina,110,110,0
simi_fehoko_ARI_2025,3860693c-99a2-4484-99db-1d43e3ff7fd4,Simi Fehoko,,WR,4000,4000,1.2,1.2,ARI,ARI,NO,@ NO,away,Sun 09/07 13:00,2025-09-07,Mercedes-Benz Superdome,2025_01_ARI_NO,"https://static.www.nfl.com/image/upload/f_auto,q_auto/league/fcso2vvp9tgqjm30qmuq",80.0,ACT,76.0,225.0,Stanford,111,111,0
river_cracraft_WAS_2025,,River Cracraft,River Cracraft,WR,4000,4000,1.2,1.2,WAS,WAS,NYG,vs NYG,home,Sun 09/07 13:00,2025-09-07,FedExField,2025_01_NYG_WAS,"https://static.www.nfl.com/image/upload/f_auto,q_auto/league/y8t968ntco72t8f8ryba",85.0,ACT,,,,112,112,0
marvin_mims_jr._DEN_2025,fcd780e6-6d43-4c2e-b740-59ae09911345,Marvin Mims Jr.,,WR,4000,4000,1.1,1.1,DEN,DEN,TEN,vs TEN,home,Sun 09/07 16:05,2025-09-07,Empower Field at Mile High,2025_01_TEN_DEN,,19.0,ACT,71.0,182.0,Oklahoma,114,114,0
mack_hollins_NE_2025,93cb5790-1012-4c42-bccb-5748c27ba7d6,Mack Hollins,,WR,4000,4000,1.1,1.1,NE,NE,LV,vs LV,home,Sun 09/07 13:00,2025-09-07,Gillette Stadium,2025_01_LV_NE,"https://static.www.nfl.com/image/upload/f_auto,q_auto/league/xchw7quzjszgrm6psbyg",13.0,ACT,76.0,221.0,North Carolina,115,115,0
jonathan_mingo_DAL_2025,6cf0c82d-87e4-4cfc-8475-77667ed92796,Jonathan Mingo,,WR,4000,4000,1.1,1.1,DAL,DAL,PHI,@ PHI,away,Thu 09/04 20:20,2025-09-04,Lincoln Financial Field,2025_01_DAL_PHI,"https://static.www.nfl.com/image/upload/f_auto,q_auto/league/slc08tcccvtyqr61dtkd",81.0,ACT,74.0,220.0,Ole Miss,116,116,0
jaylen_waddle_MIA_2025,0ff9a975-669d-4851-a95d-ab28d9fc29c4,Jaylen Waddle,,WR,4000,4000,1.1,1.1,MIA,MIA,IND,@ IND,away,Sun 09/07 13:00,2025-09-07,Lucas Oil Stadium,2025_01_MIA_IND,"https://static.www.nfl.com/image/private/f_auto,q_auto/league/qjsz2h6shbdnksctzeka",17.0,ACT,70.0,185.0,Alabama,117,117,0
jordan_bly_NYG_2025,65d507d0-247c-11f0-a174-2f80aa0fb7ed,Jordan Bly,,WR,4000,4000,1.0,1.0,NYG,NYG,WAS,@ WAS,away,Sun 09/07 13:00,2025-09-07,FedExField,2025_01_NYG_WAS,,12.0,ACT,72.0,166.0,Gardner-Webb,118,118,0
dalen_cambre_NYG_2025,01503bc0-247e-11f0-b5b5-5dec6993a22b,Dalen Cambre,,WR,4000,4000,1.0,1.0,NYG,NYG,WAS,@ WAS,away,Sun 09/07 13:00,2025-09-07,FedExField,2025_01_NYG_WAS,,5.0,ACT,72.0,192.0,Louisiana,119,119,0
ricky_white_iii_SEA_2025,f2e485f8-ba20-4c1c-b279-41dcdcb28d03,Ricky White III,,WR,4000,4000,1.0,1.0,SEA,SEA,SF,vs SF,home,Sun 09/07 16:05,2025-09-07,Lumen Field,2025_01_SF_SEA,,86.0,ACT,73.0,184.0,UNLV,120,120,0
beaux_collins_NYG_2025,24597d60-247a-11f0-8324-3170fad3f2ab,Beaux Collins,,WR,4000,4000,1.0,1.0,NYG,NYG,WAS,@ WAS,away,Sun 09/07 13:00,2025-09-07,FedExField,2025_01_NYG_WAS,,8.0,ACT,75.0,206.0,Notre Dame,121,121,0
cornelius_johnson_GB_2025,aef0e96a-d473-4991-9bb3-a9764d777a36,Cornelius Johnson,,WR,4000,4000,1.0,1.0,GB,GB,DET,vs DET,home,Sun 09/07 16:25,2025-09-07,Lambeau Field,2025_01_DET_GB,,84.0,ACT,75.0,212.0,Michigan,122,122,0
mitchell_tinsley_CIN_2025,0ac39560-e760-11ed-ad1e-4d786886cff5,Mitchell Tinsley,,WR,4000,4000,1.0,1.0,CIN,CIN,CLE,@ CLE,away,Sun 09/07 13:00,2025-09-07,FirstEnergy Stadium,2025_01_CIN_CLE,,82.0,ACT,73.0,205.0,Penn State,123,123,0
jaden_smith_TB_2025,576428f0-6db7-11f0-b5ca-2d18b46d5abd,Jaden Smith,,WR,4000,4000,1.0,1.0,TB,TB,ATL,@ ATL,away,Sun 09/07 13:00,2025-09-07,Mercedes-Benz Stadium,2025_01_TB_ATL,,80.0,ACT,78.0,210.0,Nevada,124,124,0
a.t._perry_DEN_2025,f6986d22-e3bb-4509-9309-90d92c01437a,A.T. Perry,,WR,4000,4000,1.0,1.0,DEN,DEN,TEN,vs TEN,home,Sun 09/07 16:05,2025-09-07,Empower Field at Mile High,2025_01_TEN_DEN,"https://static.www.nfl.com/image/private/f_auto,q_auto/league/hmlejtujw0krefd40edq",87.0,ACT,77.0,205.0,Wake Forest,125,125,0
malik_cunningham_BAL_2025,2bf2f410-e6f2-11ed-abca-c7a3a205e21d,Malik Cunningham,,WR,4000,4000,1.0,1.0,BAL,BAL,BUF,@ BUF,away,Sun 09/07 20:20,2025-09-07,New Era Field,2025_01_BAL_BUF,"https://static.www.nfl.com/image/upload/f_auto,q_auto/league/vsuygoylrwmk6ng440jf",12.0,ACT,73.0,190.0,Louisville,126,126,0
tarik_black_MIA_2025,89de9ce0-3b8e-424a-b9b5-d747692ea5f7,Tarik Black,,WR,4000,4000,1.0,1.0,MIA,MIA,IND,@ IND,away,Sun 09/07 13:00,2025-09-07,Lucas Oil Stadium,2025_01_MIA_IND,"https://static.www.nfl.com/image/private/f_auto,q_auto/league/dqa9ppemmbv3scdrt6fa",86.0,ACT,75.0,213.0,Texas,127,127,0
brandon_smith_NYJ_2025,c9ef678b-959b-445b-b32a-81c767c8ad65,Brandon Smith,,WR,4000,4000,1.0,1.0,NYJ,NYJ,PIT,vs PIT,home,Sun 09/07 13:00,2025-09-07,MetLife Stadium,2025_01_PIT_NYJ,,87.0,ACT,73.0,218.0,Iowa,128,128,0
julian_hicks_GB_2025,8f78ae50-07c4-11ef-a987-1fc365c9c772,Julian Hicks,,WR,4000,4000,1.0,1.0,GB,GB,DET,vs DET,home,Sun 09/07 16:25,2025-09-07,Lambeau Field,2025_01_DET_GB,,81.0,ACT,74.0,201.0,University at Albany,129,129,0
dayton_wade_BAL_2025,923bd7f0-06fe-11ef-b95c-81e74d9949b8,Dayton Wade,,WR,4000,4000,1.0,1.0,BAL,BAL,BUF,@ BUF,away,Sun 09/07 20:20,2025-09-07,New Era Field,2025_01_BAL_BUF,,82.0,ACT,69.0,184.0,Ole Miss,130,130,0
jacob_harris_TB_2025,bdbb1693-3509-494c-8308-ae26a415fc96,Jacob Harris,,WR,4000,4000,1.0,1.0,TB,TB,ATL,@ ATL,away,Sun 09/07 13:00,2025-09-07,Mercedes-Benz Stadium,2025_01_TB_ATL,"https://static.www.nfl.com/image/private/f_auto,q_auto/league/hgel1hrjct1tthmb4vtd",30.0,ACT,77.0,211.0,UCF,131,131,0
dylan_drummond_ATL_2025,e34c6990-f35c-11ed-ac5f-715e78829103,Dylan Drummond,,WR,4000,4000,1.0,1.0,ATL,ATL,TB,vs TB,home,Sun 09/07 13:00,2025-09-07,Mercedes-Benz Stadium,2025_01_TB_ATL,,81.0,ACT,72.0,190.0,Eastern Michigan,132,132,0
tyler_scott_CHI_2025,6833ad69-9f24-4780-989c-83bdb090ec5e,Tyler Scott,,WR,4000,4000,1.0,1.0,CHI,CHI,MIN,vs MIN,home,Mon 09/08 20:15,2025-09-08,Soldier Field,2025_01_MIN_CHI,"https://static.www.nfl.com/image/upload/f_auto,q_auto/league/atxk3cex3cedv7drflrw",10.0,ACT,70.0,182.0,Cincinnati,133,133,0
kawaan_baker_GB_2025,ed8d8820-4343-43cc-b41f-b98439923bef,Kawaan Baker,,WR,4000,4000,1.0,1.0,GB,GB,DET,vs DET,home,Sun 09/07 16:25,2025-09-07,Lambeau Field,2025_01_DET_GB,,17.0,ACT,73.0,210.0,South Alabama,134,134,0
daniel_jackson_HOU_2025,ba758140-255b-11f0-9086-8b7ff6c4841b,Daniel Jackson,,WR,4000,4000,1.0,1.0,HOU,HOU,LA,@ LA,away,Sun 09/07 16:25,2025-09-07,SoFi Stadium,2025_01_HOU_LA,,85.0,ACT,72.0,195.0,Minnesota,135,135,0
garrett_greene_TB_2025,8886bd70-2321-11f0-8da8-b92c52fc103b,Garrett Greene,,WR,4000,4000,1.0,1.0,TB,TB,ATL,@ ATL,away,Sun 09/07 13:00,2025-09-07,Mercedes-Benz Stadium,2025_01_TB_ATL,,85.0,ACT,71.0,201.0,West Virginia,136,136,0
tory_horton_SEA_2025,66dd47a3-fb5d-434f-a580-b2069e2904f8,Tory Horton,,WR,4000,4000,1.0,1.0,SEA,SEA,SF,vs SF,home,Sun 09/07 16:05,2025-09-07,Lumen Field,2025_01_SF_SEA,,15.0,ACT,74.0,196.0,Colorado State,137,137,0
quentin_skinner_NYJ_2025,ee038220-24a0-11f0-a252-fd4c4ee58846,Quentin Skinner,,WR,4000,4000,1.0,1.0,NYJ,NYJ,PIT,vs PIT,home,Sun 09/07 13:00,2025-09-07,MetLife Stadium,2025_01_PIT_NYJ,,39.0,ACT,77.0,195.0,Kansas,138,138,0
jamaal_pritchett_NYJ_2025,d9981370-2502-11f0-8ac8-c31e8098aeb4,Jamaal Pritchett,,WR,4000,4000,1.0,1.0,NYJ,NYJ,PIT,vs PIT,home,Sun 09/07 13:00,2025-09-07,MetLife Stadium,2025_01_PIT_NYJ,,36.0,ACT,68.0,175.0,South Alabama,139,139,0
coleman_owen_IND_2025,a9afb800-23ba-11f0-aa7d-833b948e6c02,Coleman Owen,,WR,4000,4000,1.0,1.0,IND,IND,MIA,vs MIA,home,Sun 09/07 13:00,2025-09-07,Lucas Oil Stadium,2025_01_MIA_IND,,3.0,ACT,70.0,181.0,Ohio,140,140,0
landon_parker_IND_2025,87ced980-23ad-11f0-8915-1b9ee65b7cbd,Landon Parker,,WR,4000,4000,1.0,1.0,IND,IND,MIA,vs MIA,home,Sun 09/07 13:00,2025-09-07,Lucas Oil Stadium,2025_01_MIA_IND,,8.0,ACT,74.0,211.0,Troy,141,141,0
blayne_taylor_IND_2025,fb74a750-23be-11f0-bef8-055d5d8c036f,Blayne Taylor,,WR,4000,4000,1.0,1.0,IND,IND,MIA,vs MIA,home,Sun 09/07 13:00,2025-09-07,Lucas Oil Stadium,2025_01_MIA_IND,,4.0,ACT,76.0,212.0,Abilene Christian,142,142,0
kelly_akharaiyi_ARI_2025,01eab3e0-2306-11f0-9c04-1317a7fe708d,Kelly Akharaiyi,,WR,4000,4000,1.0,1.0,ARI,ARI,NO,@ NO,away,Sun 09/07 13:00,2025-09-07,Mercedes-Benz Superdome,2025_01_ARI_NO,,36.0,ACT,73.0,200.0,Mississippi State,143,143,0
stephen_gosnell_BUF_2025,381cb720-2305-11f0-99f5-cb5671881b43,Stephen Gosnell,,WR,4000,4000,1.0,1.0,BUF,BUF,BAL,vs BAL,home,Sun 09/07 20:20,2025-09-07,New Era Field,2025_01_BAL_BUF,,89.0,ACT,74.0,198.0,Virginia Tech,144,144,0
hal_presley_KC_2025,55ebe650-2304-11f0-a3c1-3b6fe3e0d98e,Hal Presley,,WR,4000,4000,1.0,1.0,KC,KC,LAC,@ LAC,away,Fri 09/05 20:00,2025-09-05,SoFi Stadium,2025_01_KC_LAC,,13.0,ACT,75.0,210.0,Baylor,145,145,0
chimere_dike_TEN_2025,1e95c7fc-ecf7-4fcb-82d8-d77e2b6872d5,Chimere Dike,,WR,4000,4000,1.0,1.0,TEN,TEN,DEN,@ DEN,away,Sun 09/07 16:05,2025-09-07,Empower Field at Mile High,2025_01_TEN_DEN,,17.0,ACT,73.0,196.0,Florida,146,146,0
jordan_moore_CIN_2025,5de30070-2302-11f0-991a-67346bf4b94b,Jordan Moore,,WR,4000,4000,1.0,1.0,CIN,CIN,CLE,@ CLE,away,Sun 09/07 13:00,2025-09-07,FirstEnergy Stadium,2025_01_CIN_CLE,,14.0,ACT,72.0,191.0,Duke,147,147,0
rashod_owens_CIN_2025,1a9c04d0-2300-11f0-81e7-7324245576a1,Rashod Owens,,WR,4000,4000,1.0,1.0,CIN,CIN,CLE,@ CLE,away,Sun 09/07 13:00,2025-09-07,FirstEnergy Stadium,2025_01_CIN_CLE,,12.0,ACT,74.0,218.0,Oklahoma State,148,148,0
bryson_green_ARI_2025,59f1f7b0-2324-11f0-a011-e5acc5357859,Bryson Green,,WR,4000,4000,1.0,1.0,ARI,ARI,NO,@ NO,away,Sun 09/07 13:00,2025-09-07,Mercedes-Benz Superdome,2025_01_ARI_NO,,30.0,ACT,73.0,210.0,Wisconsin,149,149,0
nate_mccollum_ARI_2025,d0d45160-247e-11f0-ab3b-4bca04598581,Nate McCollum,,WR,4000,4000,1.0,1.0,ARI,ARI,NO,@ NO,away,Sun 09/07 13:00,2025-09-07,Mercedes-Benz Superdome,2025_01_ARI_NO,,39.0,ACT,69.0,187.0,North Carolina,150,150,0
pokey_wilson_NYJ_2025,ff179350-e792-11ed-a48d-cfb30084e6b5,Pokey Wilson,,WR,4000,4000,1.0,1.0,NYJ,NYJ,PIT,vs PIT,home,Sun 09/07 13:00,2025-09-07,MetLife Stadium,2025_01_PIT_NYJ,,81.0,ACT,72.0,175.0,Florida State,151,151,0
jakobie_keeney-james_DET_2025,544fef60-250e-11f0-857f-bb5e18a396f3,Jakobie Keeney-James,,WR,4000,4000,1.0,1.0,DET,DET,GB,@ GB,away,Sun 09/07 16:25,2025-09-07,Lambeau Field,2025_01_DET_GB,,80.0,ACT,73.0,195.0,UMass,152,152,0
jackson_meeks_DET_2025,be223960-250a-11f0-8c61-8d480134500e,Jackson Meeks,,WR,4000,4000,1.0,1.0,DET,DET,GB,@ GB,away,Sun 09/07 16:25,2025-09-07,Lambeau Field,2025_01_DET_GB,,83.0,ACT,74.0,218.0,Syracuse,153,153,0
deandre_hopkins_BAL_2025,5c48ade7-4b9a-4757-9643-87a6e3839e2b,DeAndre Hopkins,,WR,4000,4000,1.0,1.0,BAL,BAL,BUF,@ BUF,away,Sun 09/07 20:20,2025-09-07,New Era Field,2025_01_BAL_BUF,"https://static.www.nfl.com/image/upload/f_auto,q_auto/league/viymeohipdn0voptrkzh",10.0,ACT,73.0,210.0,Clemson,154,154,0
dymere_miller_NYJ_2025,0954be40-263b-11f0-be24-09e61e8cea0d,Dymere Miller,,WR,4000,4000,1.0,1.0,NYJ,NYJ,PIT,vs PIT,home,Sun 09/07 13:00,2025-09-07,MetLife Stadium,2025_01_PIT_NYJ,,35.0,ACT,71.0,184.0,Rutgers,155,155,0
isaac_teslaa_DET_2025,41e5e4a9-f04c-462e-a1d1-e35a8115b974,Isaac TeSlaa,,WR,4000,4000,1.0,1.0,DET,DET,GB,@ GB,away,Sun 09/07 16:25,2025-09-07,Lambeau Field,2025_01_DET_GB,,18.0,ACT,76.0,214.0,Arkansas,156,156,0
shedrick_jackson_LV_2025,4ee53be0-eacb-11ed-bff4-2305d99deffc,Shedrick Jackson,,WR,4000,4000,1.0,1.0,LV,LV,NE,@ NE,away,Sun 09/07 13:00,2025-09-07,Gillette Stadium,2025_01_LV_NE,"https://static.www.nfl.com/image/upload/f_auto,q_auto/league/zh0yhuppve8b4dsgsix9",4.0,ACT,73.0,198.0,Auburn,157,157,0
elijah_cooks_PHI_2025,c2cce6c0-e841-11ed-9d79-63f6ad42423a,Elijah Cooks,,WR,4000,4000,1.0,1.0,PHI,PHI,DAL,vs DAL,home,Thu 09/04 20:20,2025-09-04,Lincoln Financial Field,2025_01_DAL_PHI,"https://static.www.nfl.com/image/private/f_auto,q_auto/league/kvlvozf6pxeesdqepx0l",86.0,ACT,76.0,215.0,San Jose State,158,158,0
brycen_tremayne_CAR_2025,2a3cbc30-e8ed-11ed-bd02-25f41a9e059e,Brycen Tremayne,,WR,4000,4000,1.0,1.0,CAR,CAR,JAX,@ JAX,away,Sun 09/07 13:00,2025-09-07,TIAA Bank Stadium,2025_01_CAR_JAX,"https://static.www.nfl.com/image/upload/f_auto,q_auto/league/qugjtd2g51vib69ekkel",87.0,ACT,76.0,212.0,Stanford,159,159,0
deon_cain_BUF_2025,3da67e95-bd15-409f-b5de-b2feb54efda7,Deon Cain,,WR,4000,4000,1.0,1.0,BUF,BUF,BAL,vs BAL,home,Sun 09/07 20:20,2025-09-07,New Era Field,2025_01_BAL_BUF,"https://static.www.nfl.com/image/upload/f_auto,q_auto/league/wltinnuei2g3smdoayn3",32.0,ACT,74.0,202.0,Clemson,160,160,0
drake_stoops_LA_2025,5b79dec0-07c5-11ef-94fe-2da30a2c16b4,Drake Stoops,,WR,4000,4000,1.0,1.0,LA,LA,HOU,vs HOU,home,Sun 09/07 16:25,2025-09-07,SoFi Stadium,2025_01_HOU_LA,,6.0,ACT,70.0,189.0,Oklahoma,161,161,0
alex_bachman_LV_2025,427038d8-ff50-4d6e-a088-4fdb8bc2f0e3,Alex Bachman,,WR,4000,4000,1.0,1.0,LV,LV,NE,@ NE,away,Sun 09/07 13:00,2025-09-07,Gillette Stadium,2025_01_LV_NE,"https://static.www.nfl.com/image/upload/f_auto,q_auto/league/cwpp03jqrvyacbjbzkxb",81.0,ACT,72.0,190.0,Wake Forest,162,162,0
roman_wilson_PIT_2025,43563ab6-46b9-44d3-aaf2-bc1eb4d1f8d1,Roman Wilson,,WR,4000,4000,1.0,1.0,PIT,PIT,NYJ,@ NYJ,away,Sun 09/07 13:00,2025-09-07,MetLife Stadium,2025_01_PIT_NYJ,,10.0,ACT,70.0,186.0,Michigan,163,163,0
jaquae_jackson_LAC_2025,b83d66b0-0665-11ef-94ee-6dded2587f41,JaQuae Jackson,,WR,4000,4000,1.0,1.0,LAC,LAC,KC,vs KC,home,Fri 09/05 20:00,2025-09-05,SoFi Stadium,2025_01_KC_LAC,,27.0,ACT,73.0,184.0,Rutgers,164,164,0
jeshaun_jones_MIN_2025,b8f13e80-0582-11ef-b5de-0dfe790b3555,Jeshaun Jones,,WR,4000,4000,1.0,1.0,MIN,MIN,CHI,@ CHI,away,Mon 09/08 20:15,2025-09-08,Soldier Field,2025_01_MIN_CHI,,82.0,ACT,73.0,188.0,Maryland,165,165,0
jaylen_johnson_LAC_2025,dfd7b030-0503-11ef-9fa1-71a14bb8689e,Jaylen Johnson,,WR,4000,4000,1.0,1.0,LAC,LAC,KC,vs KC,home,Fri 09/05 20:00,2025-09-05,SoFi Stadium,2025_01_KC_LAC,,39.0,ACT,74.0,194.0,East Carolina,166,166,0
cole_burgess_CIN_2025,efe48d60-07db-11ef-8ada-f18c6785cc00,Cole Burgess,,WR,4000,4000,1.0,1.0,CIN,CIN,CLE,@ CLE,away,Sun 09/07 13:00,2025-09-07,FirstEnergy Stadium,2025_01_CIN_CLE,,17.0,ACT,73.0,198.0,SUNY-Cortland,167,167,0
terique_owens_SF_2025,d4855cb0-057f-11ef-bf97-c57510b0ddc1,Terique Owens,,WR,4000,4000,1.0,1.0,SF,SF,SEA,@ SEA,away,Sun 09/07 16:05,2025-09-07,Lumen Field,2025_01_SF_SEA,,83.0,ACT,75.0,200.0,Missouri State,168,168,0
xavier_johnson_HOU_2025,4bf636c0-0706-11ef-b33a-7b84ef0f7eb5,Xavier Johnson,,WR,4000,4000,1.0,1.0,HOU,HOU,LA,@ LA,away,Sun 09/07 16:25,2025-09-07,SoFi Stadium,2025_01_HOU_LA,,89.0,ACT,73.0,204.0,Ohio State,169,169,0
ryan_miller_TB_2025,edb7de00-f1b8-11ed-9bf1-7fd77a26dc1f,Ryan Miller,,WR,4000,4000,1.0,1.0,TB,TB,ATL,@ ATL,away,Sun 09/07 13:00,2025-09-07,Mercedes-Benz Stadium,2025_01_TB_ATL,"https://static.www.nfl.com/image/upload/f_auto,q_auto/league/maywscb6waflzzuaesew",81.0,ACT,74.0,221.0,Furman,170,170,0
jalen_reagor_LAC_2025,06ff7f42-5fe7-4899-84a5-9ba5349d17e8,Jalen Reagor,,WR,4000,4000,1.0,1.0,LAC,LAC,KC,vs KC,home,Fri 09/05 20:00,2025-09-05,SoFi Stadium,2025_01_KC_LAC,"https://static.www.nfl.com/image/upload/f_auto,q_auto/league/myazqfr7pzfyofksuyet",88.0,ACT,71.0,197.0,TCU,171,171,0
brenden_rice_LAC_2025,5c33558d-02fb-4c99-88d3-37083472c19f,Brenden Rice,,WR,4000,4000,1.0,1.0,LAC,LAC,KC,vs KC,home,Fri 09/05 20:00,2025-09-05,SoFi Stadium,2025_01_KC_LAC,,82.0,ACT,75.0,210.0,USC,172,172,0
isaiah_williams_CIN_2025,2ddb2f40-07bc-11ef-82d9-5f86367458d3,Isaiah Williams,,WR,4000,4000,1.0,1.0,CIN,CIN,CLE,@ CLE,away,Sun 09/07 13:00,2025-09-07,FirstEnergy Stadium,2025_01_CIN_CLE,"https://static.www.nfl.com/image/upload/f_auto,q_auto/league/yoarwrtz1qrxlek5ou8j",18.0,ACT,70.0,185.0,Illinois,173,173,0
john_rhys_plumlee_SEA_2025,ae9d46e0-04fb-11ef-be6e-9d02c2c072c1,John Rhys Plumlee,,WR,4000,4000,1.0,1.0,SEA,SEA,SF,vs SF,home,Sun 09/07 16:05,2025-09-07,Lumen Field,2025_01_SF_SEA,,17.0,ACT,72.0,200.0,UCF,174,174,0
john_jiles_NE_2025,c5f3e900-0ee9-11ef-8f00-c3a75391e420,John Jiles,,WR,4000,4000,1.0,1.0,NE,NE,LV,vs LV,home,Sun 09/07 13:00,2025-09-07,Gillette Stadium,2025_01_LV_NE,,83.0,ACT,75.0,220.0,West Florida,175,175,0
xavier_weaver_ARI_2025,ffd59710-0582-11ef-823c-c3942ac17525,Xavier Weaver,,WR,4000,4000,1.0,1.0,ARI,ARI,NO,@ NO,away,Sun 09/07 13:00,2025-09-07,Mercedes-Benz Superdome,2025_01_ARI_NO,"https://static.www.nfl.com/image/upload/f_auto,q_auto/league/m2tuzam94o1qm46kwmxo",89.0,ACT,73.0,185.0,Colorado,176,176,0
joshua_cephus_JAX_2025,4704e820-0740-11ef-969f-ef7a39469df5,Joshua Cephus,,WR,4000,4000,1.0,1.0,JAX,JAX,CAR,vs CAR,home,Sun 09/07 13:00,2025-09-07,TIAA Bank Stadium,2025_01_CAR_JAX,,80.0,ACT,74.0,193.0,UTSA,177,177,0
lucky_jackson_MIN_2025,ac54c7b0-f984-11ed-84ee-53af5769e939,Lucky Jackson,,WR,4000,4000,1.0,1.0,MIN,MIN,CHI,@ CHI,away,Mon 09/08 20:15,2025-09-08,Soldier Field,2025_01_MIN_CHI,,81.0,ACT,72.0,186.0,Western Kentucky,178,178,0
devontez_walker_BAL_2025,b5d1ed29-c72a-45ff-ae60-337e13728b2f,Devontez Walker,,WR,4000,4000,1.0,1.0,BAL,BAL,BUF,@ BUF,away,Sun 09/07 20:20,2025-09-07,New Era Field,2025_01_BAL_BUF,"https://static.www.nfl.com/image/upload/f_auto,q_auto/league/jsgddyppttajr7czq18x",81.0,ACT,73.0,198.0,North Carolina,179,179,0
anthony_gould_IND_2025,f1f3f15f-f4a5-4d6e-b075-95f4815a384e,Anthony Gould,,WR,4000,4000,1.0,1.0,IND,IND,MIA,vs MIA,home,Sun 09/07 13:00,2025-09-07,Lucas Oil Stadium,2025_01_MIA_IND,"https://static.www.nfl.com/image/upload/f_auto,q_auto/league/dnpsavsditrxjiqobxst",6.0,ACT,68.0,174.0,Oregon State,180,180,0
qadir_ismail_LV_2025,d550d2a0-0bd8-11ef-a1f1-572fd46e4062,Qadir Ismail,,WR,4000,4000,1.0,1.0,LV,LV,NE,@ NE,away,Sun 09/07 13:00,2025-09-07,Gillette Stadium,2025_01_LV_NE,,84.0,ACT,78.0,232.0,Samford,181,181,0
tahj_washington_MIA_2025,298d990d-9fd4-4cdf-8fcd-a7c3043d17fd,Tahj Washington,,WR,4000,4000,1.0,1.0,MIA,MIA,IND,@ IND,away,Sun 09/07 13:00,2025-09-07,Lucas Oil Stadium,2025_01_MIA_IND,,7.0,ACT,70.0,174.0,USC,182,182,0
casey_washington_ATL_2025,98b9b952-b31f-47c4-9fac-9d7516af34df,Casey Washington,,WR,4000,4000,1.0,1.0,ATL,ATL,TB,vs TB,home,Sun 09/07 13:00,2025-09-07,Mercedes-Benz Stadium,2025_01_TB_ATL,"https://static.www.nfl.com/image/upload/f_auto,q_auto/league/iprpih0l2lfosxoik7j3",82.0,ACT,72.0,205.0,Illinois,183,183,0
lance_mccutcheon_PIT_2025,fb2a4c20-d207-11ec-ab20-b37737d70cc4,Lance McCutcheon,,WR,4000,4000,1.0,1.0,PIT,PIT,NYJ,@ NYJ,away,Sun 09/07 13:00,2025-09-07,MetLife Stadium,2025_01_PIT_NYJ,"https://static.www.nfl.com/image/private/f_auto,q_auto/league/x4dlonpi6nfs2xzahgrr",82.0,ACT,75.0,202.0,Montana State,184,184,0
thayer_thomas_MIN_2025,20e2f730-e762-11ed-986b-7b81762709af,Thayer Thomas,,WR,4000,4000,1.0,1.0,MIN,MIN,CHI,@ CHI,away,Mon 09/08 20:15,2025-09-08,Soldier Field,2025_01_MIN_CHI,,89.0,ACT,72.0,195.0,North Carolina State,185,185,0
jalen_cropper_DAL_2025,d67c1e40-f66d-11ed-823b-d335e7ef7897,Jalen Cropper,,WR,4000,4000,1.0,1.0,DAL,DAL,PHI,@ PHI,away,Thu 09/04 20:20,2025-09-04,Lincoln Financial Field,2025_01_DAL_PHI,,16.0,ACT,72.0,172.0,Fresno State,186,186,0
jesse_matthews_ATL_2025,bb2247d0-f32c-11ed-b83a-cd9705e84265,Jesse Matthews,,WR,4000,4000,1.0,1.0,ATL,ATL,TB,vs TB,home,Sun 09/07 13:00,2025-09-07,Mercedes-Benz Stadium,2025_01_TB_ATL,,86.0,ACT,72.0,190.0,San Diego State,187,187,0
tyrell_shavers_BUF_2025,07eb12f0-f011-11ed-ac82-d7e41925e5ba,Tyrell Shavers,,WR,4000,4000,1.0,1.0,BUF,BUF,BAL,vs BAL,home,Sun 09/07 20:20,2025-09-07,New Era Field,2025_01_BAL_BUF,"https://static.www.nfl.com/image/upload/f_auto,q_auto/league/c9suapwpslnrvoz3ckry",80.0,ACT,76.0,211.0,San Diego State,188,188,0
dorian_singer_JAX_2025,bd460ff0-2567-11f0-831d-a5b6ed781dda,Dorian Singer,,WR,4000,4000,1.0,1.0,JAX,JAX,CAR,vs CAR,home,Sun 09/07 13:00,2025-09-07,TIAA Bank Stadium,2025_01_CAR_JAX,,13.0,ACT,72.0,181.0,Utah,189,189,0
braylon_sanders_WAS_2025,011ab650-d3b2-11ec-96a0-c3471a31202c,Braylon Sanders,,WR,4000,4000,1.0,1.0,WAS,WAS,NYG,vs NYG,home,Sun 09/07 13:00,2025-09-07,FedExField,2025_01_NYG_WAS,"https://static.www.nfl.com/image/private/f_auto,q_auto/league/nkmwdieb7qwtipigcktc",80.0,ACT,73.0,194.0,Ole Miss,190,190,0
kaden_davis_CLE_2025,acb316b0-d24f-11ec-b16e-cf7159baf83d,Kaden Davis,,WR,4000,4000,1.0,1.0,CLE,CLE,CIN,vs CIN,home,Sun 09/07 13:00,2025-09-07,FirstEnergy Stadium,2025_01_CIN_CLE,,89.0,ACT,73.0,193.0,Northwest Missouri State,191,191,0
t.j._luther_CAR_2025,7bf3acb0-ebad-11ed-85b6-69e78761513a,T.J. Luther,,WR,4000,4000,1.0,1.0,CAR,CAR,JAX,@ JAX,away,Sun 09/07 13:00,2025-09-07,TIAA Bank Stadium,2025_01_CAR_JAX,,81.0,ACT,73.0,180.0,Gardner-Webb,192,192,0
kendric_pryor_CIN_2025,73f7ecc0-d2ee-11ec-96a0-c3471a31202c,Kendric Pryor,,WR,4000,4000,1.0,1.0,CIN,CIN,CLE,@ CLE,away,Sun 09/07 13:00,2025-09-07,FirstEnergy Stadium,2025_01_CIN_CLE,"https://static.www.nfl.com/image/upload/f_auto,q_auto/league/hbgshhoxvg6og3qxqohn",19.0,ACT,71.0,189.0,Wisconsin,193,193,0
tay_martin_WAS_2025,8d74f600-ca80-11ec-97ae-e1573849d1a6,Tay Martin,,WR,4000,4000,1.0,1.0,WAS,WAS,NYG,vs NYG,home,Sun 09/07 13:00,2025-09-07,FedExField,2025_01_NYG_WAS,"https://static.www.nfl.com/image/upload/f_auto,q_auto/league/lw5fyir7yjme4qxrrxfy",6.0,ACT,75.0,186.0,Oklahoma State,194,194,0
dennis_houston_TB_2025,2fb00370-d30e-11ec-8b77-45b1765fd110,Dennis Houston,,WR,4000,4000,1.0,1.0,TB,TB,ATL,@ ATL,away,Sun 09/07 13:00,2025-09-07,Mercedes-Benz Stadium,2025_01_TB_ATL,"https://static.www.nfl.com/image/private/f_auto,q_auto/league/qngqbjjcg71pcr9z7cbm",89.0,ACT,73.0,190.0,Western Illinois,195,195,0
maurice_alexander_CHI_2025,8261c380-132b-11ed-86b5-f9dfd114f830,Maurice Alexander,,WR,4000,4000,1.0,1.0,CHI,CHI,MIN,vs MIN,home,Mon 09/08 20:15,2025-09-08,Soldier Field,2025_01_MIN_CHI,"https://static.www.nfl.com/image/private/f_auto,q_auto/league/dsjgksgzq59hz8ltej25",13.0,ACT,70.0,173.0,Florida International,196,196,0
chris_blair_ATL_2025,9281d541-8bcb-4785-a02e-76150910898e,Chris Blair,,WR,4000,4000,1.0,1.0,ATL,ATL,TB,vs TB,home,Sun 09/07 13:00,2025-09-07,Mercedes-Benz Stadium,2025_01_TB_ATL,"https://static.www.nfl.com/image/upload/f_auto,q_auto/league/kmm35wgunwdsmrywpatc",19.0,ACT,74.0,215.0,Alcorn State,197,197,0
tejhaun_palmer_ARI_2025,99345c7e-a544-477c-8b57-a4a2b8bcce27,Tejhaun Palmer,,WR,4000,4000,1.0,1.0,ARI,ARI,NO,@ NO,away,Sun 09/07 13:00,2025-09-07,Mercedes-Benz Superdome,2025_01_ARI_NO,,83.0,ACT,73.0,210.0,UAB,198,198,0
kristian_wilkerson_BUF_2025,b9a6720d-9c6f-46f2-bcee-b80550026437,Kristian Wilkerson,,WR,4000,4000,1.0,1.0,BUF,BUF,BAL,vs BAL,home,Sun 09/07 20:20,2025-09-07,New Era Field,2025_01_BAL_BUF,"https://static.www.nfl.com/image/upload/f_auto,q_auto/league/zhuu9xuvbxiy5xyofwxl",82.0,ACT,73.0,214.0,Southeast Missouri State,199,199,0
tyler_kahmann_IND_2025,f1e42550-23bc-11f0-980f-efd482ebc4ae,Tyler Kahmann,,WR,4000,4000,1.0,1.0,IND,IND,MIA,vs MIA,home,Sun 09/07 13:00,2025-09-07,Lucas Oil Stadium,2025_01_MIA_IND,,43.0,ACT,74.0,207.0,Emporia State,200,200,0
luke_grimm_LAC_2025,d6933d60-238d-11f0-b20f-f13e07eacbeb,Luke Grimm,,WR,4000,4000,1.0,1.0,LAC,LAC,KC,vs KC,home,Fri 09/05 20:00,2025-09-05,SoFi Stadium,2025_01_KC_LAC,,37.0,ACT,72.0,190.0,Kansas,201,201,0
eli_pancol_JAX_2025,2b89f6e0-249e-11f0-8ecb-33c8d222dbba,Eli Pancol,,WR,4000,4000,1.0,1.0,JAX,JAX,CAR,vs CAR,home,Sun 09/07 13:00,2025-09-07,TIAA Bank Stadium,2025_01_CAR_JAX,,10.0,ACT,75.0,205.0,Duke,202,202,0
luther_burden_iii_CHI_2025,a4c21977-c9d1-40f8-abee-0862dfab9195,Luther Burden III,,WR,4000,4000,1.0,1.0,CHI,CHI,MIN,vs MIN,home,Mon 09/08 20:15,2025-09-08,Soldier Field,2025_01_MIN_CHI,,87.0,ACT,72.0,210.0,Missouri,203,203,0
darius_cooper_PHI_2025,2aa4ddb0-2775-11f0-9d31-3b5afe6c6d5f,Darius Cooper,,WR,4000,4000,1.0,1.0,PHI,PHI,DAL,vs DAL,home,Thu 09/04 20:20,2025-09-04,Lincoln Financial Field,2025_01_DAL_PHI,,41.0,ACT,71.0,210.0,Tarleton State,204,204,0
taylor_morin_PHI_2025,1b29e8b0-263c-11f0-a83a-5dc5f977bd5d,Taylor Morin,,WR,4000,4000,1.0,1.0,PHI,PHI,DAL,vs DAL,home,Thu 09/04 20:20,2025-09-04,Lincoln Financial Field,2025_01_DAL_PHI,,45.0,ACT,71.0,185.0,Wake Forest,205,205,0
traeshon_holden_DAL_2025,50ac1100-23d7-11f0-9908-fbcde49adcd9,Traeshon Holden,,WR,4000,4000,1.0,1.0,DAL,DAL,PHI,@ PHI,away,Thu 09/04 20:20,2025-09-04,Lincoln Financial Field,2025_01_DAL_PHI,,7.0,ACT,75.0,205.0,Oregon,206,206,0
josh_kelly_DAL_2025,24e3eab0-23d8-11f0-addb-1faae35f163c,Josh Kelly,,WR,4000,4000,1.0,1.0,DAL,DAL,PHI,@ PHI,away,Thu 09/04 20:20,2025-09-04,Lincoln Financial Field,2025_01_DAL_PHI,,6.0,ACT,73.0,195.0,Texas Tech,207,207,0
tyrone_broden_SEA_2025,2fda9f30-2555-11f0-831a-e7109f1dfb24,Tyrone Broden,,WR,4000,4000,1.0,1.0,SEA,SEA,SF,vs SF,home,Sun 09/07 16:05,2025-09-07,Lumen Field,2025_01_SF_SEA,,85.0,ACT,77.0,194.0,Arkansas,208,208,0
lajohntay_wester_BAL_2025,f4e1d4de-95e9-452e-95ab-3555989d90bb,LaJohntay Wester,,WR,4000,4000,1.0,1.0,BAL,BAL,BUF,@ BUF,away,Sun 09/07 20:20,2025-09-07,New Era Field,2025_01_BAL_BUF,,83.0,ACT,69.0,170.0,Colorado,209,209,0
elijhah_badger_KC_2025,8a410ba0-23a5-11f0-8d5d-1b4f09989b68,Elijhah Badger,,WR,4000,4000,1.0,1.0,KC,KC,LAC,@ LAC,away,Fri 09/05 20:00,2025-09-05,SoFi Stadium,2025_01_KC_LAC,,80.0,ACT,73.0,192.0,Florida,210,210,0
mac_dalena_KC_2025,6e03aec0-23a0-11f0-900b-373ee4a86a01,Mac Dalena,,WR,4000,4000,1.0,1.0,KC,KC,LAC,@ LAC,away,Fri 09/05 20:00,2025-09-05,SoFi Stadium,2025_01_KC_LAC,,84.0,ACT,71.0,180.0,Fresno State,211,211,0
jahmal_banks_BAL_2025,f18e7f90-254e-11f0-bbb1-dfff98110c96,Jahmal Banks,,WR,4000,4000,1.0,1.0,BAL,BAL,BUF,@ BUF,away,Sun 09/07 20:20,2025-09-07,New Era Field,2025_01_BAL_BUF,,86.0,ACT,75.0,218.0,Nebraska,212,212,0
giles_jackson_PHI_2025,50201cb0-2911-11f0-8936-0dff501e2cb9,Giles Jackson,,WR,4000,4000,1.0,1.0,PHI,PHI,DAL,vs DAL,home,Thu 09/04 20:20,2025-09-04,Lincoln Financial Field,2025_01_DAL_PHI,,42.0,ACT,69.0,187.0,Washington,213,213,0
tez_johnson_TB_2025,ad756d40-39a0-4f5c-bbf5-f31f4c3ee0a6,Tez Johnson,,WR,4000,4000,1.0,1.0,TB,TB,ATL,@ ATL,away,Sun 09/07 13:00,2025-09-07,Mercedes-Benz Stadium,2025_01_TB_ATL,,83.0,ACT,70.0,165.0,Oregon,214,214,0
jimmy_holiday_KC_2025,b60ec2f0-2ac5-11f0-b8db-bf17bad874d7,Jimmy Holiday,,WR,4000,4000,1.0,1.0,KC,KC,LAC,@ LAC,away,Fri 09/05 20:00,2025-09-05,SoFi Stadium,2025_01_KC_LAC,,82.0,ACT,73.0,211.0,Louisiana Tech,215,215,0
emeka_egbuka_TB_2025,00cea287-1fa0-4584-803f-59f546ef8722,Emeka Egbuka,,WR,4000,4000,1.0,1.0,TB,TB,ATL,@ ATL,away,Sun 09/07 13:00,2025-09-07,Mercedes-Benz Stadium,2025_01_TB_ATL,,9.0,ACT,73.0,205.0,Ohio State,216,216,0
jayden_higgins_HOU_2025,f55444a9-ccad-4343-bb03-caca6ea3de99,Jayden Higgins,,WR,4000,4000,1.0,1.0,HOU,HOU,LA,@ LA,away,Sun 09/07 16:25,2025-09-07,SoFi Stadium,2025_01_HOU_LA,,81.0,ACT,76.0,215.0,Iowa State,217,217,0
kyle_williams_NE_2025,3aa9330e-5201-4e99-ba55-0102f76bfe05,Kyle Williams,,WR,4000,4000,1.0,1.0,NE,NE,LV,vs LV,home,Sun 09/07 13:00,2025-09-07,Gillette Stadium,2025_01_LV_NE,"https://static.www.nfl.com/image/private/f_auto,q_auto/league/az6qa28sbmxfklqs9waz",18.0,ACT,71.0,190.0,Washington State,218,218,0
pat_bryant_DEN_2025,2858209e-4aa7-4539-9901-99a4d881229c,Pat Bryant,,WR,4000,4000,1.0,1.0,DEN,DEN,TEN,vs TEN,home,Sun 09/07 16:05,2025-09-07,Empower Field at Mile High,2025_01_TEN_DEN,,13.0,ACT,74.0,204.0,Illinois,219,219,0
jaylin_noel_HOU_2025,c4bab22e-a89a-41f6-b03a-07073a72f41b,Jaylin Noel,,WR,4000,4000,1.0,1.0,HOU,HOU,LA,@ LA,away,Sun 09/07 16:25,2025-09-07,SoFi Stadium,2025_01_HOU_LA,,82.0,ACT,71.0,201.0,Iowa State,220,220,0
jack_bech_LV_2025,01079767-a3a3-437d-b935-ea0ecb1fe68b,Jack Bech,,WR,4000,4000,1.0,1.0,LV,LV,NE,@ NE,away,Sun 09/07 13:00,2025-09-07,Gillette Stadium,2025_01_LV_NE,,18.0,ACT,73.0,214.0,TCU,221,221,0
savion_williams_GB_2025,06fb642c-b10b-4b23-966a-13668a7c4426,Savion Williams,,WR,4000,4000,1.0,1.0,GB,GB,DET,vs DET,home,Sun 09/07 16:25,2025-09-07,Lambeau Field,2025_01_DET_GB,,83.0,ACT,76.0,222.0,TCU,222,222,0
jaylin_lane_WAS_2025,2ec24c7a-8d5d-453a-b45d-03eb27c645d0,Jaylin Lane,,WR,4000,4000,1.0,1.0,WAS,WAS,NYG,vs NYG,home,Sun 09/07 13:00,2025-09-07,FedExField,2025_01_NYG_WAS,,83.0,ACT,70.0,196.0,Virginia Tech,223,223,0
ajou_ajou_IND_2025,66d70730-da7d-11ef-a4e7-437b5f4b388f,Ajou Ajou,,WR,4000,4000,1.0,1.0,IND,IND,MIA,vs MIA,home,Sun 09/07 13:00,2025-09-07,Lucas Oil Stadium,2025_01_MIA_IND,,9.0,ACT,75.0,218.0,Garden City,224,224,0
junior_bergen_SF_2025,b67ab6d1-bed0-4dd0-a21a-d4108fc07711,Junior Bergen,,WR,4000,4000,1.0,1.0,SF,SF,SEA,@ SEA,away,Sun 09/07 16:05,2025-09-07,Lumen Field,2025_01_SF_SEA,,86.0,ACT,69.0,184.0,Montana,225,225,0
ja'corey_brooks_WAS_2025,0ed739f0-29de-11f0-9cc3-6301091945e0,Ja'Corey Brooks,,WR,4000,4000,1.0,1.0,WAS,WAS,NYG,vs NYG,home,Sun 09/07 13:00,2025-09-07,FedExField,2025_01_NYG_WAS,,16.0,ACT,75.0,195.0,Louisville,226,226,0
theo_wease_jr._MIA_2025,277f6ff0-2442-11f0-ac20-e1591f73b631,Theo Wease Jr.,,WR,4000,4000,1.0,1.0,MIA,MIA,IND,@ IND,away,Sun 09/07 13:00,2025-09-07,Lucas Oil Stadium,2025_01_MIA_IND,,81.0,ACT,74.0,210.0,Missouri,227,227,0
gage_larvadain_CLE_2025,a514f5d0-260d-11f0-81c1-eb0abefb169c,Gage Larvadain,,WR,4000,4000,1.0,1.0,CLE,CLE,CIN,vs CIN,home,Sun 09/07 13:00,2025-09-07,FirstEnergy Stadium,2025_01_CIN_CLE,,84.0,ACT,68.0,171.0,South Carolina,228,228,0
a.j._henning_MIA_2025,,A.J. Henning,A.J. Henning,WR,4000,4000,1.0,1.0,MIA,MIA,IND,@ IND,away,Sun 09/07 13:00,2025-09-07,Lucas Oil Stadium,2025_01_MIA_IND,,88.0,ACT,,,,229,229,0
jp_richardson_CHI_2025,46e7a540-22fa-11f0-9b1e-5bbc697f9f6c,JP Richardson,,WR,4000,4000,1.0,1.0,CHI,CHI,MIN,vs MIN,home,Mon 09/08 20:15,2025-09-08,Soldier Field,2025_01_MIN_CHI,,26.0,ACT,71.0,192.0,TCU,230,230,0
andrew_armstrong_MIA_2025,8e353ae0-2442-11f0-b1aa-45a8da233bc0,Andrew Armstrong,,WR,4000,4000,1.0,1.0,MIA,MIA,IND,@ IND,away,Sun 09/07 13:00,2025-09-07,Lucas Oil Stadium,2025_01_MIA_IND,,19.0,ACT,76.0,210.0,Arkansas,231,231,0
ja'seem_reed_CAR_2025,c2fa3bf0-2cd9-11f0-a86e-fde592bc08fd,Ja'Seem Reed,,WR,4000,4000,1.0,1.0,CAR,CAR,JAX,@ JAX,away,Sun 09/07 13:00,2025-09-07,TIAA Bank Stadium,2025_01_CAR_JAX,,88.0,ACT,74.0,195.0,San Diego,232,232,0
jacolby_george_CAR_2025,f64aff60-2510-11f0-abe6-9bfe83819280,Jacolby George,,WR,4000,4000,1.0,1.0,CAR,CAR,JAX,@ JAX,away,Sun 09/07 13:00,2025-09-07,TIAA Bank Stadium,2025_01_CAR_JAX,,80.0,ACT,71.0,172.0,Miami (FL),233,233,0
jahdae_walker_CHI_2025,46352a70-25f5-11f0-83f2-77ca9eeac893,Jahdae Walker,,WR,4000,4000,1.0,1.0,CHI,CHI,MIN,vs MIN,home,Mon 09/08 20:15,2025-09-08,Soldier Field,2025_01_MIN_CHI,,20.0,ACT,75.0,206.0,Texas A&M,234,234,0
ife_adeyi_PHI_2025,682757b0-4185-11f0-a2ae-b7e020a85e30,Ife Adeyi,,WR,4000,4000,1.0,1.0,PHI,PHI,DAL,vs DAL,home,Thu 09/04 20:20,2025-09-04,Lincoln Financial Field,2025_01_DAL_PHI,,48.0,ACT,70.0,175.0,Sam Houston,235,235,0
kobe_hudson_CAR_2025,a6f8abf0-25f7-11f0-8ecb-77a06236c534,Kobe Hudson,,WR,4000,4000,1.0,1.0,CAR,CAR,JAX,@ JAX,away,Sun 09/07 13:00,2025-09-07,TIAA Bank Stadium,2025_01_CAR_JAX,,86.0,ACT,72.0,193.0,UCF,236,236,0
dominic_lovett_DET_2025,fb855b6b-16ca-4224-8e05-bcd9e51e7230,Dominic Lovett,,WR,4000,4000,1.0,1.0,DET,DET,GB,@ GB,away,Sun 09/07 16:25,2025-09-07,Lambeau Field,2025_01_DET_GB,,19.0,ACT,70.0,185.0,Georgia,237,237,0
konata_mumpfield_LA_2025,ccb6d700-ac74-4f6b-9f86-d1aa74d0c318,Konata Mumpfield,,WR,4000,4000,1.0,1.0,LA,LA,HOU,vs HOU,home,Sun 09/07 16:25,2025-09-07,SoFi Stadium,2025_01_HOU_LA,,15.0,ACT,71.0,186.0,Pittsburgh,238,238,0
kaden_prather_BUF_2025,557ec8cb-2700-4dcb-8d5e-db0e0e5a8ef5,Kaden Prather,,WR,4000,4000,1.0,1.0,BUF,BUF,BAL,vs BAL,home,Sun 09/07 20:20,2025-09-07,New Era Field,2025_01_BAL_BUF,,81.0,ACT,75.0,204.0,Maryland,239,239,0
xavier_guillory_BAL_2025,fa87dc90-254e-11f0-bbb1-dfff98110c96,Xavier Guillory,,WR,4000,4000,1.0,1.0,BAL,BAL,BUF,@ BUF,away,Sun 09/07 20:20,2025-09-07,New Era Field,2025_01_BAL_BUF,,87.0,ACT,74.0,203.0,Arizona State,240,240,0
will_sheppard_GB_2025,f11d3370-231a-11f0-a1dc-9b31b16c65b0,Will Sheppard,,WR,4000,4000,1.0,1.0,GB,GB,DET,vs DET,home,Sun 09/07 16:25,2025-09-07,Lambeau Field,2025_01_DET_GB,,82.0,ACT,75.0,196.0,Colorado,241,241,0
tai_felton_MIN_2025,1eeea030-3313-4aab-b33c-9f836710354a,Tai Felton,,WR,4000,4000,1.0,1.0,MIN,MIN,CHI,@ CHI,away,Mon 09/08 20:15,2025-09-08,Soldier Field,2025_01_MIN_CHI,,13.0,ACT,73.0,183.0,Maryland,242,242,0
tre_harris_LAC_2025,,Tre Harris,Tre Harris,WR,4000,4000,1.0,1.0,LAC,LAC,KC,vs KC,home,Fri 09/05 20:00,2025-09-05,SoFi Stadium,2025_01_KC_LAC,,9.0,ACT,,,,243,243,0
elic_ayomanor_TEN_2025,6c773a16-1a93-4845-a519-d56c85e0090f,Elic Ayomanor,,WR,4000,4000,1.0,1.0,TEN,TEN,DEN,@ DEN,away,Sun 09/07 16:05,2025-09-07,Empower Field at Mile High,2025_01_TEN_DEN,,5.0,ACT,74.0,206.0,Stanford,244,244,0
robert_lewis_MIN_2025,f4db1bb0-2510-11f0-9ef9-9de47983adfa,Robert Lewis,,WR,4000,4000,1.0,1.0,MIN,MIN,CHI,@ CHI,away,Mon 09/08 20:15,2025-09-08,Soldier Field,2025_01_MIN_CHI,,85.0,ACT,70.0,188.0,Auburn,245,245,0
ketron_jackson_jr._LV_2025,53ce1b20-2f54-11f0-90ce-c5016f6c61f0,Ketron Jackson Jr.,,WR,4000,4000,1.0,1.0,LV,LV,NE,@ NE,away,Sun 09/07 13:00,2025-09-07,Gillette Stadium,2025_01_LV_NE,,85.0,ACT,73.0,197.0,Baylor,246,246,0
antwane_wells_jr._NYG_2025,483872b0-2630-11f0-b7f1-df7c830143e7,Antwane Wells Jr.,,WR,4000,4000,1.0,1.0,NYG,NYG,WAS,@ WAS,away,Sun 09/07 13:00,2025-09-07,FedExField,2025_01_NYG_WAS,,2.0,ACT,72.0,205.0,Ole Miss,247,247,0
xavier_restrepo_TEN_2025,3ac9d7c0-2560-11f0-af22-1731557928d7,Xavier Restrepo,,WR,4000,4000,1.0,1.0,TEN,TEN,DEN,@ DEN,away,Sun 09/07 16:05,2025-09-07,Empower Field at Mile High,2025_01_TEN_DEN,,87.0,ACT,70.0,202.0,Miami (FL),248,248,0
ke'shawn_williams_PIT_2025,11cb1f60-2519-11f0-8e0d-19c15eb22c2e,Ke'Shawn Williams,,WR,4000,4000,1.0,1.0,PIT,PIT,NYJ,@ NYJ,away,Sun 09/07 13:00,2025-09-07,MetLife Stadium,2025_01_PIT_NYJ,,85.0,ACT,69.0,188.0,Indiana,249,249,0
moochie_dixon_NO_2025,2c219630-2552-11f0-9371-f9b494c39630,Moochie Dixon,,WR,4000,4000,1.0,1.0,NO,NO,ARI,vs ARI,home,Sun 09/07 13:00,2025-09-07,Mercedes-Benz Superdome,2025_01_ARI_NO,,84.0,ACT,72.0,187.0,SMU,250,250,0
mario_williams_LA_2025,394f23d0-254e-11f0-85e6-ad6d4b9a9b15,Mario Williams,,WR,4000,4000,1.0,1.0,LA,LA,HOU,vs HOU,home,Sun 09/07 16:25,2025-09-07,SoFi Stadium,2025_01_HOU_LA,,86.0,ACT,69.0,178.0,Tulane,251,251,0
nick_nash_ATL_2025,e3e4c450-2466-11f0-aa27-6de335b6b2a0,Nick Nash,,WR,4000,4000,1.0,1.0,ATL,ATL,TB,vs TB,home,Sun 09/07 13:00,2025-09-07,Mercedes-Benz Stadium,2025_01_TB_ATL,,80.0,ACT,75.0,195.0,San Jose State,252,252,0
quincy_skinner_jr._ATL_2025,ab7254b0-246c-11f0-a479-43ecd63a7ee8,Quincy Skinner Jr.,,WR,4000,4000,1.0,1.0,ATL,ATL,TB,vs TB,home,Sun 09/07 13:00,2025-09-07,Mercedes-Benz Stadium,2025_01_TB_ATL,,36.0,ACT,74.0,205.0,Vanderbilt,253,253,0
isaiah_neyor_GB_2025,bf89ef00-2573-11f0-9c8e-d9b9894b443c,Isaiah Neyor,,WR,4000,4000,1.0,1.0,GB,GB,DET,vs DET,home,Sun 09/07 16:25,2025-09-07,Lambeau Field,2025_01_DET_GB,,80.0,ACT,76.0,218.0,Nebraska,254,254,0
brennan_presley_LA_2025,ec0ecae0-254c-11f0-85e6-ad6d4b9a9b15,Brennan Presley,,WR,4000,4000,1.0,1.0,LA,LA,HOU,vs HOU,home,Sun 09/07 16:25,2025-09-07,SoFi Stadium,2025_01_HOU_LA,,81.0,ACT,68.0,174.0,Oklahoma State,255,255,0
efton_chism_iii_NE_2025,6704a490-2534-11f0-a084-3df705a62310,Efton Chism III,,WR,4000,4000,1.0,1.0,NE,NE,LV,vs LV,home,Sun 09/07 13:00,2025-09-07,Gillette Stadium,2025_01_LV_NE,,86.0,ACT,70.0,198.0,Eastern Washington,256,256,0
jeremiah_webb_NE_2025,2159ae20-262b-11f0-9182-89b93f0eaa70,Jeremiah Webb,,WR,4000,4000,1.0,1.0,NE,NE,LV,vs LV,home,Sun 09/07 13:00,2025-09-07,Gillette Stadium,2025_01_LV_NE,,29.0,ACT,71.0,198.0,South Alabama,257,257,0
dont'e_thornton_jr._LV_2025,483606b2-c0c9-4da2-8fcf-73d2615756c7,Dont'e Thornton Jr.,,WR,4000,4000,1.0,1.0,LV,LV,NE,@ NE,away,Sun 09/07 13:00,2025-09-07,Gillette Stadium,2025_01_LV_NE,,10.0,ACT,77.0,205.0,Tennessee,258,258,0
arian_smith_NYJ_2025,8c7c7f4c-f8cc-4e02-aa0f-f794a1afd6ae,Arian Smith,,WR,4000,4000,1.0,1.0,NYJ,NYJ,PIT,vs PIT,home,Sun 09/07 13:00,2025-09-07,MetLife Stadium,2025_01_PIT_NYJ,,82.0,ACT,72.0,179.0,Georgia,259,259,0
kyrese_rowan_DEN_2025,,Kyrese Rowan,Kyrese Rowan,WR,4000,4000,1.0,1.0,DEN,DEN,TEN,vs TEN,home,Sun 09/07 16:05,2025-09-07,Empower Field at Mile High,2025_01_TEN_DEN,,39.0,ACT,,,,260,260,0
jalen_royals_KC_2025,0ef78810-a38b-4444-b3b9-fb8b293c567d,Jalen Royals,,WR,4000,4000,1.0,1.0,KC,KC,LAC,@ LAC,away,Fri 09/05 20:00,2025-09-05,SoFi Stadium,2025_01_KC_LAC,,11.0,ACT,72.0,195.0,Utah State,261,261,0
darius_lassiter_JAX_2025,a7741ff0-2567-11f0-831d-a5b6ed781dda,Darius Lassiter,,WR,4000,4000,1.0,1.0,JAX,JAX,CAR,vs CAR,home,Sun 09/07 13:00,2025-09-07,TIAA Bank Stadium,2025_01_CAR_JAX,,88.0,ACT,74.0,205.0,BYU,262,262,0
myles_price_MIN_2025,c17f53c0-25de-11f0-b2c4-1fd68bf02b2c,Myles Price,,WR,4000,4000,1.0,1.0,MIN,MIN,CHI,@ CHI,away,Mon 09/08 20:15,2025-09-08,Soldier Field,2025_01_MIN_CHI,,31.0,ACT,69.0,183.0,Indiana,263,263,0
roc_taylor_PIT_2025,1edb3290-2518-11f0-972e-efd9d03db8c5,Roc Taylor,,WR,4000,4000,1.0,1.0,PIT,PIT,NYJ,@ NYJ,away,Sun 09/07 13:00,2025-09-07,MetLife Stadium,2025_01_PIT_NYJ,,89.0,ACT,73.0,213.0,Memphis,264,264,0
dontae_fleming_MIN_2025,d3f1c620-250f-11f0-860d-4396a96b1cd5,Dontae Fleming,,WR,4000,4000,1.0,1.0,MIN,MIN,CHI,@ CHI,away,Mon 09/08 20:15,2025-09-08,Soldier Field,2025_01_MIN_CHI,,19.0,ACT,74.0,180.0,Tulane,265,265,0
joaquin_davis_DEN_2025,11288610-2311-11f0-833e-6da5d4b3f0d4,Joaquin Davis,,WR,4000,4000,1.0,1.0,DEN,DEN,TEN,vs TEN,home,Sun 09/07 16:05,2025-09-07,Empower Field at Mile High,2025_01_TEN_DEN,,80.0,ACT,76.0,195.0,North Carolina Central,266,266,0
jordan_watkins_SF_2025,bd65c350-6044-415a-8749-e70a3b8f86e2,Jordan Watkins,,WR,4000,4000,1.0,1.0,SF,SF,SEA,@ SEA,away,Sun 09/07 16:05,2025-09-07,Lumen Field,2025_01_SF_SEA,,17.0,ACT,71.0,196.0,Ole Miss,267,267,0
keandre_lambert-smith_LAC_2025,2f6580d2-6f19-4a03-99e8-4dbd9ebf2a73,KeAndre Lambert-Smith,,WR,4000,4000,1.0,1.0,LAC,LAC,KC,vs KC,home,Fri 09/05 20:00,2025-09-05,SoFi Stadium,2025_01_KC_LAC,,84.0,ACT,73.0,182.0,Auburn,268,268,0
jimmy_horn_jr._CAR_2025,f15872a6-7bc1-41e4-a2cd-0a2fbc432bf7,Jimmy Horn Jr.,,WR,4000,4000,1.0,1.0,CAR,CAR,JAX,@ JAX,away,Sun 09/07 13:00,2025-09-07,TIAA Bank Stadium,2025_01_CAR_JAX,,15.0,ACT,68.0,174.0,Colorado,269,269,0
tru_edwards_LA_2025,4b0a6500-254c-11f0-85e6-ad6d4b9a9b15,Tru Edwards,,WR,4000,4000,1.0,1.0,LA,LA,HOU,vs HOU,home,Sun 09/07 16:25,2025-09-07,SoFi Stadium,2025_01_HOU_LA,,82.0,ACT,75.0,201.0,Louisiana Tech,270,270,0
jacoby_jones_WAS_2025,8f191b60-2628-11f0-a704-37f5177ae09e,Jacoby Jones,,WR,4000,4000,1.0,1.0,WAS,WAS,NYG,vs NYG,home,Sun 09/07 13:00,2025-09-07,FedExField,2025_01_NYG_WAS,,10.0,ACT,75.0,228.0,UCF,271,271,0
jamoi_mayes_CIN_2025,b577f2e0-22fe-11f0-acea-c74edd7827dc,Jamoi Mayes,,WR,4000,4000,1.0,1.0,CIN,CIN,CLE,@ CLE,away,Sun 09/07 13:00,2025-09-07,FirstEnergy Stadium,2025_01_CIN_CLE,,16.0,ACT,70.0,206.0,Cincinnati,272,272,0
cam_camper_JAX_2025,a18c5450-2499-11f0-a4b6-a99558c73b4d,Cam Camper,,WR,4000,4000,1.0,1.0,JAX,JAX,CAR,vs CAR,home,Sun 09/07 13:00,2025-09-07,TIAA Bank Stadium,2025_01_CAR_JAX,,17.0,ACT,75.0,197.0,Boise State,273,273,0
key'shawn_smith_KC_2025,cb2fa120-2f54-11f0-aadd-0b33777fb2cb,Key'Shawn Smith,,WR,4000,4000,1.0,1.0,KC,KC,LAC,@ LAC,away,Fri 09/05 20:00,2025-09-05,SoFi Stadium,2025_01_KC_LAC,,8.0,ACT,73.0,186.0,SMU,274,274,0
tommy_mellott_LV_2025,f6d13858-d592-4603-a9cb-518c1b57806d,Tommy Mellott,,WR,4000,4000,1.0,1.0,LV,LV,NE,@ NE,away,Sun 09/07 13:00,2025-09-07,Gillette Stadium,2025_01_LV_NE,,19.0,ACT,71.0,206.0,Montana State,275,275,0
courtney_jackson_DEN_2025,ce81b780-230d-11f0-912b-791b89a31e3d,Courtney Jackson,,WR,4000,4000,1.0,1.0,DEN,DEN,TEN,vs TEN,home,Sun 09/07 16:05,2025-09-07,Empower Field at Mile High,2025_01_TEN_DEN,,89.0,ACT,71.0,179.0,Arkansas State,276,276,0
silas_bolden_MIN_2025,84ff19a0-245b-11f0-a7e0-afe00708f14c,Silas Bolden,,WR,4000,4000,1.0,1.0,MIN,MIN,CHI,@ CHI,away,Mon 09/08 20:15,2025-09-08,Soldier Field,2025_01_MIN_CHI,,83.0,ACT,68.0,160.0,Texas,277,277,0
dalevon_campbell_LAC_2025,10e1f570-2f6d-11f0-83ff-1b0af9d7582e,Dalevon Campbell,,WR,4000,4000,1.0,1.0,LAC,LAC,KC,vs KC,home,Fri 09/05 20:00,2025-09-05,SoFi Stadium,2025_01_KC_LAC,,38.0,ACT,76.0,220.0,South Carolina,278,278,0
cade_mcdonald_CLE_2025,5653dd00-2f93-11f0-89c9-a564218f169a,Cade McDonald,,WR,4000,4000,1.0,1.0,CLE,CLE,CIN,vs CIN,home,Sun 09/07 13:00,2025-09-07,FirstEnergy Stadium,2025_01_CIN_CLE,,31.0,ACT,70.0,196.0,Miami (OH),279,279,0
chandler_brayboy_JAX_2025,1aaa7e70-249a-11f0-911c-335182558d13,Chandler Brayboy,,WR,4000,4000,1.0,1.0,JAX,JAX,CAR,vs CAR,home,Sun 09/07 13:00,2025-09-07,TIAA Bank Stadium,2025_01_CAR_JAX,,15.0,ACT,73.0,199.0,Elon,280,280,0
kisean_johnson_CLE_2025,0bcd4790-29d9-11f0-90c4-e979903a2a33,Kisean Johnson,,WR,4000,4000,1.0,1.0,CLE,CLE,CIN,vs CIN,home,Sun 09/07 13:00,2025-09-07,FirstEnergy Stadium,2025_01_CIN_CLE,,83.0,ACT,73.0,216.0,Western Kentucky,281,281,0
da'quan_felton_NYG_2025,85f39de0-247e-11f0-af0b-450704afaebc,Da'Quan Felton,,WR,4000,4000,1.0,1.0,NYG,NYG,WAS,@ WAS,away,Sun 09/07 13:00,2025-09-07,FedExField,2025_01_NYG_WAS,,9.0,ACT,77.0,216.0,Virginia Tech,282,282,0
jerjuan_newton_DEN_2025,4165b9c0-2310-11f0-a113-95a0dae6af9e,Jerjuan Newton,,WR,4000,4000,1.0,1.0,DEN,DEN,TEN,vs TEN,home,Sun 09/07 16:05,2025-09-07,Empower Field at Mile High,2025_01_TEN_DEN,,81.0,ACT,71.0,192.0,Toledo,283,283,0
ainias_smith_PHI_2025,83a78cfb-5e71-4131-b706-3661bb6396e1,Ainias Smith,,WR,4000,4000,0.9,0.9,PHI,PHI,DAL,vs DAL,home,Thu 09/04 20:20,2025-09-04,Lincoln Financial Field,2025_01_DAL_PHI,"https://static.www.nfl.com/image/upload/f_auto,q_auto/league/curtawk9bzyg88w5jrg8",82.0,ACT,69.0,176.0,Texas A&M,284,284,0
jamal_agnew_ATL_2025,c871b3a8-72c4-425e-a357-2de37e033c8d,Jamal Agnew,,WR,4000,4000,0.9,0.9,ATL,ATL,TB,vs TB,home,Sun 09/07 13:00,2025-09-07,Mercedes-Benz Stadium,2025_01_TB_ATL,"https://static.www.nfl.com/image/private/f_auto,q_auto/league/at0skjo9xsjgobkvqqz5",14.0,ACT,70.0,190.0,San Diego,285,285,0
jalen_brooks_DAL_2025,66f7bbe1-eb89-4b48-83db-d947b04ff1fd,Jalen Brooks,,WR,4000,4000,0.9,0.9,DAL,DAL,PHI,@ PHI,away,Thu 09/04 20:20,2025-09-04,Lincoln Financial Field,2025_01_DAL_PHI,"https://static.www.nfl.com/image/upload/f_auto,q_auto/league/jdwbrmypfsotpdw86w6u",83.0,ACT,74.0,205.0,South Carolina,286,286,0
malachi_corley_NYJ_2025,bae59933-8b94-4837-990e-f0a4ced3cdbb,Malachi Corley,,WR,4000,4000,0.9,0.9,NYJ,NYJ,PIT,vs PIT,home,Sun 09/07 13:00,2025-09-07,MetLife Stadium,2025_01_PIT_NYJ,"https://static.www.nfl.com/image/upload/f_auto,q_auto/league/wukmdigs85jyubxw0iur",6.0,ACT,71.0,215.0,Western Kentucky,287,287,0
jermaine_burton_CIN_2025,dc363b05-4551-4cb0-9bfc-ba462cb1cd5b,Jermaine Burton,,WR,4000,4000,0.9,0.9,CIN,CIN,CLE,@ CLE,away,Sun 09/07 13:00,2025-09-07,FirstEnergy Stadium,2025_01_CIN_CLE,"https://static.www.nfl.com/image/upload/f_auto,q_auto/league/ifbhq7ghxf2mcvhzuxsz",81.0,ACT,72.0,204.0,Alabama,288,288,0
devaughn_vele_DEN_2025,2a638f35-a80a-46db-9722-12b49d45ab52,Devaughn Vele,,WR,4000,4000,0.9,0.9,DEN,DEN,TEN,vs TEN,home,Sun 09/07 16:05,2025-09-07,Empower Field at Mile High,2025_01_TEN_DEN,"https://static.www.nfl.com/image/upload/f_auto,q_auto/league/f2lz4vsh2daurrwdamzv",17.0,ACT,77.0,210.0,Utah,289,289,0
anthony_miller_BAL_2025,bfaedf99-7618-4925-b362-90415c22a3b6,Anthony Miller,,WR,4000,4000,0.9,0.9,BAL,BAL,BUF,@ BUF,away,Sun 09/07 20:20,2025-09-07,New Era Field,2025_01_BAL_BUF,"https://static.www.nfl.com/image/upload/f_auto,q_auto/league/uvxiydh3yxydavl2fgpr",6.0,ACT,71.0,195.0,Memphis,290,290,0
khadarel_hodge_ATL_2025,6f124753-5c6c-454b-97c7-0f9b4d14e7c2,KhaDarel Hodge,,WR,4000,4000,0.9,0.9,ATL,ATL,TB,vs TB,home,Sun 09/07 13:00,2025-09-07,Mercedes-Benz Stadium,2025_01_TB_ATL,"https://static.www.nfl.com/image/upload/f_auto,q_auto/league/h3r6hfokmtgtxz8mljho",4.0,ACT,74.0,210.0,Prairie View A&M,291,291,0
kalif_raymond_DET_2025,e0a31d02-9d1c-4dab-adb4-a5d9bbee8b36,Kalif Raymond,,WR,4000,4000,0.8,0.8,DET,DET,GB,@ GB,away,Sun 09/07 16:25,2025-09-07,Lambeau Field,2025_01_DET_GB,"https://static.www.nfl.com/image/upload/f_auto,q_auto/league/hogsyuf9rqnzydmhbsht",11.0,ACT,68.0,180.0,Holy Cross,292,292,0
malik_heath_GB_2025,c0fccfb0-e907-11ed-8194-c7505aa5766b,Malik Heath,,WR,4000,4000,0.8,0.8,GB,GB,DET,vs DET,home,Sun 09/07 16:25,2025-09-07,Lambeau Field,2025_01_DET_GB,"https://static.www.nfl.com/image/upload/f_auto,q_auto/league/xbhxvulvdrkbz5svka5f",18.0,ACT,74.0,213.0,Ole Miss,293,293,0
tyquan_thornton_KC_2025,74cda487-2026-42e0-ae32-77f3502cfb11,Tyquan Thornton,,WR,4000,4000,0.8,0.8,KC,KC,LAC,@ LAC,away,Fri 09/05 20:00,2025-09-05,SoFi Stadium,2025_01_KC_LAC,"https://static.www.nfl.com/image/private/f_auto,q_auto/league/p1kulrgf4v2grethuefi",2.0,ACT,74.0,185.0,Baylor,294,294,0
lil'jordan_humphrey_NYG_2025,b7f930af-ddd2-4a48-9617-96bda81b0334,Lil'Jordan Humphrey,,WR,4000,4000,0.8,0.8,NYG,NYG,WAS,@ WAS,away,Sun 09/07 13:00,2025-09-07,FedExField,2025_01_NYG_WAS,"https://static.www.nfl.com/image/upload/f_auto,q_auto/league/yjmyfuozafxd7zwf3mlr",81.0,ACT,76.0,225.0,Texas,295,295,0
ja'lynn_polk_NE_2025,446ecdc5-470d-4cb6-9a77-b54c108e3d3a,Ja'Lynn Polk,,WR,4000,4000,0.8,0.8,NE,NE,LV,vs LV,home,Sun 09/07 13:00,2025-09-07,Gillette Stadium,2025_01_LV_NE,"https://static.www.nfl.com/image/upload/f_auto,q_auto/league/jladubt1cwxq46uslmu9",1.0,ACT,73.0,203.0,Washington,296,296,0
britain_covey_LA_2025,75774350-ce18-11ec-bebb-4fec1e38b0e5,Britain Covey,,WR,4000,4000,0.8,0.8,LA,LA,HOU,vs HOU,home,Sun 09/07 16:25,2025-09-07,SoFi Stadium,2025_01_HOU_LA,"https://static.www.nfl.com/image/upload/f_auto,q_auto/league/zxyoxfakwak4h9eiv5mu",10.0,ACT,68.0,173.0,Utah,297,297,0
josh_reynolds_NYJ_2025,682eda79-0026-4ad8-8f45-a61ce42cb908,Josh Reynolds,,WR,4000,4000,0.8,0.8,NYJ,NYJ,PIT,vs PIT,home,Sun 09/07 13:00,2025-09-07,MetLife Stadium,2025_01_PIT_NYJ,"https://static.www.nfl.com/image/upload/f_auto,q_auto/league/ifukozhqlo1728h3gjnp",83.0,ACT,75.0,192.0,Texas A&M,298,298,0
erik_ezukanma_MIA_2025,7934c2db-a5f1-404c-a313-74a8aacd5946,Erik Ezukanma,,WR,4000,4000,0.7,0.7,MIA,MIA,IND,@ IND,away,Sun 09/07 13:00,2025-09-07,Lucas Oil Stadium,2025_01_MIA_IND,"https://static.www.nfl.com/image/upload/f_auto,q_auto/league/qnq5b80lyd9wjidek81f",84.0,ACT,74.0,210.0,Texas Tech,299,299,0
luke_mccaffrey_WAS_2025,5cfd82f8-9e73-48d7-914e-9051ff52d67d,Luke McCaffrey,,WR,4000,4000,0.7,0.7,WAS,WAS,NYG,vs NYG,home,Sun 09/07 13:00,2025-09-07,FedExField,2025_01_NYG_WAS,"https://static.www.nfl.com/image/upload/f_auto,q_auto/league/iqzscuxu9lxjfhoyxsjg",11.0,ACT,74.0,198.0,Rice,300,300,0
jalin_hyatt_NYG_2025,e5f9d339-a89f-4e47-9a84-b89f14550c05,Jalin Hyatt,,WR,4000,4000,0.7,0.7,NYG,NYG,WAS,@ WAS,away,Sun 09/07 13:00,2025-09-07,FedExField,2025_01_NYG_WAS,"https://static.www.nfl.com/image/private/f_auto,q_auto/league/ibftqfglvcqaipfdnr4f",13.0,ACT,72.0,185.0,Tennessee,301,301,0
derius_davis_LAC_2025,21bf2521-3382-4e62-8249-a083435595b3,Derius Davis,,WR,4000,4000,0.7,0.7,LAC,LAC,KC,vs KC,home,Fri 09/05 20:00,2025-09-05,SoFi Stadium,2025_01_KC_LAC,"https://static.www.nfl.com/image/upload/f_auto,q_auto/league/ctk98ws4ps6p4gaei6uu",12.0,ACT,68.0,165.0,TCU,302,302,0
steven_sims_SEA_2025,4a213e4e-b0ba-4124-833e-33c528bd5908,Steven Sims,,WR,4000,4000,0.7,0.7,SEA,SEA,SF,vs SF,home,Sun 09/07 16:05,2025-09-07,Lumen Field,2025_01_SF_SEA,"https://static.www.nfl.com/image/upload/f_auto,q_auto/league/rsehft6639kzvqezebqf",84.0,ACT,70.0,190.0,Kansas,303,303,0
mecole_hardman_GB_2025,fe6dc768-d576-476c-b150-53b85af2a1d1,Mecole Hardman,,WR,4000,4000,0.7,0.7,GB,GB,DET,vs DET,home,Sun 09/07 16:25,2025-09-07,Lambeau Field,2025_01_DET_GB,"https://static.www.nfl.com/image/upload/f_auto,q_auto/league/cfbjutuygqg7imy0qwpt",6.0,ACT,70.0,187.0,Georgia,304,304,0
phillip_dorsett_LV_2025,c682e8ea-fe48-45d2-af60-682a6125ab22,Phillip Dorsett,,WR,4000,4000,0.7,0.7,LV,LV,NE,@ NE,away,Sun 09/07 13:00,2025-09-07,Gillette Stadium,2025_01_LV_NE,"https://static.www.nfl.com/image/upload/f_auto,q_auto/league/nwsw01lcnmb5bdcc8glp",13.0,ACT,70.0,185.0,Miami (FL),305,305,0
ben_skowronek_PIT_2025,5521ba64-e615-4d50-b9bf-490498571ac7,Ben Skowronek,,WR,4000,4000,0.7,0.7,PIT,PIT,NYJ,@ NYJ,away,Sun 09/07 13:00,2025-09-07,MetLife Stadium,2025_01_PIT_NYJ,"https://static.www.nfl.com/image/upload/f_auto,q_auto/league/piiqiz29g3jukdwkihw3",15.0,ACT,75.0,224.0,Notre Dame,306,306,0
jha'quan_jackson_TEN_2025,bcb054df-47e9-411c-8c9d-eef1a9a25487,Jha'Quan Jackson,,WR,4000,4000,0.7,0.7,TEN,TEN,DEN,@ DEN,away,Sun 09/07 16:05,2025-09-07,Empower Field at Mile High,2025_01_TEN_DEN,"https://static.www.nfl.com/image/upload/f_auto,q_auto/league/np27wd9ahscnln2fsjwg",19.0,ACT,69.0,188.0,Tulane,307,307,0
k.j._osborn_WAS_2025,3bf5c049-9daa-43ba-9758-c6c895a9d462,K.J. Osborn,,WR,4000,4000,0.7,0.7,WAS,WAS,NYG,vs NYG,home,Sun 09/07 13:00,2025-09-07,FedExField,2025_01_NYG_WAS,"https://static.www.nfl.com/image/upload/f_auto,q_auto/league/sbz79g8kzinzebiwzauv",13.0,ACT,71.0,203.0,Miami (FL),308,308,0
laviska_shenault_jr._BUF_2025,131d3b1a-5746-499e-98ee-4bbf67cd377e,Laviska Shenault Jr.,,WR,4000,4000,0.7,0.7,BUF,BUF,BAL,vs BAL,home,Sun 09/07 20:20,2025-09-07,New Era Field,2025_01_BAL_BUF,"https://static.www.nfl.com/image/upload/f_auto,q_auto/league/o3cfpcor86ghjwyn8icp",15.0,ACT,73.0,227.0,Colorado,309,309,0
donovan_peoples-jones_NO_2025,924edb03-29a9-42ae-92dd-ef7e8a498095,Donovan Peoples-Jones,,WR,4000,4000,0.7,0.7,NO,NO,ARI,vs ARI,home,Sun 09/07 13:00,2025-09-07,Mercedes-Benz Superdome,2025_01_ARI_NO,"https://static.www.nfl.com/image/upload/f_auto,q_auto/league/sgfgvm2myyrntnmiqojk",14.0,ACT,74.0,204.0,Michigan,310,310,0
jordan_whittington_LA_2025,7cc58a3b-157a-4f43-a7de-5bc403f9ce6b,Jordan Whittington,,WR,4000,4000,0.7,0.7,LA,LA,HOU,vs HOU,home,Sun 09/07 16:25,2025-09-07,SoFi Stadium,2025_01_HOU_LA,"https://static.www.nfl.com/image/upload/f_auto,q_auto/league/x5j7yvx4iheje5vw4tek",88.0,ACT,73.0,202.0,Texas,311,311,0
malik_taylor_DET_2025,228b0dd8-3f75-4b60-90d1-59036858b8ae,Malik Taylor,,WR,4000,4000,0.7,0.7,DET,DET,GB,@ GB,away,Sun 09/07 16:25,2025-09-07,Lambeau Field,2025_01_DET_GB,"https://static.www.nfl.com/image/private/f_auto,q_auto/league/aupsoxtxtpv4fmgs4ttp",86.0,ACT,73.0,220.0,Ferris State,312,312,0
tim_jones_MIN_2025,b4dadef6-a938-4b34-b83c-b64d4a297e02,Tim Jones,,WR,4000,4000,0.7,0.7,MIN,MIN,CHI,@ CHI,away,Mon 09/08 20:15,2025-09-08,Soldier Field,2025_01_MIN_CHI,"https://static.www.nfl.com/image/private/f_auto,q_auto/league/aufwsgk6syholp9f7dy6",14.0,ACT,73.0,200.0,Southern Miss,313,313,0
skyy_moore_KC_2025,1c8a4510-786c-4bc2-a9e9-e491b688206f,Skyy Moore,,WR,4000,4000,0.6,0.6,KC,KC,LAC,@ LAC,away,Fri 09/05 20:00,2025-09-05,SoFi Stadium,2025_01_KC_LAC,"https://static.www.nfl.com/image/private/f_auto,q_auto/league/wpiovviem9uugfacqkxy",24.0,ACT,70.0,195.0,Western Michigan,314,314,0
keith_kirkwood_BAL_2025,430446f6-a74c-496b-8f49-4464e7d8149d,Keith Kirkwood,,WR,4000,4000,0.6,0.6,BAL,BAL,BUF,@ BUF,away,Sun 09/07 20:20,2025-09-07,New Era Field,2025_01_BAL_BUF,"https://static.www.nfl.com/image/upload/f_auto,q_auto/league/tw1pc3frzclxuf2tqxb8",18.0,ACT,75.0,210.0,Temple,315,315,0
rakim_jarrett_TB_2025,39428290-f1b8-11ed-9bf1-7fd77a26dc1f,Rakim Jarrett,,WR,4000,4000,0.6,0.6,TB,TB,ATL,@ ATL,away,Sun 09/07 13:00,2025-09-07,Mercedes-Benz Stadium,2025_01_TB_ATL,"https://static.www.nfl.com/image/upload/f_auto,q_auto/league/mnbgtrdhyuofclpct6tl",18.0,ACT,72.0,192.0,Maryland,316,316,0
dee_eskridge__2025,4a76219c-34b8-4cfe-81ab-2bb011368367,Dee Eskridge,,WR,4000,4000,0.6,0.6,,,,TBD,,TBD,,,,,82.0,ACT,69.0,190.0,Western Michigan,317,317,0
ashton_dulin_IND_2025,f374262b-d642-4d05-9584-5955548ee4d1,Ashton Dulin,,WR,4000,4000,0.6,0.6,IND,IND,MIA,vs MIA,home,Sun 09/07 13:00,2025-09-07,Lucas Oil Stadium,2025_01_MIA_IND,"https://static.www.nfl.com/image/upload/f_auto,q_auto/league/so1vzml0sxv84xoyyr2n",16.0,ACT,74.0,215.0,Malone (OH),318,318,0
jake_bobo_SEA_2025,7d80dd50-e9f5-11ed-9c34-3f26f2e7ed88,Jake Bobo,,WR,4000,4000,0.6,0.6,SEA,SEA,SF,vs SF,home,Sun 09/07 16:05,2025-09-07,Lumen Field,2025_01_SF_SEA,"https://static.www.nfl.com/image/upload/f_auto,q_auto/league/vf5wazbhc3u7x7vjhojq",19.0,ACT,76.0,207.0,UCLA,319,319,0
jamari_thrash_CLE_2025,1472d4aa-ffbf-4683-aa91-86bc4795b34e,Jamari Thrash,,WR,4000,4000,0.6,0.6,CLE,CLE,CIN,vs CIN,home,Sun 09/07 13:00,2025-09-07,FirstEnergy Stadium,2025_01_CIN_CLE,"https://static.www.nfl.com/image/upload/f_auto,q_auto/league/khjue5xlvlhzha9znbl3",80.0,ACT,72.0,190.0,Louisville,320,320,0
bryce_oliver_TEN_2025,e88c3c70-06fa-11ef-92ba-0de371d8ef1a,Bryce Oliver,,WR,4000,4000,0.6,0.6,TEN,TEN,DEN,@ DEN,away,Sun 09/07 16:05,2025-09-07,Empower Field at Mile High,2025_01_TEN_DEN,"https://static.www.nfl.com/image/upload/f_auto,q_auto/league/njv8cbvhuobk2fe6uslj",80.0,ACT,73.0,214.0,Youngstown State,321,321,0
tyler_johnson_NYJ_2025,93c17735-5275-45cf-b3ef-620351c62313,Tyler Johnson,,WR,4000,4000,0.6,0.6,NYJ,NYJ,PIT,vs PIT,home,Sun 09/07 13:00,2025-09-07,MetLife Stadium,2025_01_PIT_NYJ,"https://static.www.nfl.com/image/upload/f_auto,q_auto/league/vktiajeyqc8s9s6mjws7",16.0,ACT,73.0,208.0,Minnesota,322,322,0
calvin_austin_iii_PIT_2025,a95271f7-6dae-4b43-94fd-3ff04b15d4c4,Calvin Austin III,,WR,4000,4000,0.6,0.6,PIT,PIT,NYJ,@ NYJ,away,Sun 09/07 13:00,2025-09-07,MetLife Stadium,2025_01_PIT_NYJ,,19.0,ACT,69.0,162.0,Memphis,323,323,0
isaiah_hodgins_SF_2025,1d1c217b-6407-40d7-aebb-ba95fa05d127,Isaiah Hodgins,,WR,4000,4000,0.6,0.6,SF,SF,SEA,@ SEA,away,Sun 09/07 16:05,2025-09-07,Lumen Field,2025_01_SF_SEA,"https://static.www.nfl.com/image/upload/f_auto,q_auto/league/gc1gaxelm41o1luldpek",18.0,ACT,75.0,200.0,Oregon State,324,324,0
mason_kinsey_TEN_2025,4d14a6cd-273f-4cf4-aac0-7fe041b6c650,Mason Kinsey,,WR,4000,4000,0.6,0.6,TEN,TEN,DEN,@ DEN,away,Sun 09/07 16:05,2025-09-07,Empower Field at Mile High,2025_01_TEN_DEN,"https://static.www.nfl.com/image/upload/f_auto,q_auto/league/qeddbi4d2hfqtyhsiogr",12.0,ACT,71.0,200.0,Berry College,325,325,0
mason_tipton_NO_2025,91918b20-0572-11ef-96c1-f73e6ad39631,Mason Tipton,,WR,4000,4000,0.6,0.6,NO,NO,ARI,vs ARI,home,Sun 09/07 13:00,2025-09-07,Mercedes-Benz Superdome,2025_01_ARI_NO,"https://static.www.nfl.com/image/upload/f_auto,q_auto/league/ldzn20eu15intdsolw9i",15.0,ACT,71.0,187.0,Yale,326,326,0
collin_johnson_LV_2025,214ae0bc-d6ed-4216-a154-f253c85bb90b,Collin Johnson,,WR,4000,4000,0.6,0.6,LV,LV,NE,@ NE,away,Sun 09/07 13:00,2025-09-07,Gillette Stadium,2025_01_LV_NE,"https://static.www.nfl.com/image/upload/f_auto,q_auto/league/ijr7bal4mbsaum2lp9dq",17.0,ACT,77.0,220.0,Texas,327,327,0
trenton_irwin_JAX_2025,ee79ad2e-353a-40cd-9344-c9d84f7e4b63,Trenton Irwin,,WR,4000,4000,0.6,0.6,JAX,JAX,CAR,vs CAR,home,Sun 09/07 13:00,2025-09-07,TIAA Bank Stadium,2025_01_CAR_JAX,"https://static.www.nfl.com/image/upload/f_auto,q_auto/league/q6yiyvs3vlibz7w0wa9b",83.0,ACT,74.0,204.0,Stanford,328,328,0
deandre_carter_CLE_2025,9ae2584a-40c1-4b30-be34-a9567659eacd,DeAndre Carter,,WR,4000,4000,0.5,0.5,CLE,CLE,CIN,vs CIN,home,Sun 09/07 13:00,2025-09-07,FirstEnergy Stadium,2025_01_CIN_CLE,"https://static.www.nfl.com/image/private/f_auto,q_auto/league/mh4cvggohuakwwhobzrk",2.0,ACT,68.0,190.0,Sacramento State,329,329,0
xavier_smith_LA_2025,98b88de0-e8e5-11ed-ad77-290d92d9e505,Xavier Smith,,WR,4000,4000,0.5,0.5,LA,LA,HOU,vs HOU,home,Sun 09/07 16:25,2025-09-07,SoFi Stadium,2025_01_HOU_LA,"https://static.www.nfl.com/image/upload/f_auto,q_auto/league/gbzbvyg2rlzrno7urryj",19.0,ACT,69.0,176.0,Florida A&M,330,330,0
hunter_renfrow_CAR_2025,34c523c7-bc58-49f0-a9cc-f9edd91fe00f,Hunter Renfrow,,WR,4000,4000,0.5,0.5,CAR,CAR,JAX,@ JAX,away,Sun 09/07 13:00,2025-09-07,TIAA Bank Stadium,2025_01_CAR_JAX,"https://static.www.nfl.com/image/private/f_auto,q_auto/league/coqn2jxhmjhaut34aqiv",13.0,ACT,70.0,185.0,Clemson,331,331,0
ronnie_bell_DET_2025,ba06804a-b84c-408a-8ef6-5226d8424479,Ronnie Bell,,WR,4000,4000,0.5,0.5,DET,DET,GB,@ GB,away,Sun 09/07 16:25,2025-09-07,Lambeau Field,2025_01_DET_GB,"https://static.www.nfl.com/image/upload/f_auto,q_auto/league/agn76jfaaawk5usur8oh",10.0,ACT,72.0,195.0,Michigan,332,332,0
ryan_flournoy_DAL_2025,ebf6bc25-5e74-4588-86d6-5dadba3f9bcd,Ryan Flournoy,,WR,4000,4000,0.5,0.5,DAL,DAL,PHI,@ PHI,away,Thu 09/04 20:20,2025-09-04,Lincoln Financial Field,2025_01_DAL_PHI,"https://static.www.nfl.com/image/upload/f_auto,q_auto/league/yq2tbkoz2anbit6zc8ms",19.0,ACT,73.0,200.0,Southeast Missouri State,333,333,0
devin_duvernay_CHI_2025,d93dbc83-e604-4823-a24e-d162cbd8d4d9,Devin Duvernay,,WR,4000,4000,0.5,0.5,CHI,CHI,MIN,vs MIN,home,Mon 09/08 20:15,2025-09-08,Soldier Field,2025_01_MIN_CHI,"https://static.www.nfl.com/image/upload/f_auto,q_auto/league/wynmyjmvg7cee4y6i21n",12.0,ACT,71.0,202.0,Texas,334,334,0
kameron_johnson_TB_2025,94c41960-0712-11ef-b01e-875e1e5d6ffb,Kameron Johnson,,WR,4000,4000,0.5,0.5,TB,TB,ATL,@ ATL,away,Sun 09/07 13:00,2025-09-07,Mercedes-Benz Stadium,2025_01_TB_ATL,"https://static.www.nfl.com/image/upload/f_auto,q_auto/league/uyzrnfwbeejfzkclndvx",19.0,ACT,70.0,170.0,Barton,335,335,0
braxton_berrios_HOU_2025,18f0bd30-1432-4fae-9cb4-c212bad6d0bb,Braxton Berrios,,WR,4000,4000,0.5,0.5,HOU,HOU,LA,@ LA,away,Sun 09/07 16:25,2025-09-07,SoFi Stadium,2025_01_HOU_LA,"https://static.www.nfl.com/image/upload/f_auto,q_auto/league/yvzkjvb0ieeszxribqc9",17.0,ACT,69.0,185.0,Miami (FL),336,336,0
tanner_conner_MIA_2025,4f2ecf70-d3b2-11ec-96a0-c3471a31202c,Tanner Conner,,WR,4000,4000,0.5,0.5,MIA,MIA,IND,@ IND,away,Sun 09/07 13:00,2025-09-07,Lucas Oil Stadium,2025_01_MIA_IND,"https://static.www.nfl.com/image/upload/f_auto,q_auto/league/rlnlxf3p7ubbwmpx3coa",80.0,ACT,75.0,237.0,Idaho State,337,337,0
xavier_gipson_NYJ_2025,840a7940-ebaa-11ed-a11b-41cbcb1c4445,Xavier Gipson,,WR,4000,4000,0.5,0.5,NYJ,NYJ,PIT,vs PIT,home,Sun 09/07 13:00,2025-09-07,MetLife Stadium,2025_01_PIT_NYJ,"https://static.www.nfl.com/image/private/f_auto,q_auto/league/tqo7wkjetkgupevxfvnv",3.0,ACT,69.0,189.0,Stephen F. Austin,338,338,0
zach_pascal_NYG_2025,7fc949b6-a1cb-4f9d-a06d-b65773409a44,Zach Pascal,,WR,4000,4000,0.4,0.4,NYG,NYG,WAS,@ WAS,away,Sun 09/07 13:00,2025-09-07,FedExField,2025_01_NYG_WAS,"https://static.www.nfl.com/image/upload/f_auto,q_auto/league/pfhgz8ofqgoubhnuqtme",83.0,ACT,74.0,219.0,Old Dominion,339,339,0
miles_boykin_CHI_2025,d1ed6f8c-1611-4695-8b48-5adce0de50dd,Miles Boykin,,WR,4000,4000,0.4,0.4,CHI,CHI,MIN,vs MIN,home,Mon 09/08 20:15,2025-09-08,Soldier Field,2025_01_MIN_CHI,"https://static.www.nfl.com/image/upload/f_auto,q_auto/league/agzv2xnchflfdxfet6pm",80.0,ACT,75.0,231.0,Notre Dame,340,340,0
justin_watson_HOU_2025,bdb77276-7191-4454-85c2-e1693a33d709,Justin Watson,,WR,4000,4000,0.4,0.4,HOU,HOU,LA,@ LA,away,Sun 09/07 16:25,2025-09-07,SoFi Stadium,2025_01_HOU_LA,"https://static.www.nfl.com/image/private/f_auto,q_auto/league/vr9tayyujt23takv3hv3",84.0,ACT,74.0,215.0,Pennsylvania,341,341,0
samori_toure_CHI_2025,02c808d8-6074-43db-b0d9-f69fab78f6d9,Samori Toure,,WR,4000,4000,0.4,0.4,CHI,CHI,MIN,vs MIN,home,Mon 09/08 20:15,2025-09-08,Soldier Field,2025_01_MIN_CHI,"https://static.www.nfl.com/image/upload/f_auto,q_auto/league/v9udejy8djtrb1mc0vg3",83.0,ACT,73.0,196.0,Nebraska,342,342,0
charlie_jones_CIN_2025,c634c231-61fb-4725-8533-2cce14bfebbf,Charlie Jones,,WR,4000,4000,0.4,0.4,CIN,CIN,CLE,@ CLE,away,Sun 09/07 13:00,2025-09-07,FirstEnergy Stadium,2025_01_CIN_CLE,"https://static.www.nfl.com/image/upload/f_auto,q_auto/league/tbncr0bm5daiafdei8i8",15.0,ACT,72.0,190.0,Purdue,343,343,0
ihmir_smith-marsette_NYG_2025,39156891-0d05-470b-8b64-751602820bb1,Ihmir Smith-Marsette,,WR,4000,4000,0.3,0.3,NYG,NYG,WAS,@ WAS,away,Sun 09/07 13:00,2025-09-07,FedExField,2025_01_NYG_WAS,"https://static.www.nfl.com/image/upload/f_auto,q_auto/league/jiygo0pmglxgropuaqwg",87.0,ACT,73.0,185.0,Iowa,344,344,0
trey_mcbride_ARI_2025,734d54cc-c869-4e2f-a60f-c59c493f5110,Trey McBride,,TE,6600,6600,13.2,13.2,ARI,ARI,NO,@ NO,away,Sun 09/07 13:00,2025-09-07,Mercedes-Benz Superdome,2025_01_ARI_NO,"https://static.www.nfl.com/image/upload/f_auto,q_auto/league/hfdgljgi9gfaskomdl1h",85.0,ACT,76.0,246.0,Colorado State,1,1,0
george_kittle_SF_2025,2ada91b0-036e-454f-83c3-6d939ff584a9,George Kittle,,TE,6600,6600,13.1,13.1,SF,SF,SEA,@ SEA,away,Sun 09/07 16:05,2025-09-07,Lumen Field,2025_01_SF_SEA,"https://static.www.nfl.com/image/upload/f_auto,q_auto/league/ivkrikewqqdllzvano8h",85.0,ACT,76.0,250.0,Iowa,2,2,0
dallas_goedert_PHI_2025,e8029983-87cf-49a2-bc04-04c8233a0630,Dallas Goedert,,TE,5700,5700,11.4,11.4,PHI,PHI,DAL,vs DAL,home,Thu 09/04 20:20,2025-09-04,Lincoln Financial Field,2025_01_DAL_PHI,"https://static.www.nfl.com/image/upload/f_auto,q_auto/league/wfj54vhw1zxwwb3vdi61",88.0,ACT,77.0,256.0,South Dakota State,3,3,0
brock_bowers_LV_2025,ad9fc7e3-0a6d-4e41-84c2-cf43b71aee13,Brock Bowers,,TE,5400,5400,10.9,10.9,LV,LV,NE,@ NE,away,Sun 09/07 13:00,2025-09-07,Gillette Stadium,2025_01_LV_NE,"https://static.www.nfl.com/image/upload/f_auto,q_auto/league/mjy86xh8munoiur4hejf",89.0,ACT,76.0,235.0,Georgia,4,4,0
david_njoku_CLE_2025,8f86fcea-90e8-49ea-bc78-5c7659313e57,David Njoku,,TE,4800,4800,9.6,9.6,CLE,CLE,CIN,vs CIN,home,Sun 09/07 13:00,2025-09-07,FirstEnergy Stadium,2025_01_CIN_CLE,"https://static.www.nfl.com/image/private/f_auto,q_auto/league/ilvxwdllivrvwbuj69cm",85.0,ACT,76.0,246.0,Miami (FL),5,5,0
cade_otton_TB_2025,f23517bd-ae85-484a-8ecb-1f7a2d851e48,Cade Otton,,TE,4600,4600,9.1,9.1,TB,TB,ATL,@ ATL,away,Sun 09/07 13:00,2025-09-07,Mercedes-Benz Stadium,2025_01_TB_ATL,"https://static.www.nfl.com/image/upload/f_auto,q_auto/league/mljam77kst1wlqd5y91v",88.0,ACT,77.0,247.0,Washington,6,6,0
mike_gesicki_CIN_2025,1012cbe0-7eba-4169-bfca-183a0204e1a7,Mike Gesicki,,TE,4600,4600,9.1,9.1,CIN,CIN,CLE,@ CLE,away,Sun 09/07 13:00,2025-09-07,FirstEnergy Stadium,2025_01_CIN_CLE,"https://static.www.nfl.com/image/upload/f_auto,q_auto/league/zabpknonv9ozmkyw4qqt",88.0,ACT,78.0,245.0,Penn State,7,7,0
travis_kelce_KC_2025,c3859e06-5f23-4302-a71b-04820a899d5f,Travis Kelce,,TE,4500,4500,9.0,9.0,KC,KC,LAC,@ LAC,away,Fri 09/05 20:00,2025-09-05,SoFi Stadium,2025_01_KC_LAC,"https://static.www.nfl.com/image/upload/f_auto,q_auto/league/ilk4qbxxs6mt3v9zfvtg",87.0,ACT,77.0,250.0,Cincinnati,8,8,0
sam_laporta_DET_2025,3059f1e5-1871-4458-9e90-9b9917874c61,Sam LaPorta,,TE,4500,4500,9.0,9.0,DET,DET,GB,@ GB,away,Sun 09/07 16:25,2025-09-07,Lambeau Field,2025_01_DET_GB,"https://static.www.nfl.com/image/upload/f_auto,q_auto/league/ucw8cfj5t5nwkx670wzu",87.0,ACT,75.0,245.0,Iowa,9,9,0
t.j._hockenson_MIN_2025,bd1120b6-38b3-4225-a4b0-20660a149d0d,T.J. Hockenson,,TE,4100,4100,8.2,8.2,MIN,MIN,CHI,@ CHI,away,Mon 09/08 20:15,2025-09-08,Soldier Field,2025_01_MIN_CHI,"https://static.www.nfl.com/image/upload/f_auto,q_auto/league/n9zhffstwzae8i5di6tk",87.0,ACT,77.0,248.0,Iowa,10,10,0
tucker_kraft_GB_2025,3a084c5f-6b9f-4703-a0c7-1566bc4b1129,Tucker Kraft,,TE,4000,4000,7.8,7.8,GB,GB,DET,vs DET,home,Sun 09/07 16:25,2025-09-07,Lambeau Field,2025_01_DET_GB,"https://static.www.nfl.com/image/upload/f_auto,q_auto/league/klrmgekdzx1ywjjmixp7",85.0,ACT,77.0,259.0,South Dakota State,11,11,0
juwan_johnson_NO_2025,0226b03b-f91d-4223-9813-9fcd2e9c3acc,Juwan Johnson,,TE,4000,4000,7.7,7.7,NO,NO,ARI,vs ARI,home,Sun 09/07 13:00,2025-09-07,Mercedes-Benz Superdome,2025_01_ARI_NO,"https://static.www.nfl.com/image/upload/f_auto,q_auto/league/pdsl9w3agc9uvjqpq1jy",83.0,ACT,76.0,231.0,Oregon,12,12,0
will_dissly_LAC_2025,383f4814-6836-4766-a297-fc063e8509cc,Will Dissly,,TE,4000,4000,7.4,7.4,LAC,LAC,KC,vs KC,home,Fri 09/05 20:00,2025-09-05,SoFi Stadium,2025_01_KC_LAC,"https://static.www.nfl.com/image/upload/f_auto,q_auto/league/opdpeoconvviwkufolxr",89.0,ACT,76.0,265.0,Washington,13,13,0
evan_engram_DEN_2025,e21365af-8d66-416e-b0a5-8816d18fcfd9,Evan Engram,,TE,4000,4000,7.2,7.2,DEN,DEN,TEN,vs TEN,home,Sun 09/07 16:05,2025-09-07,Empower Field at Mile High,2025_01_TEN_DEN,"https://static.www.nfl.com/image/upload/f_auto,q_auto/league/sea0atk2feif4n75dvq8",1.0,ACT,75.0,240.0,Ole Miss,14,14,0
hunter_henry_NE_2025,705899da-3c20-4bc3-b5d0-2e6e40655131,Hunter Henry,,TE,4000,4000,7.2,7.2,NE,NE,LV,vs LV,home,Sun 09/07 13:00,2025-09-07,Gillette Stadium,2025_01_LV_NE,"https://static.www.nfl.com/image/private/f_auto,q_auto/league/sdjob9akppefyo7py5tj",85.0,ACT,77.0,249.0,Arkansas,15,15,0
mark_andrews_BAL_2025,0618f387-9b72-4270-8b8f-dec4cccc9e4a,Mark Andrews,,TE,4000,4000,7.0,7.0,BAL,BAL,BUF,@ BUF,away,Sun 09/07 20:20,2025-09-07,New Era Field,2025_01_BAL_BUF,"https://static.www.nfl.com/image/upload/f_auto,q_auto/league/y5maejm3puruskwc344y",89.0,ACT,77.0,250.0,Oklahoma,16,16,0
jake_ferguson_DAL_2025,f46eab3d-d7dd-4420-b3f9-6da9ac1308ab,Jake Ferguson,,TE,4000,4000,6.6,6.6,DAL,DAL,PHI,@ PHI,away,Thu 09/04 20:20,2025-09-04,Lincoln Financial Field,2025_01_DAL_PHI,"https://static.www.nfl.com/image/upload/f_auto,q_auto/league/lbvrn1ibwszd6tzgh6o1",87.0,ACT,77.0,244.0,Wisconsin,17,17,0
dalton_schultz_HOU_2025,8caec1b4-e0b6-4a84-b8c8-617d6e91ef6a,Dalton Schultz,,TE,4000,4000,6.6,6.6,HOU,HOU,LA,@ LA,away,Sun 09/07 16:25,2025-09-07,SoFi Stadium,2025_01_HOU_LA,"https://static.www.nfl.com/image/upload/f_auto,q_auto/league/ooatvpu1knzypdmjljo9",86.0,ACT,77.0,242.0,Stanford,18,18,0
tyler_higbee_LA_2025,0df7912d-9e81-47ea-b4f7-d04986df4ee8,Tyler Higbee,,TE,4000,4000,6.5,6.5,LA,LA,HOU,vs HOU,home,Sun 09/07 16:25,2025-09-07,SoFi Stadium,2025_01_HOU_LA,"https://static.www.nfl.com/image/private/f_auto,q_auto/league/vk9c6lr4d1pdt9sr86ua",89.0,ACT,78.0,255.0,Western Kentucky,19,19,0
zach_ertz_WAS_2025,de3421f7-2147-4835-89a5-724e87bad463,Zach Ertz,,TE,4000,4000,6.4,6.4,WAS,WAS,NYG,vs NYG,home,Sun 09/07 13:00,2025-09-07,FedExField,2025_01_NYG_WAS,"https://static.www.nfl.com/image/upload/f_auto,q_auto/league/xktmmeumuoglbuam75iz",86.0,ACT,77.0,250.0,Stanford,20,20,0
tyler_warren_IND_2025,c8fe3913-1210-4142-b9c1-c119ef702ca5,Tyler Warren,,TE,4000,4000,6.0,6.0,IND,IND,MIA,vs MIA,home,Sun 09/07 13:00,2025-09-07,Lucas Oil Stadium,2025_01_MIA_IND,,84.0,ACT,78.0,256.0,Penn State,21,21,0
theo_johnson_NYG_2025,a5d4bb1d-c130-47c2-808a-2dd1f85005fb,Theo Johnson,,TE,4000,4000,5.4,5.4,NYG,NYG,WAS,@ WAS,away,Sun 09/07 13:00,2025-09-07,FedExField,2025_01_NYG_WAS,"https://static.www.nfl.com/image/upload/f_auto,q_auto/league/gljwzcxubvoqjxwnakze",84.0,ACT,78.0,264.0,Penn State,22,22,0
chig_okonkwo__2025,14e11f9b-58c8-437f-abc0-a4e4df9a7c47,Chig Okonkwo,,TE,4000,4000,5.2,5.2,,,,TBD,,TBD,,,,,85.0,ACT,75.0,238.0,Maryland,23,23,0
pat_freiermuth_PIT_2025,04f0fefe-9d9d-44f5-94ea-6df2a42df3c6,Pat Freiermuth,,TE,4000,4000,5.0,5.0,PIT,PIT,NYJ,@ NYJ,away,Sun 09/07 13:00,2025-09-07,MetLife Stadium,2025_01_PIT_NYJ,"https://static.www.nfl.com/image/upload/f_auto,q_auto/league/sozfjyy3bmntjv8tmqah",88.0,ACT,77.0,258.0,Penn State,24,24,0
cole_kmet_CHI_2025,036feeb6-9a22-43c5-a8e3-7ac611d8ff49,Cole Kmet,,TE,4000,4000,4.7,4.7,CHI,CHI,MIN,vs MIN,home,Mon 09/08 20:15,2025-09-08,Soldier Field,2025_01_MIN_CHI,"https://static.www.nfl.com/image/upload/f_auto,q_auto/league/fdxpctcmwjupassg9g9d",85.0,ACT,78.0,257.0,Notre Dame,25,25,0
dalton_kincaid_BUF_2025,b961fa15-0676-4948-b95f-56d06319d40e,Dalton Kincaid,,TE,4000,4000,4.5,4.5,BUF,BUF,BAL,vs BAL,home,Sun 09/07 20:20,2025-09-07,New Era Field,2025_01_BAL_BUF,"https://static.www.nfl.com/image/upload/f_auto,q_auto/league/rsimqxdfwlb1n9qd4w3g",86.0,ACT,76.0,240.0,Utah,26,26,0
ian_thomas_LV_2025,ed8a8fd2-df67-45e7-a34f-984afb82f6ea,Ian Thomas,,TE,4000,4000,4.1,4.1,LV,LV,NE,@ NE,away,Sun 09/07 13:00,2025-09-07,Gillette Stadium,2025_01_LV_NE,"https://static.www.nfl.com/image/upload/f_auto,q_auto/league/qrcffo16hdkcvxuvjppy",80.0,ACT,75.0,253.0,Indiana,27,27,0
brenton_strange_JAX_2025,94f135f7-9d54-4cbd-b560-fcaf83d414b0,Brenton Strange,,TE,4000,4000,3.7,3.7,JAX,JAX,CAR,vs CAR,home,Sun 09/07 13:00,2025-09-07,TIAA Bank Stadium,2025_01_CAR_JAX,"https://static.www.nfl.com/image/private/f_auto,q_auto/league/trfk78mrfsafnbatyx2x",85.0,ACT,76.0,253.0,Penn State,28,28,0
mason_taylor_NYJ_2025,07d2be51-73c2-4f26-81d5-bc6e9b88bff2,Mason Taylor,,TE,4000,4000,3.7,3.7,NYJ,NYJ,PIT,vs PIT,home,Sun 09/07 13:00,2025-09-07,MetLife Stadium,2025_01_PIT_NYJ,,85.0,ACT,77.0,251.0,LSU,29,29,0
tyler_conklin_LAC_2025,f0d17dfa-ebf3-416c-a8d2-c6bc30675103,Tyler Conklin,,TE,4000,4000,2.6,2.6,LAC,LAC,KC,vs KC,home,Fri 09/05 20:00,2025-09-05,SoFi Stadium,2025_01_KC_LAC,"https://static.www.nfl.com/image/upload/f_auto,q_auto/league/chajhumpfogd8effewe6",83.0,ACT,75.0,248.0,Central Michigan,30,30,0
isaiah_likely_BAL_2025,f9279edb-cfa7-4f7d-91df-b81cbf3e133e,Isaiah Likely,,TE,4000,4000,2.3,2.3,BAL,BAL,BUF,@ BUF,away,Sun 09/07 20:20,2025-09-07,New Era Field,2025_01_BAL_BUF,"https://static.www.nfl.com/image/upload/f_auto,q_auto/league/xmikfnklnpjmzjhbjrur",80.0,ACT,76.0,245.0,Coastal Carolina,31,31,0
jonnu_smith_PIT_2025,e4f25a37-74de-4bfb-b6c9-f50a4fab0b87,Jonnu Smith,,TE,4000,4000,1.9,1.9,PIT,PIT,NYJ,@ NYJ,away,Sun 09/07 13:00,2025-09-07,MetLife Stadium,2025_01_PIT_NYJ,"https://static.www.nfl.com/image/upload/f_auto,q_auto/league/p8uldtljkzb6sile3wgx",81.0,ACT,75.0,248.0,Florida International,32,32,0
payne_durham_TB_2025,c4a8b4c9-5db8-4187-852b-9557bef8724e,Payne Durham,,TE,4000,4000,1.8,1.8,TB,TB,ATL,@ ATL,away,Sun 09/07 13:00,2025-09-07,Mercedes-Benz Stadium,2025_01_TB_ATL,"https://static.www.nfl.com/image/upload/f_auto,q_auto/league/vrdqb2si9rpshhy51liq",87.0,ACT,77.0,255.0,Purdue,33,33,0
noah_fant_CIN_2025,cdc98acc-9eb6-4b44-81bb-61d7b8a3b55f,Noah Fant,,TE,4000,4000,1.8,1.8,CIN,CIN,CLE,@ CLE,away,Sun 09/07 13:00,2025-09-07,FirstEnergy Stadium,2025_01_CIN_CLE,"https://static.www.nfl.com/image/private/f_auto,q_auto/league/w1gqasldrg3jumzdqjvy",86.0,ACT,76.0,249.0,Iowa,34,34,0
stone_smartt_NYJ_2025,6ee105f0-ca2e-11ec-be96-e90abdfa0fef,Stone Smartt,,TE,4000,4000,1.5,1.5,NYJ,NYJ,PIT,vs PIT,home,Sun 09/07 13:00,2025-09-07,MetLife Stadium,2025_01_PIT_NYJ,"https://static.www.nfl.com/image/upload/f_auto,q_auto/league/tazdjztvhpulguzuh78l",84.0,ACT,76.0,226.0,Old Dominion,35,35,0
robert_tonyan_KC_2025,7c9c7800-69d0-459b-812b-a07ac48e9f2a,Robert Tonyan,,TE,4000,4000,1.5,1.5,KC,KC,LAC,@ LAC,away,Fri 09/05 20:00,2025-09-05,SoFi Stadium,2025_01_KC_LAC,"https://static.www.nfl.com/image/upload/f_auto,q_auto/league/y6enyobsifpchm2yhq9c",85.0,ACT,77.0,240.0,Indiana State,36,36,0
josh_whyle_TEN_2025,601467c7-b593-472d-a147-b8e7bfdbe990,Josh Whyle,,TE,4000,4000,1.5,1.5,TEN,TEN,DEN,@ DEN,away,Sun 09/07 16:05,2025-09-07,Empower Field at Mile High,2025_01_TEN_DEN,"https://static.www.nfl.com/image/upload/f_auto,q_auto/league/ccstvnbjzprcpb2j9xnb",81.0,ACT,79.0,248.0,Cincinnati,37,37,0
colston_loveland_CHI_2025,62cd2cd5-8b40-4ee6-bfb8-0083edd105a2,Colston Loveland,,TE,4000,4000,1.5,1.5,CHI,CHI,MIN,vs MIN,home,Mon 09/08 20:15,2025-09-08,Soldier Field,2025_01_MIN_CHI,,84.0,ACT,78.0,241.0,Michigan,38,38,0
michael_mayer_LV_2025,31f4645a-7ccb-4633-8580-2fca361beb4f,Michael Mayer,,TE,4000,4000,1.4,1.4,LV,LV,NE,@ NE,away,Sun 09/07 13:00,2025-09-07,Gillette Stadium,2025_01_LV_NE,"https://static.www.nfl.com/image/upload/f_auto,q_auto/league/rmc4igjgu5za2va8rfe1",87.0,ACT,76.0,256.0,Notre Dame,39,39,0
greg_dulcich_NYG_2025,b9e4a022-d15c-4cef-9879-170277f17207,Greg Dulcich,,TE,4000,4000,1.3,1.3,NYG,NYG,WAS,@ WAS,away,Sun 09/07 13:00,2025-09-07,FedExField,2025_01_NYG_WAS,"https://static.www.nfl.com/image/upload/f_auto,q_auto/league/tt3eyuomt5onokrqstsl",89.0,ACT,76.0,245.0,UCLA,40,40,0
brevyn_spann-ford_DAL_2025,efc8d800-072b-11ef-892f-5b772aae3c25,Brevyn Spann-Ford,,TE,4000,4000,1.3,1.3,DAL,DAL,PHI,@ PHI,away,Thu 09/04 20:20,2025-09-04,Lincoln Financial Field,2025_01_DAL_PHI,"https://static.www.nfl.com/image/upload/f_auto,q_auto/league/bn9b4pb8om6w3escvitt",89.0,ACT,79.0,270.0,Minnesota,41,41,0
austin_hooper_NE_2025,90c2a93f-d837-4e1b-b57c-56648903a8db,Austin Hooper,,TE,4000,4000,1.3,1.3,NE,NE,LV,vs LV,home,Sun 09/07 13:00,2025-09-07,Gillette Stadium,2025_01_LV_NE,"https://static.www.nfl.com/image/upload/f_auto,q_auto/league/hj0ybtjspne3t1cso961",81.0,ACT,76.0,254.0,Stanford,42,42,0
harrison_bryant_PHI_2025,f58a5899-8b78-46e8-a29a-ba6273b7d872,Harrison Bryant,,TE,4000,4000,1.2,1.2,PHI,PHI,DAL,vs DAL,home,Thu 09/04 20:20,2025-09-04,Lincoln Financial Field,2025_01_DAL_PHI,"https://static.www.nfl.com/image/upload/f_auto,q_auto/league/jjarmcwkadvr7tynkpuj",85.0,ACT,77.0,243.0,Florida Atlantic,43,43,0
johnny_mundt_JAX_2025,6414998b-5831-44aa-8bd8-39e42a323c2c,Johnny Mundt,,TE,4000,4000,1.2,1.2,JAX,JAX,CAR,vs CAR,home,Sun 09/07 13:00,2025-09-07,TIAA Bank Stadium,2025_01_CAR_JAX,"https://static.www.nfl.com/image/upload/f_auto,q_auto/league/ievumbznrtys9b2esphz",86.0,ACT,76.0,243.0,Oregon,44,44,0
brock_wright_DET_2025,8f182089-7730-499e-8f2e-87bda32debfb,Brock Wright,,TE,4000,4000,1.1,1.1,DET,DET,GB,@ GB,away,Sun 09/07 16:25,2025-09-07,Lambeau Field,2025_01_DET_GB,"https://static.www.nfl.com/image/upload/f_auto,q_auto/league/irowew9hgqaa9vcd8fri",89.0,ACT,77.0,254.0,Notre Dame,45,45,0
cole_turner_WAS_2025,fc78ba73-7ef3-4dda-9a06-b5101f7ff7b1,Cole Turner,,TE,4000,4000,1.1,1.1,WAS,WAS,NYG,vs NYG,home,Sun 09/07 13:00,2025-09-07,FedExField,2025_01_NYG_WAS,"https://static.www.nfl.com/image/upload/f_auto,q_auto/league/etikvhuu6qxktyrwthid",88.0,ACT,78.0,240.0,Nevada,46,46,0
kylen_granson_PHI_2025,bcc0167c-05fd-4b23-981e-60b8784ceb33,Kylen Granson,,TE,4000,4000,1.1,1.1,PHI,PHI,DAL,vs DAL,home,Thu 09/04 20:20,2025-09-04,Lincoln Financial Field,2025_01_DAL_PHI,"https://static.www.nfl.com/image/upload/f_auto,q_auto/league/rydvwc7sqwucvx14s8b4",83.0,ACT,75.0,242.0,SMU,47,47,0
colby_parkinson_LA_2025,1ea7affb-e5e7-491a-aaa3-55e200b2eb48,Colby Parkinson,,TE,4000,4000,1.1,1.1,LA,LA,HOU,vs HOU,home,Sun 09/07 16:25,2025-09-07,SoFi Stadium,2025_01_HOU_LA,"https://static.www.nfl.com/image/upload/f_auto,q_auto/league/crjyx8tutyzn8bomqbdc",84.0,ACT,79.0,265.0,Stanford,48,48,0
noah_gray_KC_2025,c97dfcb6-b999-476f-8487-f3848e92df17,Noah Gray,,TE,4000,4000,1.1,1.1,KC,KC,LAC,@ LAC,away,Fri 09/05 20:00,2025-09-05,SoFi Stadium,2025_01_KC_LAC,"https://static.www.nfl.com/image/upload/f_auto,q_auto/league/erihh0eiq4m76k2ejvax",83.0,ACT,75.0,240.0,Duke,49,49,0
dawson_knox_BUF_2025,5fb525c5-4e70-4ede-8c49-94ad0cf66b7d,Dawson Knox,,TE,4000,4000,1.1,1.1,BUF,BUF,BAL,vs BAL,home,Sun 09/07 20:20,2025-09-07,New Era Field,2025_01_BAL_BUF,"https://static.www.nfl.com/image/upload/f_auto,q_auto/league/uazfj5l5vzow2oyfa1s6",88.0,ACT,76.0,254.0,Ole Miss,50,50,0
jackson_hawes_BUF_2025,87304bcd-83f1-4e59-b9cb-6474f7e0dc01,Jackson Hawes,,TE,4000,4000,1.0,1.0,BUF,BUF,BAL,vs BAL,home,Sun 09/07 20:20,2025-09-07,New Era Field,2025_01_BAL_BUF,,85.0,ACT,76.0,253.0,Georgia Tech,51,51,0
luke_lachey_HOU_2025,eeb9ef87-859a-407b-a17a-c671dd6a863a,Luke Lachey,,TE,4000,4000,1.0,1.0,HOU,HOU,LA,@ LA,away,Sun 09/07 16:25,2025-09-07,SoFi Stadium,2025_01_HOU_LA,,42.0,ACT,78.0,247.0,Iowa,52,52,0
seth_green_NO_2025,,Seth Green,Seth Green,TE,4000,4000,1.0,1.0,NO,NO,ARI,vs ARI,home,Sun 09/07 13:00,2025-09-07,Mercedes-Benz Superdome,2025_01_ARI_NO,,42.0,ACT,,,,53,53,0
cole_fotheringham_NE_2025,320bc720-d3a5-11ec-96a0-c3471a31202c,Cole Fotheringham,,TE,4000,4000,1.0,1.0,NE,NE,LV,vs LV,home,Sun 09/07 13:00,2025-09-07,Gillette Stadium,2025_01_LV_NE,"https://static.www.nfl.com/image/upload/f_auto,q_auto/league/stshlkkfc995vk5tuhtd",49.0,ACT,76.0,245.0,Utah,54,54,0
thomas_odukoya__2025,0a25d350-133c-11ed-b006-a39c0834c6a9,Thomas Odukoya,,TE,4000,4000,1.0,1.0,,,,TBD,,TBD,,,,,89.0,ACT,78.0,253.0,Eastern Michigan,55,55,0
zack_kuntz_NYJ_2025,66394a78-5537-4a12-a876-4a887f780aba,Zack Kuntz,,TE,4000,4000,1.0,1.0,NYJ,NYJ,PIT,vs PIT,home,Sun 09/07 13:00,2025-09-07,MetLife Stadium,2025_01_PIT_NYJ,,88.0,ACT,80.0,251.0,Old Dominion,56,56,0
jake_tonges_SF_2025,8d9236c0-ce09-11ec-9598-03840dd5f387,Jake Tonges,,TE,4000,4000,1.0,1.0,SF,SF,SEA,@ SEA,away,Sun 09/07 16:05,2025-09-07,Lumen Field,2025_01_SF_SEA,"https://static.www.nfl.com/image/private/f_auto,q_auto/league/vnxv7xwav7kc0lotgjly",88.0,ACT,76.0,240.0,California,57,57,0
johnny_lumpkin_GB_2025,e706f3e0-f017-11ed-83a5-bb40b4e95990,Johnny Lumpkin,,TE,4000,4000,1.0,1.0,GB,GB,DET,vs DET,home,Sun 09/07 16:25,2025-09-07,Lambeau Field,2025_01_DET_GB,,43.0,ACT,77.0,264.0,Louisiana,58,58,0
elijah_arroyo_SEA_2025,98bc7c8c-e6e4-4694-a0ef-d3f25274223e,Elijah Arroyo,,TE,4000,4000,1.0,1.0,SEA,SEA,SF,vs SF,home,Sun 09/07 16:05,2025-09-07,Lumen Field,2025_01_SF_SEA,,18.0,ACT,77.0,254.0,Miami (FL),59,59,0
geor'quarius_spivey_KC_2025,39e07670-512b-11ef-9470-6b8fecf8a23b,Geor'Quarius Spivey,,TE,4000,4000,1.0,1.0,KC,KC,LAC,@ LAC,away,Fri 09/05 20:00,2025-09-05,SoFi Stadium,2025_01_KC_LAC,,45.0,ACT,77.0,245.0,Mississippi State,60,60,0
caleb_lohner_DEN_2025,88a09f4b-3cc1-4e70-bf4c-9b1503ecb89f,Caleb Lohner,,TE,4000,4000,1.0,1.0,DEN,DEN,TEN,vs TEN,home,Sun 09/07 16:05,2025-09-07,Empower Field at Mile High,2025_01_TEN_DEN,,84.0,ACT,79.0,250.0,Utah,61,61,0
zaire_mitchell-paden_BAL_2025,faaf7f80-d307-11ec-8b77-45b1765fd110,Zaire Mitchell-Paden,,TE,4000,4000,1.0,1.0,BAL,BAL,BUF,@ BUF,away,Sun 09/07 20:20,2025-09-07,New Era Field,2025_01_BAL_BUF,,84.0,ACT,77.0,257.0,Florida Atlantic,62,62,0
tyler_neville_DAL_2025,8439e460-23d8-11f0-8a64-f9085afebb40,Tyler Neville,,TE,4000,4000,1.0,1.0,DAL,DAL,PHI,@ PHI,away,Thu 09/04 20:20,2025-09-04,Lincoln Financial Field,2025_01_DAL_PHI,,46.0,ACT,75.0,250.0,Virginia,63,63,0
nick_kallerup_SEA_2025,b312a490-2791-11f0-b675-0178dd6a62e2,Nick Kallerup,,TE,4000,4000,1.0,1.0,SEA,SEA,SF,vs SF,home,Sun 09/07 16:05,2025-09-07,Lumen Field,2025_01_SF_SEA,,89.0,ACT,77.0,266.0,Minnesota,64,64,0
gee_scott_jr._NE_2025,8b202ea0-2532-11f0-b529-67be36c4abe8,Gee Scott Jr.,,TE,4000,4000,1.0,1.0,NE,NE,LV,vs LV,home,Sun 09/07 13:00,2025-09-07,Gillette Stadium,2025_01_LV_NE,,80.0,ACT,75.0,240.0,Ohio State,65,65,0
tre_watson_KC_2025,47128e20-2621-11f0-b1a6-031de407737a,Tre Watson,,TE,4000,4000,1.0,1.0,KC,KC,LAC,@ LAC,away,Fri 09/05 20:00,2025-09-05,SoFi Stadium,2025_01_KC_LAC,,49.0,ACT,77.0,250.0,Texas A&M,66,66,0
mitchell_evans_CAR_2025,788b494d-d624-46ae-a956-81bd10f6a044,Mitchell Evans,,TE,4000,4000,1.0,1.0,CAR,CAR,JAX,@ JAX,away,Sun 09/07 13:00,2025-09-07,TIAA Bank Stadium,2025_01_CAR_JAX,,84.0,ACT,77.0,258.0,Notre Dame,67,67,0
oronde_gadsden_ii_LAC_2025,,Oronde Gadsden II,Oronde Gadsden II,TE,4000,4000,1.0,1.0,LAC,LAC,KC,vs KC,home,Fri 09/05 20:00,2025-09-05,SoFi Stadium,2025_01_KC_LAC,,86.0,ACT,,,,68,68,0
rivaldo_fairweather_DAL_2025,c9632a00-23d9-11f0-b8a8-a915ca67495b,Rivaldo Fairweather,,TE,4000,4000,1.0,1.0,DAL,DAL,PHI,@ PHI,away,Thu 09/04 20:20,2025-09-04,Lincoln Financial Field,2025_01_DAL_PHI,,45.0,ACT,75.0,249.0,Auburn,69,69,0
tanner_taula_TB_2025,57b98db0-f1bb-11ed-9bf1-7fd77a26dc1f,Tanner Taula,,TE,4000,4000,1.0,1.0,TB,TB,ATL,@ ATL,away,Sun 09/07 13:00,2025-09-07,Mercedes-Benz Stadium,2025_01_TB_ATL,,84.0,ACT,78.0,255.0,Illinois State,70,70,0
john_fitzpatrick_GB_2025,b221f4da-3c7c-4f51-b3f0-d2c68d5d9369,John FitzPatrick,,TE,4000,4000,1.0,1.0,GB,GB,DET,vs DET,home,Sun 09/07 16:25,2025-09-07,Lambeau Field,2025_01_DET_GB,"https://static.www.nfl.com/image/upload/f_auto,q_auto/league/k7m700qda76lqtt7zj8e",86.0,ACT,79.0,262.0,Georgia,71,71,0
travis_vokolek_ARI_2025,1d1eb430-f01e-11ed-97df-a94b89ac5704,Travis Vokolek,,TE,4000,4000,1.0,1.0,ARI,ARI,NO,@ NO,away,Sun 09/07 13:00,2025-09-07,Mercedes-Benz Superdome,2025_01_ARI_NO,,81.0,ACT,78.0,260.0,Nebraska,72,72,0
cameron_latu_PHI_2025,3763a2ec-ee98-4cf4-9aa7-ee626057c56f,Cameron Latu,,TE,4000,4000,1.0,1.0,PHI,PHI,DAL,vs DAL,home,Thu 09/04 20:20,2025-09-04,Lincoln Financial Field,2025_01_DAL_PHI,,49.0,ACT,77.0,244.0,Alabama,73,73,0
justin_shorter_LV_2025,0e4f0529-f178-463e-8aa6-0b8cfa3e916f,Justin Shorter,,TE,4000,4000,1.0,1.0,LV,LV,NE,@ NE,away,Sun 09/07 13:00,2025-09-07,Gillette Stadium,2025_01_LV_NE,,88.0,ACT,76.0,227.0,Florida,74,74,0
brayden_willis_SF_2025,733cc366-53e3-4703-a2fc-2aa860272cf3,Brayden Willis,,TE,4000,4000,1.0,1.0,SF,SF,SEA,@ SEA,away,Sun 09/07 16:05,2025-09-07,Lumen Field,2025_01_SF_SEA,"https://static.www.nfl.com/image/upload/f_auto,q_auto/league/pz1nzzfellquco7nk65e",9.0,ACT,76.0,240.0,Oklahoma,75,75,0
princeton_fant_DAL_2025,4b51e190-f674-11ed-88a9-a32a17c14014,Princeton Fant,,TE,4000,4000,1.0,1.0,DAL,DAL,PHI,@ PHI,away,Thu 09/04 20:20,2025-09-04,Lincoln Financial Field,2025_01_DAL_PHI,,85.0,ACT,74.0,235.0,Tennessee,76,76,0
john_stephens_jr._DAL_2025,6ee21b90-f672-11ed-84b9-4745dec76369,John Stephens Jr.,,TE,4000,4000,1.0,1.0,DAL,DAL,PHI,@ PHI,away,Thu 09/04 20:20,2025-09-04,Lincoln Financial Field,2025_01_DAL_PHI,,49.0,ACT,77.0,221.0,Louisiana,77,77,0
e.j._jenkins_PHI_2025,626a1dd0-ebab-11ed-bb4c-e536974648f2,E.J. Jenkins,,TE,4000,4000,1.0,1.0,PHI,PHI,DAL,vs DAL,home,Thu 09/04 20:20,2025-09-04,Lincoln Financial Field,2025_01_DAL_PHI,"https://static.www.nfl.com/image/upload/f_auto,q_auto/league/utbs1f78kfxb51b6asit",84.0,ACT,78.0,245.0,Georgia Tech,78,78,0
nick_muse_PHI_2025,6b5dd4bc-9959-4e0f-94f6-74e2577a022a,Nick Muse,,TE,4000,4000,1.0,1.0,PHI,PHI,DAL,vs DAL,home,Thu 09/04 20:20,2025-09-04,Lincoln Financial Field,2025_01_DAL_PHI,"https://static.www.nfl.com/image/upload/f_auto,q_auto/league/hajfiwgmzhnkh4k2mcgh",87.0,ACT,77.0,252.0,South Carolina,79,79,0
matt_sokol_BUF_2025,21a33144-63ee-4125-ac44-3fc911a39d50,Matt Sokol,,TE,4000,4000,1.0,1.0,BUF,BUF,BAL,vs BAL,home,Sun 09/07 20:20,2025-09-07,New Era Field,2025_01_BAL_BUF,,87.0,ACT,77.0,249.0,Michigan State,80,80,0
nikola_kalinic_ATL_2025,6aed0540-7ec8-11ec-8905-19cf1c3e187f,Nikola Kalinic,,TE,4000,4000,1.0,1.0,ATL,ATL,TB,vs TB,home,Sun 09/07 13:00,2025-09-07,Mercedes-Benz Stadium,2025_01_TB_ATL,,88.0,ACT,76.0,248.0,York (CAN),81,81,0
drew_sample_CIN_2025,15a4f552-ecaf-45bd-9006-aa5dda93bee6,Drew Sample,,TE,4000,4000,1.0,1.0,CIN,CIN,CLE,@ CLE,away,Sun 09/07 13:00,2025-09-07,FirstEnergy Stadium,2025_01_CIN_CLE,"https://static.www.nfl.com/image/upload/f_auto,q_auto/league/xufsbdqfujdqnrnozhg4",89.0,ACT,77.0,260.0,Washington,82,82,0
scotty_washington_BAL_2025,c272aa3f-4ef7-468c-ad4d-a4eed44a6ab7,Scotty Washington,,TE,4000,4000,1.0,1.0,BAL,BAL,BUF,@ BUF,away,Sun 09/07 20:20,2025-09-07,New Era Field,2025_01_BAL_BUF,,85.0,ACT,77.0,242.0,Wake Forest,83,83,0
tyler_mabry_CAR_2025,bad1a0c1-7ea2-4898-b5d9-ad1aec45c8b1,Tyler Mabry,,TE,4000,4000,1.0,1.0,CAR,CAR,JAX,@ JAX,away,Sun 09/07 13:00,2025-09-07,TIAA Bank Stadium,2025_01_CAR_JAX,"https://static.www.nfl.com/image/private/f_auto,q_auto/league/eyx5kk2meaw1pzn3ioqn",43.0,ACT,75.0,247.0,Maryland,84,84,0
zach_davidson_BUF_2025,cb5e14e8-87a7-4bad-9fd4-abdd50628abb,Zach Davidson,,TE,4000,4000,1.0,1.0,BUF,BUF,BAL,vs BAL,home,Sun 09/07 20:20,2025-09-07,New Era Field,2025_01_BAL_BUF,"https://static.www.nfl.com/image/upload/f_auto,q_auto/league/cxvetoci2tfigdcu27bf",84.0,ACT,79.0,251.0,Central Missouri,85,85,0
sal_cannella_CLE_2025,57df4c36-e48c-45a4-a1ae-f6e86bf5d21e,Sal Cannella,,TE,4000,4000,1.0,1.0,CLE,CLE,CIN,vs CIN,home,Sun 09/07 13:00,2025-09-07,FirstEnergy Stadium,2025_01_CIN_CLE,,87.0,ACT,77.0,242.0,Auburn,86,86,0
michael_jacobson_NO_2025,59754f93-ff02-4f0f-844b-699b5e56f211,Michael Jacobson,,TE,4000,4000,1.0,1.0,NO,NO,ARI,vs ARI,home,Sun 09/07 13:00,2025-09-07,Mercedes-Benz Superdome,2025_01_ARI_NO,,86.0,ACT,79.0,244.0,Iowa State,87,87,0
brady_russell_SEA_2025,c3c08060-eb74-11ed-aecd-85bc826ed43e,Brady Russell,,TE,4000,4000,1.0,1.0,SEA,SEA,SF,vs SF,home,Sun 09/07 16:05,2025-09-07,Lumen Field,2025_01_SF_SEA,,38.0,ACT,75.0,250.0,Colorado,88,88,0
thomas_fidone_ii_NYG_2025,0e21445d-6318-43ce-ba78-310ee648b602,Thomas Fidone II,,TE,4000,4000,1.0,1.0,NYG,NYG,WAS,@ WAS,away,Sun 09/07 13:00,2025-09-07,FedExField,2025_01_NYG_WAS,,86.0,ACT,78.0,255.0,Nebraska,89,89,0
john_copenhaver_JAX_2025,23a816a0-2499-11f0-a5c3-b5e571d28549,John Copenhaver,,TE,4000,4000,1.0,1.0,JAX,JAX,CAR,vs CAR,home,Sun 09/07 13:00,2025-09-07,TIAA Bank Stadium,2025_01_CAR_JAX,,43.0,ACT,75.0,240.0,North Carolina,90,90,0
moliki_matavao_NO_2025,140c137e-69f7-40a9-a92c-42e331b04109,Moliki Matavao,,TE,4000,4000,1.0,1.0,NO,NO,ARI,vs ARI,home,Sun 09/07 13:00,2025-09-07,Mercedes-Benz Superdome,2025_01_ARI_NO,,80.0,ACT,78.0,263.0,UCLA,91,91,0
treyton_welch_NO_2025,07814d30-072a-11ef-ba75-176276cf11f0,Treyton Welch,,TE,4000,4000,1.0,1.0,NO,NO,ARI,vs ARI,home,Sun 09/07 13:00,2025-09-07,Mercedes-Benz Superdome,2025_01_ARI_NO,,82.0,ACT,76.0,240.0,Wyoming,92,92,0
mccallan_castles_LA_2025,,McCallan Castles,McCallan Castles,TE,4000,4000,1.0,1.0,LA,LA,HOU,vs HOU,home,Sun 09/07 16:25,2025-09-07,SoFi Stadium,2025_01_HOU_LA,,49.0,ACT,,,,93,93,0
messiah_swinson_GB_2025,ffa96250-07c4-11ef-99fd-53de25c52bd6,Messiah Swinson,,TE,4000,4000,1.0,1.0,GB,GB,DET,vs DET,home,Sun 09/07 16:25,2025-09-07,Lambeau Field,2025_01_DET_GB,,48.0,ACT,79.0,259.0,Arizona State,94,94,0
jack_westover_NE_2025,22926aa0-0725-11ef-bcfc-752f39cb55fa,Jack Westover,,TE,4000,4000,1.0,1.0,NE,NE,LV,vs LV,home,Sun 09/07 13:00,2025-09-07,Gillette Stadium,2025_01_LV_NE,,87.0,ACT,74.0,245.0,Washington,95,95,0
baylor_cupp_BAL_2025,e23e66a0-0a4b-11ef-81ea-4d1e02cb9588,Baylor Cupp,,TE,4000,4000,1.0,1.0,BAL,BAL,BUF,@ BUF,away,Sun 09/07 20:20,2025-09-07,New Era Field,2025_01_BAL_BUF,"https://static.www.nfl.com/image/upload/f_auto,q_auto/league/pcvvfurbbzefkwnojcid",17.0,ACT,78.0,243.0,Texas Tech,96,96,0
tanner_mclachlan_CIN_2025,5d4fc75b-c99a-44f8-983c-c7b15e929a7a,Tanner McLachlan,,TE,4000,4000,1.0,1.0,CIN,CIN,CLE,@ CLE,away,Sun 09/07 13:00,2025-09-07,FirstEnergy Stadium,2025_01_CIN_CLE,,84.0,ACT,77.0,244.0,Arizona,97,97,0
neal_johnson_NYJ_2025,73b4df80-07c5-11ef-aea8-e38ca6138631,Neal Johnson,,TE,4000,4000,1.0,1.0,NYJ,NYJ,PIT,vs PIT,home,Sun 09/07 13:00,2025-09-07,MetLife Stadium,2025_01_PIT_NYJ,,86.0,ACT,76.0,250.0,Louisiana,98,98,0
hayden_rucci_MIA_2025,4fb37ab0-0efa-11ef-842a-77fe9b74fabd,Hayden Rucci,,TE,4000,4000,1.0,1.0,MIA,MIA,IND,@ IND,away,Sun 09/07 13:00,2025-09-07,Lucas Oil Stadium,2025_01_MIA_IND,,87.0,ACT,77.0,247.0,Wisconsin,99,99,0
shawn_bowman_JAX_2025,63fb1c30-07de-11ef-ab84-b199233567e8,Shawn Bowman,,TE,4000,4000,1.0,1.0,JAX,JAX,CAR,vs CAR,home,Sun 09/07 13:00,2025-09-07,TIAA Bank Stadium,2025_01_CAR_JAX,,49.0,ACT,76.0,249.0,Rutgers,100,100,0
joel_wilson_CHI_2025,ddf76000-e775-11ed-94a4-29de8209e516,Joel Wilson,,TE,4000,4000,1.0,1.0,CHI,CHI,MIN,vs MIN,home,Mon 09/08 20:15,2025-09-08,Soldier Field,2025_01_MIN_CHI,,86.0,ACT,76.0,245.0,Central Michigan,101,101,0
gunnar_helm_TEN_2025,beb69cba-f240-43ed-88d3-50d066cf55d4,Gunnar Helm,,TE,4000,4000,1.0,1.0,TEN,TEN,DEN,@ DEN,away,Sun 09/07 16:05,2025-09-07,Empower Field at Mile High,2025_01_TEN_DEN,,84.0,ACT,77.0,241.0,Texas,102,102,0
kevin_foelsch_PIT_2025,,Kevin Foelsch,Kevin Foelsch,TE,4000,4000,1.0,1.0,PIT,PIT,NYJ,@ NYJ,away,Sun 09/07 13:00,2025-09-07,MetLife Stadium,2025_01_PIT_NYJ,,84.0,ACT,,,,103,103,0
devin_culp_TB_2025,c62dcaf1-79e3-4e15-8fb0-e7cb30a18fe4,Devin Culp,,TE,4000,4000,1.0,1.0,TB,TB,ATL,@ ATL,away,Sun 09/07 13:00,2025-09-07,Mercedes-Benz Stadium,2025_01_TB_ATL,"https://static.www.nfl.com/image/upload/f_auto,q_auto/league/enm1dlbdrxtiwev6pjvi",82.0,ACT,76.0,237.0,Washington,104,104,0
thomas_gordon_CHI_2025,7e7edc80-7287-11f0-8763-dd1069e97c84,Thomas Gordon,,TE,4000,4000,1.0,1.0,CHI,CHI,MIN,vs MIN,home,Mon 09/08 20:15,2025-09-08,Soldier Field,2025_01_MIN_CHI,,48.0,ACT,77.0,255.0,Northwestern,105,105,0
steven_stilianos_DET_2025,,Steven Stilianos,Steven Stilianos,TE,4000,4000,1.0,1.0,DET,DET,GB,@ GB,away,Sun 09/07 16:25,2025-09-07,Lambeau Field,2025_01_DET_GB,,43.0,ACT,,,,106,106,0
david_martin-robinson_TEN_2025,dad0d560-0c9e-11ef-b2f4-ab1e3a869265,David Martin-Robinson,,TE,4000,4000,1.0,1.0,TEN,TEN,DEN,@ DEN,away,Sun 09/07 16:05,2025-09-07,Empower Field at Mile High,2025_01_TEN_DEN,"https://static.www.nfl.com/image/upload/f_auto,q_auto/league/ijqnto6waarhbqizteg0",88.0,ACT,75.0,247.0,Temple,107,107,0
mitch_van_vooren__2025,ce6f1aa0-40ed-11f0-9e9b-6957f8f9c7d6,Mitch Van Vooren,,TE,4000,4000,1.0,1.0,,,,TBD,,TBD,,,,,44.0,ACT,77.0,242.0,St. Norbert,108,108,0
terrance_ferguson_LA_2025,fdfc7b8e-a202-4459-91f8-be6e053e5d29,Terrance Ferguson,,TE,4000,4000,1.0,1.0,LA,LA,HOU,vs HOU,home,Sun 09/07 16:25,2025-09-07,SoFi Stadium,2025_01_HOU_LA,,18.0,ACT,77.0,247.0,Oregon,109,109,0
gunnar_oakes_DET_2025,,Gunnar Oakes,Gunnar Oakes,TE,4000,4000,1.0,1.0,DET,DET,GB,@ GB,away,Sun 09/07 16:25,2025-09-07,Lambeau Field,2025_01_DET_GB,,41.0,ACT,,,,110,110,0
brenden_bates_CLE_2025,eb055af0-0e1a-11ef-aa6c-9183e6948e0f,Brenden Bates,,TE,4000,4000,1.0,1.0,CLE,CLE,CIN,vs CIN,home,Sun 09/07 13:00,2025-09-07,FirstEnergy Stadium,2025_01_CIN_CLE,"https://static.www.nfl.com/image/upload/f_auto,q_auto/league/is7mhxk2h5ibwzuf8gws",82.0,ACT,77.0,255.0,Kentucky,111,111,0
bryson_nesbit_MIN_2025,6b948ff0-2513-11f0-9bc2-f7eecce84199,Bryson Nesbit,,TE,4000,4000,1.0,1.0,MIN,MIN,CHI,@ CHI,away,Mon 09/08 20:15,2025-09-08,Soldier Field,2025_01_MIN_CHI,,46.0,ACT,77.0,238.0,North Carolina,112,112,0
patrick_herbert_JAX_2025,6cb523f0-248b-11f0-a52e-eb5362e96484,Patrick Herbert,,TE,4000,4000,1.0,1.0,JAX,JAX,CAR,vs CAR,home,Sun 09/07 13:00,2025-09-07,TIAA Bank Stadium,2025_01_CAR_JAX,,47.0,ACT,77.0,255.0,Oregon,113,113,0
keleki_latu_BUF_2025,839e8540-2308-11f0-aa64-8d9c47758cf0,Keleki Latu,,TE,4000,4000,1.0,1.0,BUF,BUF,BAL,vs BAL,home,Sun 09/07 20:20,2025-09-07,New Era Field,2025_01_BAL_BUF,,83.0,ACT,79.0,244.0,Washington,114,114,0
oscar_cardenas_ARI_2025,aba5a5c0-2324-11f0-8afd-7f2126b7b4ba,Oscar Cardenas,,TE,4000,4000,1.0,1.0,ARI,ARI,NO,@ NO,away,Sun 09/07 13:00,2025-09-07,Mercedes-Benz Superdome,2025_01_ARI_NO,,45.0,ACT,76.0,260.0,UTSA,115,115,0
zach_horton_DET_2025,9c616fe0-2617-11f0-99ad-71dad835e87c,Zach Horton,,TE,4000,4000,1.0,1.0,DET,DET,GB,@ GB,away,Sun 09/07 16:25,2025-09-07,Lambeau Field,2025_01_DET_GB,,40.0,ACT,76.0,252.0,Indiana,116,116,0
caden_prieskorn_DEN_2025,2c0dcd70-250d-11f0-9874-071e11b76fd9,Caden Prieskorn,,TE,4000,4000,1.0,1.0,DEN,DEN,TEN,vs TEN,home,Sun 09/07 16:05,2025-09-07,Empower Field at Mile High,2025_01_TEN_DEN,,86.0,ACT,77.0,255.0,Ole Miss,117,117,0
stevo_klotz_LAC_2025,ca2eed00-23ae-11f0-a139-771c091b0ec3,Stevo Klotz,,TE,4000,4000,1.0,1.0,LAC,LAC,KC,vs KC,home,Fri 09/05 20:00,2025-09-05,SoFi Stadium,2025_01_KC_LAC,,41.0,ACT,76.0,260.0,Iowa State,118,118,0
carter_runyon_LV_2025,a4af6950-2625-11f0-be8a-29068ea3d60c,Carter Runyon,,TE,4000,4000,1.0,1.0,LV,LV,NE,@ NE,away,Sun 09/07 13:00,2025-09-07,Gillette Stadium,2025_01_LV_NE,,46.0,ACT,76.0,243.0,Towson,119,119,0
drake_dabney_TEN_2025,7afbcb90-2f70-11f0-8052-89a0c8fe065f,Drake Dabney,,TE,4000,4000,1.0,1.0,TEN,TEN,DEN,@ DEN,away,Sun 09/07 16:05,2025-09-07,Empower Field at Mile High,2025_01_TEN_DEN,,86.0,ACT,77.0,246.0,TCU,120,120,0
mark_redman_LA_2025,f9801b70-254c-11f0-85e6-ad6d4b9a9b15,Mark Redman,,TE,4000,4000,1.0,1.0,LA,LA,HOU,vs HOU,home,Sun 09/07 16:25,2025-09-07,SoFi Stadium,2025_01_HOU_LA,,83.0,ACT,77.0,255.0,Louisville,121,121,0
jj_galbreath_PIT_2025,4dfa4c10-2517-11f0-9914-05a19d52ff89,JJ Galbreath,,TE,4000,4000,1.0,1.0,PIT,PIT,NYJ,@ NYJ,away,Sun 09/07 13:00,2025-09-07,MetLife Stadium,2025_01_PIT_NYJ,,87.0,ACT,76.0,240.0,South Dakota,122,122,0
joshua_simon_ATL_2025,45892890-246c-11f0-9194-77c874aa65db,Joshua Simon,,TE,4000,4000,1.0,1.0,ATL,ATL,TB,vs TB,home,Sun 09/07 13:00,2025-09-07,Mercedes-Benz Stadium,2025_01_TB_ATL,,47.0,ACT,76.0,259.0,South Carolina,123,123,0
cj_dippre__2025,e98ccf30-2531-11f0-b18c-b9f05412231c,CJ Dippre,,TE,4000,4000,1.0,1.0,,,,TBD,,TBD,,,,,82.0,ACT,77.0,256.0,Alabama,124,124,0
harold_fannin_jr._CLE_2025,8bdf2df7-b51c-4404-b153-8dc62b1e0845,Harold Fannin Jr.,,TE,4000,4000,1.0,1.0,CLE,CLE,CIN,vs CIN,home,Sun 09/07 13:00,2025-09-07,FirstEnergy Stadium,2025_01_CIN_CLE,,88.0,ACT,76.0,241.0,Bowling Green,125,125,0
jared_wiley_KC_2025,a952a370-a43f-45ec-8371-0665f0b9551e,Jared Wiley,,TE,4000,4000,1.0,1.0,KC,KC,LAC,@ LAC,away,Fri 09/05 20:00,2025-09-05,SoFi Stadium,2025_01_KC_LAC,"https://static.www.nfl.com/image/upload/f_auto,q_auto/league/f9bhzz8fogzta1qkg9ms",12.0,ACT,78.0,249.0,TCU,126,126,0
marshall_lang_SEA_2025,0261e2b0-2556-11f0-a1f5-874a624d4069,Marshall Lang,,TE,4000,4000,1.0,1.0,SEA,SEA,SF,vs SF,home,Sun 09/07 16:05,2025-09-07,Lumen Field,2025_01_SF_SEA,,49.0,ACT,76.0,249.0,Northwestern,127,127,0
bryce_pierre_CAR_2025,23516350-2516-11f0-9fc8-5769fbfd7cbb,Bryce Pierre,,TE,4000,4000,1.0,1.0,CAR,CAR,JAX,@ JAX,away,Sun 09/07 13:00,2025-09-07,TIAA Bank Stadium,2025_01_CAR_JAX,,45.0,ACT,77.0,255.0,UCLA,128,128,0
ben_sinnott_WAS_2025,b5c717af-9116-483c-9ab3-c9db0a988ab8,Ben Sinnott,,TE,4000,4000,0.9,0.9,WAS,WAS,NYG,vs NYG,home,Sun 09/07 13:00,2025-09-07,FedExField,2025_01_NYG_WAS,"https://static.www.nfl.com/image/upload/f_auto,q_auto/league/zwjmu9wyutlpkace9ukf",82.0,ACT,76.0,247.0,Kansas State,129,129,0
daniel_bellinger_NYG_2025,42a1c03e-790e-46ba-b0d5-d304e44c02c7,Daniel Bellinger,,TE,4000,4000,0.9,0.9,NYG,NYG,WAS,@ WAS,away,Sun 09/07 13:00,2025-09-07,FedExField,2025_01_NYG_WAS,"https://static.www.nfl.com/image/upload/f_auto,q_auto/league/f9xmqszyicfahxrcqevp",82.0,ACT,78.0,255.0,San Diego State,130,130,0
darnell_washington_PIT_2025,1984b8b5-d206-4d6a-8204-c5dd0160e9f5,Darnell Washington,,TE,4000,4000,0.9,0.9,PIT,PIT,NYJ,@ NYJ,away,Sun 09/07 13:00,2025-09-07,MetLife Stadium,2025_01_PIT_NYJ,"https://static.www.nfl.com/image/upload/f_auto,q_auto/league/i6bxioxqzrc9hepszyjf",80.0,ACT,79.0,264.0,Georgia,131,131,0
luke_schoonmaker_DAL_2025,143957a7-4649-4a19-b351-e606edc75ebd,Luke Schoonmaker,,TE,4000,4000,0.9,0.9,DAL,DAL,PHI,@ PHI,away,Thu 09/04 20:20,2025-09-04,Lincoln Financial Field,2025_01_DAL_PHI,"https://static.www.nfl.com/image/upload/f_auto,q_auto/league/fd4exg1hqzlm9sk6ruu6",86.0,ACT,77.0,250.0,Michigan,132,132,0
hunter_long_JAX_2025,ebc576d0-a98b-4f82-aaf9-901a3911487d,Hunter Long,,TE,4000,4000,0.9,0.9,JAX,JAX,CAR,vs CAR,home,Sun 09/07 13:00,2025-09-07,TIAA Bank Stadium,2025_01_CAR_JAX,"https://static.www.nfl.com/image/upload/f_auto,q_auto/league/zfovepcmlr4bkmm96wgp",84.0,ACT,77.0,243.0,Boston College,133,133,0
davis_allen_LA_2025,02a77d8c-3b89-4a61-86a2-0c005c1e589a,Davis Allen,,TE,4000,4000,0.9,0.9,LA,LA,HOU,vs HOU,home,Sun 09/07 16:25,2025-09-07,SoFi Stadium,2025_01_HOU_LA,"https://static.www.nfl.com/image/upload/f_auto,q_auto/league/ihbec16pwn2ki5woyr4m",87.0,ACT,78.0,251.0,Clemson,134,134,0
cade_stover_HOU_2025,559d5222-0403-4a14-94c7-c7bd5072c939,Cade Stover,,TE,4000,4000,0.9,0.9,HOU,HOU,LA,@ LA,away,Sun 09/07 16:25,2025-09-07,SoFi Stadium,2025_01_HOU_LA,"https://static.www.nfl.com/image/upload/f_auto,q_auto/league/ehruudekjzjney5dircm",87.0,ACT,76.0,251.0,Ohio State,135,135,0
john_bates_WAS_2025,3208880b-949f-4926-85eb-1940770550ea,John Bates,,TE,4000,4000,0.9,0.9,WAS,WAS,NYG,vs NYG,home,Sun 09/07 13:00,2025-09-07,FedExField,2025_01_NYG_WAS,"https://static.www.nfl.com/image/upload/f_auto,q_auto/league/edpnkleev10rpzfgjakv",87.0,ACT,78.0,259.0,Boise State,136,136,0
grant_calcaterra_PHI_2025,f6988cfa-2dcf-490b-ac80-9af8e4292efa,Grant Calcaterra,,TE,4000,4000,0.8,0.8,PHI,PHI,DAL,vs DAL,home,Thu 09/04 20:20,2025-09-04,Lincoln Financial Field,2025_01_DAL_PHI,"https://static.www.nfl.com/image/upload/f_auto,q_auto/league/vxl0kathuej280k01d2r",81.0,ACT,76.0,240.0,SMU,137,137,0
julian_hill_MIA_2025,516da3c0-f016-11ed-a518-572ef5cb73b6,Julian Hill,,TE,4000,4000,0.8,0.8,MIA,MIA,IND,@ IND,away,Sun 09/07 13:00,2025-09-07,Lucas Oil Stadium,2025_01_MIA_IND,"https://static.www.nfl.com/image/upload/f_auto,q_auto/league/ycrsps9cgsfkyppucwrr",89.0,ACT,76.0,251.0,Campbell,138,138,0
tip_reiman_ARI_2025,44767e85-080f-4212-b2f2-cba160c81a9f,Tip Reiman,,TE,4000,4000,0.8,0.8,ARI,ARI,NO,@ NO,away,Sun 09/07 13:00,2025-09-07,Mercedes-Benz Superdome,2025_01_ARI_NO,"https://static.www.nfl.com/image/upload/f_auto,q_auto/league/grt6fspk8dlqbuzcrq7m",87.0,ACT,77.0,271.0,Illinois,139,139,0
jeremy_ruckert_NYJ_2025,28f3732b-0910-4d09-9fd4-e43b821dc5bb,Jeremy Ruckert,,TE,4000,4000,0.8,0.8,NYJ,NYJ,PIT,vs PIT,home,Sun 09/07 13:00,2025-09-07,MetLife Stadium,2025_01_PIT_NYJ,"https://static.www.nfl.com/image/private/f_auto,q_auto/league/w6bf97vbqitoyo5o7xaa",89.0,ACT,77.0,250.0,Ohio State,140,140,0
mo_alie-cox_IND_2025,8809c0dd-786b-4255-a7d0-333c9498c19a,Mo Alie-Cox,,TE,4000,4000,0.8,0.8,IND,IND,MIA,vs MIA,home,Sun 09/07 13:00,2025-09-07,Lucas Oil Stadium,2025_01_MIA_IND,"https://static.www.nfl.com/image/upload/f_auto,q_auto/league/f4orwwthvtcyd3vfqjvs",81.0,ACT,77.0,267.0,VCU,141,141,0
blake_whiteheart_CLE_2025,9a8395a0-e900-11ed-9cad-a989770811a8,Blake Whiteheart,,TE,4000,4000,0.8,0.8,CLE,CLE,CIN,vs CIN,home,Sun 09/07 13:00,2025-09-07,FirstEnergy Stadium,2025_01_CIN_CLE,"https://static.www.nfl.com/image/upload/f_auto,q_auto/league/kwsgfizrabfarbea4dbd",86.0,ACT,76.0,250.0,Wake Forest,142,142,0
tucker_fisk_LAC_2025,5d01b190-d51e-11ec-8f44-c7121c9cec59,Tucker Fisk,,TE,4000,4000,0.8,0.8,LAC,LAC,KC,vs KC,home,Fri 09/05 20:00,2025-09-05,SoFi Stadium,2025_01_KC_LAC,"https://static.www.nfl.com/image/upload/f_auto,q_auto/league/jbbh7bfsjpqzsy0jcofy",42.0,ACT,76.0,285.0,Stanford,143,143,0
luke_farrell_SF_2025,8a1f0e8e-6521-4a94-9934-ad4f76a25fd9,Luke Farrell,,TE,4000,4000,0.8,0.8,SF,SF,SEA,@ SEA,away,Sun 09/07 16:05,2025-09-07,Lumen Field,2025_01_SF_SEA,"https://static.www.nfl.com/image/upload/f_auto,q_auto/league/f2z7wpmx7ngtxcqqedla",89.0,ACT,77.0,250.0,Ohio State,144,144,0
ja'tavion_sanders_CAR_2025,ffd2ff3f-4b56-4232-be8e-bf163c29f406,Ja'Tavion Sanders,,TE,4000,4000,0.8,0.8,CAR,CAR,JAX,@ JAX,away,Sun 09/07 13:00,2025-09-07,TIAA Bank Stadium,2025_01_CAR_JAX,"https://static.www.nfl.com/image/upload/f_auto,q_auto/league/egisbinbqmttmub4po1g",,ACT,76.0,252.0,Texas,145,145,0
lawrence_cager_WAS_2025,2f2181f8-cb0a-42e4-9468-17f5f5a219cc,Lawrence Cager,,TE,4000,4000,0.8,0.8,WAS,WAS,NYG,vs NYG,home,Sun 09/07 13:00,2025-09-07,FedExField,2025_01_NYG_WAS,"https://static.www.nfl.com/image/upload/f_auto,q_auto/league/mnmmtwj9ibrttndyhpjo",89.0,ACT,77.0,220.0,Georgia,146,146,0
ben_sims_GB_2025,cef32a80-e761-11ed-ac46-e3b4ebd723e5,Ben Sims,,TE,4000,4000,0.8,0.8,GB,GB,DET,vs DET,home,Sun 09/07 16:25,2025-09-07,Lambeau Field,2025_01_DET_GB,"https://static.www.nfl.com/image/upload/f_auto,q_auto/league/mfl9febpyc8nk2abxcf2",89.0,ACT,77.0,250.0,Baylor,147,147,0
lucas_krull_DEN_2025,767b4820-cc9f-11ec-952e-a10f2c98fc4d,Lucas Krull,,TE,4000,4000,0.8,0.8,DEN,DEN,TEN,vs TEN,home,Sun 09/07 16:05,2025-09-07,Empower Field at Mile High,2025_01_TEN_DEN,"https://static.www.nfl.com/image/upload/f_auto,q_auto/league/v3rdtydz7dh4s5oyzejs",85.0,ACT,78.0,260.0,Pittsburgh,148,148,0
luke_musgrave_GB_2025,77a4fb49-3c6c-4aa1-8a21-20956e2d2240,Luke Musgrave,,TE,4000,4000,0.7,0.7,GB,GB,DET,vs DET,home,Sun 09/07 16:25,2025-09-07,Lambeau Field,2025_01_DET_GB,"https://static.www.nfl.com/image/upload/f_auto,q_auto/league/mn9nugrtq8kb8sysrvne",88.0,ACT,78.0,253.0,Oregon State,149,149,0
james_mitchell_CAR_2025,f461da0c-f764-414c-9e0d-2f02e22a68d8,James Mitchell,,TE,4000,4000,0.7,0.7,CAR,CAR,JAX,@ JAX,away,Sun 09/07 13:00,2025-09-07,TIAA Bank Stadium,2025_01_CAR_JAX,"https://static.www.nfl.com/image/upload/f_auto,q_auto/league/dyvnmhl4xyjius0frjnu",85.0,ACT,76.0,249.0,Virginia Tech,150,150,0
jack_stoll_NO_2025,0560d134-d316-4cda-9d48-34d32267af68,Jack Stoll,,TE,4000,4000,0.7,0.7,NO,NO,ARI,vs ARI,home,Sun 09/07 13:00,2025-09-07,Mercedes-Benz Superdome,2025_01_ARI_NO,"https://static.www.nfl.com/image/upload/f_auto,q_auto/league/yfzlbe9pmziykcmgaoj3",88.0,ACT,76.0,247.0,Nebraska,151,151,0
charlie_kolar_BAL_2025,3c048ac9-2c0f-4bf0-9ddc-ce99c9387ac8,Charlie Kolar,,TE,4000,4000,0.7,0.7,BAL,BAL,BUF,@ BUF,away,Sun 09/07 20:20,2025-09-07,New Era Field,2025_01_BAL_BUF,"https://static.www.nfl.com/image/upload/f_auto,q_auto/league/n7duzqver13movvgcint",88.0,ACT,78.0,265.0,Iowa State,152,152,0
cam_grandy_CIN_2025,8e6c6eb0-0725-11ef-b490-715b3492492e,Cam Grandy,,TE,4000,4000,0.7,0.7,CIN,CIN,CLE,@ CLE,away,Sun 09/07 13:00,2025-09-07,FirstEnergy Stadium,2025_01_CIN_CLE,"https://static.www.nfl.com/image/upload/f_auto,q_auto/league/uay5dmniqx1baal3q3uu",85.0,ACT,77.0,253.0,Illinois State,153,153,0
quintin_morris_JAX_2025,eab74cbc-ed11-46b3-bd16-1d4c997adc22,Quintin Morris,,TE,4000,4000,0.7,0.7,JAX,JAX,CAR,vs CAR,home,Sun 09/07 13:00,2025-09-07,TIAA Bank Stadium,2025_01_CAR_JAX,"https://static.www.nfl.com/image/upload/f_auto,q_auto/league/ftrqrbuqecl9yhcqrcmw",45.0,ACT,74.0,243.0,Bowling Green,154,154,0
will_mallory_IND_2025,5d4a5e4f-7c74-4b4c-b8e5-33bb831e3057,Will Mallory,,TE,4000,4000,0.7,0.7,IND,IND,MIA,vs MIA,home,Sun 09/07 13:00,2025-09-07,Lucas Oil Stadium,2025_01_MIA_IND,"https://static.www.nfl.com/image/upload/f_auto,q_auto/league/rxeygxqtsnqqzgmjl71g",86.0,ACT,76.0,239.0,Miami (FL),155,155,0
nate_adkins_DEN_2025,bcd0ae60-f31c-11ed-819c-fd03d0cc2698,Nate Adkins,,TE,4000,4000,0.7,0.7,DEN,DEN,TEN,vs TEN,home,Sun 09/07 16:05,2025-09-07,Empower Field at Mile High,2025_01_TEN_DEN,"https://static.www.nfl.com/image/upload/f_auto,q_auto/league/zbvo4oy4twbharwpmsqv",45.0,ACT,75.0,252.0,South Carolina,156,156,0
josh_oliver_MIN_2025,dc83f7af-7b30-4c4a-9c93-f67bd8db954b,Josh Oliver,,TE,4000,4000,0.7,0.7,MIN,MIN,CHI,@ CHI,away,Mon 09/08 20:15,2025-09-08,Soldier Field,2025_01_MIN_CHI,"https://static.www.nfl.com/image/private/f_auto,q_auto/league/pwd3muzyjclgjlwwtdah",84.0,ACT,77.0,259.0,San Jose State,157,157,0
nick_vannett_MIN_2025,c731aa8a-778b-4ccd-a19f-517eb66f47b7,Nick Vannett,,TE,4000,4000,0.7,0.7,MIN,MIN,CHI,@ CHI,away,Mon 09/08 20:15,2025-09-08,Soldier Field,2025_01_MIN_CHI,"https://static.www.nfl.com/image/upload/f_auto,q_auto/league/srrlkx2mydsb8gfco6fp",45.0,ACT,77.0,257.0,Ohio State,158,158,0
charlie_woerner_ATL_2025,527dfee0-a242-4dc7-830a-ab7028308259,Charlie Woerner,,TE,4000,4000,0.7,0.7,ATL,ATL,TB,vs TB,home,Sun 09/07 13:00,2025-09-07,Mercedes-Benz Stadium,2025_01_TB_ATL,"https://static.www.nfl.com/image/upload/f_auto,q_auto/league/hllqdtlyjbs2gbdgn6lj",89.0,ACT,77.0,250.0,Georgia,159,159,0
elijah_higgins_ARI_2025,a01b7698-d67f-4b60-b2fb-4c667336b718,Elijah Higgins,,TE,4000,4000,0.7,0.7,ARI,ARI,NO,@ NO,away,Sun 09/07 13:00,2025-09-07,Mercedes-Benz Superdome,2025_01_ARI_NO,"https://static.www.nfl.com/image/upload/f_auto,q_auto/league/sodpdh4uhbhzjxbnmao1",84.0,ACT,75.0,245.0,Stanford,160,160,0
ross_dwelley_SF_2025,70473218-5ae3-47b4-86fd-151e68f1e8b9,Ross Dwelley,,TE,4000,4000,0.6,0.6,SF,SF,SEA,@ SEA,away,Sun 09/07 16:05,2025-09-07,Lumen Field,2025_01_SF_SEA,"https://static.www.nfl.com/image/upload/f_auto,q_auto/league/ukd8ctqgskd8q5psumou",82.0,ACT,77.0,235.0,San Diego,161,161,0
pharaoh_brown_MIA_2025,6733b953-de77-44e5-acbf-c2d3a0940243,Pharaoh Brown,,TE,4000,4000,0.6,0.6,MIA,MIA,IND,@ IND,away,Sun 09/07 13:00,2025-09-07,Lucas Oil Stadium,2025_01_MIA_IND,"https://static.www.nfl.com/image/upload/f_auto,q_auto/league/ab0kbxsmasznlccuezcq",85.0,ACT,77.0,260.0,Oregon,162,162,0
eric_saubert_SEA_2025,582dc00e-e7ec-4ca7-bff0-f7b1d604017b,Eric Saubert,,TE,4000,4000,0.6,0.6,SEA,SEA,SF,vs SF,home,Sun 09/07 16:05,2025-09-07,Lumen Field,2025_01_SF_SEA,"https://static.www.nfl.com/image/upload/f_auto,q_auto/league/pxcadtlbynaz2qbffpei",81.0,ACT,77.0,253.0,Drake,163,163,0
tanner_hudson_CIN_2025,2fa75e05-cac4-4b40-8924-dbc9ae0c959c,Tanner Hudson,,TE,4000,4000,0.6,0.6,CIN,CIN,CLE,@ CLE,away,Sun 09/07 13:00,2025-09-07,FirstEnergy Stadium,2025_01_CIN_CLE,"https://static.www.nfl.com/image/upload/f_auto,q_auto/league/fbtxfvqvgv0al8msbr1e",87.0,ACT,77.0,241.0,Southern Arkansas,164,164,0
durham_smythe_CHI_2025,7e42a22a-c47b-4387-aeeb-2cc2e76dc1d8,Durham Smythe,,TE,4000,4000,0.6,0.6,CHI,CHI,MIN,vs MIN,home,Mon 09/08 20:15,2025-09-08,Soldier Field,2025_01_MIN_CHI,"https://static.www.nfl.com/image/upload/f_auto,q_auto/league/twxkgrnpjotgyhwawfsv",81.0,ACT,77.0,248.0,Notre Dame,165,165,0
teagan_quitoriano_ATL_2025,06cb6aff-c81e-4553-95ba-467187f408d4,Teagan Quitoriano,,TE,4000,4000,0.6,0.6,ATL,ATL,TB,vs TB,home,Sun 09/07 13:00,2025-09-07,Mercedes-Benz Stadium,2025_01_TB_ATL,"https://static.www.nfl.com/image/upload/f_auto,q_auto/league/tlfmx2ozvmglaxcrg7ko",85.0,ACT,78.0,259.0,Oregon State,166,166,0
sean_mckeon_IND_2025,0f369885-8ecd-4ca0-a3dc-df8530a0db6e,Sean McKeon,,TE,4000,4000,0.5,0.5,IND,IND,MIA,vs MIA,home,Sun 09/07 13:00,2025-09-07,Lucas Oil Stadium,2025_01_MIA_IND,"https://static.www.nfl.com/image/upload/f_auto,q_auto/league/hxwzrifzs1l10zu06h68",49.0,ACT,77.0,255.0,Michigan,167,167,0
feleipe_franks_ATL_2025,79a849be-0552-4da9-89ff-11d20a7a764a,Feleipe Franks,,TE,4000,4000,0.5,0.5,ATL,ATL,TB,vs TB,home,Sun 09/07 13:00,2025-09-07,Mercedes-Benz Stadium,2025_01_TB_ATL,"https://static.www.nfl.com/image/upload/f_auto,q_auto/league/ylaifrye1yyefjfqknma",84.0,ACT,78.0,241.0,Arkansas,168,168,0
connor_heyward_PIT_2025,62e96d7c-e4dd-4a90-8c3a-8017eb69120d,Connor Heyward,,TE,4000,4000,0.5,0.5,PIT,PIT,NYJ,@ NYJ,away,Sun 09/07 13:00,2025-09-07,MetLife Stadium,2025_01_PIT_NYJ,"https://static.www.nfl.com/image/upload/f_auto,q_auto/league/b9bnasge2v2dtctdtqnf",83.0,ACT,72.0,230.0,Michigan State,169,169,0
adam_trautman_DEN_2025,4e14183b-f974-4745-9d7f-8f5eb2a92a7d,Adam Trautman,,TE,4000,4000,0.5,0.5,DEN,DEN,TEN,vs TEN,home,Sun 09/07 16:05,2025-09-07,Empower Field at Mile High,2025_01_TEN_DEN,"https://static.www.nfl.com/image/upload/f_auto,q_auto/league/qvqigum2qjhil0z3er2c",82.0,ACT,77.0,253.0,Dayton,170,170,0
jaheim_bell_NE_2025,c9b2f6f5-b8bc-48ca-ac33-fa18883c2f6b,Jaheim Bell,,TE,4000,4000,0.5,0.5,NE,NE,LV,vs LV,home,Sun 09/07 13:00,2025-09-07,Gillette Stadium,2025_01_LV_NE,"https://static.www.nfl.com/image/upload/f_auto,q_auto/league/psbwq5bse6vv9bpzqssr",88.0,ACT,74.0,241.0,Florida State,171,171,0
josiah_deguara_ARI_2025,7874d188-0fcd-4af9-9289-27c27e2bbd16,Josiah Deguara,,TE,4000,4000,0.5,0.5,ARI,ARI,NO,@ NO,away,Sun 09/07 13:00,2025-09-07,Mercedes-Benz Superdome,2025_01_ARI_NO,"https://static.www.nfl.com/image/upload/f_auto,q_auto/league/ppvzbuhwwaus50k2xyr2",47.0,ACT,74.0,240.0,Cincinnati,172,172,0
ko_kieft_TB_2025,f96b8338-4ffb-4612-8c29-58dc3b12db69,Ko Kieft,,TE,4000,4000,0.5,0.5,TB,TB,ATL,@ ATL,away,Sun 09/07 13:00,2025-09-07,Mercedes-Benz Stadium,2025_01_TB_ATL,"https://static.www.nfl.com/image/upload/f_auto,q_auto/league/e4waf9pysxdyyhtpmgwp",41.0,ACT,77.0,265.0,Minnesota,173,173,0
lamar_jackson_ATL_2025,e06a9c07-453a-4bb0-a7e9-2c3a64166dad,Lamar Jackson,,DB,8600,8600,19.0,19.0,ATL,ATL,TB,vs TB,home,Sun 09/07 13:00,2025-09-07,Mercedes-Benz Stadium,2025_01_TB_ATL,"https://static.www.nfl.com/image/upload/f_auto,q_auto/league/cruqs6qpbykh7a2whd7p",38.0,ACT,74.0,205.0,Louisville,3,3,0
michael_burton__2025,80715ecf-ffc9-4a93-a305-2193451b3382,Michael Burton,,FB,4000,4000,3.2,3.2,,,,TBD,,TBD,,,,"https://static.www.nfl.com/image/upload/f_auto,q_auto/league/edfaq7s9wuzedbfcarrp",20.0,ACT,72.0,247.0,Rutgers,36,36,0
brandon_johnson_PHI_2025,d90f8660-d251-11ec-b16e-cf7159baf83d,Brandon Johnson,,DB,4000,4000,2.1,2.1,PHI,PHI,DAL,vs DAL,home,Thu 09/04 20:20,2025-09-04,Lincoln Financial Field,2025_01_DAL_PHI,"https://static.www.nfl.com/image/upload/f_auto,q_auto/league/vb8zdr36pece37wq6eth",35.0,ACT,74.0,195.0,UCF,66,66,0
terrace_marshall_jr._PHI_2025,,Terrace Marshall Jr.,Terrace Marshall Jr.,,4000,4000,1.1,1.1,PHI,PHI,DAL,vs DAL,home,Thu 09/04 20:20,2025-09-04,Lincoln Financial Field,2025_01_DAL_PHI,,,ACT,,,,113,113,0
