sportradar_player_id,name,display_name,first_name,last_name,position,jersey,height,weight,birth_date,birth_place,experience,college,high_school,draft_year,draft_round,draft_pick,draft_team,status,rookie,years_pro,team_id,team_name,team_alias,team_market,updated,export_timestamp
014613d0-057f-11ef-b81d-51c506ab6dea,Drake Nugent,,Drake,Nugent,OL,66.0,73,300.0,2001-02-09,"Lone Tree, CO, USA",1,Michigan,Highlands Ranch (CO),,,,,ACT,,,f0e724b0-4cbf-495a-be47-013907608da9,49ers,SF,San Francisco,,2025-08-06T22:12:53.262561
0589b224-bfc7-47a5-b89d-ff58ef2dcf21,Tre Brown,,Tre,Brown,CB,22.0,70,185.0,1997-09-24,"Tulsa, OK, USA",5,Oklahoma,Union (OK),2021.0,4.0,,"{'id': '3d08af9e-c767-4f88-a7dc-b920c6d2b4a8', 'name': 'Seahawks', 'market': 'Seattle', 'alias': 'SEA', 'sr_id': 'sr:competitor:4430'}",ACT,,,f0e724b0-4cbf-495a-be47-013907608da9,49ers,SF,San Francisco,,2025-08-06T22:12:53.262578
07b963d4-aef7-4874-ba04-f9b1ec1142d3,Bryce Huff,,Bryce,Huff,DL,47.0,75,255.0,1998-04-17,"Mobile, AL, USA",6,Memphis,St. Paul's Episcopal (AL),,,,,ACT,,,f0e724b0-4cbf-495a-be47-013907608da9,49ers,SF,San Francisco,,2025-08-06T22:12:53.262583
0c9102ea-9fe8-4900-9d33-8eab299cf9ce,Chazz Surratt,,Chazz,Surratt,LB,46.0,74,233.0,1997-02-16,"Denver, NC, USA",4,North Carolina,East Lincoln (NC),2021.0,3.0,,"{'id': '33405046-04ee-4058-a950-d606f8c30852', 'name': 'Vikings', 'market': 'Minnesota', 'alias': 'MIN', 'sr_id': 'sr:competitor:4423'}",ACT,,,f0e724b0-4cbf-495a-be47-013907608da9,49ers,SF,San Francisco,,2025-08-06T22:12:53.262594
0ed4e34e-cf29-4579-ad3b-c5c94c701d22,Connor Colby,,Connor,Colby,OL,75.0,77,309.0,2003-01-16,"Cedar Rapids, IA, USA",0,Iowa,John F. Kennedy (IA),2025.0,7.0,,"{'id': 'f0e724b0-4cbf-495a-be47-013907608da9', 'name': '49ers', 'market': 'San Francisco', 'alias': 'SF', 'sr_id': 'sr:competitor:4389'}",ACT,,,f0e724b0-4cbf-495a-be47-013907608da9,49ers,SF,San Francisco,,2025-08-06T22:12:53.262598
0f78cd80-2301-11f0-9ada-6f0f03a59a12,Jakob Robinson,,Jakob,Robinson,CB,49.0,70,181.0,,"Orem, UT, USA",0,BYU,Orem (UT),,,,,ACT,,,f0e724b0-4cbf-495a-be47-013907608da9,49ers,SF,San Francisco,,2025-08-06T22:12:53.262603
129815b7-f914-4155-b8e3-e93021670dd7,Spencer Burford,,Spencer,Burford,OL,74.0,76,300.0,2000-07-19,"San Antonio, TX, USA",4,UTSA,Wagner (TX),2022.0,4.0,,"{'id': 'f0e724b0-4cbf-495a-be47-013907608da9', 'name': '49ers', 'market': 'San Francisco', 'alias': 'SF', 'sr_id': 'sr:competitor:4389'}",ACT,,,f0e724b0-4cbf-495a-be47-013907608da9,49ers,SF,San Francisco,,2025-08-06T22:12:53.262608
1a7caa50-2fa5-4651-85d6-05cda9d9b3b3,Colton McKivitz,,Colton,McKivitz,OL,68.0,78,301.0,1996-08-09,"Jacobsburg, OH, USA",6,West Virginia,Union Local (OH),2020.0,5.0,,"{'id': 'f0e724b0-4cbf-495a-be47-013907608da9', 'name': '49ers', 'market': 'San Francisco', 'alias': 'SF', 'sr_id': 'sr:competitor:4389'}",ACT,,,f0e724b0-4cbf-495a-be47-013907608da9,49ers,SF,San Francisco,,2025-08-06T22:12:53.262612
1b412617-dee5-4c07-bdfc-e26eeff7fe80,Kurtis Rourke,,Kurtis,Rourke,QB,4.0,76,220.0,2000-10-25,"Oakville, ON, CAN",0,Indiana,Holy Trininty (ON),2025.0,7.0,,"{'id': 'f0e724b0-4cbf-495a-be47-013907608da9', 'name': '49ers', 'market': 'San Francisco', 'alias': 'SF', 'sr_id': 'sr:competitor:4389'}",ACT,,,f0e724b0-4cbf-495a-be47-013907608da9,49ers,SF,San Francisco,,2025-08-06T22:12:53.262617
247d9790-2574-11f0-8bf8-a78d98770897,Stone Blanton,,Stone,Blanton,LB,50.0,73,227.0,,"Jackson, MS, USA",0,Mississippi State,Madison-Ridgeland (MS),,,,,ACT,,,f0e724b0-4cbf-495a-be47-013907608da9,49ers,SF,San Francisco,,2025-08-06T22:12:53.262630
26d8a2c0-22fc-11f0-8ef7-9d1c6b97ed67,Drew Moss,,Drew,Moss,OL,55.0,75,303.0,,"Richardson, TX, USA",0,Colorado State,Richardson (TX),,,,,ACT,,,f0e724b0-4cbf-495a-be47-013907608da9,49ers,SF,San Francisco,,2025-08-06T22:12:53.262634
2a86a6b4-58ef-42f5-aff9-d5d979bea6c7,Kevin Givens,,Kevin,Givens,DL,90.0,73,285.0,1997-03-01,"Newark, NJ, USA",6,Penn State,Altoona (PA),,,,,ACT,,,f0e724b0-4cbf-495a-be47-013907608da9,49ers,SF,San Francisco,,2025-08-06T22:12:53.262638
2b93704f-fab1-40b3-b13e-07d85303bb25,Renardo Green,,Renardo,Green,CB,0.0,72,186.0,2000-11-09,"Orlando, FL, USA",2,Florida State,Wekiva (FL),2024.0,2.0,,"{'id': 'f0e724b0-4cbf-495a-be47-013907608da9', 'name': '49ers', 'market': 'San Francisco', 'alias': 'SF', 'sr_id': 'sr:competitor:4389'}",ACT,,,f0e724b0-4cbf-495a-be47-013907608da9,49ers,SF,San Francisco,,2025-08-06T22:12:53.262648
30ee4a00-04fb-11ef-bec6-79d1846dfa68,Carter Bradley,,Carter,Bradley,QB,17.0,75,213.0,2000-03-09,"Jacksonville, FL, USA",1,South Alabama,Providence (FL),,,,,ACT,,,f0e724b0-4cbf-495a-be47-013907608da9,49ers,SF,San Francisco,,2025-08-06T22:12:53.262652
3a886c50-d3a0-11ec-96a0-c3471a31202c,Dallis Flowers,,Dallis,Flowers,CB,35.0,73,196.0,1997-06-04,"Chicago, IL, USA",4,Pittsburg State,Oak Park-River Forest (IL),,,,,ACT,,,f0e724b0-4cbf-495a-be47-013907608da9,49ers,SF,San Francisco,,2025-08-06T22:12:53.262656
3a8c7440-0584-11ef-a728-9b9d81627453,Evan Anderson,,Evan,Anderson,DL,58.0,75,326.0,2002-02-14,"West Orlando, FL, USA",2,Florida Atlantic,Jones (FL),,,,,ACT,,,f0e724b0-4cbf-495a-be47-013907608da9,49ers,SF,San Francisco,,2025-08-06T22:12:53.262660
3beaed67-ca01-4603-be1f-78abfb6037b5,Richie Grant,,Richie,Grant,SAF,24.0,72,200.0,1997-11-09,"Lumberton, MS, USA",5,UCF,Choctawhatchee (FL),2021.0,2.0,,"{'id': 'e6aa13a4-0055-48a9-bc41-be28dc106929', 'name': 'Falcons', 'market': 'Atlanta', 'alias': 'ATL', 'sr_id': 'sr:competitor:4393'}",ACT,,,f0e724b0-4cbf-495a-be47-013907608da9,49ers,SF,San Francisco,,2025-08-06T22:12:53.262669
445efcfc-1646-4823-89f7-8b6005266d13,Jordan Elliott,,Jordan,Elliott,DL,92.0,76,303.0,1997-11-23,"Missouri City, TX, USA",6,Missouri,Westside (TX),2020.0,3.0,,"{'id': 'd5a2eb42-8065-4174-ab79-0a6fa820e35e', 'name': 'Browns', 'market': 'Cleveland', 'alias': 'CLE', 'sr_id': 'sr:competitor:4417'}",ACT,,,f0e724b0-4cbf-495a-be47-013907608da9,49ers,SF,San Francisco,,2025-08-06T22:12:53.262678
47d7bf64-314d-4f9a-a0b4-d928efc7d0da,Nick Martin,,Nick,Martin,LB,45.0,71,221.0,2002-10-13,"Texarkana, TX, USA",0,Oklahoma State,Pleasant Grove (TX),2025.0,3.0,,"{'id': 'f0e724b0-4cbf-495a-be47-013907608da9', 'name': '49ers', 'market': 'San Francisco', 'alias': 'SF', 'sr_id': 'sr:competitor:4389'}",ACT,,,f0e724b0-4cbf-495a-be47-013907608da9,49ers,SF,San Francisco,,2025-08-06T22:12:53.262692
489ad3d0-303d-11f0-b3d6-7fc7c050227e,Derrick Canteen,,Derrick,Canteen,SAF,40.0,70,193.0,,"Evans, GA, USA",0,Cincinnati,Evans (GA),,,,,ACT,,,f0e724b0-4cbf-495a-be47-013907608da9,49ers,SF,San Francisco,,2025-08-06T22:12:53.262696
4c1b3190-50e2-4918-8e3b-7bb012f8b304,Curtis Robinson,,Curtis,Robinson,LB,59.0,75,235.0,1998-06-02,"Irvine, CA, USA",4,Stanford,Mater Dei (CA),,,,,ACT,,,f0e724b0-4cbf-495a-be47-013907608da9,49ers,SF,San Francisco,,2025-08-06T22:12:53.262700
4e1e4a5a-a8c2-45e8-8c0b-c8ac10724666,C.J. West,,C.J.,West,DT,99.0,73,316.0,2002-06-12,"Chicago, IL, USA",0,Indiana,Nazareth Academy (IL),2025.0,4.0,,"{'id': 'f0e724b0-4cbf-495a-be47-013907608da9', 'name': '49ers', 'market': 'San Francisco', 'alias': 'SF', 'sr_id': 'sr:competitor:4389'}",ACT,,,f0e724b0-4cbf-495a-be47-013907608da9,49ers,SF,San Francisco,,2025-08-06T22:12:53.262705
53b64223-ded9-41c1-9d2b-a8c2de8963d0,Ben Bartch,,Ben,Bartch,OL,78.0,78,315.0,1998-07-22,"Dayton, OR, USA",6,St. John's (MN),Blanchet Catholic (OR),2020.0,4.0,,"{'id': 'f7ddd7fa-0bae-4f90-bc8e-669e4d6cf2de', 'name': 'Jaguars', 'market': 'Jacksonville', 'alias': 'JAC', 'sr_id': 'sr:competitor:4386'}",ACT,,,f0e724b0-4cbf-495a-be47-013907608da9,49ers,SF,San Francisco,,2025-08-06T22:12:53.262709
5478c682-15ff-4932-97f3-6725c413c2c1,Isaac Alarcon,,Isaac,Alarcon,OL,67.0,79,320.0,1998-07-27,"Monterrey,, MEX",1,Tecnologico de Monterrey (MEX),UANL (MEX),,,,,SUS,,,f0e724b0-4cbf-495a-be47-013907608da9,49ers,SF,San Francisco,,2025-08-06T22:12:53.262713
586bc34d-f368-4d82-96b1-816d08fa2837,Jonathan Garvin,,Jonathan,Garvin,DL,96.0,76,257.0,1999-07-28,"Lake Worth, FL, USA",4,Miami (FL),Lake Worth (FL),2020.0,7.0,,"{'id': 'a20471b4-a8d9-40c7-95ad-90cc30e46932', 'name': 'Packers', 'market': 'Green Bay', 'alias': 'GB', 'sr_id': 'sr:competitor:4420'}",ACT,,,f0e724b0-4cbf-495a-be47-013907608da9,49ers,SF,San Francisco,,2025-08-06T22:12:53.262718
59271dc0-c95d-11ec-b1d2-d334745b4f4f,Sam Okuayinonu,,Sam,Okuayinonu,DL,91.0,73,269.0,1998-05-01,"Lowell, MA, USA",3,Maryland,Lowell (MA),,,,,ACT,,,f0e724b0-4cbf-495a-be47-013907608da9,49ers,SF,San Francisco,,2025-08-06T22:12:53.262722
5d64ba96-04f6-41ee-8620-ed251f16485c,Robert Beal Jr.,,Robert,Beal,DL,51.0,76,250.0,1999-08-18,"Duluth, GA, USA",3,Georgia,Peachtree Ridge (GA),2023.0,5.0,,"{'id': 'f0e724b0-4cbf-495a-be47-013907608da9', 'name': '49ers', 'market': 'San Francisco', 'alias': 'SF', 'sr_id': 'sr:competitor:4389'}",ACT,,,f0e724b0-4cbf-495a-be47-013907608da9,49ers,SF,San Francisco,,2025-08-06T22:12:53.262727
5dda70c3-9fba-4e08-b855-b7c175d9d281,Chase Lucas,,Chase,Lucas,CB,26.0,71,184.0,1997-03-04,"Chandler, AZ, USA",3,Arizona State,Chandler (AZ),2022.0,7.0,,"{'id': 'c5a59daa-53a7-4de0-851f-fb12be893e9e', 'name': 'Lions', 'market': 'Detroit', 'alias': 'DET', 'sr_id': 'sr:competitor:4419'}",ACT,,,f0e724b0-4cbf-495a-be47-013907608da9,49ers,SF,San Francisco,,2025-08-06T22:12:53.262731
5eb6ff1f-98c2-499b-9d11-37c3d1173993,Tatum Bethune,,Tatum,Bethune,LB,48.0,73,230.0,2001-02-19,"Miami, FL, USA",2,Florida State,Miami Central Senior (FL),2024.0,7.0,,"{'id': 'f0e724b0-4cbf-495a-be47-013907608da9', 'name': '49ers', 'market': 'San Francisco', 'alias': 'SF', 'sr_id': 'sr:competitor:4389'}",ACT,,,f0e724b0-4cbf-495a-be47-013907608da9,49ers,SF,San Francisco,,2025-08-06T22:12:53.262736
5ff63fe6-3b33-4f0d-bc51-d5e84d862b08,Fabian Moreau,,Fabian,Moreau,CB,43.0,72,200.0,1994-04-09,"Fort Lauderdale, FL, USA",8,UCLA,Western (FL),2017.0,3.0,,"{'id': '22052ff7-c065-42ee-bc8f-c4691c50e624', 'name': 'Commanders', 'market': 'Washington', 'alias': 'WAS', 'sr_id': 'sr:competitor:4432'}",ACT,,,f0e724b0-4cbf-495a-be47-013907608da9,49ers,SF,San Francisco,,2025-08-06T22:12:53.262740
617c4aee-a205-49de-8a16-655bb6f08143,Marques Sigle,,Marques,Sigle,SAF,36.0,71,199.0,2002-07-18,"Omaha, NE, USA",0,Kansas State,Omaha North (NE),2025.0,5.0,,"{'id': 'f0e724b0-4cbf-495a-be47-013907608da9', 'name': '49ers', 'market': 'San Francisco', 'alias': 'SF', 'sr_id': 'sr:competitor:4389'}",ACT,,,f0e724b0-4cbf-495a-be47-013907608da9,49ers,SF,San Francisco,,2025-08-06T22:12:53.262747
626586f3-5706-443e-a272-c6d9e6239784,Ji'Ayir Brown,,Ji'Ayir,Brown,SAF,27.0,71,202.0,2000-01-25,"Trenton, NJ, USA",3,Penn State,Trenton Central (NC),2023.0,3.0,,"{'id': 'f0e724b0-4cbf-495a-be47-013907608da9', 'name': '49ers', 'market': 'San Francisco', 'alias': 'SF', 'sr_id': 'sr:competitor:4389'}",ACT,,,f0e724b0-4cbf-495a-be47-013907608da9,49ers,SF,San Francisco,,2025-08-06T22:12:53.262752
64316351-72d7-45fa-9391-1c9dbcccd560,Nick Zakelj,,Nick,Zakelj,OL,63.0,78,316.0,1999-06-22,"Broadview Heights, OH, USA",4,Fordham,Brecksville-Broadview (OH),2022.0,6.0,,"{'id': 'f0e724b0-4cbf-495a-be47-013907608da9', 'name': '49ers', 'market': 'San Francisco', 'alias': 'SF', 'sr_id': 'sr:competitor:4389'}",ACT,,,f0e724b0-4cbf-495a-be47-013907608da9,49ers,SF,San Francisco,,2025-08-06T22:12:53.262756
658f1215-e84a-4170-aaea-a6e8bacc8ff5,Jake Brendel,,Jake,Brendel,OL,64.0,76,299.0,1992-09-10,"Madison, WI, USA",8,UCLA,Plano East (TX),,,,,ACT,,,f0e724b0-4cbf-495a-be47-013907608da9,49ers,SF,San Francisco,,2025-08-06T22:12:53.262762
6c50f131-80dd-4aea-a34d-dac06d5cf91a,Andre Dillard,,Andre,Dillard,OL,65.0,77,315.0,1995-10-03,"Woodinville, WA, USA",7,Washington State,Woodinville (WA),2019.0,1.0,,"{'id': '386bdbf9-9eea-4869-bb9a-274b0bc66e80', 'name': 'Eagles', 'market': 'Philadelphia', 'alias': 'PHI', 'sr_id': 'sr:competitor:4428'}",PUP,,,f0e724b0-4cbf-495a-be47-013907608da9,49ers,SF,San Francisco,,2025-08-06T22:12:53.262771
6eb93170-2574-11f0-9c31-7be29dd508e2,Sebastian Valdez,,Sebastian,Valdez,DL,55.0,75,301.0,,"Spring Valley, CA, USA",0,Washington,Monte Vista (CA),,,,,ACT,,,f0e724b0-4cbf-495a-be47-013907608da9,49ers,SF,San Francisco,,2025-08-06T22:12:53.262775
72a42703-19b7-417c-87ce-344fd792f5ca,Eli Apple,,Eli,Apple,CB,30.0,73,203.0,1995-08-09,"Philadelphia, PA, USA",10,Ohio State,Eastern (PA),2016.0,1.0,,"{'id': '04aa1c9d-66da-489d-b16a-1dee3f2eec4d', 'name': 'Giants', 'market': 'New York', 'alias': 'NYG', 'sr_id': 'sr:competitor:4426'}",ACT,,,f0e724b0-4cbf-495a-be47-013907608da9,49ers,SF,San Francisco,,2025-08-06T22:12:53.262784
75a74283-5ab6-49d4-bf2f-e6fcaf91ec36,Fred Warner,,Fred,Warner,LB,54.0,75,230.0,1996-11-19,"San Marcos, CA, USA",8,BYU,Mission Hills (CA),2018.0,3.0,,"{'id': 'f0e724b0-4cbf-495a-be47-013907608da9', 'name': '49ers', 'market': 'San Francisco', 'alias': 'SF', 'sr_id': 'sr:competitor:4389'}",ACT,,,f0e724b0-4cbf-495a-be47-013907608da9,49ers,SF,San Francisco,,2025-08-06T22:12:53.262793
80422fa0-20c3-40d8-a3e6-93f55b09b872,Zack Johnson,,Zack,Johnson,OL,69.0,78,301.0,1997-01-19,"Blaine, MN, USA",1,North Dakota State,Spring Lake Park (MN),,,,,ACT,,,f0e724b0-4cbf-495a-be47-013907608da9,49ers,SF,San Francisco,,2025-08-06T22:12:53.262799
854d07f2-11cc-4dc1-bdaf-e8cce2c89a75,Bradlee Anae,,Bradlee,Anae,DL,69.0,75,260.0,1998-01-17,"Laie, HI, USA",4,Utah,Kahuku (HI),2020.0,5.0,,"{'id': 'e627eec7-bbae-4fa4-8e73-8e1d6bc5c060', 'name': 'Cowboys', 'market': 'Dallas', 'alias': 'DAL', 'sr_id': 'sr:competitor:4392'}",ACT,,,f0e724b0-4cbf-495a-be47-013907608da9,49ers,SF,San Francisco,,2025-08-06T22:12:53.262808
88f0ff15-15d5-42e7-be1c-f6c254d945e6,Jalen Graham,,Jalen,Graham,LB,41.0,75,220.0,2001-01-11,"Detroit, MI, USA",3,Purdue,Cass Tech (MI),2023.0,7.0,,"{'id': 'f0e724b0-4cbf-495a-be47-013907608da9', 'name': '49ers', 'market': 'San Francisco', 'alias': 'SF', 'sr_id': 'sr:competitor:4389'}",ACT,,,f0e724b0-4cbf-495a-be47-013907608da9,49ers,SF,San Francisco,,2025-08-06T22:12:53.262813
89485e60-0c90-11ef-847b-59ca29d83f35,Jaylen Mahoney,,Jaylen,Mahoney,SAF,38.0,71,200.0,2000-11-19,"Rock Hill, SC, USA",1,Vanderbilt,South Pointe (SP),,,,,ACT,,,f0e724b0-4cbf-495a-be47-013907608da9,49ers,SF,San Francisco,,2025-08-06T22:12:53.262817
897df186-8ae8-4eaa-8a83-90952b47ab55,Isaiah Prince,,Isaiah,Prince,T,76.0,79,305.0,1997-07-29,"Greenbelt, MD, USA",5,Ohio State,Eleanor Roosevelt (MD),2019.0,6.0,,"{'id': '4809ecb0-abd3-451d-9c4a-92a90b83ca06', 'name': 'Dolphins', 'market': 'Miami', 'alias': 'MIA', 'sr_id': 'sr:competitor:4287'}",ACT,,,f0e724b0-4cbf-495a-be47-013907608da9,49ers,SF,San Francisco,,2025-08-06T22:12:53.262822
8b45bbcf-b700-4db4-8382-163ddf2db169,Darrell Luter Jr.,,Darrell,Luter,CB,28.0,72,190.0,2000-04-24,"Hattiesburg, MS, USA",3,South Alabama,Oak Grove (MS),2023.0,5.0,,"{'id': 'f0e724b0-4cbf-495a-be47-013907608da9', 'name': '49ers', 'market': 'San Francisco', 'alias': 'SF', 'sr_id': 'sr:competitor:4389'}",ACT,,,f0e724b0-4cbf-495a-be47-013907608da9,49ers,SF,San Francisco,,2025-08-06T22:12:53.262831
8ca53dc6-9a7f-41a6-9b69-d199a6784013,Jason Pinnock,,Jason,Pinnock,SAF,25.0,72,200.0,1999-06-30,"Windsor, CT, USA",5,Pittsburgh,Windsor (CT),2021.0,5.0,,"{'id': '5fee86ae-74ab-4bdd-8416-42a9dd9964f3', 'name': 'Jets', 'market': 'New York', 'alias': 'NYJ', 'sr_id': 'sr:competitor:4427'}",ACT,,,f0e724b0-4cbf-495a-be47-013907608da9,49ers,SF,San Francisco,,2025-08-06T22:12:53.262837
987c5e68-21d5-4bcb-a5f3-2e09cc512374,Nick Bosa,,Nick,Bosa,DL,97.0,76,266.0,1997-10-23,"Fort Lauderdale, FL, USA",7,Ohio State,St. Thomas Aquinas (FL),2019.0,1.0,,"{'id': 'f0e724b0-4cbf-495a-be47-013907608da9', 'name': '49ers', 'market': 'San Francisco', 'alias': 'SF', 'sr_id': 'sr:competitor:4389'}",ACT,,,f0e724b0-4cbf-495a-be47-013907608da9,49ers,SF,San Francisco,,2025-08-06T22:12:53.262846
a362249b-336e-48d3-a6ee-02de7274b4e6,Dee Winters,,Dee,Winters,LB,53.0,71,227.0,2000-10-17,"Brenham, TX, USA",3,TCU,Burton (TX),2023.0,6.0,,"{'id': 'f0e724b0-4cbf-495a-be47-013907608da9', 'name': '49ers', 'market': 'San Francisco', 'alias': 'SF', 'sr_id': 'sr:competitor:4389'}",ACT,,,f0e724b0-4cbf-495a-be47-013907608da9,49ers,SF,San Francisco,,2025-08-06T22:12:53.262855
b23e22bb-d478-4312-a085-e7642017ccfb,Jon Weeks,,Jon,Weeks,LS,46.0,70,245.0,1986-02-17,"Atlanta, GA, USA",16,Baylor,Westlake (GA),,,,,ACT,,,f0e724b0-4cbf-495a-be47-013907608da9,49ers,SF,San Francisco,,2025-08-06T22:12:53.262868
b53b3aa5-5ef4-4d54-a4f1-8be678e980d2,Mykel Williams,,Mykel,Williams,DL,98.0,79,267.0,2004-06-29,"Warm Springs, GA, USA",0,Georgia,Hardaway (GA),2025.0,1.0,,"{'id': 'f0e724b0-4cbf-495a-be47-013907608da9', 'name': '49ers', 'market': 'San Francisco', 'alias': 'SF', 'sr_id': 'sr:competitor:4389'}",ACT,,,f0e724b0-4cbf-495a-be47-013907608da9,49ers,SF,San Francisco,,2025-08-06T22:12:53.262873
b67ab6d1-bed0-4dd0-a21a-d4108fc07711,Junior Bergen,,Junior,Bergen,WR,86.0,69,184.0,,"Billings, MT, USA",0,Montana,Billings (MT),2025.0,7.0,,"{'id': 'f0e724b0-4cbf-495a-be47-013907608da9', 'name': '49ers', 'market': 'San Francisco', 'alias': 'SF', 'sr_id': 'sr:competitor:4389'}",ACT,,,f0e724b0-4cbf-495a-be47-013907608da9,49ers,SF,San Francisco,,2025-08-06T22:12:53.262877
b9500cb3-e259-4d5e-a75c-66b2611c0454,Malik Mustapha,,Malik,Mustapha,SAF,6.0,70,206.0,2002-06-25,"Charlotte, NC, USA",2,Wake Forest,Weddington (NC),2024.0,4.0,,"{'id': 'f0e724b0-4cbf-495a-be47-013907608da9', 'name': '49ers', 'market': 'San Francisco', 'alias': 'SF', 'sr_id': 'sr:competitor:4389'}",PUP,,,f0e724b0-4cbf-495a-be47-013907608da9,49ers,SF,San Francisco,,2025-08-06T22:12:53.262882
bc8260d5-231f-4337-9979-7c1c40bc6cd0,Luke Gifford,,Luke,Gifford,LB,57.0,75,243.0,1995-08-28,"Lincoln, NE, USA",7,Nebraska,Lincoln Southeast (NE),,,,,ACT,,,f0e724b0-4cbf-495a-be47-013907608da9,49ers,SF,San Francisco,,2025-08-06T22:12:53.262886
bd65c350-6044-415a-8749-e70a3b8f86e2,Jordan Watkins,,Jordan,Watkins,WR,17.0,71,196.0,2002-02-15,"Louisville, KY, USA",0,Ole Miss,Butler (KY),2025.0,4.0,,"{'id': 'f0e724b0-4cbf-495a-be47-013907608da9', 'name': '49ers', 'market': 'San Francisco', 'alias': 'SF', 'sr_id': 'sr:competitor:4389'}",ACT,,,f0e724b0-4cbf-495a-be47-013907608da9,49ers,SF,San Francisco,,2025-08-06T22:12:53.262890
c16040c3-7534-4eeb-956c-8ed3be9972ec,Jordan James,,Jordan,James,RB,29.0,69,208.0,2004-03-29,"Nashville, TN, USA",0,Oregon,Oakland (TN),2025.0,5.0,,"{'id': 'f0e724b0-4cbf-495a-be47-013907608da9', 'name': '49ers', 'market': 'San Francisco', 'alias': 'SF', 'sr_id': 'sr:competitor:4389'}",ACT,,,f0e724b0-4cbf-495a-be47-013907608da9,49ers,SF,San Francisco,,2025-08-06T22:12:53.262895
c2e8a5f9-98db-4f9d-8720-c919db450134,Upton Stout,,Upton,Stout,CB,20.0,69,181.0,2002-01-09,"Houston, TX, USA",0,Western Kentucky,North Shore (TX),2025.0,3.0,,"{'id': 'f0e724b0-4cbf-495a-be47-013907608da9', 'name': '49ers', 'market': 'San Francisco', 'alias': 'SF', 'sr_id': 'sr:competitor:4389'}",ACT,,,f0e724b0-4cbf-495a-be47-013907608da9,49ers,SF,San Francisco,,2025-08-06T22:12:53.262899
c498bd15-f54b-4371-ab38-549b1c6d9201,Matt Hennessy,,Matt,Hennessy,OL,61.0,75,315.0,1997-11-17,"Bardonia, NY, USA",5,Temple,Don Bosco Prep (NJ),2020.0,3.0,,"{'id': 'e6aa13a4-0055-48a9-bc41-be28dc106929', 'name': 'Falcons', 'market': 'Atlanta', 'alias': 'ATL', 'sr_id': 'sr:competitor:4393'}",ACT,,,f0e724b0-4cbf-495a-be47-013907608da9,49ers,SF,San Francisco,,2025-08-06T22:12:53.262904
c63b4450-d4cf-4edd-8b53-516cf001f17a,Tre Tomlinson,,Tre,Tomlinson,CB,35.0,69,177.0,2000-01-10,"Waco, TX, USA",3,TCU,Midway (TX),2023.0,6.0,,"{'id': '2eff2a03-54d4-46ba-890e-2bc3925548f3', 'name': 'Rams', 'market': 'Los Angeles', 'alias': 'LA', 'sr_id': 'sr:competitor:4387'}",IR,,,f0e724b0-4cbf-495a-be47-013907608da9,49ers,SF,San Francisco,,2025-08-06T22:12:53.262913
c7483e80-2574-11f0-b082-a1e374c45b00,Corey Kiner,,Corey,Kiner,RB,49.0,69,209.0,2002-01-21,"Cincinnati, OH, USA",0,Cincinnati,Roger Bacon (OH),,,,,ACT,,,f0e724b0-4cbf-495a-be47-013907608da9,49ers,SF,San Francisco,,2025-08-06T22:12:53.262917
cedc5875-2b9f-4fc7-8e86-6895732bafa7,Austen Pleasants,,Austen,Pleasants,OL,62.0,79,330.0,1997-08-22,"Ironton, OH, USA",1,Ohio,Dawson-Bryant Coal Grove (OH),,,,,ACT,,,f0e724b0-4cbf-495a-be47-013907608da9,49ers,SF,San Francisco,,2025-08-06T22:12:53.262926
d4855cb0-057f-11ef-bf97-c57510b0ddc1,Terique Owens,,Terique,Owens,WR,83.0,75,200.0,1999-09-25,"Pleasanton, CA, USA",1,Missouri State,Bishop O'Dowd (CA),,,,,ACT,,,f0e724b0-4cbf-495a-be47-013907608da9,49ers,SF,San Francisco,,2025-08-06T22:12:53.262940
d6b2b573-e7da-42ad-950a-cb0f21710e0d,Kalia Davis,,Kalia,Davis,DL,93.0,74,310.0,1998-10-02,"Pensacola, FL, USA",4,UCF,West Florida Tech (FL),2022.0,6.0,,"{'id': 'f0e724b0-4cbf-495a-be47-013907608da9', 'name': '49ers', 'market': 'San Francisco', 'alias': 'SF', 'sr_id': 'sr:competitor:4389'}",ACT,,,f0e724b0-4cbf-495a-be47-013907608da9,49ers,SF,San Francisco,,2025-08-06T22:12:53.262949
d81084a7-c3bd-4746-883c-12797db9859a,Alfred Collins,,Alfred,Collins,DT,95.0,77,332.0,2001-10-08,"Bastrop, TX, USA",0,Texas,Cedar Creek (TX),2025.0,2.0,,"{'id': 'f0e724b0-4cbf-495a-be47-013907608da9', 'name': '49ers', 'market': 'San Francisco', 'alias': 'SF', 'sr_id': 'sr:competitor:4389'}",ACT,,,f0e724b0-4cbf-495a-be47-013907608da9,49ers,SF,San Francisco,,2025-08-06T22:12:53.262954
d96afcfe-32fb-4a59-b75c-94a6184d3136,Yetur Gross-Matos,,Yetur,Gross-Matos,DL,94.0,77,265.0,1998-02-26,"Spotsylvania, VA, USA",6,Penn State,Chancellor (VA),2020.0,2.0,,"{'id': 'f14bf5cc-9a82-4a38-bc15-d39f75ed5314', 'name': 'Panthers', 'market': 'Carolina', 'alias': 'CAR', 'sr_id': 'sr:competitor:4415'}",PUP,,,f0e724b0-4cbf-495a-be47-013907608da9,49ers,SF,San Francisco,,2025-08-06T22:12:53.262958
dcd1b7b0-5768-4b66-b760-30dbcfd04b93,Bruce Hector,,Bruce,Hector,DL,60.0,74,296.0,1994-10-07,"Tampa, FL, USA",3,South Florida,Robinson (FL),,,,,ACT,,,f0e724b0-4cbf-495a-be47-013907608da9,49ers,SF,San Francisco,,2025-08-06T22:12:53.262962
e7a7eaea-0f77-42ab-b6a2-12ebcf51227c,Jake Moody,,Jake,Moody,K,4.0,73,210.0,1999-11-23,"Commerce Township, MI, USA",3,Michigan,Northville (MI),2023.0,3.0,,"{'id': 'f0e724b0-4cbf-495a-be47-013907608da9', 'name': '49ers', 'market': 'San Francisco', 'alias': 'SF', 'sr_id': 'sr:competitor:4389'}",ACT,,,f0e724b0-4cbf-495a-be47-013907608da9,49ers,SF,San Francisco,,2025-08-06T22:12:53.262971
e7e7dbae-02ea-4295-8e14-136c65fdd591,Tarron Jackson,,Tarron,Jackson,DL,56.0,74,254.0,1998-06-22,"Aiken, SC, USA",3,Coastal Carolina,Silver Bluff (SC),2021.0,6.0,,"{'id': '386bdbf9-9eea-4869-bb9a-274b0bc66e80', 'name': 'Eagles', 'market': 'Philadelphia', 'alias': 'PHI', 'sr_id': 'sr:competitor:4428'}",IR,,,f0e724b0-4cbf-495a-be47-013907608da9,49ers,SF,San Francisco,,2025-08-06T22:12:53.262976
ed14a72f-f378-4cec-a03d-c7be62a87262,Dominick Puni,,Dominick,Puni,OL,77.0,77,313.0,2000-02-24,"St. Charles, MO, USA",2,Kansas,Francis Howell Central (MO),2024.0,3.0,,"{'id': 'f0e724b0-4cbf-495a-be47-013907608da9', 'name': '49ers', 'market': 'San Francisco', 'alias': 'SF', 'sr_id': 'sr:competitor:4389'}",ACT,,,f0e724b0-4cbf-495a-be47-013907608da9,49ers,SF,San Francisco,,2025-08-06T22:12:53.262989
feba6320-072f-11ef-b052-f5406f03fedd,Jaylon Allen,,Jaylon,Allen,DL,76.0,75,240.0,2000-03-30,"Humble, TX, USA",1,Memphis,Atascocita (TX),,,,,ACT,,,f0e724b0-4cbf-495a-be47-013907608da9,49ers,SF,San Francisco,,2025-08-06T22:12:53.263002
00c33918-f3b1-4993-ba67-ec0db11ea349,Ameer Speed,,Ameer,Speed,CB,38.0,75,214.0,1999-10-13,"Jacksonville, FL, USA",3,Michigan State,Sandalwood (FL),2023.0,6.0,,"{'id': '97354895-8c77-4fd4-a860-32e62ea7382a', 'name': 'Patriots', 'market': 'New England', 'alias': 'NE', 'sr_id': 'sr:competitor:4424'}",ACT,,,7b112545-38e6-483c-a55c-96cf6ee49cb8,Bears,CHI,Chicago,,2025-08-06T22:12:54.787988
0642a1f6-70cc-4540-8fb4-d45d85513b33,Dominique Robinson,,Dominique,Robinson,DL,90.0,77,275.0,1998-07-02,"Canton, OH, USA",4,Miami (OH),Timken (OH),2022.0,5.0,,"{'id': '7b112545-38e6-483c-a55c-96cf6ee49cb8', 'name': 'Bears', 'market': 'Chicago', 'alias': 'CHI', 'sr_id': 'sr:competitor:4391'}",ACT,,,7b112545-38e6-483c-a55c-96cf6ee49cb8,Bears,CHI,Chicago,,2025-08-06T22:12:54.788050
08553010-dfb8-4ca8-86a0-8159355f8705,Ryan Bates,,Ryan,Bates,OL,71.0,76,306.0,1997-02-14,"Langhorne, PA, USA",7,Penn State,Archbishop Wood (PA),,,,,ACT,,,7b112545-38e6-483c-a55c-96cf6ee49cb8,Bears,CHI,Chicago,,2025-08-06T22:12:54.788059
09dc5222-9669-4aba-9b67-dc87dfcf01fc,Nick McCloud,,Nick,McCloud,CB,24.0,73,191.0,1998-07-09,"Rock Hill, SC, USA",5,Notre Dame,South Pointe (SC),,,,,ACT,,,7b112545-38e6-483c-a55c-96cf6ee49cb8,Bears,CHI,Chicago,,2025-08-06T22:12:54.788068
19e8a5ff-c975-4f93-a27e-ff9b4a13d2a7,Braxton Jones,,Braxton,Jones,OL,70.0,77,303.0,1999-03-27,"Murray, UT, USA",4,Southern Utah,Murray (UT),2022.0,5.0,,"{'id': '7b112545-38e6-483c-a55c-96cf6ee49cb8', 'name': 'Bears', 'market': 'Chicago', 'alias': 'CHI', 'sr_id': 'sr:competitor:4391'}",ACT,,,7b112545-38e6-483c-a55c-96cf6ee49cb8,Bears,CHI,Chicago,,2025-08-06T22:12:54.788078
20067190-eb8e-11ed-baaf-c79583f716f6,Alex Cook,,Alex,Cook,SAF,37.0,72,204.0,1999-05-21,"Sacramento, CA, USA",2,Washington,Sheldon (CA),,,,,ACT,,,7b112545-38e6-483c-a55c-96cf6ee49cb8,Bears,CHI,Chicago,,2025-08-06T22:12:54.788095
2bdd20a0-25f6-11f0-88cc-d1262bd8f651,Tysheem Johnson,,Tysheem,Johnson,DB,33.0,70,195.0,2002-09-30,"Philadelphia, PA, USA",0,Oregon,Neumann Goretti (PA),,,,,ACT,,,7b112545-38e6-483c-a55c-96cf6ee49cb8,Bears,CHI,Chicago,,2025-08-06T22:12:54.788104
3008a8a1-5943-47ff-81ef-1b3367bbbecd,Noah Sewell,,Noah,Sewell,LB,44.0,73,246.0,2002-04-26,"Malaeimi,, ASM",3,Oregon,Orem (UT),2023.0,5.0,,"{'id': '7b112545-38e6-483c-a55c-96cf6ee49cb8', 'name': 'Bears', 'market': 'Chicago', 'alias': 'CHI', 'sr_id': 'sr:competitor:4391'}",ACT,,,7b112545-38e6-483c-a55c-96cf6ee49cb8,Bears,CHI,Chicago,,2025-08-06T22:12:54.788114
347eb6b1-1092-402e-8983-4094466cc17a,Ricky Stromberg,,Ricky,Stromberg,C,67.0,75,313.0,2000-11-10,"Tulsa, OK, USA",2,Arkansas,Union (OK),2023.0,3.0,,"{'id': '22052ff7-c065-42ee-bc8f-c4691c50e624', 'name': 'Commanders', 'market': 'Washington', 'alias': 'WAS', 'sr_id': 'sr:competitor:4432'}",ACT,,,7b112545-38e6-483c-a55c-96cf6ee49cb8,Bears,CHI,Chicago,,2025-08-06T22:12:54.788123
3c6085b1-7c02-498e-b587-1ff13c0ac27b,Terell Smith,,Terell,Smith,DB,32.0,72,204.0,1999-07-27,"Snellville, GA, USA",3,Minnesota,South Gwinnett (GA),2023.0,5.0,,"{'id': '7b112545-38e6-483c-a55c-96cf6ee49cb8', 'name': 'Bears', 'market': 'Chicago', 'alias': 'CHI', 'sr_id': 'sr:competitor:4391'}",ACT,,,7b112545-38e6-483c-a55c-96cf6ee49cb8,Bears,CHI,Chicago,,2025-08-06T22:12:54.788133
3dd3c120-05b2-11ef-a7ec-77a76ba1f065,Austin Reed,,Austin,Reed,QB,16.0,73,214.0,2000-02-22,"St. Augustine Beach, FL, USA",1,Western Kentucky,St. Augustine (FL),,,,,ACT,,,7b112545-38e6-483c-a55c-96cf6ee49cb8,Bears,CHI,Chicago,,2025-08-06T22:12:54.788141
4223ab40-071b-11ef-8947-5105bc3b519d,Jamree Kromah,,Jamree,Kromah,DL,59.0,75,268.0,2000-06-14,"Glenarden, MD, USA",1,James Madison,Charles Herbert (MD),,,,,ACT,,,7b112545-38e6-483c-a55c-96cf6ee49cb8,Bears,CHI,Chicago,,2025-08-06T22:12:54.788159
46352a70-25f5-11f0-83f2-77ca9eeac893,Jahdae Walker,,Jahdae,Walker,WR,20.0,75,206.0,,"Cleveland, OH, USA",0,Texas A&M,Shaker Heights (OH),,,,,ACT,,,7b112545-38e6-483c-a55c-96cf6ee49cb8,Bears,CHI,Chicago,,2025-08-06T22:12:54.788168
46e7a540-22fa-11f0-9b1e-5bbc697f9f6c,JP Richardson,,JP,Richardson,WR,26.0,71,192.0,,"Missouri City, TX, USA",0,TCU,Ridge Point (TX),,,,,ACT,,,7b112545-38e6-483c-a55c-96cf6ee49cb8,Bears,CHI,Chicago,,2025-08-06T22:12:54.788176
48df6eca-81f4-49ce-8908-48196a041c57,Tory Taylor,,Tory,Taylor,P,19.0,76,225.0,1997-07-10,"Melbourne,, AUS",2,Iowa,Haileybury (AUS),2024.0,4.0,,"{'id': '7b112545-38e6-483c-a55c-96cf6ee49cb8', 'name': 'Bears', 'market': 'Chicago', 'alias': 'CHI', 'sr_id': 'sr:competitor:4391'}",ACT,,,7b112545-38e6-483c-a55c-96cf6ee49cb8,Bears,CHI,Chicago,,2025-08-06T22:12:54.788186
4cbe3c80-0718-11ef-ad6b-0f2dd4b44ccd,Ian Wheeler,,Ian,Wheeler,RB,33.0,70,206.0,2001-09-15,"Houston, TX, USA",2,Howard,St. Thomas (TX),,,,,ACT,,,7b112545-38e6-483c-a55c-96cf6ee49cb8,Bears,CHI,Chicago,,2025-08-06T22:12:54.788214
4ee0937c-1250-4456-93d4-2d6afa064d5a,Joe Thuney,,Joe,Thuney,G,62.0,76,301.0,1992-11-18,"Centerville, OH, USA",10,North Carolina State,Archbishop Alter (OH),2016.0,3.0,,"{'id': '97354895-8c77-4fd4-a860-32e62ea7382a', 'name': 'Patriots', 'market': 'New England', 'alias': 'NE', 'sr_id': 'sr:competitor:4424'}",ACT,,,7b112545-38e6-483c-a55c-96cf6ee49cb8,Bears,CHI,Chicago,,2025-08-06T22:12:54.788224
62cd2cd5-8b40-4ee6-bfb8-0083edd105a2,Colston Loveland,,Colston,Loveland,TE,84.0,78,241.0,2004-04-09,"Goldendale, WA, USA",0,Michigan,Gooding (ID),2025.0,1.0,,"{'id': '7b112545-38e6-483c-a55c-96cf6ee49cb8', 'name': 'Bears', 'market': 'Chicago', 'alias': 'CHI', 'sr_id': 'sr:competitor:4391'}",ACT,,,7b112545-38e6-483c-a55c-96cf6ee49cb8,Bears,CHI,Chicago,,2025-08-06T22:12:54.788233
64d9cda4-1ff4-4b21-bdba-586877c70813,Tyrique Stevenson,,Tyrique,Stevenson,DB,29.0,72,212.0,2000-05-26,"Miami, FL, USA",3,Miami (FL),Miami Southridge (FL),2023.0,2.0,,"{'id': '7b112545-38e6-483c-a55c-96cf6ee49cb8', 'name': 'Bears', 'market': 'Chicago', 'alias': 'CHI', 'sr_id': 'sr:competitor:4391'}",ACT,,,7b112545-38e6-483c-a55c-96cf6ee49cb8,Bears,CHI,Chicago,,2025-08-06T22:12:54.788243
67760ee1-c969-488f-b449-b8c37e7e32bb,Andrew Billings,,Andrew,Billings,DL,97.0,73,340.0,1995-03-06,"Waco, TX, USA",9,Baylor,Waco (TX),2016.0,4.0,,"{'id': 'ad4ae08f-d808-42d5-a1e6-e9bc4e34d123', 'name': 'Bengals', 'market': 'Cincinnati', 'alias': 'CIN', 'sr_id': 'sr:competitor:4416'}",ACT,,,7b112545-38e6-483c-a55c-96cf6ee49cb8,Bears,CHI,Chicago,,2025-08-06T22:12:54.788253
6bbb8551-be80-4eae-a1a5-9f877f917a05,Scott Daly,,Scott,Daly,LS,46.0,74,245.0,1994-02-07,"Downers Grove, IL, USA",5,Notre Dame,Downers Grove South (IL),,,,,ACT,,,7b112545-38e6-483c-a55c-96cf6ee49cb8,Bears,CHI,Chicago,,2025-08-06T22:12:54.788271
6dbc1c10-83ed-40ba-b747-365ef1c0623a,Shaun Wade,,Shaun,Wade,CB,26.0,73,196.0,1998-09-15,"Jacksonville, FL, USA",4,Ohio State,Trinity Christian Academy (FL),2021.0,5.0,,"{'id': 'ebd87119-b331-4469-9ea6-d51fe3ce2f1c', 'name': 'Ravens', 'market': 'Baltimore', 'alias': 'BAL', 'sr_id': 'sr:competitor:4413'}",ACT,,,7b112545-38e6-483c-a55c-96cf6ee49cb8,Bears,CHI,Chicago,,2025-08-06T22:12:54.788280
6edec23b-f938-40f7-a151-1db5374880dd,Kyle Monangai,,Kyle,Monangai,RB,25.0,68,207.0,2002-06-06,"Roseland, NJ, USA",0,Rutgers,Don Bosco (NJ),2025.0,7.0,,"{'id': '7b112545-38e6-483c-a55c-96cf6ee49cb8', 'name': 'Bears', 'market': 'Chicago', 'alias': 'CHI', 'sr_id': 'sr:competitor:4391'}",ACT,,,7b112545-38e6-483c-a55c-96cf6ee49cb8,Bears,CHI,Chicago,,2025-08-06T22:12:54.788290
73c958ee-0d55-49e9-a613-f4475b444fd5,Tre Flowers,,Tre,Flowers,CB,37.0,75,203.0,1995-06-02,"Converse, TX, USA",8,Oklahoma State,Judson (TX),2018.0,5.0,,"{'id': '3d08af9e-c767-4f88-a7dc-b920c6d2b4a8', 'name': 'Seahawks', 'market': 'Seattle', 'alias': 'SEA', 'sr_id': 'sr:competitor:4430'}",ACT,,,7b112545-38e6-483c-a55c-96cf6ee49cb8,Bears,CHI,Chicago,,2025-08-06T22:12:54.788300
78ad74c0-22f9-11f0-8b9f-6ddb00adf3a1,Power Echols,,Power,Echols,LB,57.0,71,240.0,2003-01-20,"Charlotte, NC, USA",0,North Carolina,Chambers (NC),,,,,ACT,,,7b112545-38e6-483c-a55c-96cf6ee49cb8,Bears,CHI,Chicago,,2025-08-06T22:12:54.788309
7b656870-9a01-46dc-8319-662333d74463,Ozzy Trapilo,,Ozzy,Trapilo,OL,75.0,80,312.0,2001-10-17,"Norwell, MA, USA",0,Boston College,Boston (MA),2025.0,2.0,,"{'id': '7b112545-38e6-483c-a55c-96cf6ee49cb8', 'name': 'Bears', 'market': 'Chicago', 'alias': 'CHI', 'sr_id': 'sr:competitor:4391'}",ACT,,,7b112545-38e6-483c-a55c-96cf6ee49cb8,Bears,CHI,Chicago,,2025-08-06T22:12:54.788318
7dadd460-0a45-11ef-829a-8b9f8c151637,Swayze Bozeman,,Swayze,Bozeman,LB,27.0,73,230.0,1998-11-02,"Flora, MS, USA",1,Southern Miss,Tri-County Academy (MS),,,,,ACT,,,7b112545-38e6-483c-a55c-96cf6ee49cb8,Bears,CHI,Chicago,,2025-08-06T22:12:54.788327
7e7edc80-7287-11f0-8763-dd1069e97c84,Thomas Gordon,,Thomas,Gordon,TE,48.0,77,255.0,,"Houston, TX, USA",0,Northwestern,Strake Jesuit (TX),,,,,ACT,,,7b112545-38e6-483c-a55c-96cf6ee49cb8,Bears,CHI,Chicago,,2025-08-06T22:12:54.788345
81f84780-25f6-11f0-bfac-bd2427320add,Deion Hankins,,Deion,Hankins,RB,35.0,71,226.0,2000-09-13,"El Paso, TX, USA",0,Texas State,Parkland (TX),,,,,ACT,,,7b112545-38e6-483c-a55c-96cf6ee49cb8,Bears,CHI,Chicago,,2025-08-06T22:12:54.788354
85ad179c-3812-4070-a6eb-28f33b9b2d0d,Elijah Hicks,,Elijah,Hicks,DB,22.0,71,204.0,1999-10-16,"Long Beach, CA, USA",4,California,La Mirada (CA),2022.0,7.0,,"{'id': '7b112545-38e6-483c-a55c-96cf6ee49cb8', 'name': 'Bears', 'market': 'Chicago', 'alias': 'CHI', 'sr_id': 'sr:competitor:4391'}",ACT,,,7b112545-38e6-483c-a55c-96cf6ee49cb8,Bears,CHI,Chicago,,2025-08-06T22:12:54.788372
85ce588a-b747-4307-84ee-f987f3abf456,Kyler Gordon,,Kyler,Gordon,DB,6.0,71,200.0,1999-12-17,"Mukilteo, WA, USA",4,Washington,Archbishop Murphy (WA),2022.0,2.0,,"{'id': '7b112545-38e6-483c-a55c-96cf6ee49cb8', 'name': 'Bears', 'market': 'Chicago', 'alias': 'CHI', 'sr_id': 'sr:competitor:4391'}",ACT,,,7b112545-38e6-483c-a55c-96cf6ee49cb8,Bears,CHI,Chicago,,2025-08-06T22:12:54.788382
869c1100-07d8-11ef-8879-2d52fbcc0113,Theo Benedet,,Theo,Benedet,G,79.0,79,304.0,2001-10-12,"North Vancouver, BC, CAN",1,British Columbia (CAN),,,,,,ACT,,,7b112545-38e6-483c-a55c-96cf6ee49cb8,Bears,CHI,Chicago,,2025-08-06T22:12:54.788390
87895e2c-f210-497d-956a-cb5aac9fd8b5,Zacch Pickens,,Zacch,Pickens,DL,96.0,76,303.0,2000-03-06,"Anderson, SC, USA",3,South Carolina,T. L. Hanna (SC),2023.0,3.0,,"{'id': '7b112545-38e6-483c-a55c-96cf6ee49cb8', 'name': 'Bears', 'market': 'Chicago', 'alias': 'CHI', 'sr_id': 'sr:competitor:4391'}",ACT,,,7b112545-38e6-483c-a55c-96cf6ee49cb8,Bears,CHI,Chicago,,2025-08-06T22:12:54.788400
88976fed-0ffd-40a8-98ea-0c6c55010000,Tremaine Edmunds,,Tremaine,Edmunds,LB,49.0,76,251.0,1998-05-02,"Danville, VA, USA",8,Virginia Tech,Dan River (VA),2018.0,1.0,,"{'id': '768c92aa-75ff-4a43-bcc0-f2798c2e1724', 'name': 'Bills', 'market': 'Buffalo', 'alias': 'BUF', 'sr_id': 'sr:competitor:4376'}",ACT,,,7b112545-38e6-483c-a55c-96cf6ee49cb8,Bears,CHI,Chicago,,2025-08-06T22:12:54.788420
8da4c940-6483-46e7-af3b-c49e8d2355c7,Ruben Hyppolite II,,Ruben,Hyppolite,LB,47.0,72,236.0,2001-09-16,"Fort Lauderdale, FL, USA",0,Maryland,American Heritage (FL),2025.0,4.0,,"{'id': '7b112545-38e6-483c-a55c-96cf6ee49cb8', 'name': 'Bears', 'market': 'Chicago', 'alias': 'CHI', 'sr_id': 'sr:competitor:4391'}",ACT,,,7b112545-38e6-483c-a55c-96cf6ee49cb8,Bears,CHI,Chicago,,2025-08-06T22:12:54.788429
8e4ef0be-4bc6-4569-b062-313e4179e02d,Zah Frazier,,Zah,Frazier,DB,20.0,75,186.0,2000-10-05,"Cedartown, GA, USA",0,UTSA,Cedartown (GA),2025.0,5.0,,"{'id': '7b112545-38e6-483c-a55c-96cf6ee49cb8', 'name': 'Bears', 'market': 'Chicago', 'alias': 'CHI', 'sr_id': 'sr:competitor:4391'}",ACT,,,7b112545-38e6-483c-a55c-96cf6ee49cb8,Bears,CHI,Chicago,,2025-08-06T22:12:54.788439
8fe5d8d0-d07c-11ec-baf4-2bea5426a448,Chris Glaser,,Chris,Glaser,OL,63.0,76,308.0,1999-10-01,"Solon, OH, USA",2,Virginia,Solon (OH),,,,,ACT,,,7b112545-38e6-483c-a55c-96cf6ee49cb8,Bears,CHI,Chicago,,2025-08-06T22:12:54.788447
9276f490-25f5-11f0-a499-4bb8a251d91e,Xavier Carlton,,Xavier,Carlton,DL,93.0,78,273.0,2001-08-22,"Modesto, CA, USA",0,California,Juan Diego Catholic (UT),,,,,ACT,,,7b112545-38e6-483c-a55c-96cf6ee49cb8,Bears,CHI,Chicago,,2025-08-06T22:12:54.788456
962a7bc0-2f6e-11f0-847f-53ebb13f6537,Jeremiah Walker,,Jeremiah,Walker,DB,23.0,72,192.0,,"Houston, TX, USA",0,Stephen F. Austin,Dulles (TX),,,,,ACT,,,7b112545-38e6-483c-a55c-96cf6ee49cb8,Bears,CHI,Chicago,,2025-08-06T22:12:54.788464
965096f8-96e9-4998-9681-133174582621,Jaquan Brisker,,Jaquan,Brisker,DB,9.0,73,204.0,1999-04-20,"Pittsburgh, PA, USA",4,Penn State,Gateway (PA),2022.0,2.0,,"{'id': '7b112545-38e6-483c-a55c-96cf6ee49cb8', 'name': 'Bears', 'market': 'Chicago', 'alias': 'CHI', 'sr_id': 'sr:competitor:4391'}",ACT,,,7b112545-38e6-483c-a55c-96cf6ee49cb8,Bears,CHI,Chicago,,2025-08-06T22:12:54.788474
994f3d7b-1f01-45fe-ba66-4d853d4b09fb,Dayo Odeyingbo,,Dayo,Odeyingbo,DL,55.0,77,282.0,1999-09-24,"Brooklyn, NY, USA",5,Vanderbilt,Ranchview (TX),2021.0,2.0,,"{'id': '82cf9565-6eb9-4f01-bdbd-5aa0d472fcd9', 'name': 'Colts', 'market': 'Indianapolis', 'alias': 'IND', 'sr_id': 'sr:competitor:4421'}",ACT,,,7b112545-38e6-483c-a55c-96cf6ee49cb8,Bears,CHI,Chicago,,2025-08-06T22:12:54.788483
99b81b41-fb3b-4650-940b-9cb3770021ba,Jaylon Johnson,,Jaylon,Johnson,DB,1.0,72,195.0,1999-04-19,"Fresno, CA, USA",6,Utah,Central East (CA),2020.0,2.0,,"{'id': '7b112545-38e6-483c-a55c-96cf6ee49cb8', 'name': 'Bears', 'market': 'Chicago', 'alias': 'CHI', 'sr_id': 'sr:competitor:4391'}",NON,,,7b112545-38e6-483c-a55c-96cf6ee49cb8,Bears,CHI,Chicago,,2025-08-06T22:12:54.788493
a1be5d02-d5c4-42f6-8749-7ac2ff2a6f09,Chris Williams,,Chris,Williams,DT,91.0,74,298.0,1998-06-16,"Brooklyn, NY, USA",4,Wagner,Lafayette (NY),,,,,ACT,,,7b112545-38e6-483c-a55c-96cf6ee49cb8,Bears,CHI,Chicago,,2025-08-06T22:12:54.788511
a219134d-2fd5-4335-9b3e-281f2ba8f536,Doug Kramer Jr.,,Doug,Kramer,OL,68.0,74,300.0,1998-06-04,"Hinsdale, IL, USA",4,Illinois,Hinsdale Central (IL),2022.0,6.0,,"{'id': '7b112545-38e6-483c-a55c-96cf6ee49cb8', 'name': 'Bears', 'market': 'Chicago', 'alias': 'CHI', 'sr_id': 'sr:competitor:4391'}",ACT,,,7b112545-38e6-483c-a55c-96cf6ee49cb8,Bears,CHI,Chicago,,2025-08-06T22:12:54.788521
a28e18bd-eb1c-48cb-b1ad-b2de212313e2,Bill Murray,,Bill,Murray,OL,60.0,75,321.0,1997-07-03,"Milington, NJ, USA",2,William & Mary,Delbarton (NJ),,,,,ACT,,,7b112545-38e6-483c-a55c-96cf6ee49cb8,Bears,CHI,Chicago,,2025-08-06T22:12:54.788529
a4c21977-c9d1-40f8-abee-0862dfab9195,Luther Burden III,,Luther,Burden,WR,87.0,72,210.0,2003-12-12,"St. Louis, MO, USA",0,Missouri,East St. Louis (MO),2025.0,2.0,,"{'id': '7b112545-38e6-483c-a55c-96cf6ee49cb8', 'name': 'Bears', 'market': 'Chicago', 'alias': 'CHI', 'sr_id': 'sr:competitor:4391'}",ACT,,,7b112545-38e6-483c-a55c-96cf6ee49cb8,Bears,CHI,Chicago,,2025-08-06T22:12:54.788539
a4ff5690-ba65-4edf-b97b-b001667e1bc5,Daniel Hardy,,Daniel,Hardy,DL,92.0,74,255.0,1998-12-15,"Beaverton, OR, USA",3,Montana State,Valley Catholic (OR),2022.0,7.0,,"{'id': '2eff2a03-54d4-46ba-890e-2bc3925548f3', 'name': 'Rams', 'market': 'Los Angeles', 'alias': 'LA', 'sr_id': 'sr:competitor:4387'}",ACT,,,7b112545-38e6-483c-a55c-96cf6ee49cb8,Bears,CHI,Chicago,,2025-08-06T22:12:54.788550
a7b4b50a-9431-4551-89e1-6b8cb80536d7,T.J. Edwards,,T.J.,Edwards,LB,53.0,72,228.0,1996-08-12,"Lake Villa, IL, USA",7,Wisconsin,Lakes Community (IL),,,,,ACT,,,7b112545-38e6-483c-a55c-96cf6ee49cb8,Bears,CHI,Chicago,,2025-08-06T22:12:54.788558
ad2b5f00-113e-11ef-8903-07c57a65e644,John Jackson,,John,Jackson,WR,82.0,72,213.0,1999-08-23,"Redondo Beach, CA, USA",1,Nevada,Serra (CA),,,,,ACT,,,7b112545-38e6-483c-a55c-96cf6ee49cb8,Bears,CHI,Chicago,,2025-08-06T22:12:54.788567
b40add10-22f8-11f0-b42c-b17b086f009d,Major Burns,,Major,Burns,DB,35.0,74,209.0,2002-05-22,"Baton Rouge, LA, USA",0,LSU,Madison Prep Academy (LA),,,,,ACT,,,7b112545-38e6-483c-a55c-96cf6ee49cb8,Bears,CHI,Chicago,,2025-08-06T22:12:54.788575
b8672af0-22fb-11f0-a2bc-e76944bc58b7,Luke Elkin,,Luke,Elkin,LS,43.0,73,235.0,2002-06-27,"Neenah, WI, USA",0,Iowa,Neenah (WI),,,,,ACT,,,7b112545-38e6-483c-a55c-96cf6ee49cb8,Bears,CHI,Chicago,,2025-08-06T22:12:54.788584
b9a05879-8264-4958-9e5d-3d6f2b899b77,Jordan McFadden,,Jordan,McFadden,OL,74.0,74,306.0,1999-11-16,"Spartanburg, SC, USA",3,Clemson,Dorman (SC),2023.0,5.0,,"{'id': '1f6dcffb-9823-43cd-9ff4-e7a8466749b5', 'name': 'Chargers', 'market': 'Los Angeles', 'alias': 'LAC', 'sr_id': 'sr:competitor:4429'}",ACT,,,7b112545-38e6-483c-a55c-96cf6ee49cb8,Bears,CHI,Chicago,,2025-08-06T22:12:54.788594
c0221755-d6a6-4f55-9ed3-672a9625ee6c,Joshua Miles,,Joshua,Miles,T,78.0,77,318.0,1996-01-04,"Baltimore, MD, USA",4,Morgan State,Western Tech (MD),2019.0,7.0,,"{'id': 'de760528-1dc0-416a-a978-b510d20692ff', 'name': 'Cardinals', 'market': 'Arizona', 'alias': 'ARI', 'sr_id': 'sr:competitor:4412'}",ACT,,,7b112545-38e6-483c-a55c-96cf6ee49cb8,Bears,CHI,Chicago,,2025-08-06T22:12:54.788603
c0ef478c-d387-40ac-b35d-4bc034f24a12,Amen Ogbongbemiga,,Amen,Ogbongbemiga,LB,45.0,73,226.0,1998-09-04,"Lagos,, NGA",5,Oklahoma State,Notre Dame (CAN),,,,,ACT,,,7b112545-38e6-483c-a55c-96cf6ee49cb8,Bears,CHI,Chicago,,2025-08-06T22:12:54.788612
c70d84d3-b202-42e3-8e6e-5d87170960aa,Shemar Turner,,Shemar,Turner,DL,95.0,75,293.0,2003-01-14,"DeSoto, TX, USA",0,Texas A&M,DeSoto (TX),2025.0,2.0,,"{'id': '7b112545-38e6-483c-a55c-96cf6ee49cb8', 'name': 'Bears', 'market': 'Chicago', 'alias': 'CHI', 'sr_id': 'sr:competitor:4391'}",ACT,,,7b112545-38e6-483c-a55c-96cf6ee49cb8,Bears,CHI,Chicago,,2025-08-06T22:12:54.788629
c909532a-693e-4e8f-b853-fbf41037c100,Kevin Byard III,,Kevin,Byard,DB,31.0,71,218.0,1993-08-17,"Lithonia, GA, USA",10,Middle Tennessee,Martin Luther King (GA),2016.0,3.0,,"{'id': 'd26a1ca5-722d-4274-8f97-c92e49c96315', 'name': 'Titans', 'market': 'Tennessee', 'alias': 'TEN', 'sr_id': 'sr:competitor:367364'}",ACT,,,7b112545-38e6-483c-a55c-96cf6ee49cb8,Bears,CHI,Chicago,,2025-08-06T22:12:54.788639
cb43fb1e-9c65-4462-8c05-798d5885b845,Tanoh Kpassagnon,,Tanoh,Kpassagnon,DL,69.0,79,289.0,1994-06-14,"Kalamazoo, MI, USA",8,Villanova,Wissahickon (PA),2017.0,2.0,,"{'id': '6680d28d-d4d2-49f6-aace-5292d3ec02c2', 'name': 'Chiefs', 'market': 'Kansas City', 'alias': 'KC', 'sr_id': 'sr:competitor:4422'}",ACT,,,7b112545-38e6-483c-a55c-96cf6ee49cb8,Bears,CHI,Chicago,,2025-08-06T22:12:54.788649
cc1cc1ef-551b-444e-be5b-1eeb5c3a4177,Jonah Jackson,,Jonah,Jackson,OL,73.0,75,319.0,1997-02-05,"Media, PA, USA",6,Ohio State,Penncrest (PA),2020.0,3.0,,"{'id': 'c5a59daa-53a7-4de0-851f-fb12be893e9e', 'name': 'Lions', 'market': 'Detroit', 'alias': 'DET', 'sr_id': 'sr:competitor:4419'}",ACT,,,7b112545-38e6-483c-a55c-96cf6ee49cb8,Bears,CHI,Chicago,,2025-08-06T22:12:54.788659
d2710837-baa1-46e3-94c8-7dffe08c93bb,Drew Dalman,,Drew,Dalman,OL,52.0,75,301.0,1998-10-15,"Salinas, CA, USA",5,Stanford,Palma (CA),2021.0,4.0,,"{'id': 'e6aa13a4-0055-48a9-bc41-be28dc106929', 'name': 'Falcons', 'market': 'Atlanta', 'alias': 'ATL', 'sr_id': 'sr:competitor:4393'}",ACT,,,7b112545-38e6-483c-a55c-96cf6ee49cb8,Bears,CHI,Chicago,,2025-08-06T22:12:54.788688
d96ff17c-841a-4768-8e08-3a4cfcb7f717,Cairo Santos,,Cairo,Santos,K,8.0,68,173.0,1991-11-12,"St. Augustine, FL, USA",12,Tulane,St. Joseph's Academy (FL),,,,,ACT,,,7b112545-38e6-483c-a55c-96cf6ee49cb8,Bears,CHI,Chicago,,2025-08-06T22:12:54.788726
dc9f346f-cb89-4c68-b6f8-ab7f0e971224,Luke Newman,,Luke,Newman,OL,65.0,75,308.0,2002-03-31,"Bloomfield Hills, MI, USA",0,Michigan State,Brother (MI),2025.0,6.0,,"{'id': '7b112545-38e6-483c-a55c-96cf6ee49cb8', 'name': 'Bears', 'market': 'Chicago', 'alias': 'CHI', 'sr_id': 'sr:competitor:4391'}",ACT,,,7b112545-38e6-483c-a55c-96cf6ee49cb8,Bears,CHI,Chicago,,2025-08-06T22:12:54.788736
ddf76000-e775-11ed-94a4-29de8209e516,Joel Wilson,,Joel,Wilson,TE,86.0,76,245.0,2000-06-21,"Petoskey, MI, USA",1,Central Michigan,Petoskey (MI),,,,,ACT,,,7b112545-38e6-483c-a55c-96cf6ee49cb8,Bears,CHI,Chicago,,2025-08-06T22:12:54.788745
e062739b-9948-47aa-aa50-604483c45b8b,Austin Booker,,Austin,Booker,DL,94.0,78,245.0,2002-12-14,"Greenwood, IN, USA",2,Kansas,Center Grove (IN),2024.0,5.0,,"{'id': '7b112545-38e6-483c-a55c-96cf6ee49cb8', 'name': 'Bears', 'market': 'Chicago', 'alias': 'CHI', 'sr_id': 'sr:competitor:4391'}",ACT,,,7b112545-38e6-483c-a55c-96cf6ee49cb8,Bears,CHI,Chicago,,2025-08-06T22:12:54.788755
e1fe1900-fae3-414e-8530-55eece80471f,Grady Jarrett,,Grady,Jarrett,DL,50.0,73,294.0,1993-04-28,"Conyers, GA, USA",11,Clemson,Rockdale County (GA),2015.0,5.0,,"{'id': 'e6aa13a4-0055-48a9-bc41-be28dc106929', 'name': 'Falcons', 'market': 'Atlanta', 'alias': 'ATL', 'sr_id': 'sr:competitor:4393'}",ACT,,,7b112545-38e6-483c-a55c-96cf6ee49cb8,Bears,CHI,Chicago,,2025-08-06T22:12:54.788765
e3601423-c3ac-4013-bbe9-3478e2b7e1dd,Montez Sweat,,Montez,Sweat,DL,98.0,78,270.0,1996-09-04,"Stone Mountain, GA, USA",7,Mississippi State,Stephenson (GA),2019.0,1.0,,"{'id': '22052ff7-c065-42ee-bc8f-c4691c50e624', 'name': 'Commanders', 'market': 'Washington', 'alias': 'WAS', 'sr_id': 'sr:competitor:4432'}",ACT,,,7b112545-38e6-483c-a55c-96cf6ee49cb8,Bears,CHI,Chicago,,2025-08-06T22:12:54.788774
e36f0e80-22fa-11f0-9dac-6f662a2700ab,Jonathan Kim,,Jonathan,Kim,K,27.0,72,232.0,2004-03-25,"Fredericksburg, VA, USA",0,Michigan State,Massaponax (VA),,,,,ACT,,,7b112545-38e6-483c-a55c-96cf6ee49cb8,Bears,CHI,Chicago,,2025-08-06T22:12:54.788783
e81a9670-071c-11ef-8ced-698c301ae08b,Carl Jones,,Carl,Jones,LB,43.0,72,223.0,2001-08-08,"Bakersfield, CA, USA",1,UCLA,Bakersfield (CA),,,,,ACT,,,7b112545-38e6-483c-a55c-96cf6ee49cb8,Bears,CHI,Chicago,,2025-08-06T22:12:54.788802
ef8a696d-2bdd-489f-8883-7b556900466a,Kiran Amegadjie,,Kiran,Amegadjie,OL,72.0,77,326.0,2002-02-01,"Hinsdale, IL, USA",2,Yale,Hinsdale Central (IL),2024.0,3.0,,"{'id': '7b112545-38e6-483c-a55c-96cf6ee49cb8', 'name': 'Bears', 'market': 'Chicago', 'alias': 'CHI', 'sr_id': 'sr:competitor:4391'}",ACT,,,7b112545-38e6-483c-a55c-96cf6ee49cb8,Bears,CHI,Chicago,,2025-08-06T22:12:54.788811
fb7f2f5e-3f3c-4497-ad52-1d5838d681ef,Darnell Wright,,Darnell,Wright,OL,58.0,77,325.0,2001-08-10,"Huntington, WV, USA",3,Tennessee,Huntington (WV),2023.0,1.0,,"{'id': '7b112545-38e6-483c-a55c-96cf6ee49cb8', 'name': 'Bears', 'market': 'Chicago', 'alias': 'CHI', 'sr_id': 'sr:competitor:4391'}",ACT,,,7b112545-38e6-483c-a55c-96cf6ee49cb8,Bears,CHI,Chicago,,2025-08-06T22:12:54.788831
fcb29e07-4978-4271-8ce0-53f4fcbd9517,Jonathan Ford,,Jonathan,Ford,DL,64.0,77,346.0,1998-09-29,"Fort Lauderdale, FL, USA",3,Miami (FL),Dillard (FL),2022.0,7.0,,"{'id': 'a20471b4-a8d9-40c7-95ad-90cc30e46932', 'name': 'Packers', 'market': 'Green Bay', 'alias': 'GB', 'sr_id': 'sr:competitor:4420'}",ACT,,,7b112545-38e6-483c-a55c-96cf6ee49cb8,Bears,CHI,Chicago,,2025-08-06T22:12:54.788841
fd3922bc-d7bf-4f2e-9255-d297a86b43d5,Gervon Dexter Sr.,,Gervon,Dexter,DL,99.0,78,326.0,2001-10-05,"Lake Wales, FL, USA",3,Florida,Lake Wales (FL),2023.0,2.0,,"{'id': '7b112545-38e6-483c-a55c-96cf6ee49cb8', 'name': 'Bears', 'market': 'Chicago', 'alias': 'CHI', 'sr_id': 'sr:competitor:4391'}",ACT,,,7b112545-38e6-483c-a55c-96cf6ee49cb8,Bears,CHI,Chicago,,2025-08-06T22:12:54.788850
00b1481f-e562-4727-9e2b-9ab3293f2748,McKinnley Jackson,,McKinnley,Jackson,DT,93.0,74,330.0,2001-12-26,"Lucedale, MS, USA",2,Texas A&M,George County (MS),2024.0,3.0,,"{'id': 'ad4ae08f-d808-42d5-a1e6-e9bc4e34d123', 'name': 'Bengals', 'market': 'Cincinnati', 'alias': 'CIN', 'sr_id': 'sr:competitor:4416'}",ACT,,,ad4ae08f-d808-42d5-a1e6-e9bc4e34d123,Bengals,CIN,Cincinnati,,2025-08-06T22:12:56.489703
01dee31c-a9cb-4017-8c7b-bd69ee8d96b6,Amarius Mims,,Amarius,Mims,OT,71.0,80,350.0,2002-10-14,"Cochran, GA, USA",2,Georgia,Bleckley County (GA),2024.0,1.0,,"{'id': 'ad4ae08f-d808-42d5-a1e6-e9bc4e34d123', 'name': 'Bengals', 'market': 'Cincinnati', 'alias': 'CIN', 'sr_id': 'sr:competitor:4416'}",ACT,,,ad4ae08f-d808-42d5-a1e6-e9bc4e34d123,Bengals,CIN,Cincinnati,,2025-08-06T22:12:56.489721
05cb1d47-3517-4410-a61b-75adabbfb910,Logan Wilson,,Logan,Wilson,LB,55.0,74,245.0,1996-07-08,"Casper, WY, USA",6,Wyoming,Natrona County (WY),2020.0,3.0,,"{'id': 'ad4ae08f-d808-42d5-a1e6-e9bc4e34d123', 'name': 'Bengals', 'market': 'Cincinnati', 'alias': 'CIN', 'sr_id': 'sr:competitor:4416'}",ACT,,,ad4ae08f-d808-42d5-a1e6-e9bc4e34d123,Bengals,CIN,Cincinnati,,2025-08-06T22:12:56.489727
07051810-22fd-11f0-92ef-d17a727f23b3,Howard Cross III,,Howard,Cross,DT,95.0,73,285.0,2001-07-31,"Paramus, NJ, USA",0,Notre Dame,St. Joseph Regional (NJ),,,,,ACT,,,ad4ae08f-d808-42d5-a1e6-e9bc4e34d123,Bengals,CIN,Cincinnati,,2025-08-06T22:12:56.489731
0ac39560-e760-11ed-ad1e-4d786886cff5,Mitchell Tinsley,,Mitchell,Tinsley,WR,82.0,73,205.0,1999-09-15,"Lee's Summit, MO, USA",2,Penn State,Lee's Summit (MO),,,,,ACT,,,ad4ae08f-d808-42d5-a1e6-e9bc4e34d123,Bengals,CIN,Cincinnati,,2025-08-06T22:12:56.489737
10c286f0-25f3-11f0-9baf-e55354641142,Bralyn Lux,,Bralyn,Lux,CB,21.0,70,180.0,,"San Jose, CA, USA",0,Texas Tech,The King's Academy (CA),,,,,ACT,,,ad4ae08f-d808-42d5-a1e6-e9bc4e34d123,Bengals,CIN,Cincinnati,,2025-08-06T22:12:56.489747
1a9c04d0-2300-11f0-81e7-7324245576a1,Rashod Owens,,Rashod,Owens,WR,12.0,74,218.0,2001-12-07,"San Antonio, TX, USA",0,Oklahoma State,Roosevelt (TX),,,,,ACT,,,ad4ae08f-d808-42d5-a1e6-e9bc4e34d123,Bengals,CIN,Cincinnati,,2025-08-06T22:12:56.489757
1e325ce0-22fe-11f0-a356-7595009c1109,Seth McLaughlin,,Seth,McLaughlin,C,68.0,76,304.0,2001-08-27,"Buford, GA, USA",0,Ohio State,Buford (GA),,,,,ACT,,,ad4ae08f-d808-42d5-a1e6-e9bc4e34d123,Bengals,CIN,Cincinnati,,2025-08-06T22:12:56.489761
286712c4-d8b6-45ff-a603-8f96fb2a8e83,Andrew Stueber,,Andrew,Stueber,OT,73.0,79,338.0,1999-07-01,"Darien, CT, USA",2,Michigan,Darien (CT),2022.0,7.0,,"{'id': '97354895-8c77-4fd4-a860-32e62ea7382a', 'name': 'Patriots', 'market': 'New England', 'alias': 'NE', 'sr_id': 'sr:competitor:4424'}",ACT,,,ad4ae08f-d808-42d5-a1e6-e9bc4e34d123,Bengals,CIN,Cincinnati,,2025-08-06T22:12:56.489766
2f1b4df5-a65b-4b13-8a86-81c03259e822,Cam Sample,,Cam,Sample,DE,96.0,75,272.0,1999-09-20,"Snellville, GA, USA",5,Tulane,Shiloh (GA),2021.0,4.0,,"{'id': 'ad4ae08f-d808-42d5-a1e6-e9bc4e34d123', 'name': 'Bengals', 'market': 'Cincinnati', 'alias': 'CIN', 'sr_id': 'sr:competitor:4416'}",ACT,,,ad4ae08f-d808-42d5-a1e6-e9bc4e34d123,Bengals,CIN,Cincinnati,,2025-08-06T22:12:56.489776
38c63ba0-0723-11ef-acb3-9348ceb755d6,Maema Njongmeta,,Maema,Njongmeta,LB,45.0,72,232.0,2001-03-09,"Buffalo Grove, IL, USA",2,Wisconsin,Adlai E. Stevenson (IL),,,,,ACT,,,ad4ae08f-d808-42d5-a1e6-e9bc4e34d123,Bengals,CIN,Cincinnati,,2025-08-06T22:12:56.489796
3971d35c-17f6-400e-8970-86bbf92cc744,Taven Bryan,,Taven,Bryan,DT,70.0,76,291.0,1996-03-11,"Casper, WY, USA",8,Florida,Natrona County (WY),2018.0,1.0,,"{'id': 'f7ddd7fa-0bae-4f90-bc8e-669e4d6cf2de', 'name': 'Jaguars', 'market': 'Jacksonville', 'alias': 'JAC', 'sr_id': 'sr:competitor:4386'}",ACT,,,ad4ae08f-d808-42d5-a1e6-e9bc4e34d123,Bengals,CIN,Cincinnati,,2025-08-06T22:12:56.489801
3a9818a0-0727-11ef-a006-5971d281be7d,PJ Jules,,PJ,Jules,SAF,37.0,72,203.0,2001-05-14,"Orlando, FL, USA",1,Southern Illinois,Jones (FL),,,,,ACT,,,ad4ae08f-d808-42d5-a1e6-e9bc4e34d123,Bengals,CIN,Cincinnati,,2025-08-06T22:12:56.489805
409f6cf2-cfd2-4712-80a2-9a62e0ad75c4,Marco Wilson,,Marco,Wilson,CB,24.0,71,191.0,1999-03-03,"Fort Lauderdale, FL, USA",5,Florida,American Heritage (FL),2021.0,4.0,,"{'id': 'de760528-1dc0-416a-a978-b510d20692ff', 'name': 'Cardinals', 'market': 'Arizona', 'alias': 'ARI', 'sr_id': 'sr:competitor:4412'}",ACT,,,ad4ae08f-d808-42d5-a1e6-e9bc4e34d123,Bengals,CIN,Cincinnati,,2025-08-06T22:12:56.489810
41d217b9-ec7b-4d72-8a0a-5f0e3a16b693,Trey Hendrickson,,Trey,Hendrickson,DE,91.0,76,265.0,1994-12-05,"Apopka, FL, USA",9,Florida Atlantic,Apopka (FL),2017.0,3.0,,"{'id': '0d855753-ea21-4953-89f9-0e20aff9eb73', 'name': 'Saints', 'market': 'New Orleans', 'alias': 'NO', 'sr_id': 'sr:competitor:4425'}",ACT,,,ad4ae08f-d808-42d5-a1e6-e9bc4e34d123,Bengals,CIN,Cincinnati,,2025-08-06T22:12:56.489815
46b69ef9-920c-4645-abf7-139738e3fd9c,Dax Hill,,Dax,Hill,CB,23.0,72,195.0,2000-09-29,"Tulsa, OK, USA",4,Michigan,Booker T. Washington (OK),2022.0,1.0,,"{'id': 'ad4ae08f-d808-42d5-a1e6-e9bc4e34d123', 'name': 'Bengals', 'market': 'Cincinnati', 'alias': 'CIN', 'sr_id': 'sr:competitor:4416'}",ACT,,,ad4ae08f-d808-42d5-a1e6-e9bc4e34d123,Bengals,CIN,Cincinnati,,2025-08-06T22:12:56.489820
57633980-07cf-11ef-b13e-a3ae804c7cd8,Ryan Rehkow,,Ryan,Rehkow,P,8.0,76,235.0,1998-09-11,"Veradale, WA, USA",2,BYU,Central Valley (WA),,,,,ACT,,,ad4ae08f-d808-42d5-a1e6-e9bc4e34d123,Bengals,CIN,Cincinnati,,2025-08-06T22:12:56.489829
57a21028-b3a1-494b-ade8-7e94c7108823,Jalen Davis,,Jalen,Davis,CB,35.0,70,186.0,1996-02-02,"La Mesa, CA, USA",5,Utah State,Helix (CA),,,,,ACT,,,ad4ae08f-d808-42d5-a1e6-e9bc4e34d123,Bengals,CIN,Cincinnati,,2025-08-06T22:12:56.489834
5c24d0c5-076c-4db5-9bd0-e67f7c42ad50,B.J. Hill,,B.J.,Hill,DT,92.0,75,311.0,1995-04-20,"Oakboro, NC, USA",8,North Carolina State,West Stanly (NC),2018.0,3.0,,"{'id': '04aa1c9d-66da-489d-b16a-1dee3f2eec4d', 'name': 'Giants', 'market': 'New York', 'alias': 'NYG', 'sr_id': 'sr:competitor:4426'}",ACT,,,ad4ae08f-d808-42d5-a1e6-e9bc4e34d123,Bengals,CIN,Cincinnati,,2025-08-06T22:12:56.489839
5d4fc75b-c99a-44f8-983c-c7b15e929a7a,Tanner McLachlan,,Tanner,McLachlan,TE,84.0,77,244.0,1999-03-15,"Lethbridge, AB, CAN",2,Arizona,Lethbridge Collegiate Institute (CAN),2024.0,6.0,,"{'id': 'ad4ae08f-d808-42d5-a1e6-e9bc4e34d123', 'name': 'Bengals', 'market': 'Cincinnati', 'alias': 'CIN', 'sr_id': 'sr:competitor:4416'}",ACT,,,ad4ae08f-d808-42d5-a1e6-e9bc4e34d123,Bengals,CIN,Cincinnati,,2025-08-06T22:12:56.489844
5de30070-2302-11f0-991a-67346bf4b94b,Jordan Moore,,Jordan,Moore,WR,14.0,72,191.0,2002-04-18,"Sykesville, MD, USA",0,Duke,Loyola Blakefield (MD),,,,,ACT,,,ad4ae08f-d808-42d5-a1e6-e9bc4e34d123,Bengals,CIN,Cincinnati,,2025-08-06T22:12:56.489848
606de6c7-99a3-4d0e-b6c3-a5c570d402bc,Cedric Johnson,,Cedric,Johnson,DE,52.0,75,264.0,2002-09-06,"Mobile, AL, USA",2,Ole Miss,Davidson (AL),2024.0,6.0,,"{'id': 'ad4ae08f-d808-42d5-a1e6-e9bc4e34d123', 'name': 'Bengals', 'market': 'Cincinnati', 'alias': 'CIN', 'sr_id': 'sr:competitor:4416'}",ACT,,,ad4ae08f-d808-42d5-a1e6-e9bc4e34d123,Bengals,CIN,Cincinnati,,2025-08-06T22:12:56.489853
61efe370-25f2-11f0-accd-5748602b6295,Shaquan Loyal,,Shaquan,Loyal,SAF,47.0,72,202.0,2001-11-19,"Newark, NJ, USA",0,Rutgers,West Side (NJ),,,,,ACT,,,ad4ae08f-d808-42d5-a1e6-e9bc4e34d123,Bengals,CIN,Cincinnati,,2025-08-06T22:12:56.489857
62976179-ae2c-495f-9e94-cb3e49933243,Joe Giles-Harris,,Joe,Giles-Harris,LB,53.0,74,234.0,1997-04-01,"Nyack, NY, USA",2,Duke,St. Joseph Regional (NJ),,,,,ACT,,,ad4ae08f-d808-42d5-a1e6-e9bc4e34d123,Bengals,CIN,Cincinnati,,2025-08-06T22:12:56.489861
662f5408-2213-40d8-92d7-0b8eede2d35f,Tycen Anderson,,Tycen,Anderson,SAF,26.0,74,205.0,1999-06-13,"Toledo, OH, USA",4,Toledo,St. John's Jesuit (OH),2022.0,5.0,,"{'id': 'ad4ae08f-d808-42d5-a1e6-e9bc4e34d123', 'name': 'Bengals', 'market': 'Cincinnati', 'alias': 'CIN', 'sr_id': 'sr:competitor:4416'}",ACT,,,ad4ae08f-d808-42d5-a1e6-e9bc4e34d123,Bengals,CIN,Cincinnati,,2025-08-06T22:12:56.489866
7013d432-1327-40af-81a9-28711c648d79,DJ Ivey,,DJ,Ivey,CB,38.0,73,192.0,2000-02-25,"Miami Beach, FL, USA",3,Miami (FL),South Dade (FL),2023.0,7.0,,"{'id': 'ad4ae08f-d808-42d5-a1e6-e9bc4e34d123', 'name': 'Bengals', 'market': 'Cincinnati', 'alias': 'CIN', 'sr_id': 'sr:competitor:4416'}",ACT,,,ad4ae08f-d808-42d5-a1e6-e9bc4e34d123,Bengals,CIN,Cincinnati,,2025-08-06T22:12:56.489876
709bd5ab-4e34-49fa-9203-f4dacfb5e226,Daijahn Anthony,,Daijahn,Anthony,SAF,33.0,72,200.0,2000-09-09,"Richmond, VA, USA",2,Ole Miss,Henrico (VA),2024.0,7.0,,"{'id': 'ad4ae08f-d808-42d5-a1e6-e9bc4e34d123', 'name': 'Bengals', 'market': 'Cincinnati', 'alias': 'CIN', 'sr_id': 'sr:competitor:4416'}",ACT,,,ad4ae08f-d808-42d5-a1e6-e9bc4e34d123,Bengals,CIN,Cincinnati,,2025-08-06T22:12:56.489881
72992c08-4d3c-4838-9dd0-4bcd4d8bdafa,Dylan Fairchild,,Dylan,Fairchild,OG,63.0,77,318.0,2003-05-08,"Cumming, GA, USA",0,Georgia,West Forsyth (GA),2025.0,3.0,,"{'id': 'ad4ae08f-d808-42d5-a1e6-e9bc4e34d123', 'name': 'Bengals', 'market': 'Cincinnati', 'alias': 'CIN', 'sr_id': 'sr:competitor:4416'}",ACT,,,ad4ae08f-d808-42d5-a1e6-e9bc4e34d123,Bengals,CIN,Cincinnati,,2025-08-06T22:12:56.489885
733a8f50-07d9-11ef-8967-858e5933e490,Andrew Raym,,Andrew,Raym,C,66.0,76,305.0,2001-05-02,"Broken Arrow, OK, USA",2,Oklahoma,Broken Arrow (OK),,,,,ACT,,,ad4ae08f-d808-42d5-a1e6-e9bc4e34d123,Bengals,CIN,Cincinnati,,2025-08-06T22:12:56.489890
73ce4d9d-e184-445d-818b-ce71e99f1e7c,Matt Lee,,Matt,Lee,C,65.0,76,310.0,2001-06-06,"Oviedo, FL, USA",2,Miami (FL),Hagerty (FL),2024.0,7.0,,"{'id': 'ad4ae08f-d808-42d5-a1e6-e9bc4e34d123', 'name': 'Bengals', 'market': 'Cincinnati', 'alias': 'CIN', 'sr_id': 'sr:competitor:4416'}",ACT,,,ad4ae08f-d808-42d5-a1e6-e9bc4e34d123,Bengals,CIN,Cincinnati,,2025-08-06T22:12:56.489894
74a588d5-22b6-42da-8d59-c79d4f7634d2,Cody Ford,,Cody,Ford,G,61.0,75,345.0,1996-12-28,"Pineville, LA, USA",7,Oklahoma,Pineville (LA),2019.0,2.0,,"{'id': '768c92aa-75ff-4a43-bcc0-f2798c2e1724', 'name': 'Bills', 'market': 'Buffalo', 'alias': 'BUF', 'sr_id': 'sr:competitor:4376'}",ACT,,,ad4ae08f-d808-42d5-a1e6-e9bc4e34d123,Bengals,CIN,Cincinnati,,2025-08-06T22:12:56.489903
770482a0-eac3-11ed-b0fb-af4f3941e6b7,Shaka Heyward,,Shaka,Heyward,LB,50.0,75,238.0,2000-04-19,"Dacula, GA, USA",2,Duke,Mill Creek (GA),,,,,ACT,,,ad4ae08f-d808-42d5-a1e6-e9bc4e34d123,Bengals,CIN,Cincinnati,,2025-08-06T22:12:56.489908
77ece710-22fd-11f0-98e7-ab292e2d0219,Eric Gregory,,Eric,Gregory,DT,94.0,75,319.0,2000-09-13,"Memphis, TN, USA",0,Arkansas,IMG Academy (FL),,,,,ACT,,,ad4ae08f-d808-42d5-a1e6-e9bc4e34d123,Bengals,CIN,Cincinnati,,2025-08-06T22:12:56.489912
7830196e-cdca-4b86-bee2-eae97de2ee26,Ted Karras,,Ted,Karras,C,64.0,76,310.0,1993-03-15,"Chicago, IL, USA",10,Illinois,Cathedral (IN),2016.0,6.0,,"{'id': '97354895-8c77-4fd4-a860-32e62ea7382a', 'name': 'Patriots', 'market': 'New England', 'alias': 'NE', 'sr_id': 'sr:competitor:4424'}",ACT,,,ad4ae08f-d808-42d5-a1e6-e9bc4e34d123,Bengals,CIN,Cincinnati,,2025-08-06T22:12:56.489917
7db46644-05bb-41b5-938a-e93a50e1d6c4,DJ Turner II,,DJ,Turner,CB,20.0,71,185.0,2000-11-09,"Suwanee, GA, USA",3,Michigan,IMG Academy (FL),2023.0,2.0,,"{'id': 'ad4ae08f-d808-42d5-a1e6-e9bc4e34d123', 'name': 'Bengals', 'market': 'Cincinnati', 'alias': 'CIN', 'sr_id': 'sr:competitor:4416'}",ACT,,,ad4ae08f-d808-42d5-a1e6-e9bc4e34d123,Bengals,CIN,Cincinnati,,2025-08-06T22:12:56.489926
819dec70-d2ef-11ec-96a0-c3471a31202c,Devin Cochran,,Devin,Cochran,OT,76.0,79,330.0,1998-07-17,"Norcross, GA, USA",3,Georgia Tech,Greater Atlanta Christian (GA),,,,,ACT,,,ad4ae08f-d808-42d5-a1e6-e9bc4e34d123,Bengals,CIN,Cincinnati,,2025-08-06T22:12:56.489930
8343b537-2507-495f-b6ee-7ba6fe582c3d,Shemar Stewart,,Shemar,Stewart,DE,97.0,77,267.0,2003-11-12,"Miami, FL, USA",0,Texas A&M,Monsignor Pace (FL),2025.0,1.0,,"{'id': 'ad4ae08f-d808-42d5-a1e6-e9bc4e34d123', 'name': 'Bengals', 'market': 'Cincinnati', 'alias': 'CIN', 'sr_id': 'sr:competitor:4416'}",ACT,,,ad4ae08f-d808-42d5-a1e6-e9bc4e34d123,Bengals,CIN,Cincinnati,,2025-08-06T22:12:56.489943
855efef2-4393-4959-9712-3fd144a03110,T.J. Slaton Jr.,,T.J.,Slaton,DT,98.0,77,340.0,1997-10-03,"Fort Lauderdale, FL, USA",5,Florida,American Heritage (FL),2021.0,5.0,,"{'id': 'a20471b4-a8d9-40c7-95ad-90cc30e46932', 'name': 'Packers', 'market': 'Green Bay', 'alias': 'GB', 'sr_id': 'sr:competitor:4420'}",ACT,,,ad4ae08f-d808-42d5-a1e6-e9bc4e34d123,Bengals,CIN,Cincinnati,,2025-08-06T22:12:56.489948
88ba5e20-2301-11f0-860c-abb69bcf1b51,Payton Thorne,,Payton,Thorne,QB,10.0,74,207.0,2001-06-26,"Naperville, IL, USA",0,Auburn,Naperville Central (IL),,,,,ACT,,,ad4ae08f-d808-42d5-a1e6-e9bc4e34d123,Bengals,CIN,Cincinnati,,2025-08-06T22:12:56.489953
8d50af87-f6dc-42cb-a7e7-11716667a1dc,Tahj Brooks,,Tahj,Brooks,RB,25.0,69,220.0,2002-05-13,"Manor, TX, USA",0,Texas Tech,Manor (TX),2025.0,6.0,,"{'id': 'ad4ae08f-d808-42d5-a1e6-e9bc4e34d123', 'name': 'Bengals', 'market': 'Cincinnati', 'alias': 'CIN', 'sr_id': 'sr:competitor:4416'}",ACT,,,ad4ae08f-d808-42d5-a1e6-e9bc4e34d123,Bengals,CIN,Cincinnati,,2025-08-06T22:12:56.489958
91239ce4-36fc-4d69-9b9d-3ceec94caaa9,Cam Taylor-Britt,,Cam,Taylor-Britt,CB,29.0,71,200.0,1999-10-15,"Montgomery, AL, USA",4,Nebraska,Park Crossing (AL),2022.0,2.0,,"{'id': 'ad4ae08f-d808-42d5-a1e6-e9bc4e34d123', 'name': 'Bengals', 'market': 'Cincinnati', 'alias': 'CIN', 'sr_id': 'sr:competitor:4416'}",ACT,,,ad4ae08f-d808-42d5-a1e6-e9bc4e34d123,Bengals,CIN,Cincinnati,,2025-08-06T22:12:56.489967
92ddcecf-9837-460b-9117-b3ec5447e356,Barrett Carter,,Barrett,Carter,LB,49.0,72,231.0,2002-10-23,"Suwanee, GA, USA",0,Clemson,North Gwinnett (GA),2025.0,4.0,,"{'id': 'ad4ae08f-d808-42d5-a1e6-e9bc4e34d123', 'name': 'Bengals', 'market': 'Cincinnati', 'alias': 'CIN', 'sr_id': 'sr:competitor:4416'}",ACT,,,ad4ae08f-d808-42d5-a1e6-e9bc4e34d123,Bengals,CIN,Cincinnati,,2025-08-06T22:12:56.489971
9516c4dd-3c2a-4e5d-8b0c-415b5ecf5a2d,Isaiah Thomas,,Isaiah,Thomas,DE,51.0,77,272.0,1998-12-03,"Tulsa, OK, USA",3,Oklahoma,Memorial (OK),2022.0,7.0,,"{'id': 'd5a2eb42-8065-4174-ab79-0a6fa820e35e', 'name': 'Browns', 'market': 'Cleveland', 'alias': 'CLE', 'sr_id': 'sr:competitor:4417'}",ACT,,,ad4ae08f-d808-42d5-a1e6-e9bc4e34d123,Bengals,CIN,Cincinnati,,2025-08-06T22:12:56.489980
95f3b8ac-e10f-4f0d-8650-b464b37ded86,Geno Stone,,Geno,Stone,SAF,22.0,71,210.0,1999-04-19,"New Castle, PA, USA",6,Iowa,New Castle (PA),2020.0,7.0,,"{'id': 'ebd87119-b331-4469-9ea6-d51fe3ce2f1c', 'name': 'Ravens', 'market': 'Baltimore', 'alias': 'BAL', 'sr_id': 'sr:competitor:4413'}",ACT,,,ad4ae08f-d808-42d5-a1e6-e9bc4e34d123,Bengals,CIN,Cincinnati,,2025-08-06T22:12:56.489985
9d699fbc-ce11-4e42-a9b1-c94ecee8f613,Orlando Brown Jr.,,Orlando,Brown,OT,75.0,80,350.0,1996-05-02,"Duluth, GA, USA",8,Oklahoma,Peachtree Ridge (GA),2018.0,3.0,,"{'id': 'ebd87119-b331-4469-9ea6-d51fe3ce2f1c', 'name': 'Ravens', 'market': 'Baltimore', 'alias': 'BAL', 'sr_id': 'sr:competitor:4413'}",ACT,,,ad4ae08f-d808-42d5-a1e6-e9bc4e34d123,Bengals,CIN,Cincinnati,,2025-08-06T22:12:56.489990
9e9694f0-d2f2-11ec-96a0-c3471a31202c,Cal Adomitis,,Cal,Adomitis,LS,48.0,74,238.0,1998-07-09,"Pittsburgh, PA, USA",4,Pittsburgh,Pittsburgh Central Catholic (PA),,,,,ACT,,,ad4ae08f-d808-42d5-a1e6-e9bc4e34d123,Bengals,CIN,Cincinnati,,2025-08-06T22:12:56.489994
9ed5ed68-dd6c-4ac4-8fb7-9f0be37c51b7,Josh Newton,,Josh,Newton,CB,28.0,71,190.0,2000-09-14,"Monroe, LA, USA",2,TCU,Ouachita Parish (LA),2024.0,5.0,,"{'id': 'ad4ae08f-d808-42d5-a1e6-e9bc4e34d123', 'name': 'Bengals', 'market': 'Cincinnati', 'alias': 'CIN', 'sr_id': 'sr:competitor:4416'}",ACT,,,ad4ae08f-d808-42d5-a1e6-e9bc4e34d123,Bengals,CIN,Cincinnati,,2025-08-06T22:12:56.489999
a462797c-d8d9-404c-b663-3ced76d6fc93,Jordan Battle,,Jordan,Battle,SAF,27.0,73,215.0,2000-12-14,"Fort Lauderdale, FL, USA",3,Alabama,St. Thomas Aquinas (FL),2023.0,3.0,,"{'id': 'ad4ae08f-d808-42d5-a1e6-e9bc4e34d123', 'name': 'Bengals', 'market': 'Cincinnati', 'alias': 'CIN', 'sr_id': 'sr:competitor:4416'}",ACT,,,ad4ae08f-d808-42d5-a1e6-e9bc4e34d123,Bengals,CIN,Cincinnati,,2025-08-06T22:12:56.490003
a99cd1fe-0b47-4395-8ab5-15d6e3a71351,Cordell Volson,,Cordell,Volson,G,67.0,78,315.0,1998-07-20,"Balfour, ND, USA",4,North Dakota State,Drake-Anamoose (ND),2022.0,4.0,,"{'id': 'ad4ae08f-d808-42d5-a1e6-e9bc4e34d123', 'name': 'Bengals', 'market': 'Cincinnati', 'alias': 'CIN', 'sr_id': 'sr:competitor:4416'}",ACT,,,ad4ae08f-d808-42d5-a1e6-e9bc4e34d123,Bengals,CIN,Cincinnati,,2025-08-06T22:12:56.490008
ab9bd5b1-eaf9-4f2d-8acd-fbc143980b17,Oren Burks,,Oren,Burks,LB,42.0,75,233.0,1995-03-21,"Fairfax Station, VA, USA",8,Vanderbilt,South County (VA),2018.0,3.0,,"{'id': 'a20471b4-a8d9-40c7-95ad-90cc30e46932', 'name': 'Packers', 'market': 'Green Bay', 'alias': 'GB', 'sr_id': 'sr:competitor:4420'}",ACT,,,ad4ae08f-d808-42d5-a1e6-e9bc4e34d123,Bengals,CIN,Cincinnati,,2025-08-06T22:12:56.490013
aca61550-04fc-11ef-ad0c-0fe653dc3883,Andrew Coker,,Andrew,Coker,OT,79.0,79,315.0,2001-03-23,"Katy, TX, USA",1,TCU,James E. Taylor (TX),,,,,ACT,,,ad4ae08f-d808-42d5-a1e6-e9bc4e34d123,Bengals,CIN,Cincinnati,,2025-08-06T22:12:56.490017
acc143ed-53b2-49c9-81bc-16e6c98ffcae,Evan McPherson,,Evan,McPherson,K,2.0,71,185.0,1999-07-21,"Fort Payne, AL, USA",5,Florida,Fort Payne (AL),2021.0,5.0,,"{'id': 'ad4ae08f-d808-42d5-a1e6-e9bc4e34d123', 'name': 'Bengals', 'market': 'Cincinnati', 'alias': 'CIN', 'sr_id': 'sr:competitor:4416'}",ACT,,,ad4ae08f-d808-42d5-a1e6-e9bc4e34d123,Bengals,CIN,Cincinnati,,2025-08-06T22:12:56.490022
b577f2e0-22fe-11f0-acea-c74edd7827dc,Jamoi Mayes,,Jamoi,Mayes,WR,16.0,70,206.0,2002-08-23,"Griffin, GA, USA",0,Cincinnati,Griffin (GA),,,,,ACT,,,ad4ae08f-d808-42d5-a1e6-e9bc4e34d123,Bengals,CIN,Cincinnati,,2025-08-06T22:12:56.490026
b8561d10-25f2-11f0-8e66-c3b8637bd498,William Wagner,,William,Wagner,LS,46.0,74,240.0,2000-12-20,"Alpharetta, GA, USA",0,Michigan,Alpharetta (GA),,,,,ACT,,,ad4ae08f-d808-42d5-a1e6-e9bc4e34d123,Bengals,CIN,Cincinnati,,2025-08-06T22:12:56.490030
d06ada30-0726-11ef-8b03-1f0512cbc261,Lance Robinson,,Lance,Robinson,CB,39.0,70,185.0,2000-03-20,"New Orleans, LA, USA",2,Tulane,De La Salle (CA),,,,,ACT,,,ad4ae08f-d808-42d5-a1e6-e9bc4e34d123,Bengals,CIN,Cincinnati,,2025-08-06T22:12:56.490044
d0769740-ecfe-4f86-a953-8410ba27fc5d,Jalen Rivers,,Jalen,Rivers,OT,74.0,77,319.0,2002-09-12,"Jacksonville, FL, USA",0,Miami (FL),Oakleaf (FL),2025.0,5.0,,"{'id': 'ad4ae08f-d808-42d5-a1e6-e9bc4e34d123', 'name': 'Bengals', 'market': 'Cincinnati', 'alias': 'CIN', 'sr_id': 'sr:competitor:4416'}",ACT,,,ad4ae08f-d808-42d5-a1e6-e9bc4e34d123,Bengals,CIN,Cincinnati,,2025-08-06T22:12:56.490048
d0dd8a70-072c-11ef-a49f-41e71daeb2e1,Kendall Milton,,Kendall,Milton,RB,36.0,73,230.0,2002-02-10,"Fresno, CA, USA",1,Georgia,Buchanan (CA),,,,,ACT,,,ad4ae08f-d808-42d5-a1e6-e9bc4e34d123,Bengals,CIN,Cincinnati,,2025-08-06T22:12:56.490052
d5b27990-ea20-11ed-935c-bb3faedcbc56,Jaxson Kirkland,,Jaxson,Kirkland,G,60.0,79,325.0,1998-07-30,"Portland, OR, USA",2,Washington,Jesuit (OR),,,,,ACT,,,ad4ae08f-d808-42d5-a1e6-e9bc4e34d123,Bengals,CIN,Cincinnati,,2025-08-06T22:12:56.490057
da067720-07d5-11ef-bc07-af5c9250c9d3,Craig Young,,Craig,Young,LB,59.0,75,225.0,2001-03-13,"Fort Wayne, IN, USA",1,Kansas,Wayne (IN),,,,,ACT,,,ad4ae08f-d808-42d5-a1e6-e9bc4e34d123,Bengals,CIN,Cincinnati,,2025-08-06T22:12:56.490066
e1d60110-25f1-11f0-853d-af323d5bbf18,Quali Conley,,Quali,Conley,RB,40.0,70,211.0,2002-09-25,"Fresno, CA, USA",0,Arizona,Central (CA),,,,,ACT,,,ad4ae08f-d808-42d5-a1e6-e9bc4e34d123,Bengals,CIN,Cincinnati,,2025-08-06T22:12:56.490074
e5e154c3-df07-4b7f-8bef-2f2d3642374f,Raymond Johnson III,,Raymond,Johnson,DE,56.0,75,270.0,1998-10-21,"Columbia, SC, USA",2,Georgia Southern,Sumter (SC),,,,,ACT,,,ad4ae08f-d808-42d5-a1e6-e9bc4e34d123,Bengals,CIN,Cincinnati,,2025-08-06T22:12:56.490079
e9615c8c-3a7e-4b10-92f8-86f48edbe9a4,Lucas Patrick,,Lucas,Patrick,G,62.0,75,313.0,1993-07-30,"Brentwood, TN, USA",9,Duke,Brentwood (TN),,,,,ACT,,,ad4ae08f-d808-42d5-a1e6-e9bc4e34d123,Bengals,CIN,Cincinnati,,2025-08-06T22:12:56.490087
ea01fa3b-cebd-40c3-9de8-3dc7f5e44e58,McTelvin Agim,,McTelvin,Agim,DT,72.0,75,300.0,1997-09-25,"Texarkana, AR, USA",3,Arkansas,Hope (AR),2020.0,3.0,,"{'id': 'ce92bd47-93d5-4fe9-ada4-0fc681e6caa0', 'name': 'Broncos', 'market': 'Denver', 'alias': 'DEN', 'sr_id': 'sr:competitor:4418'}",ACT,,,ad4ae08f-d808-42d5-a1e6-e9bc4e34d123,Bengals,CIN,Cincinnati,,2025-08-06T22:12:56.490092
ea8d0a80-2de3-4715-bcce-710f625ccb6a,Nate Brooks,,Nate,Brooks,CB,41.0,72,198.0,1996-09-05,"Whitehouse, TX, USA",1,North Texas,Whitehouse (TX),,,,,ACT,,,ad4ae08f-d808-42d5-a1e6-e9bc4e34d123,Bengals,CIN,Cincinnati,,2025-08-06T22:12:56.490097
efe48d60-07db-11ef-8ada-f18c6785cc00,Cole Burgess,,Cole,Burgess,WR,17.0,73,198.0,2000-02-11,"Greenwich, CT, USA",1,SUNY-Cortland,Greenwich (CT),,,,,ACT,,,ad4ae08f-d808-42d5-a1e6-e9bc4e34d123,Bengals,CIN,Cincinnati,,2025-08-06T22:12:56.490101
f0bf82ff-4899-4c6e-8a6a-3a13c6e6eb25,Jaylen Key,,Jaylen,Key,SAF,43.0,74,210.0,2000-02-29,"Quincy, FL, USA",1,Alabama,Amos P. Godby (FL),2024.0,7.0,,"{'id': '5fee86ae-74ab-4bdd-8416-42a9dd9964f3', 'name': 'Jets', 'market': 'New York', 'alias': 'NYJ', 'sr_id': 'sr:competitor:4427'}",ACT,,,ad4ae08f-d808-42d5-a1e6-e9bc4e34d123,Bengals,CIN,Cincinnati,,2025-08-06T22:12:56.490106
f46bc3a8-dbcc-4d96-8d6e-50034429de29,Joseph Ossai,,Joseph,Ossai,DE,58.0,76,263.0,2000-04-12,"Lagos,, NGA",5,Texas,Oak Ridge (TX),2021.0,3.0,,"{'id': 'ad4ae08f-d808-42d5-a1e6-e9bc4e34d123', 'name': 'Bengals', 'market': 'Cincinnati', 'alias': 'CIN', 'sr_id': 'sr:competitor:4416'}",ACT,,,ad4ae08f-d808-42d5-a1e6-e9bc4e34d123,Bengals,CIN,Cincinnati,,2025-08-06T22:12:56.490115
f54f5e3b-da40-4296-a252-8e6a054b35ef,Demetrius Knight Jr.,,Demetrius,Knight,LB,44.0,74,240.0,2000-07-21,"Locust Grove, GA, USA",0,South Carolina,Strong Rock (GA),2025.0,2.0,,"{'id': 'ad4ae08f-d808-42d5-a1e6-e9bc4e34d123', 'name': 'Bengals', 'market': 'Cincinnati', 'alias': 'CIN', 'sr_id': 'sr:competitor:4416'}",ACT,,,ad4ae08f-d808-42d5-a1e6-e9bc4e34d123,Bengals,CIN,Cincinnati,,2025-08-06T22:12:56.490120
faf890c0-25f3-11f0-86df-35b704acc929,Caleb Etienne,,Caleb,Etienne,OT,77.0,79,329.0,2001-08-29,"New Orleans, LA, USA",0,BYU,Warren Easton (LA),,,,,ACT,,,ad4ae08f-d808-42d5-a1e6-e9bc4e34d123,Bengals,CIN,Cincinnati,,2025-08-06T22:12:56.490129
fb188308-cd65-4c61-b8c5-b9252b638b09,Myles Murphy,,Myles,Murphy,DE,99.0,77,275.0,2002-01-03,"Marietta, GA, USA",3,Clemson,Hillgrove (GA),2023.0,1.0,,"{'id': 'ad4ae08f-d808-42d5-a1e6-e9bc4e34d123', 'name': 'Bengals', 'market': 'Cincinnati', 'alias': 'CIN', 'sr_id': 'sr:competitor:4416'}",ACT,,,ad4ae08f-d808-42d5-a1e6-e9bc4e34d123,Bengals,CIN,Cincinnati,,2025-08-06T22:12:56.490134
ffb4ddbb-f7be-47e8-b5de-19c32d68fc49,Kris Jenkins Jr.,,Kris,Jenkins,DT,90.0,75,310.0,2001-10-10,"Olney, MD, USA",2,Michigan,Our Lady of Good Counsel (MD),2024.0,2.0,,"{'id': 'ad4ae08f-d808-42d5-a1e6-e9bc4e34d123', 'name': 'Bengals', 'market': 'Cincinnati', 'alias': 'CIN', 'sr_id': 'sr:competitor:4416'}",ACT,,,ad4ae08f-d808-42d5-a1e6-e9bc4e34d123,Bengals,CIN,Cincinnati,,2025-08-06T22:12:56.490139
007971f0-f012-11ed-833c-ebfbb713adc7,Richard Gouraige,,Richard,Gouraige,OT,75.0,77,306.0,1998-10-15,"Tampa, FL, USA",1,Florida,Cambridge Christian School (FL),,,,,ACT,,,768c92aa-75ff-4a43-bcc0-f2798c2e1724,Bills,BUF,Buffalo,,2025-08-06T22:12:57.989453
01eab3e0-2306-11f0-9c04-1317a7fe708d,Kelly Akharaiyi,,Kelly,Akharaiyi,WR,87.0,73,200.0,,"Irving, TX, USA",0,Mississippi State,MacArthur (TX),,,,,ACT,,,768c92aa-75ff-4a43-bcc0-f2798c2e1724,Bills,BUF,Buffalo,,2025-08-06T22:12:57.989470
073d1bf8-7a0e-4c2f-b890-dbbd47978737,Michael Hoecht,,Michael,Hoecht,DE,55.0,76,310.0,1997-10-05,"Oakwood, OH, USA",5,Brown,Oakwood (OH),,,,,SUS,,,768c92aa-75ff-4a43-bcc0-f2798c2e1724,Bills,BUF,Buffalo,,2025-08-06T22:12:57.989476
089763ae-208d-4ad9-bb30-c97c0fcfdcd1,Dane Jackson,,Dane,Jackson,CB,23.0,71,180.0,1996-11-29,"Coraopolis, PA, USA",6,Pittsburgh,Cornell (PA),2020.0,7.0,,"{'id': '768c92aa-75ff-4a43-bcc0-f2798c2e1724', 'name': 'Bills', 'market': 'Buffalo', 'alias': 'BUF', 'sr_id': 'sr:competitor:4376'}",ACT,,,768c92aa-75ff-4a43-bcc0-f2798c2e1724,Bills,BUF,Buffalo,,2025-08-06T22:12:57.989487
0c827cf4-d8ac-4efc-b030-019baa3c7216,Connor McGovern,,Connor,McGovern,G,66.0,77,318.0,1997-11-03,"Larksville, PA, USA",7,Penn State,Lake-Lehman (PA),2019.0,3.0,,"{'id': 'e627eec7-bbae-4fa4-8e73-8e1d6bc5c060', 'name': 'Cowboys', 'market': 'Dallas', 'alias': 'DAL', 'sr_id': 'sr:competitor:4392'}",ACT,,,768c92aa-75ff-4a43-bcc0-f2798c2e1724,Bills,BUF,Buffalo,,2025-08-06T22:12:57.989493
0d038341-cd66-4651-93c4-e76c6d218135,DaQuan Jones,,DaQuan,Jones,DT,92.0,76,320.0,1991-12-17,"Johnson City, NY, USA",12,Penn State,Johnson City (NY),2014.0,4.0,,"{'id': 'd26a1ca5-722d-4274-8f97-c92e49c96315', 'name': 'Titans', 'market': 'Tennessee', 'alias': 'TEN', 'sr_id': 'sr:competitor:367364'}",ACT,,,768c92aa-75ff-4a43-bcc0-f2798c2e1724,Bills,BUF,Buffalo,,2025-08-06T22:12:57.989504
0e8fa07d-6827-477a-acde-467568aa0c7d,Landon Jackson,,Landon,Jackson,DE,94.0,78,264.0,2003-01-02,"Texarkana, TX, USA",0,Arkansas,Pleasant Grove (TX),2025.0,3.0,,"{'id': '768c92aa-75ff-4a43-bcc0-f2798c2e1724', 'name': 'Bills', 'market': 'Buffalo', 'alias': 'BUF', 'sr_id': 'sr:competitor:4376'}",ACT,,,768c92aa-75ff-4a43-bcc0-f2798c2e1724,Bills,BUF,Buffalo,,2025-08-06T22:12:57.989509
0f538980-d39a-11ec-96a0-c3471a31202c,Ryan Van Demark,,Ryan,Van Demark,T,74.0,78,307.0,1998-03-22,"Wayne, NJ, USA",3,UConn,The Hun School (NJ),,,,,ACT,,,768c92aa-75ff-4a43-bcc0-f2798c2e1724,Bills,BUF,Buffalo,,2025-08-06T22:12:57.989513
10126054-8bc0-4470-b1a8-a98c94c0afb7,Daequan Hardy,,Daequan,Hardy,CB,25.0,69,178.0,2001-06-13,"Pittsburgh, PA, USA",1,Penn State,Penn Hills (PA),2024.0,6.0,,"{'id': '768c92aa-75ff-4a43-bcc0-f2798c2e1724', 'name': 'Bills', 'market': 'Buffalo', 'alias': 'BUF', 'sr_id': 'sr:competitor:4376'}",ACT,,,768c92aa-75ff-4a43-bcc0-f2798c2e1724,Bills,BUF,Buffalo,,2025-08-06T22:12:57.989519
10cef890-230a-11f0-96b2-7337577f8157,Keonta Jenkins,,Keonta,Jenkins,LB,49.0,75,219.0,,"Jacksonville, FL, USA",0,Virginia Tech,Jean Ribault (FL),,,,,ACT,,,768c92aa-75ff-4a43-bcc0-f2798c2e1724,Bills,BUF,Buffalo,,2025-08-06T22:12:57.989524
13de701c-c77c-4eb5-b54c-8881ca5e0871,Tre'Davious White,,Tre'Davious,White,CB,27.0,71,192.0,1995-01-16,"Shreveport, LA, USA",9,LSU,Green Oaks (LA),2017.0,1.0,,"{'id': '768c92aa-75ff-4a43-bcc0-f2798c2e1724', 'name': 'Bills', 'market': 'Buffalo', 'alias': 'BUF', 'sr_id': 'sr:competitor:4376'}",ACT,,,768c92aa-75ff-4a43-bcc0-f2798c2e1724,Bills,BUF,Buffalo,,2025-08-06T22:12:57.989535
17805ded-83cc-49b2-95f1-855841dcede5,Zion Logue,,Zion,Logue,DT,93.0,78,314.0,2002-07-13,"Lebanon, TN, USA",1,Georgia,Lebanon (OH),2024.0,6.0,,"{'id': 'e6aa13a4-0055-48a9-bc41-be28dc106929', 'name': 'Falcons', 'market': 'Atlanta', 'alias': 'ATL', 'sr_id': 'sr:competitor:4393'}",ACT,,,768c92aa-75ff-4a43-bcc0-f2798c2e1724,Bills,BUF,Buffalo,,2025-08-06T22:12:57.989540
1cccc54a-c168-4359-bfbc-30556db0ca73,Taylor Rapp,,Taylor,Rapp,SAF,9.0,72,208.0,1997-12-22,"Bellingham, WA, USA",7,Washington,Sehome (WA),2019.0,2.0,,"{'id': '2eff2a03-54d4-46ba-890e-2bc3925548f3', 'name': 'Rams', 'market': 'Los Angeles', 'alias': 'LA', 'sr_id': 'sr:competitor:4387'}",ACT,,,768c92aa-75ff-4a43-bcc0-f2798c2e1724,Bills,BUF,Buffalo,,2025-08-06T22:12:57.989545
1ce88c74-024e-4288-94ee-5dca10362153,Joey Bosa,,Joey,Bosa,DE,97.0,77,280.0,1995-07-11,"Fort Lauderdale, FL, USA",10,Ohio State,St. Thomas Aquinas (FL),2016.0,1.0,,"{'id': '9dbb9060-ba0f-4920-829e-16d4d9246b5d', 'name': 'Chargers', 'market': 'San Diego', 'alias': 'SD'}",ACT,,,768c92aa-75ff-4a43-bcc0-f2798c2e1724,Bills,BUF,Buffalo,,2025-08-06T22:12:57.989550
210bfe87-1c9c-48c3-951c-81aef4b2c763,Justin Hollins,,Justin,Hollins,DE,52.0,77,248.0,1996-01-15,"Arlington, TX, USA",6,Oregon,Martin (TX),2019.0,5.0,,"{'id': 'ce92bd47-93d5-4fe9-ada4-0fc681e6caa0', 'name': 'Broncos', 'market': 'Denver', 'alias': 'DEN', 'sr_id': 'sr:competitor:4418'}",ACT,,,768c92aa-75ff-4a43-bcc0-f2798c2e1724,Bills,BUF,Buffalo,,2025-08-06T22:12:57.989556
21a33144-63ee-4125-ac44-3fc911a39d50,Matt Sokol,,Matt,Sokol,TE,87.0,77,249.0,1995-11-09,"Rochester, MI, USA",1,Michigan State,Adams (MI),,,,,ACT,,,768c92aa-75ff-4a43-bcc0-f2798c2e1724,Bills,BUF,Buffalo,,2025-08-06T22:12:57.989560
29c9a3bb-69ff-4c45-8db3-08ca6d558342,Jordan Hancock,,Jordan,Hancock,DB,37.0,72,195.0,2003-08-12,"Suwanee, GA, USA",0,Ohio State,North Gwinnett (GA),2025.0,5.0,,"{'id': '768c92aa-75ff-4a43-bcc0-f2798c2e1724', 'name': 'Bills', 'market': 'Buffalo', 'alias': 'BUF', 'sr_id': 'sr:competitor:4376'}",ACT,,,768c92aa-75ff-4a43-bcc0-f2798c2e1724,Bills,BUF,Buffalo,,2025-08-06T22:12:57.989566
2a76c387-e07a-4b72-89d1-33c1c146f6b4,Tylan Grable,,Tylan,Grable,OT,68.0,77,309.0,1999-10-04,"Gordon, GA, USA",2,UCF,Wilkinson County (GA),2024.0,6.0,,"{'id': '768c92aa-75ff-4a43-bcc0-f2798c2e1724', 'name': 'Bills', 'market': 'Buffalo', 'alias': 'BUF', 'sr_id': 'sr:competitor:4376'}",ACT,,,768c92aa-75ff-4a43-bcc0-f2798c2e1724,Bills,BUF,Buffalo,,2025-08-06T22:12:57.989571
2d51bf60-ea75-4142-a00a-8b152a91e59f,Dorian Williams,,Dorian,Williams,LB,42.0,74,230.0,2001-06-28,"Indian Land, SC, USA",3,Tulane,Indian Land (SC),2023.0,3.0,,"{'id': '768c92aa-75ff-4a43-bcc0-f2798c2e1724', 'name': 'Bills', 'market': 'Buffalo', 'alias': 'BUF', 'sr_id': 'sr:competitor:4376'}",ACT,,,768c92aa-75ff-4a43-bcc0-f2798c2e1724,Bills,BUF,Buffalo,,2025-08-06T22:12:57.989576
3443dde2-23bc-4dba-b499-069d501a59cf,Taron Johnson,,Taron,Johnson,CB,7.0,71,192.0,1996-07-27,"Sacramento, CA, USA",8,Weber State,Sheldon (CA),2018.0,4.0,,"{'id': '768c92aa-75ff-4a43-bcc0-f2798c2e1724', 'name': 'Bills', 'market': 'Buffalo', 'alias': 'BUF', 'sr_id': 'sr:competitor:4376'}",ACT,,,768c92aa-75ff-4a43-bcc0-f2798c2e1724,Bills,BUF,Buffalo,,2025-08-06T22:12:57.989586
3761b3b7-4702-442c-bf1a-a7645005c08c,Chase Lundt,,Chase,Lundt,OT,77.0,79,304.0,2000-06-16,"Arlington, TX, USA",0,UConn,Martin (TX),2025.0,6.0,,"{'id': '768c92aa-75ff-4a43-bcc0-f2798c2e1724', 'name': 'Bills', 'market': 'Buffalo', 'alias': 'BUF', 'sr_id': 'sr:competitor:4376'}",ACT,,,768c92aa-75ff-4a43-bcc0-f2798c2e1724,Bills,BUF,Buffalo,,2025-08-06T22:12:57.989591
381cb720-2305-11f0-99f5-cb5671881b43,Stephen Gosnell,,Stephen,Gosnell,WR,89.0,74,198.0,,"Pilot Mountain, NC, USA",0,Virginia Tech,East Surry (NC),,,,,ACT,,,768c92aa-75ff-4a43-bcc0-f2798c2e1724,Bills,BUF,Buffalo,,2025-08-06T22:12:57.989596
3bf0711c-793a-47e7-bcbd-a0ddf350fef4,Shaq Thompson,,Shaq,Thompson,OLB,45.0,72,230.0,1994-04-21,"Sacramento, CA, USA",11,Washington,Grant Union (CA),2015.0,1.0,,"{'id': 'f14bf5cc-9a82-4a38-bc15-d39f75ed5314', 'name': 'Panthers', 'market': 'Carolina', 'alias': 'CAR', 'sr_id': 'sr:competitor:4415'}",ACT,,,768c92aa-75ff-4a43-bcc0-f2798c2e1724,Bills,BUF,Buffalo,,2025-08-06T22:12:57.989607
3fa3a270-f8b2-4d53-a265-84bc928af5c5,A.J. Epenesa,,A.J.,Epenesa,DE,57.0,78,260.0,1998-09-15,"Glen Carbon, IL, USA",6,Iowa,Edwardsville (IL),2020.0,2.0,,"{'id': '768c92aa-75ff-4a43-bcc0-f2798c2e1724', 'name': 'Bills', 'market': 'Buffalo', 'alias': 'BUF', 'sr_id': 'sr:competitor:4376'}",ACT,,,768c92aa-75ff-4a43-bcc0-f2798c2e1724,Bills,BUF,Buffalo,,2025-08-06T22:12:57.989617
449638c0-25fb-11f0-bced-71aa3196f06d,Wande Owens,,Wande,Owens,SAF,30.0,71,210.0,,"Cooksville, MD, USA",0,New Hampshire,Glenelg (MD),,,,,ACT,,,768c92aa-75ff-4a43-bcc0-f2798c2e1724,Bills,BUF,Buffalo,,2025-08-06T22:12:57.989626
4b56e1ba-37e9-4f00-8782-717c6e6c4555,Marcus Harris,,Marcus,Harris,DT,72.0,75,295.0,2000-09-27,"Montgomery, AL, USA",1,Auburn,Park Crossing (AL),2024.0,7.0,,"{'id': '82d2d380-3834-4938-835f-aec541e5ece7', 'name': 'Texans', 'market': 'Houston', 'alias': 'HOU', 'sr_id': 'sr:competitor:4324'}",ACT,,,768c92aa-75ff-4a43-bcc0-f2798c2e1724,Bills,BUF,Buffalo,,2025-08-06T22:12:57.989631
529f51f0-25fa-11f0-987d-7f646e651f7d,Paris Shand,,Paris,Shand,DE,59.0,76,268.0,2001-05-07,"Toronto, ON, CAN",0,LSU,Loomis Chaffee (CT),,,,,ACT,,,768c92aa-75ff-4a43-bcc0-f2798c2e1724,Bills,BUF,Buffalo,,2025-08-06T22:12:57.989641
52eeac20-0731-11ef-a39e-ad5aae49cf13,Casey Rogers,,Casey,Rogers,DT,71.0,77,305.0,1998-12-18,"Syracuse, NY, USA",1,Oregon,Westhill (NY),,,,,ACT,,,768c92aa-75ff-4a43-bcc0-f2798c2e1724,Bills,BUF,Buffalo,,2025-08-06T22:12:57.989646
557ec8cb-2700-4dcb-8d5e-db0e0e5a8ef5,Kaden Prather,,Kaden,Prather,WR,81.0,75,204.0,2002-09-06,"Montgomery Village, MD, USA",0,Maryland,Northwest (MD),2025.0,7.0,,"{'id': '768c92aa-75ff-4a43-bcc0-f2798c2e1724', 'name': 'Bills', 'market': 'Buffalo', 'alias': 'BUF', 'sr_id': 'sr:competitor:4376'}",ACT,,,768c92aa-75ff-4a43-bcc0-f2798c2e1724,Bills,BUF,Buffalo,,2025-08-06T22:12:57.989651
587516b7-99e6-4727-acbc-98d741267d99,Brad Robbins,,Brad,Robbins,P,40.0,73,203.0,1998-10-06,"Westerville, OH, USA",2,Michigan,Westerville South (OH),2023.0,6.0,,"{'id': 'ad4ae08f-d808-42d5-a1e6-e9bc4e34d123', 'name': 'Bengals', 'market': 'Cincinnati', 'alias': 'CIN', 'sr_id': 'sr:competitor:4416'}",ACT,,,768c92aa-75ff-4a43-bcc0-f2798c2e1724,Bills,BUF,Buffalo,,2025-08-06T22:12:57.989656
5978e634-af6b-4317-bcc3-1ad024421d13,Terrel Bernard,,Terrel,Bernard,LB,8.0,73,224.0,1999-05-07,"La Porte, TX, USA",4,Baylor,La Porte (TX),2022.0,3.0,,"{'id': '768c92aa-75ff-4a43-bcc0-f2798c2e1724', 'name': 'Bills', 'market': 'Buffalo', 'alias': 'BUF', 'sr_id': 'sr:competitor:4376'}",ACT,,,768c92aa-75ff-4a43-bcc0-f2798c2e1724,Bills,BUF,Buffalo,,2025-08-06T22:12:57.989661
63ed7895-38bf-44ff-9b8a-8d5b0b5bd1eb,Reid Ferguson,,Reid,Ferguson,LS,69.0,74,235.0,1994-03-24,"Buford, GA, USA",9,LSU,Buford (GA),,,,,ACT,,,768c92aa-75ff-4a43-bcc0-f2798c2e1724,Bills,BUF,Buffalo,,2025-08-06T22:12:57.989671
68fd7ef5-2237-456f-925c-68000917edea,Kendrick Green,,Kendrick,Green,C,53.0,76,315.0,1998-12-22,"Peoria, IL, USA",5,Illinois,Peoria (IL),2021.0,3.0,,"{'id': 'cb2f9f1f-ac67-424e-9e72-1475cb0ed398', 'name': 'Steelers', 'market': 'Pittsburgh', 'alias': 'PIT', 'sr_id': 'sr:competitor:4345'}",ACT,,,768c92aa-75ff-4a43-bcc0-f2798c2e1724,Bills,BUF,Buffalo,,2025-08-06T22:12:57.989686
6c582650-e297-470b-bb43-f9a1cee68417,Darrick Forrest,,Darrick,Forrest,SAF,28.0,71,200.0,1999-05-22,"Columbus, OH, USA",5,Cincinnati,Walnut Ridge (OH),2021.0,5.0,,"{'id': '22052ff7-c065-42ee-bc8f-c4691c50e624', 'name': 'Commanders', 'market': 'Washington', 'alias': 'WAS', 'sr_id': 'sr:competitor:4432'}",ACT,,,768c92aa-75ff-4a43-bcc0-f2798c2e1724,Bills,BUF,Buffalo,,2025-08-06T22:12:57.989691
73da40c0-0fe7-11ef-ae8b-ddf8e5486729,Joe Andreessen,,Joe,Andreessen,LB,44.0,73,232.0,2000-02-07,"Depew, NY, USA",2,Buffalo,Lancaster (NY),,,,,ACT,,,768c92aa-75ff-4a43-bcc0-f2798c2e1724,Bills,BUF,Buffalo,,2025-08-06T22:12:57.989696
78c91cbd-e8ab-42f9-bf92-6bc5f98a09f7,T.J. Sanders,,T.J.,Sanders,DT,98.0,76,297.0,2003-07-30,"Marion, SC, USA",0,South Carolina,Marion (SC),2025.0,2.0,,"{'id': '768c92aa-75ff-4a43-bcc0-f2798c2e1724', 'name': 'Bills', 'market': 'Buffalo', 'alias': 'BUF', 'sr_id': 'sr:competitor:4376'}",ACT,,,768c92aa-75ff-4a43-bcc0-f2798c2e1724,Bills,BUF,Buffalo,,2025-08-06T22:12:57.989701
7c1aa6c9-6548-4192-b8aa-3749cab84b84,Christian Benford,,Christian,Benford,CB,47.0,73,205.0,2000-09-21,"Baltimore, MD, USA",4,Villanova,Randallstown (MD),2022.0,6.0,,"{'id': '768c92aa-75ff-4a43-bcc0-f2798c2e1724', 'name': 'Bills', 'market': 'Buffalo', 'alias': 'BUF', 'sr_id': 'sr:competitor:4376'}",ACT,,,768c92aa-75ff-4a43-bcc0-f2798c2e1724,Bills,BUF,Buffalo,,2025-08-06T22:12:57.989711
825fe252-36b9-48d9-a845-29114c5aae8a,Matt Milano,,Matt,Milano,LB,58.0,72,223.0,1994-07-28,"Orlando, FL, USA",9,Boston College,Dr. Phillips (FL),2017.0,5.0,,"{'id': '768c92aa-75ff-4a43-bcc0-f2798c2e1724', 'name': 'Bills', 'market': 'Buffalo', 'alias': 'BUF', 'sr_id': 'sr:competitor:4376'}",ACT,,,768c92aa-75ff-4a43-bcc0-f2798c2e1724,Bills,BUF,Buffalo,,2025-08-06T22:12:57.989716
839e8540-2308-11f0-aa64-8d9c47758cf0,Keleki Latu,,Keleki,Latu,TE,83.0,79,244.0,2002-08-13,"Sacramento, CA, USA",0,Washington,Jesuit (CA),,,,,ACT,,,768c92aa-75ff-4a43-bcc0-f2798c2e1724,Bills,BUF,Buffalo,,2025-08-06T22:12:57.989721
87304bcd-83f1-4e59-b9cb-6474f7e0dc01,Jackson Hawes,,Jackson,Hawes,TE,85.0,76,253.0,2000-12-06,"Salt Lake City, UT, USA",0,Georgia Tech,Highland (UT),2025.0,5.0,,"{'id': '768c92aa-75ff-4a43-bcc0-f2798c2e1724', 'name': 'Bills', 'market': 'Buffalo', 'alias': 'BUF', 'sr_id': 'sr:competitor:4376'}",ACT,,,768c92aa-75ff-4a43-bcc0-f2798c2e1724,Bills,BUF,Buffalo,,2025-08-06T22:12:57.989731
88a2a9c0-0be6-11ef-a1fb-fd287260fc2a,Brandon Codrington,,Brandon,Codrington,CB,29.0,69,185.0,2000-11-17,"Raleigh, NC, USA",2,North Carolina Central,Broughton (NC),,,,,ACT,,,768c92aa-75ff-4a43-bcc0-f2798c2e1724,Bills,BUF,Buffalo,,2025-08-06T22:12:57.989735
9098b52a-bc60-4a3d-9eaa-4611966a576e,Cole Bishop,,Cole,Bishop,SAF,24.0,74,207.0,2002-10-24,"Peachtree City, GA, USA",2,Utah,Starr's Mill (GA),2024.0,2.0,,"{'id': '768c92aa-75ff-4a43-bcc0-f2798c2e1724', 'name': 'Bills', 'market': 'Buffalo', 'alias': 'BUF', 'sr_id': 'sr:competitor:4376'}",ACT,,,768c92aa-75ff-4a43-bcc0-f2798c2e1724,Bills,BUF,Buffalo,,2025-08-06T22:12:57.989746
915f567f-ca74-426a-8ed0-123c45f67baa,Larry Ogunjobi,,Larry,Ogunjobi,DT,99.0,74,305.0,1994-06-03,"Greensboro, NC, USA",9,Charlotte,Ragsdale (NC),2017.0,3.0,,"{'id': 'd5a2eb42-8065-4174-ab79-0a6fa820e35e', 'name': 'Browns', 'market': 'Cleveland', 'alias': 'CLE', 'sr_id': 'sr:competitor:4417'}",SUS,,,768c92aa-75ff-4a43-bcc0-f2798c2e1724,Bills,BUF,Buffalo,,2025-08-06T22:12:57.989751
917b5b20-2303-11f0-a98b-45054bf97df0,Hayden Harris,,Hayden,Harris,DE,,77,255.0,,"Mill Creek, WA, USA",0,Montana,Eastside Catholic (WA),,,,,IR,,,768c92aa-75ff-4a43-bcc0-f2798c2e1724,Bills,BUF,Buffalo,,2025-08-06T22:12:57.989755
925d25b0-0ecc-11ef-890b-59ac76551f0e,Te'Cory Couch,,Te'Cory,Couch,DB,33.0,70,175.0,1999-09-06,"Fort Lauderdale, FL, USA",1,Miami (FL),Chaminade-Madonna (FL),,,,,ACT,,,768c92aa-75ff-4a43-bcc0-f2798c2e1724,Bills,BUF,Buffalo,,2025-08-06T22:12:57.989760
92c2dfb2-6929-4192-94cb-9ae6845dd2f6,Dan Feeney,,Dan,Feeney,OG,60.0,76,310.0,1994-05-29,"Orland Park, IL, USA",8,Indiana,Sandburg (IL),2017.0,3.0,,"{'id': '1f6dcffb-9823-43cd-9ff4-e7a8466749b5', 'name': 'Chargers', 'market': 'Los Angeles', 'alias': 'LAC', 'sr_id': 'sr:competitor:4429'}",ACT,,,768c92aa-75ff-4a43-bcc0-f2798c2e1724,Bills,BUF,Buffalo,,2025-08-06T22:12:57.989765
9514d4d4-f32a-477d-9eda-a76ae9e28a77,Deone Walker,,Deone,Walker,DT,96.0,79,331.0,2004-03-11,"Detroit, MI, USA",0,Kentucky,Cass Technical (MI),2025.0,4.0,,"{'id': '768c92aa-75ff-4a43-bcc0-f2798c2e1724', 'name': 'Bills', 'market': 'Buffalo', 'alias': 'BUF', 'sr_id': 'sr:competitor:4376'}",ACT,,,768c92aa-75ff-4a43-bcc0-f2798c2e1724,Bills,BUF,Buffalo,,2025-08-06T22:12:57.989770
a132f370-0725-11ef-a24c-e3710bb6fc6a,Jimmy Ciarlo,,Jimmy,Ciarlo,LB,35.0,74,225.0,2001-02-28,"Ringwood, NJ, USA",0,Army,St. Joseph Regional (NJ),,,,,ACT,,,768c92aa-75ff-4a43-bcc0-f2798c2e1724,Bills,BUF,Buffalo,,2025-08-06T22:12:57.989780
adabdc56-278f-48b9-a003-1329b7f2f663,Ed Oliver,,Ed,Oliver,DT,91.0,73,287.0,1997-12-12,"Houston, TX, USA",7,Houston,Westfield (TX),2019.0,1.0,,"{'id': '768c92aa-75ff-4a43-bcc0-f2798c2e1724', 'name': 'Bills', 'market': 'Buffalo', 'alias': 'BUF', 'sr_id': 'sr:competitor:4376'}",ACT,,,768c92aa-75ff-4a43-bcc0-f2798c2e1724,Bills,BUF,Buffalo,,2025-08-06T22:12:57.989795
b231b9d4-d3fe-437d-91b0-c6619cd175c0,Edefuan Ulofoshio,,Edefuan,Ulofoshio,LB,48.0,73,239.0,2000-01-23,"Anchorage, AK, USA",2,Washington,Bishop Gorman (NV),2024.0,5.0,,"{'id': '768c92aa-75ff-4a43-bcc0-f2798c2e1724', 'name': 'Bills', 'market': 'Buffalo', 'alias': 'BUF', 'sr_id': 'sr:competitor:4376'}",ACT,,,768c92aa-75ff-4a43-bcc0-f2798c2e1724,Bills,BUF,Buffalo,,2025-08-06T22:12:57.989805
b7a0f6d0-af4f-4134-8382-c59c4283576e,David Edwards,,David,Edwards,G,76.0,78,308.0,1997-03-20,"Downers Grove, IL, USA",7,Wisconsin,Downers Grove North (IL),2019.0,5.0,,"{'id': '2eff2a03-54d4-46ba-890e-2bc3925548f3', 'name': 'Rams', 'market': 'Los Angeles', 'alias': 'LA', 'sr_id': 'sr:competitor:4387'}",ACT,,,768c92aa-75ff-4a43-bcc0-f2798c2e1724,Bills,BUF,Buffalo,,2025-08-06T22:12:57.989810
bfccbff4-bc01-41ed-aa11-be976160504c,Tyler Bass,,Tyler,Bass,K,2.0,70,183.0,1997-02-14,"Irmo, SC, USA",6,Georgia Southern,Dutch Fork (SC),2020.0,6.0,,"{'id': '768c92aa-75ff-4a43-bcc0-f2798c2e1724', 'name': 'Bills', 'market': 'Buffalo', 'alias': 'BUF', 'sr_id': 'sr:competitor:4376'}",ACT,,,768c92aa-75ff-4a43-bcc0-f2798c2e1724,Bills,BUF,Buffalo,,2025-08-06T22:12:57.989825
c47a2147-d70d-4874-91b3-8548b26fb3ec,Greg Rousseau,,Greg,Rousseau,DE,50.0,78,266.0,2000-04-05,"Coconut Creek, FL, USA",5,Miami (FL),Champagnat Catholic (FL),2021.0,1.0,,"{'id': '768c92aa-75ff-4a43-bcc0-f2798c2e1724', 'name': 'Bills', 'market': 'Buffalo', 'alias': 'BUF', 'sr_id': 'sr:competitor:4376'}",ACT,,,768c92aa-75ff-4a43-bcc0-f2798c2e1724,Bills,BUF,Buffalo,,2025-08-06T22:12:57.989830
d1e10b36-db62-42af-92c5-e3349d3ecb47,Sedrick Van Pran-Granger,,Sedrick,Van Pran-Granger,OL,62.0,76,310.0,2001-10-23,"New Orleans, LA, USA",2,Georgia,Warren Easton (LA),2024.0,5.0,,"{'id': '768c92aa-75ff-4a43-bcc0-f2798c2e1724', 'name': 'Bills', 'market': 'Buffalo', 'alias': 'BUF', 'sr_id': 'sr:competitor:4376'}",PUP,,,768c92aa-75ff-4a43-bcc0-f2798c2e1724,Bills,BUF,Buffalo,,2025-08-06T22:12:57.989849
d5dee97b-aa96-4fa6-868f-b6dc1f66245c,Cam Lewis,,Cam,Lewis,DB,39.0,69,183.0,1997-04-13,"Detroit, MI, USA",6,Buffalo,Consortium Prep (MI),,,,,ACT,,,768c92aa-75ff-4a43-bcc0-f2798c2e1724,Bills,BUF,Buffalo,,2025-08-06T22:12:57.989854
d7c63db7-dfe8-4cd6-a684-90342d12fa26,Shane Buechele,,Shane,Buechele,QB,6.0,72,210.0,1998-01-08,"Arlington, TX, USA",4,SMU,Lamar (TX),,,,,ACT,,,768c92aa-75ff-4a43-bcc0-f2798c2e1724,Bills,BUF,Buffalo,,2025-08-06T22:12:57.989859
dac14b40-d555-11ec-addb-6dd6dcd40f21,Ja'Marcus Ingram,,Ja'Marcus,Ingram,CB,46.0,74,190.0,1997-09-02,"Dallas, TX, USA",2,Buffalo,South Oak Cliff (TX),,,,,ACT,,,768c92aa-75ff-4a43-bcc0-f2798c2e1724,Bills,BUF,Buffalo,,2025-08-06T22:12:57.989863
dac7972d-044d-41c6-9510-14707667e7b0,O'Cyrus Torrence,,O'Cyrus,Torrence,G,64.0,77,347.0,2000-01-20,"Hammond, LA, USA",3,Florida,St. Helena Central (LA),2023.0,2.0,,"{'id': '768c92aa-75ff-4a43-bcc0-f2798c2e1724', 'name': 'Bills', 'market': 'Buffalo', 'alias': 'BUF', 'sr_id': 'sr:competitor:4376'}",ACT,,,768c92aa-75ff-4a43-bcc0-f2798c2e1724,Bills,BUF,Buffalo,,2025-08-06T22:12:57.989869
dc1a7ae0-25fa-11f0-865f-ade1859e0302,TaMuarion Wilson,,TaMuarion,Wilson,CB,,74,215.0,,"Bryant, AR, USA",0,Central Arkansas,Bryant (AR),,,,,ACT,,,768c92aa-75ff-4a43-bcc0-f2798c2e1724,Bills,BUF,Buffalo,,2025-08-06T22:12:57.989873
dea85730-d2e9-11ec-96a0-c3471a31202c,Alec Anderson,,Alec,Anderson,T,70.0,77,305.0,1999-10-03,"Fontana, CA, USA",3,UCLA,Etiwanda (CA),,,,,ACT,,,768c92aa-75ff-4a43-bcc0-f2798c2e1724,Bills,BUF,Buffalo,,2025-08-06T22:12:57.989878
df2197e0-0ecd-11ef-9867-015160f23ab4,Mike Edwards,,Mike,Edwards,OL,65.0,77,363.0,1998-11-10,"Hope Mills, NC, USA",1,Campbell,South View (NC),,,,,ACT,,,768c92aa-75ff-4a43-bcc0-f2798c2e1724,Bills,BUF,Buffalo,,2025-08-06T22:12:57.989883
eb8cec5d-d9e8-4f0f-b15d-43a5a09df0ce,Travis Clayton,,Travis,Clayton,OT,67.0,79,301.0,2001-02-17,"Basingstoke,, GBR",2,,,2024.0,7.0,,"{'id': '768c92aa-75ff-4a43-bcc0-f2798c2e1724', 'name': 'Bills', 'market': 'Buffalo', 'alias': 'BUF', 'sr_id': 'sr:competitor:4376'}",ACT,,,768c92aa-75ff-4a43-bcc0-f2798c2e1724,Bills,BUF,Buffalo,,2025-08-06T22:12:57.989893
f0deb589-ddc6-4feb-91b6-8922ad26e259,Spencer Brown,,Spencer,Brown,T,79.0,80,311.0,1998-02-28,"Lenox, IA, USA",5,Northern Iowa,Lenox (IA),2021.0,3.0,,"{'id': '768c92aa-75ff-4a43-bcc0-f2798c2e1724', 'name': 'Bills', 'market': 'Buffalo', 'alias': 'BUF', 'sr_id': 'sr:competitor:4376'}",ACT,,,768c92aa-75ff-4a43-bcc0-f2798c2e1724,Bills,BUF,Buffalo,,2025-08-06T22:12:57.989898
f5f02301-7ec2-48ae-b67e-31fd01cc070b,DeWayne Carter,,DeWayne,Carter,DT,90.0,75,305.0,2000-12-10,"Pickerington, OH, USA",2,Duke,Pickerington Central (OH),2024.0,3.0,,"{'id': '768c92aa-75ff-4a43-bcc0-f2798c2e1724', 'name': 'Bills', 'market': 'Buffalo', 'alias': 'BUF', 'sr_id': 'sr:competitor:4376'}",ACT,,,768c92aa-75ff-4a43-bcc0-f2798c2e1724,Bills,BUF,Buffalo,,2025-08-06T22:12:57.989908
f914a0e0-2306-11f0-b9e0-0930e26afc7b,Jacob Bayer,,Jacob,Bayer,C,61.0,75,310.0,2002-12-12,"Grandview, TX, USA",0,Arkansas State,Lamar (TX),,,,,ACT,,,768c92aa-75ff-4a43-bcc0-f2798c2e1724,Bills,BUF,Buffalo,,2025-08-06T22:12:57.989913
fb62cc43-b6b8-4498-81b5-747ade6d0efa,Dorian Strong,,Dorian,Strong,CB,43.0,73,185.0,2002-03-14,"Upper Marlboro, MD, USA",0,Virginia Tech,Dr. Henry A. Wise Jr (MD),2025.0,6.0,,"{'id': '768c92aa-75ff-4a43-bcc0-f2798c2e1724', 'name': 'Bills', 'market': 'Buffalo', 'alias': 'BUF', 'sr_id': 'sr:competitor:4376'}",ACT,,,768c92aa-75ff-4a43-bcc0-f2798c2e1724,Bills,BUF,Buffalo,,2025-08-06T22:12:57.989918
fcd72650-13b8-4a8d-bc2f-d6b28d46a431,Javon Solomon,,Javon,Solomon,DE,56.0,73,247.0,2001-01-17,"Tallahassee, FL, USA",2,Troy,Godby (FL),2024.0,5.0,,"{'id': '768c92aa-75ff-4a43-bcc0-f2798c2e1724', 'name': 'Bills', 'market': 'Buffalo', 'alias': 'BUF', 'sr_id': 'sr:competitor:4376'}",ACT,,,768c92aa-75ff-4a43-bcc0-f2798c2e1724,Bills,BUF,Buffalo,,2025-08-06T22:12:57.989923
fee39f7c-63e9-4377-969f-a3e6aa520ebb,Maxwell Hairston,,Maxwell,Hairston,CB,31.0,71,183.0,2003-08-06,"West Bloomfield, MI, USA",0,Kentucky,West Bloomfield (MI),2025.0,1.0,,"{'id': '768c92aa-75ff-4a43-bcc0-f2798c2e1724', 'name': 'Bills', 'market': 'Buffalo', 'alias': 'BUF', 'sr_id': 'sr:competitor:4376'}",ACT,,,768c92aa-75ff-4a43-bcc0-f2798c2e1724,Bills,BUF,Buffalo,,2025-08-06T22:12:57.989927
01831580-f0dd-11ed-b8be-811e1be6b8e1,Keidron Smith,,Keidron,Smith,DB,43.0,74,210.0,1999-11-01,"Boca Raton, FL, USA",2,Kentucky,Oxbridge Academy (FL),,,,,ACT,,,ce92bd47-93d5-4fe9-ada4-0fc681e6caa0,Broncos,DEN,Denver,,2025-08-06T22:12:59.361914
09fab9a8-b0af-4580-bf55-5c9167912f89,Garett Bolles,,Garett,Bolles,T,72.0,77,300.0,1992-05-27,"Walnut Creek, CA, USA",9,Utah,Westlake (CA),2017.0,1.0,,"{'id': 'ce92bd47-93d5-4fe9-ada4-0fc681e6caa0', 'name': 'Broncos', 'market': 'Denver', 'alias': 'DEN', 'sr_id': 'sr:competitor:4418'}",ACT,,,ce92bd47-93d5-4fe9-ada4-0fc681e6caa0,Broncos,DEN,Denver,,2025-08-06T22:12:59.361949
0fbae920-230d-11f0-a4d0-0d23ee218254,JB Brown,,JB,Brown,LB,50.0,74,230.0,,"Hughes, AR, USA",0,Kansas,Har-Ber (AR),,,,,ACT,,,ce92bd47-93d5-4fe9-ada4-0fc681e6caa0,Broncos,DEN,Denver,,2025-08-06T22:12:59.361960
10ea3415-e11a-4d5a-8dea-ed10856f015e,Damarri Mathis,,Damarri,Mathis,CB,27.0,71,195.0,1999-04-12,"Lakeland, FL, USA",4,Pittsburgh,Lakeland (FL),2022.0,4.0,,"{'id': 'ce92bd47-93d5-4fe9-ada4-0fc681e6caa0', 'name': 'Broncos', 'market': 'Denver', 'alias': 'DEN', 'sr_id': 'sr:competitor:4418'}",ACT,,,ce92bd47-93d5-4fe9-ada4-0fc681e6caa0,Broncos,DEN,Denver,,2025-08-06T22:12:59.361971
11288610-2311-11f0-833e-6da5d4b3f0d4,Joaquin Davis,,Joaquin,Davis,WR,80.0,76,195.0,,"Durham, NC, USA",0,North Carolina Central,Charles E. Jordan (NC),,,,,ACT,,,ce92bd47-93d5-4fe9-ada4-0fc681e6caa0,Broncos,DEN,Denver,,2025-08-06T22:12:59.361980
11bad1b0-0732-11ef-a78d-45dbecbebf62,Jordan Miller,,Jordan,Miller,NT,90.0,75,307.0,2000-01-20,"Jacksonville, FL, USA",1,SMU,Sandalwood (FL),,,,,ACT,,,ce92bd47-93d5-4fe9-ada4-0fc681e6caa0,Broncos,DEN,Denver,,2025-08-06T22:12:59.361989
155980c2-e289-48c4-a047-09c08d0ce7ae,P.J. Locke,,P.J.,Locke,SAF,6.0,70,202.0,1997-02-12,"Beaumont, TX, USA",6,Texas,Central (TX),,,,,ACT,,,ce92bd47-93d5-4fe9-ada4-0fc681e6caa0,Broncos,DEN,Denver,,2025-08-06T22:12:59.361997
1c93b43d-7bcd-417b-a836-28b43920730d,Nick Gargiulo,,Nick,Gargiulo,G,66.0,77,310.0,2000-07-19,"Yorktown Heights, NY, USA",1,South Carolina,Somers (NY),2024.0,7.0,,"{'id': 'ce92bd47-93d5-4fe9-ada4-0fc681e6caa0', 'name': 'Broncos', 'market': 'Denver', 'alias': 'DEN', 'sr_id': 'sr:competitor:4418'}",ACT,,,ce92bd47-93d5-4fe9-ada4-0fc681e6caa0,Broncos,DEN,Denver,,2025-08-06T22:12:59.362016
2858209e-4aa7-4539-9901-99a4d881229c,Pat Bryant,,Pat,Bryant,WR,13.0,74,204.0,2002-12-10,"Jacksonville, FL, USA",0,Illinois,Atlantic Coast (FL),2025.0,3.0,,"{'id': 'ce92bd47-93d5-4fe9-ada4-0fc681e6caa0', 'name': 'Broncos', 'market': 'Denver', 'alias': 'DEN', 'sr_id': 'sr:competitor:4418'}",ACT,,,ce92bd47-93d5-4fe9-ada4-0fc681e6caa0,Broncos,DEN,Denver,,2025-08-06T22:12:59.362026
2c0dcd70-250d-11f0-9874-071e11b76fd9,Caden Prieskorn,,Caden,Prieskorn,TE,86.0,77,255.0,1999-09-21,"Lake Orion, MI, USA",0,Ole Miss,Orchard Lake (MI),,,,,ACT,,,ce92bd47-93d5-4fe9-ada4-0fc681e6caa0,Broncos,DEN,Denver,,2025-08-06T22:12:59.362044
2ce748a0-230c-11f0-baab-d708d2badd44,Clay Webb,,Clay,Webb,G,64.0,75,312.0,2000-03-28,"Oxford, AL, USA",0,Jacksonville State,Oxford (AL),,,,,ACT,,,ce92bd47-93d5-4fe9-ada4-0fc681e6caa0,Broncos,DEN,Denver,,2025-08-06T22:12:59.362053
326b52a0-e78e-11ed-bccd-1717a8013adf,Andrew Farmer,,Andrew,Farmer,OLB,53.0,76,250.0,2000-04-19,"Jacksonville, FL, USA",2,Lane,First Coast (FL),,,,,ACT,,,ce92bd47-93d5-4fe9-ada4-0fc681e6caa0,Broncos,DEN,Denver,,2025-08-06T22:12:59.362061
38d9a47a-c3e3-4355-9995-c12782832728,Matt Henningsen,,Matt,Henningsen,DE,91.0,75,291.0,1999-07-09,"Menomonee Falls, WI, USA",3,Wisconsin,Menomonee Falls (WI),2022.0,6.0,,"{'id': 'ce92bd47-93d5-4fe9-ada4-0fc681e6caa0', 'name': 'Broncos', 'market': 'Denver', 'alias': 'DEN', 'sr_id': 'sr:competitor:4418'}",ACT,,,ce92bd47-93d5-4fe9-ada4-0fc681e6caa0,Broncos,DEN,Denver,,2025-08-06T22:12:59.362071
400b5050-2575-11f0-af86-31a6953d26dd,Joe Michalski,,Joe,Michalski,C,68.0,77,305.0,,"Kansas City, KS, USA",0,Oklahoma State,St. Thomas Aquinas (KS),,,,,ACT,,,ce92bd47-93d5-4fe9-ada4-0fc681e6caa0,Broncos,DEN,Denver,,2025-08-06T22:12:59.362098
4165b9c0-2310-11f0-a113-95a0dae6af9e,Jerjuan Newton,,Jerjuan,Newton,WR,81.0,71,192.0,2001-05-19,"St. Petersburg, FL, USA",0,Toledo,Clearwater Central Catholic (FL),,,,,ACT,,,ce92bd47-93d5-4fe9-ada4-0fc681e6caa0,Broncos,DEN,Denver,,2025-08-06T22:12:59.362106
417f4ddc-b1a4-432d-bbcf-e95236c10efc,Mitchell Fraboni,,Mitchell,Fraboni,LS,48.0,74,223.0,1996-10-28,"Phoenix, AZ, USA",4,Arizona State,Mountain Pointe (AZ),,,,,ACT,,,ce92bd47-93d5-4fe9-ada4-0fc681e6caa0,Broncos,DEN,Denver,,2025-08-06T22:12:59.362115
43d85f40-2f78-11f0-8abe-47b509daf5d5,Kyrese White,,Kyrese,White,WR,39.0,70,185.0,,"Ogden, UT, USA",0,Utah State,Roy (UT),,,,,ACT,,,ce92bd47-93d5-4fe9-ada4-0fc681e6caa0,Broncos,DEN,Denver,,2025-08-06T22:12:59.362123
4bc2be9f-9001-4395-a097-d3c89140a83b,Calvin Throckmorton,,Calvin,Throckmorton,OG,76.0,77,311.0,1996-08-16,"Bellevue, WA, USA",5,Oregon,Newport (WA),,,,,ACT,,,ce92bd47-93d5-4fe9-ada4-0fc681e6caa0,Broncos,DEN,Denver,,2025-08-06T22:12:59.362132
50b60c54-3f6b-49dd-b1e0-2f8c6193b606,Luke Wattenberg,,Luke,Wattenberg,C,60.0,77,300.0,1997-09-10,"Trabuco Canyon, CA, USA",4,Washington,JSerra Catholic (CA),2022.0,5.0,,"{'id': 'ce92bd47-93d5-4fe9-ada4-0fc681e6caa0', 'name': 'Broncos', 'market': 'Denver', 'alias': 'DEN', 'sr_id': 'sr:competitor:4418'}",ACT,,,ce92bd47-93d5-4fe9-ada4-0fc681e6caa0,Broncos,DEN,Denver,,2025-08-06T22:12:59.362151
51b134e9-4aed-4dfc-a2dd-ed03f42b3c0e,Sai'vion Jones,,Sai'vion,Jones,DE,95.0,77,289.0,2003-07-03,"Vacherie, LA, USA",0,LSU,St. James (LA),2025.0,3.0,,"{'id': 'ce92bd47-93d5-4fe9-ada4-0fc681e6caa0', 'name': 'Broncos', 'market': 'Denver', 'alias': 'DEN', 'sr_id': 'sr:competitor:4418'}",ACT,,,ce92bd47-93d5-4fe9-ada4-0fc681e6caa0,Broncos,DEN,Denver,,2025-08-06T22:12:59.362161
5c753156-6ba2-4e25-9fbd-492c69e06ff0,Pat Surtain II,,Pat,Surtain,CB,2.0,74,202.0,2000-04-14,"Plantation, FL, USA",5,Alabama,American Heritage (FL),2021.0,1.0,,"{'id': 'ce92bd47-93d5-4fe9-ada4-0fc681e6caa0', 'name': 'Broncos', 'market': 'Denver', 'alias': 'DEN', 'sr_id': 'sr:competitor:4418'}",ACT,,,ce92bd47-93d5-4fe9-ada4-0fc681e6caa0,Broncos,DEN,Denver,,2025-08-06T22:12:59.362214
62fb07e0-d253-11ec-b16e-cf7159baf83d,Ja'Quan McMillian,,Ja'Quan,McMillian,CB,29.0,70,183.0,2000-06-04,"Winston-Salem, NC, USA",3,East Carolina,West Forsyth (NC),,,,,ACT,,,ce92bd47-93d5-4fe9-ada4-0fc681e6caa0,Broncos,DEN,Denver,,2025-08-06T22:12:59.362233
640f28f2-9365-44f2-bbfb-29730dfe8c90,Jeremy Crawshaw,,Jeremy,Crawshaw,P,16.0,75,205.0,2001-05-22,"Penrith,, AUS",0,Florida,,2025.0,6.0,,"{'id': 'ce92bd47-93d5-4fe9-ada4-0fc681e6caa0', 'name': 'Broncos', 'market': 'Denver', 'alias': 'DEN', 'sr_id': 'sr:competitor:4418'}",ACT,,,ce92bd47-93d5-4fe9-ada4-0fc681e6caa0,Broncos,DEN,Denver,,2025-08-06T22:12:59.362243
7431c500-0733-11ef-b167-5dcd24adaaf9,Quinton Newsome,,Quinton,Newsome,CB,36.0,73,185.0,2001-07-11,"Suwanee, GA, USA",1,Nebraska,North Gwinnett (GA),,,,,ACT,,,ce92bd47-93d5-4fe9-ada4-0fc681e6caa0,Broncos,DEN,Denver,,2025-08-06T22:12:59.362252
74ee9029-96c6-4a9b-bd20-1b2ba18c14b5,Jonathon Cooper,,Jonathon,Cooper,OLB,0.0,76,257.0,1998-01-08,"Gahanna, OH, USA",5,Ohio State,Lincoln (OH),2021.0,7.0,,"{'id': 'ce92bd47-93d5-4fe9-ada4-0fc681e6caa0', 'name': 'Broncos', 'market': 'Denver', 'alias': 'DEN', 'sr_id': 'sr:competitor:4418'}",ACT,,,ce92bd47-93d5-4fe9-ada4-0fc681e6caa0,Broncos,DEN,Denver,,2025-08-06T22:12:59.362264
75dd276d-df54-4264-893c-aab76f3ae9b2,Jahdae Barron,,Jahdae,Barron,CB,12.0,71,200.0,2001-12-04,"Corpus Christi, TX, USA",0,Texas,Connally (TX),2025.0,1.0,,"{'id': 'ce92bd47-93d5-4fe9-ada4-0fc681e6caa0', 'name': 'Broncos', 'market': 'Denver', 'alias': 'DEN', 'sr_id': 'sr:competitor:4418'}",ACT,,,ce92bd47-93d5-4fe9-ada4-0fc681e6caa0,Broncos,DEN,Denver,,2025-08-06T22:12:59.362274
770d7e60-230f-11f0-8e89-839bb4abee21,Johnny Walker,,Johnny,Walker,OLB,59.0,75,250.0,2001-12-12,"Tampa, FL, USA",0,Missouri,Chamberlain (FL),,,,,IR,,,ce92bd47-93d5-4fe9-ada4-0fc681e6caa0,Broncos,DEN,Denver,,2025-08-06T22:12:59.362303
779fd90f-ae23-4f6e-80f2-49052e7ca6aa,Drew Sanders,,Drew,Sanders,LB,41.0,77,233.0,2001-12-31,"Dallas, TX, USA",3,Arkansas,Billy Ryan (TX),2023.0,3.0,,"{'id': 'ce92bd47-93d5-4fe9-ada4-0fc681e6caa0', 'name': 'Broncos', 'market': 'Denver', 'alias': 'DEN', 'sr_id': 'sr:competitor:4418'}",ACT,,,ce92bd47-93d5-4fe9-ada4-0fc681e6caa0,Broncos,DEN,Denver,,2025-08-06T22:12:59.362313
77af642a-82f9-439c-8413-9221df3ccba6,Eyioma Uwazurike,,Eyioma,Uwazurike,DL,96.0,78,320.0,1998-05-06,"Detroit, MI, USA",3,Iowa State,Southfield-Lathrup (MI),2022.0,4.0,,"{'id': 'ce92bd47-93d5-4fe9-ada4-0fc681e6caa0', 'name': 'Broncos', 'market': 'Denver', 'alias': 'DEN', 'sr_id': 'sr:competitor:4418'}",ACT,,,ce92bd47-93d5-4fe9-ada4-0fc681e6caa0,Broncos,DEN,Denver,,2025-08-06T22:12:59.362323
784f8433-0379-46bc-b9ed-6c5a1783513d,Nik Bonitto,,Nik,Bonitto,OLB,15.0,75,240.0,1999-09-26,"Fort Lauderdale, FL, USA",4,Oklahoma,St. Thomas Aquinas (FL),2022.0,2.0,,"{'id': 'ce92bd47-93d5-4fe9-ada4-0fc681e6caa0', 'name': 'Broncos', 'market': 'Denver', 'alias': 'DEN', 'sr_id': 'sr:competitor:4418'}",ACT,,,ce92bd47-93d5-4fe9-ada4-0fc681e6caa0,Broncos,DEN,Denver,,2025-08-06T22:12:59.362334
7bae5c30-2d76-11ef-965b-a7cea7da527b,Dondrea Tillman,,Dondrea,Tillman,OLB,92.0,76,247.0,1998-04-30,"Sterling, VA, USA",2,Indiana (PA),Potomac Falls (VA),,,,,ACT,,,ce92bd47-93d5-4fe9-ada4-0fc681e6caa0,Broncos,DEN,Denver,,2025-08-06T22:12:59.362343
7df846c7-fef7-4ad8-83af-f9047d8e57e6,Alex Forsyth,,Alex,Forsyth,C,54.0,76,312.0,1999-02-13,"West Linn, OR, USA",3,Oregon,West Linn (OR),2023.0,7.0,,"{'id': 'ce92bd47-93d5-4fe9-ada4-0fc681e6caa0', 'name': 'Broncos', 'market': 'Denver', 'alias': 'DEN', 'sr_id': 'sr:competitor:4418'}",ACT,,,ce92bd47-93d5-4fe9-ada4-0fc681e6caa0,Broncos,DEN,Denver,,2025-08-06T22:12:59.362353
817a0df0-f0da-11ed-972d-fdf54f71b173,Garrett Nelson,,Garrett,Nelson,DE,59.0,76,245.0,2000-03-01,"Scottsbluff, NE, USA",1,Nebraska,Scottsbluff (NE),,,,,ACT,,,ce92bd47-93d5-4fe9-ada4-0fc681e6caa0,Broncos,DEN,Denver,,2025-08-06T22:12:59.362373
83b719f1-e6ac-4611-8235-c2f6bd198fa3,Devon Key,,Devon,Key,DB,26.0,72,208.0,1997-10-28,"Lexington, KY, USA",2,Western Kentucky,Bryan Station (KY),,,,,ACT,,,ce92bd47-93d5-4fe9-ada4-0fc681e6caa0,Broncos,DEN,Denver,,2025-08-06T22:12:59.362382
88a09f4b-3cc1-4e70-bf4c-9b1503ecb89f,Caleb Lohner,,Caleb,Lohner,TE,84.0,79,250.0,2001-10-01,"Flower Mound, TX, USA",0,Utah,Flower Mound (TX),2025.0,7.0,,"{'id': 'ce92bd47-93d5-4fe9-ada4-0fc681e6caa0', 'name': 'Broncos', 'market': 'Denver', 'alias': 'DEN', 'sr_id': 'sr:competitor:4418'}",ACT,,,ce92bd47-93d5-4fe9-ada4-0fc681e6caa0,Broncos,DEN,Denver,,2025-08-06T22:12:59.362392
8bd08ef6-5d55-4fd0-b7db-1489d88c6ebd,Quinn Meinerz,,Quinn,Meinerz,G,77.0,75,320.0,1998-11-15,"Hartford, WI, USA",5,Wisconsin-Whitewater,Hartford Union (WI),2021.0,3.0,,"{'id': 'ce92bd47-93d5-4fe9-ada4-0fc681e6caa0', 'name': 'Broncos', 'market': 'Denver', 'alias': 'DEN', 'sr_id': 'sr:competitor:4418'}",ACT,,,ce92bd47-93d5-4fe9-ada4-0fc681e6caa0,Broncos,DEN,Denver,,2025-08-06T22:12:59.362402
8de7e940-2576-11f0-b80f-d1c72f3c07d5,Kristian Williams,,Kristian,Williams,DT,75.0,74,295.0,,"Memphis, TN, USA",0,Missouri,Southwind (TN),,,,,ACT,,,ce92bd47-93d5-4fe9-ada4-0fc681e6caa0,Broncos,DEN,Denver,,2025-08-06T22:12:59.362412
8f79eaa3-df62-4214-a497-1e13970e6b82,Riley Moss,,Riley,Moss,CB,21.0,72,193.0,2000-03-03,"Des Moines, IA, USA",3,Iowa,Ankeny Centennial (IA),2023.0,3.0,,"{'id': 'ce92bd47-93d5-4fe9-ada4-0fc681e6caa0', 'name': 'Broncos', 'market': 'Denver', 'alias': 'DEN', 'sr_id': 'sr:competitor:4418'}",ACT,,,ce92bd47-93d5-4fe9-ada4-0fc681e6caa0,Broncos,DEN,Denver,,2025-08-06T22:12:59.362422
954d9ed8-41ed-4222-b0d8-b3cc8d1755a5,Alex Singleton,,Alex,Singleton,LB,49.0,74,240.0,1993-12-07,"Thousand Oaks, CA, USA",7,Montana State,Thousand Oaks (CA),,,,,ACT,,,ce92bd47-93d5-4fe9-ada4-0fc681e6caa0,Broncos,DEN,Denver,,2025-08-06T22:12:59.362431
98c83840-2311-11f0-ad28-ef1406ce86e0,Xavier Truss,,Xavier,Truss,OL,71.0,79,320.0,2001-07-13,"West Warwick, RI, USA",0,Georgia,Bishop Hendricken (RI),,,,,ACT,,,ce92bd47-93d5-4fe9-ada4-0fc681e6caa0,Broncos,DEN,Denver,,2025-08-06T22:12:59.362441
9d313477-3091-403a-a1d6-1f1e7e5ac4c4,Que Robinson,,Que,Robinson,OLB,51.0,76,243.0,2001-05-12,"Birmingham, AL, USA",0,Alabama,Jackson-Olin (AL),2025.0,4.0,,"{'id': 'ce92bd47-93d5-4fe9-ada4-0fc681e6caa0', 'name': 'Broncos', 'market': 'Denver', 'alias': 'DEN', 'sr_id': 'sr:competitor:4418'}",ACT,,,ce92bd47-93d5-4fe9-ada4-0fc681e6caa0,Broncos,DEN,Denver,,2025-08-06T22:12:59.362451
9e48c440-f322-11ed-9708-f584d834f6a3,Alex Palczewski,,Alex,Palczewski,T,63.0,78,314.0,1999-08-03,"Mount Prospect, IL, USA",3,Illinois,Prospect (IL),,,,,ACT,,,ce92bd47-93d5-4fe9-ada4-0fc681e6caa0,Broncos,DEN,Denver,,2025-08-06T22:12:59.362460
ad57b64a-befa-40fd-ae40-9c438ced7ea2,JL Skinner,,JL,Skinner,SAF,34.0,76,220.0,2001-04-16,"San Diego, CA, USA",3,Boise State,Point Loma (CA),2023.0,6.0,,"{'id': 'ce92bd47-93d5-4fe9-ada4-0fc681e6caa0', 'name': 'Broncos', 'market': 'Denver', 'alias': 'DEN', 'sr_id': 'sr:competitor:4418'}",ACT,,,ce92bd47-93d5-4fe9-ada4-0fc681e6caa0,Broncos,DEN,Denver,,2025-08-06T22:12:59.362491
af3e3a30-2f77-11f0-ba1a-55a5c95161f5,Jordan Turner,,Jordan,Turner,LB,55.0,73,231.0,,"Farmington Hills, MI, USA",0,Michigan State,Farmington (MI),,,,,ACT,,,ce92bd47-93d5-4fe9-ada4-0fc681e6caa0,Broncos,DEN,Denver,,2025-08-06T22:12:59.362500
ba5805bd-c67e-47d8-8d47-c8440a268cd4,Matt Peart,,Matt,Peart,T,79.0,79,318.0,1997-06-11,"Kingston,, JAM",6,UConn,Governor's Academy (MA),2020.0,3.0,,"{'id': '04aa1c9d-66da-489d-b16a-1dee3f2eec4d', 'name': 'Giants', 'market': 'New York', 'alias': 'NYG', 'sr_id': 'sr:competitor:4426'}",ACT,,,ce92bd47-93d5-4fe9-ada4-0fc681e6caa0,Broncos,DEN,Denver,,2025-08-06T22:12:59.362521
bb01a04e-0d54-4fc6-98c8-2b8614d07afe,Malcolm Roach,,Malcolm,Roach,DT,97.0,75,290.0,1998-06-09,"Baton Rouge, LA, USA",6,Texas,Madison Prep (LA),,,,,ACT,,,ce92bd47-93d5-4fe9-ada4-0fc681e6caa0,Broncos,DEN,Denver,,2025-08-06T22:12:59.362530
bf53f47f-0ee5-4391-9087-bfcae6014bde,Jordan Jackson,,Jordan,Jackson,DL,94.0,76,294.0,1998-01-30,"Jacksonville, FL, USA",2,Air Force,Bolles (FL),2022.0,6.0,,"{'id': '0d855753-ea21-4953-89f9-0e20aff9eb73', 'name': 'Saints', 'market': 'New Orleans', 'alias': 'NO', 'sr_id': 'sr:competitor:4425'}",ACT,,,ce92bd47-93d5-4fe9-ada4-0fc681e6caa0,Broncos,DEN,Denver,,2025-08-06T22:12:59.362550
c0f34c90-230e-11f0-b03e-c5b847cf8c8d,Jaden Robinson,,Jaden,Robinson,CB,33.0,72,193.0,,"Auburn, WA, USA",0,Oregon State,Auburn Riverside (WA),,,,,ACT,,,ce92bd47-93d5-4fe9-ada4-0fc681e6caa0,Broncos,DEN,Denver,,2025-08-06T22:12:59.362559
c2b21a35-81fc-465f-9476-6e5cda608288,Mike McGlinchey,,Mike,McGlinchey,T,69.0,80,315.0,1995-01-12,"Philadelphia, PA, USA",8,Notre Dame,William Penn Charter (PA),2018.0,1.0,,"{'id': 'f0e724b0-4cbf-495a-be47-013907608da9', 'name': '49ers', 'market': 'San Francisco', 'alias': 'SF', 'sr_id': 'sr:competitor:4389'}",ACT,,,ce92bd47-93d5-4fe9-ada4-0fc681e6caa0,Broncos,DEN,Denver,,2025-08-06T22:12:59.362569
c33c2e37-fc99-4ab3-b609-d588c9141e9a,Jonah Elliss,,Jonah,Elliss,OLB,52.0,74,246.0,2003-04-03,"Moscow, ID, USA",2,Utah,Moscow Senior (ID),2024.0,3.0,,"{'id': 'ce92bd47-93d5-4fe9-ada4-0fc681e6caa0', 'name': 'Broncos', 'market': 'Denver', 'alias': 'DEN', 'sr_id': 'sr:competitor:4418'}",ACT,,,ce92bd47-93d5-4fe9-ada4-0fc681e6caa0,Broncos,DEN,Denver,,2025-08-06T22:12:59.362579
c4cf84d0-6022-4ac1-a9ba-85587921c53f,Wil Lutz,,Wil,Lutz,K,3.0,71,184.0,1994-07-07,"Newnan, GA, USA",10,Georgia State,Northgate (GA),,,,,ACT,,,ce92bd47-93d5-4fe9-ada4-0fc681e6caa0,Broncos,DEN,Denver,,2025-08-06T22:12:59.362588
ce3022d0-2312-11f0-bb1a-c5184cf675c9,Karene Reid,,Karene,Reid,LB,47.0,72,226.0,2000-02-19,"American Fork, UT, USA",0,Utah,Timpview (UT),,,,,ACT,,,ce92bd47-93d5-4fe9-ada4-0fc681e6caa0,Broncos,DEN,Denver,,2025-08-06T22:12:59.362598
ce81b780-230d-11f0-912b-791b89a31e3d,Courtney Jackson,,Courtney,Jackson,WR,89.0,71,179.0,,"Monroeville, PA, USA",0,Arkansas State,Syracuse (PA),,,,,ACT,,,ce92bd47-93d5-4fe9-ada4-0fc681e6caa0,Broncos,DEN,Denver,,2025-08-06T22:12:59.362607
cfcac921-0ac6-457c-9f37-82324327f3e3,Ben Powers,,Ben,Powers,G,74.0,76,310.0,1996-10-29,"Wichita, KS, USA",7,Oklahoma,Kapaun Mt. Carmel Catholic (OK),2019.0,4.0,,"{'id': 'ebd87119-b331-4469-9ea6-d51fe3ce2f1c', 'name': 'Ravens', 'market': 'Baltimore', 'alias': 'BAL', 'sr_id': 'sr:competitor:4413'}",ACT,,,ce92bd47-93d5-4fe9-ada4-0fc681e6caa0,Broncos,DEN,Denver,,2025-08-06T22:12:59.362617
d2e2b313-6769-48c6-a217-d167f04068df,D.J. Jones,,D.J.,Jones,DT,93.0,72,305.0,1995-01-19,"Greenville, SC, USA",9,Ole Miss,Wren (SC),2017.0,6.0,,"{'id': 'f0e724b0-4cbf-495a-be47-013907608da9', 'name': '49ers', 'market': 'San Francisco', 'alias': 'SF', 'sr_id': 'sr:competitor:4389'}",ACT,,,ce92bd47-93d5-4fe9-ada4-0fc681e6caa0,Broncos,DEN,Denver,,2025-08-06T22:12:59.362627
dcb90680-0731-11ef-9d4c-f327158ee94e,Frank Crum,,Frank,Crum,OT,73.0,79,315.0,2000-05-14,"Laramie, WY, USA",2,Wyoming,Laramie (WY),,,,,ACT,,,ce92bd47-93d5-4fe9-ada4-0fc681e6caa0,Broncos,DEN,Denver,,2025-08-06T22:12:59.362637
ddcbf3f0-ec3b-11ed-aeaf-cb0dc6206dc5,Reese Taylor,,Reese,Taylor,CB,35.0,69,188.0,1999-08-27,"Indianapolis, IN, USA",1,Purdue,Ben Davis (IN),,,,,ACT,,,ce92bd47-93d5-4fe9-ada4-0fc681e6caa0,Broncos,DEN,Denver,,2025-08-06T22:12:59.362646
e08d71dd-58d9-4295-bcf8-9a6faf59c333,John Franklin-Myers,,John,Franklin-Myers,DL,98.0,76,288.0,1996-09-26,"Los Angeles, CA, USA",8,Stephen F. Austin,Greenville (TX),2018.0,4.0,,"{'id': '2eff2a03-54d4-46ba-890e-2bc3925548f3', 'name': 'Rams', 'market': 'Los Angeles', 'alias': 'LA', 'sr_id': 'sr:competitor:4387'}",ACT,,,ce92bd47-93d5-4fe9-ada4-0fc681e6caa0,Broncos,DEN,Denver,,2025-08-06T22:12:59.362656
e6eb9d50-9231-44ff-89eb-7f7b996e042f,Dre Greenlaw,,Dre,Greenlaw,LB,57.0,72,230.0,1997-05-25,"Fayetteville, AR, USA",7,Arkansas,Fayetteville (AR),2019.0,5.0,,"{'id': 'f0e724b0-4cbf-495a-be47-013907608da9', 'name': '49ers', 'market': 'San Francisco', 'alias': 'SF', 'sr_id': 'sr:competitor:4389'}",ACT,,,ce92bd47-93d5-4fe9-ada4-0fc681e6caa0,Broncos,DEN,Denver,,2025-08-06T22:12:59.362687
e94705dd-635c-45f0-b243-88bdd92b4adf,Will Sherman,,Will,Sherman,OL,78.0,76,300.0,1999-05-27,"Raleigh, NC, USA",1,Colorado,Allen (TX),2021.0,6.0,,"{'id': '97354895-8c77-4fd4-a860-32e62ea7382a', 'name': 'Patriots', 'market': 'New England', 'alias': 'NE', 'sr_id': 'sr:competitor:4424'}",ACT,,,ce92bd47-93d5-4fe9-ada4-0fc681e6caa0,Broncos,DEN,Denver,,2025-08-06T22:12:59.362698
e9fd8540-0732-11ef-b2dc-3f8c2bf783f5,Levelle Bailey,,Levelle,Bailey,LB,56.0,74,225.0,2000-12-04,"Sacramento, CA, USA",2,Fresno State,Luther Burbank (CA),,,,,ACT,,,ce92bd47-93d5-4fe9-ada4-0fc681e6caa0,Broncos,DEN,Denver,,2025-08-06T22:12:59.362707
eba202b0-2575-11f0-b0ba-213f959098a7,Marques Cox,,Marques,Cox,OT,70.0,77,312.0,,"Peoria, IL, USA",0,Kentucky,Peoria (IL),,,,,ACT,,,ce92bd47-93d5-4fe9-ada4-0fc681e6caa0,Broncos,DEN,Denver,,2025-08-06T22:12:59.362716
ed32c390-256f-11f0-a218-8d8ce6ec423a,Joshua Pickett,,Joshua,Pickett,CB,39.0,72,188.0,,"Demorest, GA, USA",0,Duke,Habersham Central (GA),,,,,ACT,,,ce92bd47-93d5-4fe9-ada4-0fc681e6caa0,Broncos,DEN,Denver,,2025-08-06T22:12:59.362734
f0677d8a-b387-42c7-b76c-a2b522e8c787,Delarrin Turner-Yell,,Delarrin,Turner-Yell,SAF,32.0,71,200.0,1999-12-16,"Hempstead, TX, USA",4,Oklahoma,Hempstead (TX),2022.0,5.0,,"{'id': 'ce92bd47-93d5-4fe9-ada4-0fc681e6caa0', 'name': 'Broncos', 'market': 'Denver', 'alias': 'DEN', 'sr_id': 'sr:competitor:4418'}",ACT,,,ce92bd47-93d5-4fe9-ada4-0fc681e6caa0,Broncos,DEN,Denver,,2025-08-06T22:12:59.362755
f0c60c6e-513b-40df-9794-d555ed59202f,Brandon Jones,,Brandon,Jones,SAF,22.0,72,191.0,1998-04-02,"Nacogdoches, TX, USA",6,Texas,Nacogdoches (TX),2020.0,3.0,,"{'id': '4809ecb0-abd3-451d-9c4a-92a90b83ca06', 'name': 'Dolphins', 'market': 'Miami', 'alias': 'MIA', 'sr_id': 'sr:competitor:4287'}",ACT,,,ce92bd47-93d5-4fe9-ada4-0fc681e6caa0,Broncos,DEN,Denver,,2025-08-06T22:12:59.362765
f50c9bb7-2782-4390-a84f-b47e71d6018f,Garret Wallow,,Garret,Wallow,LB,46.0,74,230.0,1999-01-25,"New Orleans, LA, USA",5,TCU,John Curtis Christian (LA),2021.0,5.0,,"{'id': '82d2d380-3834-4938-835f-aec541e5ece7', 'name': 'Texans', 'market': 'Houston', 'alias': 'HOU', 'sr_id': 'sr:competitor:4324'}",ACT,,,ce92bd47-93d5-4fe9-ada4-0fc681e6caa0,Broncos,DEN,Denver,,2025-08-06T22:12:59.362776
f66366c2-7849-4c96-86d3-19882a7a27b7,Kris Abrams-Draine,,Kris,Abrams-Draine,CB,31.0,71,178.0,2001-10-04,"Mobile, AL, USA",2,Missouri,Spanish Fort (AL),2024.0,5.0,,"{'id': 'ce92bd47-93d5-4fe9-ada4-0fc681e6caa0', 'name': 'Broncos', 'market': 'Denver', 'alias': 'DEN', 'sr_id': 'sr:competitor:4418'}",ACT,,,ce92bd47-93d5-4fe9-ada4-0fc681e6caa0,Broncos,DEN,Denver,,2025-08-06T22:12:59.362786
f68685e7-9904-47bc-b39a-e1c813435385,Zach Allen,,Zach,Allen,DL,99.0,77,285.0,1997-08-20,"New Canaan, CT, USA",7,Boston College,New Canaan (CT),2019.0,3.0,,"{'id': 'de760528-1dc0-416a-a978-b510d20692ff', 'name': 'Cardinals', 'market': 'Arizona', 'alias': 'ARI', 'sr_id': 'sr:competitor:4412'}",ACT,,,ce92bd47-93d5-4fe9-ada4-0fc681e6caa0,Broncos,DEN,Denver,,2025-08-06T22:12:59.362797
f8f0760e-8f04-45bf-9371-fa33c945bc1c,Justin Strnad,,Justin,Strnad,LB,40.0,75,235.0,1996-08-21,"Palm Harbor, FL, USA",6,Wake Forest,East Lake (FL),2020.0,5.0,,"{'id': 'ce92bd47-93d5-4fe9-ada4-0fc681e6caa0', 'name': 'Broncos', 'market': 'Denver', 'alias': 'DEN', 'sr_id': 'sr:competitor:4418'}",ACT,,,ce92bd47-93d5-4fe9-ada4-0fc681e6caa0,Broncos,DEN,Denver,,2025-08-06T22:12:59.362818
fc6dbb83-b2b1-4962-b793-e79b2378b525,RJ Harvey,,RJ,Harvey,RB,37.0,68,205.0,2001-02-04,"Orlando, FL, USA",0,UCF,Edgewater (FL),2025.0,2.0,,"{'id': 'ce92bd47-93d5-4fe9-ada4-0fc681e6caa0', 'name': 'Broncos', 'market': 'Denver', 'alias': 'DEN', 'sr_id': 'sr:competitor:4418'}",ACT,,,ce92bd47-93d5-4fe9-ada4-0fc681e6caa0,Broncos,DEN,Denver,,2025-08-06T22:12:59.362828
0207678d-d682-4916-ba20-74a218d5b6b1,Joel Bitonio,,Joel,Bitonio,G,75.0,76,320.0,1991-10-11,"San Pedro, CA, USA",12,Nevada,Long Beach Wilson (CA),2014.0,2.0,,"{'id': 'd5a2eb42-8065-4174-ab79-0a6fa820e35e', 'name': 'Browns', 'market': 'Cleveland', 'alias': 'CLE', 'sr_id': 'sr:competitor:4417'}",ACT,,,d5a2eb42-8065-4174-ab79-0a6fa820e35e,Browns,CLE,Cleveland,,2025-08-06T22:13:00.963151
03e6a751-5206-4f9e-8ffa-f92672f7c159,Nik Needham,,Nik,Needham,SAF,25.0,73,196.0,1996-11-04,"Long Beach, CA, USA",6,UTEP,Buena Park (CA),,,,,ACT,,,d5a2eb42-8065-4174-ab79-0a6fa820e35e,Browns,CLE,Cleveland,,2025-08-06T22:13:00.963169
058c99fc-470c-4579-a165-03e043335cc1,Dustin Hopkins,,Dustin,Hopkins,K,7.0,74,210.0,1990-10-01,"Austin, TX, USA",12,Florida State,Clear Lake (TX),2013.0,6.0,,"{'id': '768c92aa-75ff-4a43-bcc0-f2798c2e1724', 'name': 'Bills', 'market': 'Buffalo', 'alias': 'BUF', 'sr_id': 'sr:competitor:4376'}",ACT,,,d5a2eb42-8065-4174-ab79-0a6fa820e35e,Browns,CLE,Cleveland,,2025-08-06T22:13:00.963176
0b366a95-a3a6-4044-a9de-b6bf78fb339e,Jowon Briggs,,Jowon,Briggs,DT,97.0,73,313.0,2001-09-01,"Cincinnati, OH, USA",2,Cincinnati,Walnut Hills (OH),2024.0,7.0,,"{'id': 'd5a2eb42-8065-4174-ab79-0a6fa820e35e', 'name': 'Browns', 'market': 'Cleveland', 'alias': 'CLE', 'sr_id': 'sr:competitor:4417'}",ACT,,,d5a2eb42-8065-4174-ab79-0a6fa820e35e,Browns,CLE,Cleveland,,2025-08-06T22:13:00.963182
0bcd4790-29d9-11f0-90c4-e979903a2a33,Kisean Johnson,,Kisean,Johnson,WR,83.0,73,216.0,,"Birmingham, AL, USA",0,Western Kentucky,Ramsay (AL),,,,,ACT,,,d5a2eb42-8065-4174-ab79-0a6fa820e35e,Browns,CLE,Cleveland,,2025-08-06T22:13:00.963188
0fe9f450-f1c7-11ed-903f-d10940de56e7,Keenan Isaac,,Keenan,Isaac,CB,38.0,75,190.0,2000-02-17,"Midfield, AL, USA",1,Alabama State,Midfield (AL),,,,,ACT,,,d5a2eb42-8065-4174-ab79-0a6fa820e35e,Browns,CLE,Cleveland,,2025-08-06T22:13:00.963199
18f174c9-a956-4c14-bd23-9e799fef6dc7,Rayshawn Jenkins,,Rayshawn,Jenkins,SAF,28.0,73,220.0,1994-01-25,"St. Petersburg, FL, USA",9,Miami (FL),Admiral Farragut Academy (FL),2017.0,4.0,,"{'id': '1f6dcffb-9823-43cd-9ff4-e7a8466749b5', 'name': 'Chargers', 'market': 'Los Angeles', 'alias': 'LAC', 'sr_id': 'sr:competitor:4429'}",ACT,,,d5a2eb42-8065-4174-ab79-0a6fa820e35e,Browns,CLE,Cleveland,,2025-08-06T22:13:00.963241
1bbe7ce0-3707-4d4d-b8f6-7577008f1763,Grant Delpit,,Grant,Delpit,SAF,9.0,75,208.0,1998-09-20,"New Orleans, LA, USA",6,LSU,IMG Academy (FL),2020.0,2.0,,"{'id': 'd5a2eb42-8065-4174-ab79-0a6fa820e35e', 'name': 'Browns', 'market': 'Cleveland', 'alias': 'CLE', 'sr_id': 'sr:competitor:4417'}",ACT,,,d5a2eb42-8065-4174-ab79-0a6fa820e35e,Browns,CLE,Cleveland,,2025-08-06T22:13:00.963246
1e3d482b-e619-4245-bc4e-b347b47dfeba,Alex Wright,,Alex,Wright,DE,91.0,77,267.0,2000-09-05,"Elba, AL, USA",4,UAB,Elba (AL),2022.0,3.0,,"{'id': 'd5a2eb42-8065-4174-ab79-0a6fa820e35e', 'name': 'Browns', 'market': 'Cleveland', 'alias': 'CLE', 'sr_id': 'sr:competitor:4417'}",ACT,,,d5a2eb42-8065-4174-ab79-0a6fa820e35e,Browns,CLE,Cleveland,,2025-08-06T22:13:00.963251
1f3d0803-dad7-42dd-b149-da0c65f5a87e,Rex Sunahara,,Rex,Sunahara,LS,50.0,78,242.0,1996-10-09,"Bay Village, OH, USA",2,West Virginia,Bay (OH),,,,,ACT,,,d5a2eb42-8065-4174-ab79-0a6fa820e35e,Browns,CLE,Cleveland,,2025-08-06T22:13:00.963256
20bea240-260d-11f0-970d-ef26be29da17,Dartanyan Tinsley,,Dartanyan,Tinsley,OG,65.0,75,340.0,,"Owensboro, KY, USA",0,Cincinnati,Owensboro (KY),,,,,ACT,,,d5a2eb42-8065-4174-ab79-0a6fa820e35e,Browns,CLE,Cleveland,,2025-08-06T22:13:00.963261
20d66704-9c12-467f-a6ca-9cf9dc00730c,Shelby Harris,,Shelby,Harris,DT,93.0,74,288.0,1991-08-11,"Milwaukee, WI, USA",11,Illinois State,Mequon Homestead (WI),2014.0,7.0,,"{'id': '7d4fcc64-9cb5-4d1b-8e75-8a906d1e1576', 'name': 'Raiders', 'market': 'Las Vegas', 'alias': 'LV', 'sr_id': 'sr:competitor:4390'}",ACT,,,d5a2eb42-8065-4174-ab79-0a6fa820e35e,Browns,CLE,Cleveland,,2025-08-06T22:13:00.963266
2303e1eb-fa31-4cfe-b93d-7c2e1b683baa,Greg Newsome II,,Greg,Newsome,CB,0.0,72,192.0,2000-05-18,"Chicago, IL, USA",5,Northwestern,IMG Academy (FL),2021.0,1.0,,"{'id': 'd5a2eb42-8065-4174-ab79-0a6fa820e35e', 'name': 'Browns', 'market': 'Cleveland', 'alias': 'CLE', 'sr_id': 'sr:competitor:4417'}",ACT,,,d5a2eb42-8065-4174-ab79-0a6fa820e35e,Browns,CLE,Cleveland,,2025-08-06T22:13:00.963272
25f0b180-ead8-11ed-86b8-630d0ad2d5af,Andre Szmyt,,Andre,Szmyt,K,47.0,72,200.0,1998-09-26,"Lake Forest, IL, USA",1,Syracuse,Vernon Hills (IL),,,,,ACT,,,d5a2eb42-8065-4174-ab79-0a6fa820e35e,Browns,CLE,Cleveland,,2025-08-06T22:13:00.963282
268c6ae2-278b-49f8-b7cd-b367944412f3,Quinshon Judkins,,Quinshon,Judkins,RB,10.0,71,221.0,2003-10-29,"Pike Road, AL, USA",0,Ohio State,Pike Road (AL),2025.0,2.0,,"{'id': 'd5a2eb42-8065-4174-ab79-0a6fa820e35e', 'name': 'Browns', 'market': 'Cleveland', 'alias': 'CLE', 'sr_id': 'sr:competitor:4417'}",UDF,,,d5a2eb42-8065-4174-ab79-0a6fa820e35e,Browns,CLE,Cleveland,,2025-08-06T22:13:00.963287
270e09bc-8bf8-44b0-87ed-1fd014de4ab7,Shedeur Sanders,,Shedeur,Sanders,QB,12.0,74,212.0,2002-02-07,"Tyler, TX, USA",0,Colorado,Trinity Christian (TX),2025.0,5.0,,"{'id': 'd5a2eb42-8065-4174-ab79-0a6fa820e35e', 'name': 'Browns', 'market': 'Cleveland', 'alias': 'CLE', 'sr_id': 'sr:competitor:4417'}",ACT,,,d5a2eb42-8065-4174-ab79-0a6fa820e35e,Browns,CLE,Cleveland,,2025-08-06T22:13:00.963292
299d4fe8-188c-43d1-95d3-8a8f103da5c5,Dillon Gabriel,,Dillon,Gabriel,QB,5.0,71,205.0,2000-12-28,"Mililani, HI, USA",0,Oregon,Mililani (HI),2025.0,3.0,,"{'id': 'd5a2eb42-8065-4174-ab79-0a6fa820e35e', 'name': 'Browns', 'market': 'Cleveland', 'alias': 'CLE', 'sr_id': 'sr:competitor:4417'}",ACT,,,d5a2eb42-8065-4174-ab79-0a6fa820e35e,Browns,CLE,Cleveland,,2025-08-06T22:13:00.963297
2c001bf0-2317-11f0-aeaa-cdcf4993617b,Donovan McMillon,,Donovan,McMillon,SAF,31.0,74,203.0,,"McMurray, PA, USA",0,Pittsburgh,Peters Township (PA),,,,,ACT,,,d5a2eb42-8065-4174-ab79-0a6fa820e35e,Browns,CLE,Cleveland,,2025-08-06T22:13:00.963307
2f995e2b-1e30-4cff-809d-68c0366dda3a,Teven Jenkins,,Teven,Jenkins,G,74.0,78,321.0,1998-03-03,"Topeka, KS, USA",5,Oklahoma State,Topeka (KS),2021.0,2.0,,"{'id': '7b112545-38e6-483c-a55c-96cf6ee49cb8', 'name': 'Bears', 'market': 'Chicago', 'alias': 'CHI', 'sr_id': 'sr:competitor:4391'}",ACT,,,d5a2eb42-8065-4174-ab79-0a6fa820e35e,Browns,CLE,Cleveland,,2025-08-06T22:13:00.963312
3e601120-ec77-11ed-b8b6-ffd66a389c6b,Ronnie Hickman,,Ronnie,Hickman,SAF,33.0,73,209.0,2001-10-11,"New York, NY, USA",3,Ohio State,DePaul Catholic (NJ),,,,,ACT,,,d5a2eb42-8065-4174-ab79-0a6fa820e35e,Browns,CLE,Cleveland,,2025-08-06T22:13:00.963316
3f762750-0582-11ef-8a3f-a10723b4c9fe,Christopher Edmonds,,Christopher,Edmonds,SAF,41.0,74,210.0,2001-07-16,"Phenix City, AL, USA",1,Arizona State,Brookstone (GA),,,,,ACT,,,d5a2eb42-8065-4174-ab79-0a6fa820e35e,Browns,CLE,Cleveland,,2025-08-06T22:13:00.963321
4c22d0dd-3f8e-4abf-84ca-7f08c046e3a5,Cornelius Lucas,,Cornelius,Lucas,T,71.0,80,327.0,1991-07-18,"New Orleans, LA, USA",11,Kansas State,Edna Karr (LA),,,,,ACT,,,d5a2eb42-8065-4174-ab79-0a6fa820e35e,Browns,CLE,Cleveland,,2025-08-06T22:13:00.963330
513aad03-6d8b-45cd-96ed-ad0d56e942f4,Jeremiah Owusu-Koramoah,,Jeremiah,Owusu-Koramoah,LB,6.0,74,221.0,1999-11-04,"Hampton, VA, USA",5,Notre Dame,Bethel (VA),2021.0,2.0,,"{'id': 'd5a2eb42-8065-4174-ab79-0a6fa820e35e', 'name': 'Browns', 'market': 'Cleveland', 'alias': 'CLE', 'sr_id': 'sr:competitor:4417'}",PUP,,,d5a2eb42-8065-4174-ab79-0a6fa820e35e,Browns,CLE,Cleveland,,2025-08-06T22:13:00.963335
53e7c80e-8bf9-4ab2-ab3e-80cb556ea784,Jerome Baker,,Jerome,Baker,LB,17.0,74,232.0,1996-12-25,"Cleveland, OH, USA",8,Ohio State,Benedictine (OH),2018.0,3.0,,"{'id': '4809ecb0-abd3-451d-9c4a-92a90b83ca06', 'name': 'Dolphins', 'market': 'Miami', 'alias': 'MIA', 'sr_id': 'sr:competitor:4287'}",ACT,,,d5a2eb42-8065-4174-ab79-0a6fa820e35e,Browns,CLE,Cleveland,,2025-08-06T22:13:00.963340
54f13aa1-4a2f-46a3-99ef-743c1d3ee234,Maliek Collins,,Maliek,Collins,DT,96.0,74,310.0,1995-04-08,"Kansas City, KS, USA",10,Nebraska,Center (MO),2016.0,3.0,,"{'id': 'e627eec7-bbae-4fa4-8e73-8e1d6bc5c060', 'name': 'Cowboys', 'market': 'Dallas', 'alias': 'DAL', 'sr_id': 'sr:competitor:4392'}",ACT,,,d5a2eb42-8065-4174-ab79-0a6fa820e35e,Browns,CLE,Cleveland,,2025-08-06T22:13:00.963345
5653dd00-2f93-11f0-89c9-a564218f169a,Cade McDonald,,Cade,McDonald,WR,31.0,70,196.0,,"Naperville, IL, USA",0,Miami (OH),Naperville Central (IL),,,,,ACT,,,d5a2eb42-8065-4174-ab79-0a6fa820e35e,Browns,CLE,Cleveland,,2025-08-06T22:13:00.963350
57df4c36-e48c-45a4-a1ae-f6e86bf5d21e,Sal Cannella,,Sal,Cannella,TE,87.0,77,242.0,1996-12-02,"Schaumburg, IL, USA",1,Auburn,St. Viator (IL),,,,,ACT,,,d5a2eb42-8065-4174-ab79-0a6fa820e35e,Browns,CLE,Cleveland,,2025-08-06T22:13:00.963354
593fdfcf-8852-457e-bb9a-0411533eca32,Mike Hall Jr.,,Mike,Hall,DT,51.0,75,300.0,2003-06-13,"Cleveland, OH, USA",2,Ohio State,Streetsboro (OH),2024.0,2.0,,"{'id': 'd5a2eb42-8065-4174-ab79-0a6fa820e35e', 'name': 'Browns', 'market': 'Cleveland', 'alias': 'CLE', 'sr_id': 'sr:competitor:4417'}",PUP,,,d5a2eb42-8065-4174-ab79-0a6fa820e35e,Browns,CLE,Cleveland,,2025-08-06T22:13:00.963359
5e7e828d-d375-4608-bf63-3726c492fc44,Cameron Thomas,,Cameron,Thomas,DE,99.0,76,265.0,2000-01-07,"Carlsbad, CA, USA",4,San Diego State,Carlsbad (CA),2022.0,3.0,,"{'id': 'de760528-1dc0-416a-a978-b510d20692ff', 'name': 'Cardinals', 'market': 'Arizona', 'alias': 'ARI', 'sr_id': 'sr:competitor:4412'}",ACT,,,d5a2eb42-8065-4174-ab79-0a6fa820e35e,Browns,CLE,Cleveland,,2025-08-06T22:13:00.963364
5efacd9e-be9e-4711-8101-e5579ba3274f,Mason Graham,,Mason,Graham,DT,94.0,76,315.0,2003-09-02,"Mission Viejo, CA, USA",0,Michigan,Servite (CA),2025.0,1.0,,"{'id': 'd5a2eb42-8065-4174-ab79-0a6fa820e35e', 'name': 'Browns', 'market': 'Cleveland', 'alias': 'CLE', 'sr_id': 'sr:competitor:4417'}",ACT,,,d5a2eb42-8065-4174-ab79-0a6fa820e35e,Browns,CLE,Cleveland,,2025-08-06T22:13:00.963369
664d2020-ec76-11ed-b1d3-55b3fe623f86,Mohamoud Diabate,,Mohamoud,Diabate,LB,43.0,76,225.0,2001-05-18,"Auburn, AL, USA",3,Utah,Auburn (AL),,,,,ACT,,,d5a2eb42-8065-4174-ab79-0a6fa820e35e,Browns,CLE,Cleveland,,2025-08-06T22:13:00.963379
692c0a10-2313-11f0-8b96-b1b768d28795,Jason Ivey,,Jason,Ivey,OT,72.0,77,300.0,,"Charlotte, NC, USA",0,North Carolina A&T,South Mecklenburg (NC),,,,,ACT,,,d5a2eb42-8065-4174-ab79-0a6fa820e35e,Browns,CLE,Cleveland,,2025-08-06T22:13:00.963383
6b7096c0-0509-11ef-955c-bd6086e86c51,Bucky Williams,,Bucky,Williams,C,62.0,75,300.0,2000-03-20,"Ringgold, GA, USA",2,Appalachian State,Ringgold (GA),,,,,ACT,,,d5a2eb42-8065-4174-ab79-0a6fa820e35e,Browns,CLE,Cleveland,,2025-08-06T22:13:00.963387
6ea71d26-623a-4178-a93a-215678244902,Dylan Sampson,,Dylan,Sampson,RB,22.0,68,200.0,2004-09-14,"Baton Rouge, LA, USA",0,Tennessee,Dutchtown (LA),2025.0,4.0,,"{'id': 'd5a2eb42-8065-4174-ab79-0a6fa820e35e', 'name': 'Browns', 'market': 'Cleveland', 'alias': 'CLE', 'sr_id': 'sr:competitor:4417'}",ACT,,,d5a2eb42-8065-4174-ab79-0a6fa820e35e,Browns,CLE,Cleveland,,2025-08-06T22:13:00.963393
736c12de-b7be-4c12-bed2-57856b7c8449,Ethan Pocic,,Ethan,Pocic,C,55.0,78,320.0,1995-08-05,"Lemont, IL, USA",9,LSU,Lemont (IL),2017.0,2.0,,"{'id': '3d08af9e-c767-4f88-a7dc-b920c6d2b4a8', 'name': 'Seahawks', 'market': 'Seattle', 'alias': 'SEA', 'sr_id': 'sr:competitor:4430'}",ACT,,,d5a2eb42-8065-4174-ab79-0a6fa820e35e,Browns,CLE,Cleveland,,2025-08-06T22:13:00.963398
7b2e9dfa-96c6-4bbf-80c4-094f9683b217,Sam Kamara,,Sam,Kamara,DE,92.0,72,272.0,1997-12-21,"Carteret, NJ, USA",3,Stony Brook,Carteret (NJ),,,,,ACT,,,d5a2eb42-8065-4174-ab79-0a6fa820e35e,Browns,CLE,Cleveland,,2025-08-06T22:13:00.963402
7cac36f0-0048-422e-930a-a9800037181a,Luke Wypler,,Luke,Wypler,C,56.0,75,303.0,2001-05-03,"Montvale, NJ, USA",3,Ohio State,Saint Joseph Regional (NJ),2023.0,6.0,,"{'id': 'd5a2eb42-8065-4174-ab79-0a6fa820e35e', 'name': 'Browns', 'market': 'Cleveland', 'alias': 'CLE', 'sr_id': 'sr:competitor:4417'}",ACT,,,d5a2eb42-8065-4174-ab79-0a6fa820e35e,Browns,CLE,Cleveland,,2025-08-06T22:13:00.963411
7de6f8cd-e4bc-4a0e-b339-12990b4b7c57,Nathaniel Watson,,Nathaniel,Watson,LB,40.0,72,233.0,2000-09-01,"Maplesville, AL, USA",2,Mississippi State,Maplesville (AL),2024.0,6.0,,"{'id': 'd5a2eb42-8065-4174-ab79-0a6fa820e35e', 'name': 'Browns', 'market': 'Cleveland', 'alias': 'CLE', 'sr_id': 'sr:competitor:4417'}",ACT,,,d5a2eb42-8065-4174-ab79-0a6fa820e35e,Browns,CLE,Cleveland,,2025-08-06T22:13:00.963416
831ba100-2f3a-11f0-81fd-056e0ea5cac0,Luke Floriea,,Luke,Floriea,WR,37.0,68,179.0,,"Mentor, OH, USA",0,Kent State,Mentor (OH),,,,,ACT,,,d5a2eb42-8065-4174-ab79-0a6fa820e35e,Browns,CLE,Cleveland,,2025-08-06T22:13:00.963421
84b0681b-ce78-45ed-a529-b7063ccb6bb0,Cameron Mitchell,,Cameron,Mitchell,CB,29.0,71,191.0,2001-09-08,"Bolingbrook, IL, USA",3,Northwestern,Bolingbrook (IL),2023.0,5.0,,"{'id': 'd5a2eb42-8065-4174-ab79-0a6fa820e35e', 'name': 'Browns', 'market': 'Cleveland', 'alias': 'CLE', 'sr_id': 'sr:competitor:4417'}",ACT,,,d5a2eb42-8065-4174-ab79-0a6fa820e35e,Browns,CLE,Cleveland,,2025-08-06T22:13:00.963426
855895b0-0581-11ef-a412-fdd78988e8c9,Javion Cohen,,Javion,Cohen,G,67.0,76,322.0,2002-08-08,"Phenix City, AL, USA",1,Miami (FL),Central (AL),,,,,ACT,,,d5a2eb42-8065-4174-ab79-0a6fa820e35e,Browns,CLE,Cleveland,,2025-08-06T22:13:00.963430
8bdf2df7-b51c-4404-b153-8dc62b1e0845,Harold Fannin Jr.,,Harold,Fannin,TE,88.0,76,241.0,2004-07-20,"Canton, OH, USA",0,Bowling Green,McKinley (OH),2025.0,3.0,,"{'id': 'd5a2eb42-8065-4174-ab79-0a6fa820e35e', 'name': 'Browns', 'market': 'Cleveland', 'alias': 'CLE', 'sr_id': 'sr:competitor:4417'}",ACT,,,d5a2eb42-8065-4174-ab79-0a6fa820e35e,Browns,CLE,Cleveland,,2025-08-06T22:13:00.963441
91fae7d2-6f40-4ad6-b49f-0d05405ada81,Myles Harden,,Myles,Harden,CB,26.0,71,195.0,2001-12-13,"Miami Gardens, FL, USA",2,South Dakota,Miramar (FL),2024.0,7.0,,"{'id': 'd5a2eb42-8065-4174-ab79-0a6fa820e35e', 'name': 'Browns', 'market': 'Cleveland', 'alias': 'CLE', 'sr_id': 'sr:competitor:4417'}",ACT,,,d5a2eb42-8065-4174-ab79-0a6fa820e35e,Browns,CLE,Cleveland,,2025-08-06T22:13:00.963450
933edc6a-9617-4957-8f64-62a11bc43e6c,Joe Tryon-Shoyinka,,Joe,Tryon-Shoyinka,DE,90.0,77,260.0,1999-04-30,"Seattle, WA, USA",5,Washington,Hazen (WA),2021.0,1.0,,"{'id': '4254d319-1bc7-4f81-b4ab-b5e6f3402b69', 'name': 'Buccaneers', 'market': 'Tampa Bay', 'alias': 'TB', 'sr_id': 'sr:competitor:4388'}",ACT,,,d5a2eb42-8065-4174-ab79-0a6fa820e35e,Browns,CLE,Cleveland,,2025-08-06T22:13:00.963456
96b9bbe0-2317-11f0-9fae-9ba39ba9aec5,Dom Jones,,Dom,Jones,CB,37.0,74,192.0,,"Duluth, GA, USA",0,Colorado State,Peachtree Ridge (GA),,,,,ACT,,,d5a2eb42-8065-4174-ab79-0a6fa820e35e,Browns,CLE,Cleveland,,2025-08-06T22:13:00.963460
977590e8-97a0-4b2e-9f6c-c8d047d12f19,Isaiah McGuire,,Isaiah,McGuire,DE,57.0,76,268.0,2001-07-27,"Tulsa, OK, USA",3,Missouri,Union (OK),2023.0,4.0,,"{'id': 'd5a2eb42-8065-4174-ab79-0a6fa820e35e', 'name': 'Browns', 'market': 'Cleveland', 'alias': 'CLE', 'sr_id': 'sr:competitor:4417'}",ACT,,,d5a2eb42-8065-4174-ab79-0a6fa820e35e,Browns,CLE,Cleveland,,2025-08-06T22:13:00.963465
9a7a5d90-d250-11ec-b16e-cf7159baf83d,Sebastian Gutierrez,,Sebastian,Gutierrez,T,58.0,77,308.0,1998-07-06,"Pasco, WA, USA",1,Minot State,Pasco (WA),,,,,ACT,,,d5a2eb42-8065-4174-ab79-0a6fa820e35e,Browns,CLE,Cleveland,,2025-08-06T22:13:00.963469
a02978e0-f327-11ed-8969-c3ee6357abaf,Anthony Kendall,,Anthony,Kendall,CB,,70,188.0,1999-12-17,"Port Richey, FL, USA",2,Baldwin Wallace,River Ridge (FL),,,,,IR,,,d5a2eb42-8065-4174-ab79-0a6fa820e35e,Browns,CLE,Cleveland,,2025-08-06T22:13:00.963483
a1173ed5-eca1-4c81-beaf-3460d22f6cf1,Martin Emerson Jr.,,Martin,Emerson,CB,1.0,74,201.0,2000-09-27,"Pensacola, FL, USA",4,Mississippi State,Pine Forest (FL),2022.0,3.0,,"{'id': 'd5a2eb42-8065-4174-ab79-0a6fa820e35e', 'name': 'Browns', 'market': 'Cleveland', 'alias': 'CLE', 'sr_id': 'sr:competitor:4417'}",IR,,,d5a2eb42-8065-4174-ab79-0a6fa820e35e,Browns,CLE,Cleveland,,2025-08-06T22:13:00.963488
a514f5d0-260d-11f0-81c1-eb0abefb169c,Gage Larvadain,,Gage,Larvadain,WR,84.0,68,171.0,,"Donaldsonville, LA, USA",0,South Carolina,Riverside (LA),,,,,ACT,,,d5a2eb42-8065-4174-ab79-0a6fa820e35e,Browns,CLE,Cleveland,,2025-08-06T22:13:00.963493
a85a0ba9-674c-4f37-a944-474fc6cdf557,Myles Garrett,,Myles,Garrett,DE,95.0,76,272.0,1995-12-29,"Arlington, TX, USA",9,Texas A&M,Arlington Martin (TX),2017.0,1.0,,"{'id': 'd5a2eb42-8065-4174-ab79-0a6fa820e35e', 'name': 'Browns', 'market': 'Cleveland', 'alias': 'CLE', 'sr_id': 'sr:competitor:4417'}",ACT,,,d5a2eb42-8065-4174-ab79-0a6fa820e35e,Browns,CLE,Cleveland,,2025-08-06T22:13:00.963498
aa104430-d34d-11ef-b4bb-912f6465fcd8,Ralph Holley,,Ralph,Holley,DT,63.0,72,285.0,1999-01-22,"West Bloomfield, MI, USA",1,Western Michigan,St. Mary's Preparatory (MI),,,,,ACT,,,d5a2eb42-8065-4174-ab79-0a6fa820e35e,Browns,CLE,Cleveland,,2025-08-06T22:13:00.963502
ab5d4d72-fb1c-4aeb-887b-f6ca35f679bf,Devin Bush,,Devin,Bush,LB,30.0,71,235.0,1998-07-18,"Pembroke Pines, FL, USA",7,Michigan,Charles W. Flanagan (FL),2019.0,1.0,,"{'id': 'cb2f9f1f-ac67-424e-9e72-1475cb0ed398', 'name': 'Steelers', 'market': 'Pittsburgh', 'alias': 'PIT', 'sr_id': 'sr:competitor:4345'}",ACT,,,d5a2eb42-8065-4174-ab79-0a6fa820e35e,Browns,CLE,Cleveland,,2025-08-06T22:13:00.963507
acb316b0-d24f-11ec-b16e-cf7159baf83d,Kaden Davis,,Kaden,Davis,WR,89.0,73,193.0,1998-09-25,"Ellsworth, KS, USA",1,Northwest Missouri State,Ellsworth (KS),,,,,ACT,,,d5a2eb42-8065-4174-ab79-0a6fa820e35e,Browns,CLE,Cleveland,,2025-08-06T22:13:00.963512
adb1984e-17b1-4efc-9af9-94cec5835c91,Jackson Barton,,Jackson,Barton,T,68.0,79,302.0,1995-08-08,"Salt Lake City, UT, USA",5,Utah,Brighton (UT),2019.0,7.0,,"{'id': '82cf9565-6eb9-4f01-bdbd-5aa0d472fcd9', 'name': 'Colts', 'market': 'Indianapolis', 'alias': 'IND', 'sr_id': 'sr:competitor:4421'}",ACT,,,d5a2eb42-8065-4174-ab79-0a6fa820e35e,Browns,CLE,Cleveland,,2025-08-06T22:13:00.963517
aefdc3d3-0851-4782-b298-f06f137d42c9,Denzel Ward,,Denzel,Ward,CB,21.0,71,190.0,1997-04-28,"Macedonia, OH, USA",8,Ohio State,Macedonia Nordonia (OH),2018.0,1.0,,"{'id': 'd5a2eb42-8065-4174-ab79-0a6fa820e35e', 'name': 'Browns', 'market': 'Cleveland', 'alias': 'CLE', 'sr_id': 'sr:competitor:4417'}",ACT,,,d5a2eb42-8065-4174-ab79-0a6fa820e35e,Browns,CLE,Cleveland,,2025-08-06T22:13:00.963522
b2f6a5a0-f32d-11ed-af69-7df16e87cbc5,Kilian Zierer,,Kilian,Zierer,OT,54.0,79,312.0,1998-02-24,"Munich,, DEU",2,Auburn,,,,,,ACT,,,d5a2eb42-8065-4174-ab79-0a6fa820e35e,Browns,CLE,Cleveland,,2025-08-06T22:13:00.963526
b576e8a0-ec6e-11ed-9a2f-af1869690b4f,Chase Cota,,Chase,Cota,WR,81.0,76,205.0,1999-11-09,"Medford, OR, USA",1,Oregon,South Medford (OR),,,,,ACT,,,d5a2eb42-8065-4174-ab79-0a6fa820e35e,Browns,CLE,Cleveland,,2025-08-06T22:13:00.963530
bbfced90-29da-11f0-995e-19a112062a09,Easton Mascarenas-Arnold,,Easton,Mascarenas-Arnold,LB,42.0,71,227.0,,"Mission Viejo, CA, USA",0,USC,Mission Viejo (CA),,,,,ACT,,,d5a2eb42-8065-4174-ab79-0a6fa820e35e,Browns,CLE,Cleveland,,2025-08-06T22:13:00.963535
c18cabc0-2321-11f0-80a0-bb24566134d1,Ahmani Marshall,,Ahmani,Marshall,RB,39.0,73,225.0,,"Winston-Salem, NC, USA",0,Appalachian State,East Forsyth (NC),,,,,ACT,,,d5a2eb42-8065-4174-ab79-0a6fa820e35e,Browns,CLE,Cleveland,,2025-08-06T22:13:00.963539
c23cade0-b786-11ec-95d0-29b0f7bc1827,Roy Mbaeteka,,Roy,Mbaeteka,OT,61.0,80,330.0,2000-02-13,"Anambra State,, NGA",1,,,,,,,ACT,,,d5a2eb42-8065-4174-ab79-0a6fa820e35e,Browns,CLE,Cleveland,,2025-08-06T22:13:00.963543
c81bb255-a30e-4488-9696-e624f0ff9042,Carson Schwesinger,,Carson,Schwesinger,LB,49.0,75,242.0,2003-02-24,"Moorpark, CA, USA",0,UCLA,Oaks Christian (CA),2025.0,2.0,,"{'id': 'd5a2eb42-8065-4174-ab79-0a6fa820e35e', 'name': 'Browns', 'market': 'Cleveland', 'alias': 'CLE', 'sr_id': 'sr:competitor:4417'}",ACT,,,d5a2eb42-8065-4174-ab79-0a6fa820e35e,Browns,CLE,Cleveland,,2025-08-06T22:13:00.963548
cc3dca70-260c-11f0-a86a-958bdf796b36,Brent Matiscik,,Brent,Matiscik,LS,48.0,73,230.0,,"McKinney, TX, USA",0,TCU,McKinney Boyd (TX),,,,,ACT,,,d5a2eb42-8065-4174-ab79-0a6fa820e35e,Browns,CLE,Cleveland,,2025-08-06T22:13:00.963553
cd8d5f70-6a69-11f0-bafc-7fbf1cbad470,Toa Taua,,Toa,Taua,RB,35.0,69,215.0,2000-02-15,"Lompoc, CA, USA",1,Nevada,Lompoc (CA),,,,,ACT,,,d5a2eb42-8065-4174-ab79-0a6fa820e35e,Browns,CLE,Cleveland,,2025-08-06T22:13:00.963557
ce6f1aa0-40ed-11f0-9e9b-6957f8f9c7d6,Mitch Van Vooren,,Mitch,Van Vooren,TE,44.0,77,242.0,,"Marinette, WI, USA",0,St. Norbert,Peshtigo (WI),,,,,ACT,,,d5a2eb42-8065-4174-ab79-0a6fa820e35e,Browns,CLE,Cleveland,,2025-08-06T22:13:00.963566
d0f733ab-f18a-4095-b80e-bb698c6e1da4,Zak Zinter,,Zak,Zinter,G,70.0,78,310.0,2001-04-17,"Port St. Lucie, FL, USA",2,Michigan,Buckingham Browne & Nichols (MA),2024.0,3.0,,"{'id': 'd5a2eb42-8065-4174-ab79-0a6fa820e35e', 'name': 'Browns', 'market': 'Cleveland', 'alias': 'CLE', 'sr_id': 'sr:competitor:4417'}",ACT,,,d5a2eb42-8065-4174-ab79-0a6fa820e35e,Browns,CLE,Cleveland,,2025-08-06T22:13:00.963571
d3a1efa0-0581-11ef-9496-af557e09e0b2,Lorenzo Thompson,,Lorenzo,Thompson,OT,69.0,78,305.0,2000-06-21,"Syracuse, NY, USA",1,Rhode Island,Cicero North (NY),,,,,ACT,,,d5a2eb42-8065-4174-ab79-0a6fa820e35e,Browns,CLE,Cleveland,,2025-08-06T22:13:00.963576
d5a270bd-6f41-4637-ae09-d5534f1a4d3e,Tony Brown II,,Tony,Brown,CB,11.0,72,200.0,1995-07-13,"Beaumont, TX, USA",7,Alabama,Ozen (TX),,,,,ACT,,,d5a2eb42-8065-4174-ab79-0a6fa820e35e,Browns,CLE,Cleveland,,2025-08-06T22:13:00.963580
e91734d9-8e7d-4e55-9027-e7c338cc809a,Julian Okwara,,Julian,Okwara,DE,53.0,76,250.0,1997-12-27,"Charlotte, NC, USA",6,Notre Dame,Ardrey Kell (NC),2020.0,3.0,,"{'id': 'c5a59daa-53a7-4de0-851f-fb12be893e9e', 'name': 'Lions', 'market': 'Detroit', 'alias': 'DET', 'sr_id': 'sr:competitor:4419'}",ACT,,,d5a2eb42-8065-4174-ab79-0a6fa820e35e,Browns,CLE,Cleveland,,2025-08-06T22:13:00.963585
eb6d2aa0-065d-11ef-89e4-19bb3aa6e36f,Chigozie Anusiem,,Chigozie,Anusiem,CB,35.0,73,200.0,2000-11-05,"La Habra, CA, USA",2,Colorado State,Sonora (CA),,,,,ACT,,,d5a2eb42-8065-4174-ab79-0a6fa820e35e,Browns,CLE,Cleveland,,2025-08-06T22:13:00.963599
ed551fc0-260b-11f0-aaa0-01c1419e0be9,LaMareon James,,LaMareon,James,CB,27.0,70,193.0,,"Norfolk, VA, USA",0,TCU,Indian River (VA),,,,,ACT,,,d5a2eb42-8065-4174-ab79-0a6fa820e35e,Browns,CLE,Cleveland,,2025-08-06T22:13:00.963603
eef59fe0-2317-11f0-9f5e-95c7a639db29,Adin Huntington,,Adin,Huntington,DE,66.0,73,281.0,,"Stafford, VA, USA",0,Tulane,Mountain View (VA),,,,,ACT,,,d5a2eb42-8065-4174-ab79-0a6fa820e35e,Browns,CLE,Cleveland,,2025-08-06T22:13:00.963612
f03da4ea-20c4-4afd-9477-038983b9b592,Dawand Jones,,Dawand,Jones,T,79.0,80,374.0,2001-08-06,"Indianapolis, IN, USA",3,Ohio State,Ben Davis (IN),2023.0,4.0,,"{'id': 'd5a2eb42-8065-4174-ab79-0a6fa820e35e', 'name': 'Browns', 'market': 'Cleveland', 'alias': 'CLE', 'sr_id': 'sr:competitor:4417'}",ACT,,,d5a2eb42-8065-4174-ab79-0a6fa820e35e,Browns,CLE,Cleveland,,2025-08-06T22:13:00.963622
f1dd548b-fcdf-4819-8c5e-6fff3d29a2f9,KJ Henry,,KJ,Henry,DE,52.0,76,255.0,1999-01-27,"Winston-Salem, NC, USA",3,Clemson,West Forsyth (NC),2023.0,5.0,,"{'id': '22052ff7-c065-42ee-bc8f-c4691c50e624', 'name': 'Commanders', 'market': 'Washington', 'alias': 'WAS', 'sr_id': 'sr:competitor:4432'}",ACT,,,d5a2eb42-8065-4174-ab79-0a6fa820e35e,Browns,CLE,Cleveland,,2025-08-06T22:13:00.963627
f3790430-072a-11ef-a3a3-25be50b73d84,Winston Reid,,Winston,Reid,OLB,59.0,72,225.0,1999-08-03,"West Jordan, UT, USA",2,Weber State,Copper Hills (UT),,,,,ACT,,,d5a2eb42-8065-4174-ab79-0a6fa820e35e,Browns,CLE,Cleveland,,2025-08-06T22:13:00.963631
f9c86838-11e5-4582-a03e-c15e02b2013c,Damontae Kazee,,Damontae,Kazee,FS,23.0,71,174.0,1993-06-05,"San Bernardino, CA, USA",9,San Diego State,Cajon (CA),2017.0,5.0,,"{'id': 'e6aa13a4-0055-48a9-bc41-be28dc106929', 'name': 'Falcons', 'market': 'Atlanta', 'alias': 'ATL', 'sr_id': 'sr:competitor:4393'}",ACT,,,d5a2eb42-8065-4174-ab79-0a6fa820e35e,Browns,CLE,Cleveland,,2025-08-06T22:13:00.963636
00cea287-1fa0-4584-803f-59f546ef8722,Emeka Egbuka,,Emeka,Egbuka,WR,9.0,73,205.0,2002-10-14,"Tacoma, WA, USA",0,Ohio State,Steilacoom (WA),2025.0,1.0,,"{'id': '4254d319-1bc7-4f81-b4ab-b5e6f3402b69', 'name': 'Buccaneers', 'market': 'Tampa Bay', 'alias': 'TB', 'sr_id': 'sr:competitor:4388'}",ACT,,,4254d319-1bc7-4f81-b4ab-b5e6f3402b69,Buccaneers,TB,Tampa Bay,,2025-08-06T22:13:02.517774
04508a20-2323-11f0-a339-45199fe528fc,Ben Scott,,Ben,Scott,G,66.0,77,310.0,2001-01-09,"Honolulu, HI, USA",0,Nebraska,St. Louis (HI),,,,,ACT,,,4254d319-1bc7-4f81-b4ab-b5e6f3402b69,Buccaneers,TB,Tampa Bay,,2025-08-06T22:13:02.517793
07c08e00-0707-11ef-ba08-630d43080ab3,Antonio Grier Jr.,,Antonio,Grier,LB,48.0,73,230.0,2000-01-18,"Atlanta, GA, USA",2,Arkansas,Mays (GA),,,,,ACT,,,4254d319-1bc7-4f81-b4ab-b5e6f3402b69,Buccaneers,TB,Tampa Bay,,2025-08-06T22:13:02.517800
0af89610-d556-11ec-addb-6dd6dcd40f21,C.J. Brewer,,C.J.,Brewer,DL,52.0,74,290.0,1997-11-22,"Bowdon, GA, USA",2,Coastal Carolina,Bowdon (GA),,,,,ACT,,,4254d319-1bc7-4f81-b4ab-b5e6f3402b69,Buccaneers,TB,Tampa Bay,,2025-08-06T22:13:02.517805
12d28404-63e1-432f-adde-c93631a5c39c,Chase McLaughlin,,Chase,McLaughlin,K,4.0,72,190.0,1996-04-09,"Cypress, TX, USA",7,Illinois,Cypress Woods (TX),,,,,ACT,,,4254d319-1bc7-4f81-b4ab-b5e6f3402b69,Buccaneers,TB,Tampa Bay,,2025-08-06T22:13:02.517811
1436d990-0703-11ef-bac4-9fcb34966fae,Marcus Banks,,Marcus,Banks,SAF,,72,190.0,2000-10-08,"Houston, TX, USA",1,Mississippi State,Dekaney (TX),,,,,IR,,,4254d319-1bc7-4f81-b4ab-b5e6f3402b69,Buccaneers,TB,Tampa Bay,,2025-08-06T22:13:02.517823
14b52c32-e9f6-4b64-aa22-1d96bb20cf84,Anthony Walker,,Anthony,Walker,LB,3.0,73,235.0,1995-08-08,"Miami, FL, USA",9,Northwestern,Monsignor Edward Pace (FL),2017.0,5.0,,"{'id': '82cf9565-6eb9-4f01-bdbd-5aa0d472fcd9', 'name': 'Colts', 'market': 'Indianapolis', 'alias': 'IND', 'sr_id': 'sr:competitor:4421'}",NON,,,4254d319-1bc7-4f81-b4ab-b5e6f3402b69,Buccaneers,TB,Tampa Bay,,2025-08-06T22:13:02.517830
1ebc26a2-8705-4db2-b177-1b5acc21b5fa,Tykee Smith,,Tykee,Smith,SAF,23.0,70,202.0,2001-02-18,"Philadelphia, PA, USA",2,Georgia,Imhotep Institute Charter (PA),2024.0,3.0,,"{'id': '4254d319-1bc7-4f81-b4ab-b5e6f3402b69', 'name': 'Buccaneers', 'market': 'Tampa Bay', 'alias': 'TB', 'sr_id': 'sr:competitor:4388'}",ACT,,,4254d319-1bc7-4f81-b4ab-b5e6f3402b69,Buccaneers,TB,Tampa Bay,,2025-08-06T22:13:02.517836
21965a60-0704-11ef-b43f-059462dfb174,Rashad Wisdom,,Rashad,Wisdom,SAF,38.0,69,210.0,2001-06-06,"Converse, TX, USA",1,UTSA,Judson (TX),,,,,ACT,,,4254d319-1bc7-4f81-b4ab-b5e6f3402b69,Buccaneers,TB,Tampa Bay,,2025-08-06T22:13:02.517847
2236d1b0-f1c6-11ed-903f-d10940de56e7,Evan Deckers,,Evan,Deckers,LS,86.0,75,252.0,1999-02-23,"Avon, CT, USA",2,Duke,Avon Old Farms (MA),,,,,ACT,,,4254d319-1bc7-4f81-b4ab-b5e6f3402b69,Buccaneers,TB,Tampa Bay,,2025-08-06T22:13:02.517852
266a09c0-262e-11f0-9779-dd9f3cf183b7,JJ Roberts,,JJ,Roberts,SAF,36.0,72,195.0,2001-09-22,"Ona, WV, USA",0,Marshall,Cabell Midland (WV),,,,,ACT,,,4254d319-1bc7-4f81-b4ab-b5e6f3402b69,Buccaneers,TB,Tampa Bay,,2025-08-06T22:13:02.517858
27732f2b-2009-4954-a0a0-d29f5ce1abdf,Antoine Winfield Jr.,,Antoine,Winfield,SAF,31.0,69,203.0,1998-08-16,"The Woodlands, TX, USA",6,Minnesota,The Woodlands (TX),2020.0,2.0,,"{'id': '4254d319-1bc7-4f81-b4ab-b5e6f3402b69', 'name': 'Buccaneers', 'market': 'Tampa Bay', 'alias': 'TB', 'sr_id': 'sr:competitor:4388'}",ACT,,,4254d319-1bc7-4f81-b4ab-b5e6f3402b69,Buccaneers,TB,Tampa Bay,,2025-08-06T22:13:02.517863
278a0811-98b8-42d2-96e9-160b7f364ae0,Jamel Dean,,Jamel,Dean,CB,35.0,73,206.0,1996-10-15,"Cocoa, FL, USA",7,Auburn,Cocoa (FL),2019.0,3.0,,"{'id': '4254d319-1bc7-4f81-b4ab-b5e6f3402b69', 'name': 'Buccaneers', 'market': 'Tampa Bay', 'alias': 'TB', 'sr_id': 'sr:competitor:4388'}",ACT,,,4254d319-1bc7-4f81-b4ab-b5e6f3402b69,Buccaneers,TB,Tampa Bay,,2025-08-06T22:13:02.517869
2d820de0-f28a-11ed-99b9-1501ccdc8e32,Markees Watts,,Markees,Watts,OLB,58.0,73,240.0,1999-12-07,"Lancaster, SC, USA",3,Charlotte,Lancaster (SC),,,,,ACT,,,4254d319-1bc7-4f81-b4ab-b5e6f3402b69,Buccaneers,TB,Tampa Bay,,2025-08-06T22:13:02.517874
31d9ecd0-f1ba-11ed-9bf1-7fd77a26dc1f,Raiqwon O'Neal,,Raiqwon,O'Neal,T,75.0,76,305.0,2000-01-12,"Conway, SC, USA",2,UCLA,Conway (SC),,,,,ACT,,,4254d319-1bc7-4f81-b4ab-b5e6f3402b69,Buccaneers,TB,Tampa Bay,,2025-08-06T22:13:02.517890
33859ece-2c7f-4fe2-9c16-aff3c1e0b9e0,Benjamin Morrison,,Benjamin,Morrison,CB,21.0,72,190.0,2004-03-11,"Phoenix, AZ, USA",0,Notre Dame,Brophy Prep (AZ),2025.0,2.0,,"{'id': '4254d319-1bc7-4f81-b4ab-b5e6f3402b69', 'name': 'Buccaneers', 'market': 'Tampa Bay', 'alias': 'TB', 'sr_id': 'sr:competitor:4388'}",ACT,,,4254d319-1bc7-4f81-b4ab-b5e6f3402b69,Buccaneers,TB,Tampa Bay,,2025-08-06T22:13:02.517896
39eee860-ead7-11ed-86b8-630d0ad2d5af,Lorenz Metz,,Lorenz,Metz,OL,71.0,81,310.0,1997-03-07,"Neuotting,, DEU",1,Cincinnati,,,,,,EXE,,,4254d319-1bc7-4f81-b4ab-b5e6f3402b69,Buccaneers,TB,Tampa Bay,,2025-08-06T22:13:02.517906
3cabdaac-473c-4c7b-827a-6e2e67d1412c,Elijah Klein,,Elijah,Klein,OG,79.0,76,319.0,2000-04-08,"Mount Baldy, CA, USA",2,UTEP,Upland (CA),2024.0,6.0,,"{'id': '4254d319-1bc7-4f81-b4ab-b5e6f3402b69', 'name': 'Buccaneers', 'market': 'Tampa Bay', 'alias': 'TB', 'sr_id': 'sr:competitor:4388'}",ACT,,,4254d319-1bc7-4f81-b4ab-b5e6f3402b69,Buccaneers,TB,Tampa Bay,,2025-08-06T22:13:02.517912
3dec63e9-ad9d-4d1f-8ba2-102d9474df2c,Michael Jordan,,Michael,Jordan,G,60.0,78,315.0,1998-01-25,"Canton, MI, USA",5,Ohio State,Plymouth (MI),2019.0,4.0,,"{'id': 'ad4ae08f-d808-42d5-a1e6-e9bc4e34d123', 'name': 'Bengals', 'market': 'Cincinnati', 'alias': 'CIN', 'sr_id': 'sr:competitor:4416'}",ACT,,,4254d319-1bc7-4f81-b4ab-b5e6f3402b69,Buccaneers,TB,Tampa Bay,,2025-08-06T22:13:02.517917
43756940-22f7-11f0-89d3-c7b82190d975,Shilo Sanders,,Shilo,Sanders,SAF,28.0,72,195.0,2000-02-09,"Canton, TX, USA",0,Colorado,Trinity Christian (TX),,,,,ACT,,,4254d319-1bc7-4f81-b4ab-b5e6f3402b69,Buccaneers,TB,Tampa Bay,,2025-08-06T22:13:02.517922
4b14f840-2cdf-11f0-ba6f-256a51b72f35,Warren Peeples,,Warren,Peeples,OLB,59.0,74,230.0,,"Stone Mountain, GA, USA",0,Southeastern Louisiana,South Gwinnett (GA),,,,,ACT,,,4254d319-1bc7-4f81-b4ab-b5e6f3402b69,Buccaneers,TB,Tampa Bay,,2025-08-06T22:13:02.517927
52e72f40-0506-11ef-a08b-5dc22c0af0d0,Tyler McLellan,,Tyler,McLellan,OT,74.0,80,355.0,1999-04-21,"North Charleston, SC, USA",2,Campbell,Fort Dorchester (SC),,,,,ACT,,,4254d319-1bc7-4f81-b4ab-b5e6f3402b69,Buccaneers,TB,Tampa Bay,,2025-08-06T22:13:02.517953
53cbf000-f01f-11ed-97df-a94b89ac5704,Owen Wright,,Owen,Wright,RB,49.0,69,217.0,1999-02-28,"Bethesda, MD, USA",2,Monmouth,Georgetown Prep (MD),,,,,ACT,,,4254d319-1bc7-4f81-b4ab-b5e6f3402b69,Buccaneers,TB,Tampa Bay,,2025-08-06T22:13:02.517958
56c81bc7-72ac-4356-a737-b8010f931b56,Adam Gotsis,,Adam,Gotsis,DT,97.0,76,287.0,1992-09-23,"Melbourne,, AUS",10,Georgia Tech,Kew (AUS),2016.0,2.0,,"{'id': 'ce92bd47-93d5-4fe9-ada4-0fc681e6caa0', 'name': 'Broncos', 'market': 'Denver', 'alias': 'DEN', 'sr_id': 'sr:competitor:4418'}",ACT,,,4254d319-1bc7-4f81-b4ab-b5e6f3402b69,Buccaneers,TB,Tampa Bay,,2025-08-06T22:13:02.517964
574e4ef0-2324-11f0-b336-c9f528e63216,John Bullock,,John,Bullock,LB,57.0,72,230.0,2001-04-22,"Omaha, NE, USA",0,Nebraska,Omaha Creighton (NE),,,,,ACT,,,4254d319-1bc7-4f81-b4ab-b5e6f3402b69,Buccaneers,TB,Tampa Bay,,2025-08-06T22:13:02.517968
576428f0-6db7-11f0-b5ca-2d18b46d5abd,Jaden Smith,,Jaden,Smith,WR,80.0,78,210.0,,"Fort Worth, TX, USA",0,Nevada,Kennedale (TX),,,,,ACT,,,4254d319-1bc7-4f81-b4ab-b5e6f3402b69,Buccaneers,TB,Tampa Bay,,2025-08-06T22:13:02.517973
57b98db0-f1bb-11ed-9bf1-7fd77a26dc1f,Tanner Taula,,Tanner,Taula,TE,84.0,78,255.0,1998-12-06,"Blue Springs, MO, USA",1,Illinois State,Blue Springs (MO),,,,,ACT,,,4254d319-1bc7-4f81-b4ab-b5e6f3402b69,Buccaneers,TB,Tampa Bay,,2025-08-06T22:13:02.517978
5ab83529-db28-47c6-80a7-6d42401ddb51,Elijah Roberts,,Elijah,Roberts,DL,95.0,76,295.0,2001-12-24,"Miami, FL, USA",0,SMU,Christopher Columbus (FL),2025.0,5.0,,"{'id': '4254d319-1bc7-4f81-b4ab-b5e6f3402b69', 'name': 'Buccaneers', 'market': 'Tampa Bay', 'alias': 'TB', 'sr_id': 'sr:competitor:4388'}",ACT,,,4254d319-1bc7-4f81-b4ab-b5e6f3402b69,Buccaneers,TB,Tampa Bay,,2025-08-06T22:13:02.517984
5bd59487-cd06-4286-bc62-17cae182abf9,Chris Braswell,,Chris,Braswell,OLB,43.0,75,255.0,2001-10-25,"Baltimore, MD, USA",2,Alabama,Saint Frances Academy (MD),2024.0,2.0,,"{'id': '4254d319-1bc7-4f81-b4ab-b5e6f3402b69', 'name': 'Buccaneers', 'market': 'Tampa Bay', 'alias': 'TB', 'sr_id': 'sr:competitor:4388'}",ACT,,,4254d319-1bc7-4f81-b4ab-b5e6f3402b69,Buccaneers,TB,Tampa Bay,,2025-08-06T22:13:02.517989
5c292ee4-9ffa-4ee3-afe6-d7ce5001b003,Jacob Parrish,,Jacob,Parrish,CB,25.0,70,198.0,2004-02-29,"Jefferson City, MO, USA",0,Kansas State,Olathe North (KS),2025.0,3.0,,"{'id': '4254d319-1bc7-4f81-b4ab-b5e6f3402b69', 'name': 'Buccaneers', 'market': 'Tampa Bay', 'alias': 'TB', 'sr_id': 'sr:competitor:4388'}",ACT,,,4254d319-1bc7-4f81-b4ab-b5e6f3402b69,Buccaneers,TB,Tampa Bay,,2025-08-06T22:13:02.517994
608ebe54-1b57-4775-808f-ab2e02637a75,Charlie Heck,,Charlie,Heck,OT,77.0,80,311.0,1996-11-20,"Kansas City, MO, USA",6,North Carolina,Rockhurst (MO),2020.0,4.0,,"{'id': '82d2d380-3834-4938-835f-aec541e5ece7', 'name': 'Texans', 'market': 'Houston', 'alias': 'HOU', 'sr_id': 'sr:competitor:4324'}",ACT,,,4254d319-1bc7-4f81-b4ab-b5e6f3402b69,Buccaneers,TB,Tampa Bay,,2025-08-06T22:13:02.518000
62a727ba-8ffd-40bd-bad7-f49bf6a2edf7,Yaya Diaby,,Yaya,Diaby,OLB,0.0,76,270.0,1999-05-30,"Atlanta, GA, USA",3,Louisville,North Clayton (GA),2023.0,3.0,,"{'id': '4254d319-1bc7-4f81-b4ab-b5e6f3402b69', 'name': 'Buccaneers', 'market': 'Tampa Bay', 'alias': 'TB', 'sr_id': 'sr:competitor:4388'}",ACT,,,4254d319-1bc7-4f81-b4ab-b5e6f3402b69,Buccaneers,TB,Tampa Bay,,2025-08-06T22:13:02.518006
635d1ec0-2323-11f0-a185-d3c7d4e2c725,Ryan Coe,,Ryan,Coe,K,39.0,74,225.0,,"McDonald, PA, USA",0,California,North Carolina (PA),,,,,ACT,,,4254d319-1bc7-4f81-b4ab-b5e6f3402b69,Buccaneers,TB,Tampa Bay,,2025-08-06T22:13:02.518011
64dce7de-f582-48bb-9acf-a971212d4fec,Cody Mauch,,Cody,Mauch,G,69.0,78,303.0,1999-01-15,"Breckenridge, MN, USA",3,North Dakota State,Hankinson (ND),2023.0,2.0,,"{'id': '4254d319-1bc7-4f81-b4ab-b5e6f3402b69', 'name': 'Buccaneers', 'market': 'Tampa Bay', 'alias': 'TB', 'sr_id': 'sr:competitor:4388'}",ACT,,,4254d319-1bc7-4f81-b4ab-b5e6f3402b69,Buccaneers,TB,Tampa Bay,,2025-08-06T22:13:02.518016
6a44a840-2e93-11f0-a004-9b104c40906f,Nick Jackson,,Nick,Jackson,LB,53.0,72,235.0,2001-01-05,"Atlanta, GA, USA",0,Iowa,The Lovett School (GA),,,,,ACT,,,4254d319-1bc7-4f81-b4ab-b5e6f3402b69,Buccaneers,TB,Tampa Bay,,2025-08-06T22:13:02.518021
6ccf5140-f1c9-11ed-a984-a58c04943ad8,Christian Izien,,Christian,Izien,SAF,29.0,70,200.0,2000-06-08,"Far Rockaway, NY, USA",3,Rutgers,Erasmus Hall (NY),,,,,ACT,,,4254d319-1bc7-4f81-b4ab-b5e6f3402b69,Buccaneers,TB,Tampa Bay,,2025-08-06T22:13:02.518025
724c3e97-bd2a-4d48-850e-352829e51708,Greg Gaines,,Greg,Gaines,DL,96.0,73,312.0,1996-05-06,"La Habra, CA, USA",7,Washington,La Habra (CA),2019.0,4.0,,"{'id': '2eff2a03-54d4-46ba-890e-2bc3925548f3', 'name': 'Rams', 'market': 'Los Angeles', 'alias': 'LA', 'sr_id': 'sr:competitor:4387'}",ACT,,,4254d319-1bc7-4f81-b4ab-b5e6f3402b69,Buccaneers,TB,Tampa Bay,,2025-08-06T22:13:02.518036
76d1f310-5877-42d1-99b2-b9ab4b8d826b,Zyon McCollum,,Zyon,McCollum,CB,27.0,74,199.0,1999-05-03,"Galveston, TX, USA",4,Sam Houston,Ball (TX),2022.0,5.0,,"{'id': '4254d319-1bc7-4f81-b4ab-b5e6f3402b69', 'name': 'Buccaneers', 'market': 'Tampa Bay', 'alias': 'TB', 'sr_id': 'sr:competitor:4388'}",ACT,,,4254d319-1bc7-4f81-b4ab-b5e6f3402b69,Buccaneers,TB,Tampa Bay,,2025-08-06T22:13:02.518041
7b582d77-4357-48db-973c-3b92e57272cb,Jose Ramirez,,Jose,Ramirez,OLB,33.0,74,252.0,1999-05-09,"Lake Alfred, FL, USA",2,Eastern Michigan,Auburndale (FL),2023.0,6.0,,"{'id': '4254d319-1bc7-4f81-b4ab-b5e6f3402b69', 'name': 'Buccaneers', 'market': 'Tampa Bay', 'alias': 'TB', 'sr_id': 'sr:competitor:4388'}",ACT,,,4254d319-1bc7-4f81-b4ab-b5e6f3402b69,Buccaneers,TB,Tampa Bay,,2025-08-06T22:13:02.518047
81b0e840-2317-11f0-9c65-b965c8884c48,Connor Bazelak,,Connor,Bazelak,QB,8.0,75,225.0,2000-09-22,"Dayton, OH, USA",0,Bowling Green,Archbishop Alter (OH),,,,,ACT,,,4254d319-1bc7-4f81-b4ab-b5e6f3402b69,Buccaneers,TB,Tampa Bay,,2025-08-06T22:13:02.518052
8886bd70-2321-11f0-8da8-b92c52fc103b,Garrett Greene,,Garrett,Greene,WR,85.0,71,201.0,2001-10-01,"Tallahassee, FL, USA",0,West Virginia,Chiles (FL),,,,,ACT,,,4254d319-1bc7-4f81-b4ab-b5e6f3402b69,Buccaneers,TB,Tampa Bay,,2025-08-06T22:13:02.518061
8a5ec760-d52b-11ec-b52d-e7a911758389,Mike Greene,,Mike,Greene,DL,91.0,75,293.0,1999-05-03,"Richmond, VA, USA",2,James Madison,Highland Springs (VA),,,,,ACT,,,4254d319-1bc7-4f81-b4ab-b5e6f3402b69,Buccaneers,TB,Tampa Bay,,2025-08-06T22:13:02.518071
8bc51884-c9db-4745-8731-20eff25f41b0,Anthony Nelson,,Anthony,Nelson,OLB,98.0,79,271.0,1997-03-04,"Urbandale, IA, USA",7,Iowa,Waukee (IA),2019.0,4.0,,"{'id': '4254d319-1bc7-4f81-b4ab-b5e6f3402b69', 'name': 'Buccaneers', 'market': 'Tampa Bay', 'alias': 'TB', 'sr_id': 'sr:competitor:4388'}",ACT,,,4254d319-1bc7-4f81-b4ab-b5e6f3402b69,Buccaneers,TB,Tampa Bay,,2025-08-06T22:13:02.518081
8c1e02f0-0706-11ef-83ee-df242a895580,Tyrek Funderburk,,Tyrek,Funderburk,CB,24.0,72,185.0,2000-11-28,"Indian Trail, NC, USA",2,Appalachian State,Metrolina Christian (NC),,,,,ACT,,,4254d319-1bc7-4f81-b4ab-b5e6f3402b69,Buccaneers,TB,Tampa Bay,,2025-08-06T22:13:02.518090
8e0e175e-ab3d-42e1-8494-e6b56f051c79,Graham Barton,,Graham,Barton,C,62.0,77,314.0,2002-06-01,"Brentwood, TN, USA",2,Duke,Ravenwood (TN),2024.0,1.0,,"{'id': '4254d319-1bc7-4f81-b4ab-b5e6f3402b69', 'name': 'Buccaneers', 'market': 'Tampa Bay', 'alias': 'TB', 'sr_id': 'sr:competitor:4388'}",ACT,,,4254d319-1bc7-4f81-b4ab-b5e6f3402b69,Buccaneers,TB,Tampa Bay,,2025-08-06T22:13:02.518100
95242131-623b-41d0-8898-9d6f71da56f7,Josh Hayes,,Josh,Hayes,DB,32.0,72,190.0,1999-04-24,"Lakeland, FL, USA",3,Kansas State,Lake Gibson (FL),2023.0,6.0,,"{'id': '4254d319-1bc7-4f81-b4ab-b5e6f3402b69', 'name': 'Buccaneers', 'market': 'Tampa Bay', 'alias': 'TB', 'sr_id': 'sr:competitor:4388'}",ACT,,,4254d319-1bc7-4f81-b4ab-b5e6f3402b69,Buccaneers,TB,Tampa Bay,,2025-08-06T22:13:02.518120
9a612961-9fdf-47d0-b7ca-32b55adb1f61,Lavonte David,,Lavonte,David,LB,54.0,73,233.0,1990-01-23,"Miami, FL, USA",14,Nebraska,Northwestern (FL),2012.0,2.0,,"{'id': '4254d319-1bc7-4f81-b4ab-b5e6f3402b69', 'name': 'Buccaneers', 'market': 'Tampa Bay', 'alias': 'TB', 'sr_id': 'sr:competitor:4388'}",ACT,,,4254d319-1bc7-4f81-b4ab-b5e6f3402b69,Buccaneers,TB,Tampa Bay,,2025-08-06T22:13:02.518140
9f7afb70-2323-11f0-bb60-13b2b1a208b0,Desmond Watson,,Desmond,Watson,NT,56.0,77,449.0,,"Plant City, FL, USA",0,Florida,Armwood (FL),,,,,NON,,,4254d319-1bc7-4f81-b4ab-b5e6f3402b69,Buccaneers,TB,Tampa Bay,,2025-08-06T22:13:02.518145
a1d2d9e0-2f73-11f0-bb21-639920b278b0,Dvon J-Thomas,,Dvon,J-Thomas,DL,73.0,73,305.0,,"Burtonsville, MD, USA",0,Penn State,McDonogh School (MD),,,,,ACT,,,4254d319-1bc7-4f81-b4ab-b5e6f3402b69,Buccaneers,TB,Tampa Bay,,2025-08-06T22:13:02.518150
a2a587d3-2971-41f5-a5d4-828d9cf1494e,Deion Jones,,Deion,Jones,MLB,45.0,73,222.0,1994-11-04,"New Orleans, LA, USA",9,LSU,Jesuit (LA),2016.0,2.0,,"{'id': 'e6aa13a4-0055-48a9-bc41-be28dc106929', 'name': 'Falcons', 'market': 'Atlanta', 'alias': 'ATL', 'sr_id': 'sr:competitor:4393'}",ACT,,,4254d319-1bc7-4f81-b4ab-b5e6f3402b69,Buccaneers,TB,Tampa Bay,,2025-08-06T22:13:02.518156
ab423af0-2322-11f0-8f6d-754ae693dbf1,Benjamin Chukwuma,,Benjamin,Chukwuma,OT,70.0,78,310.0,,"Austell, GA, USA",0,Georgia State,Campbell (GA),,,,,ACT,,,4254d319-1bc7-4f81-b4ab-b5e6f3402b69,Buccaneers,TB,Tampa Bay,,2025-08-06T22:13:02.518166
ad756d40-39a0-4f5c-bbf5-f31f4c3ee0a6,Tez Johnson,,Tez,Johnson,WR,83.0,70,165.0,2002-05-18,"Pinson, AL, USA",0,Oregon,Pinson Valley (AL),2025.0,7.0,,"{'id': '4254d319-1bc7-4f81-b4ab-b5e6f3402b69', 'name': 'Buccaneers', 'market': 'Tampa Bay', 'alias': 'TB', 'sr_id': 'sr:competitor:4388'}",ACT,,,4254d319-1bc7-4f81-b4ab-b5e6f3402b69,Buccaneers,TB,Tampa Bay,,2025-08-06T22:13:02.518171
bfb346f0-2318-11f0-81b8-b7cb2fd8d89b,Josh Williams,,Josh,Williams,RB,37.0,69,210.0,2001-06-09,"Houston, TX, USA",0,LSU,Kinkaid (TX),,,,,ACT,,,4254d319-1bc7-4f81-b4ab-b5e6f3402b69,Buccaneers,TB,Tampa Bay,,2025-08-06T22:13:02.518186
c5a8f0e1-b5ff-4018-b4da-3676ac12207e,SirVocea Dennis,,SirVocea,Dennis,LB,8.0,72,230.0,2000-03-09,"Syracuse, NY, USA",3,Pittsburgh,Christian Brother (NY),2023.0,5.0,,"{'id': '4254d319-1bc7-4f81-b4ab-b5e6f3402b69', 'name': 'Buccaneers', 'market': 'Tampa Bay', 'alias': 'TB', 'sr_id': 'sr:competitor:4388'}",ACT,,,4254d319-1bc7-4f81-b4ab-b5e6f3402b69,Buccaneers,TB,Tampa Bay,,2025-08-06T22:13:02.518213
c6258640-f1c6-11ed-903f-d10940de56e7,Kaevon Merriweather,,Kaevon,Merriweather,SAF,26.0,72,212.0,1999-12-20,"Belleville, MI, USA",3,Iowa,Belleville (MI),,,,,ACT,,,4254d319-1bc7-4f81-b4ab-b5e6f3402b69,Buccaneers,TB,Tampa Bay,,2025-08-06T22:13:02.518217
cabe57e5-4675-40cf-9090-58c63f823e70,Calijah Kancey,,Calijah,Kancey,DL,94.0,72,280.0,2001-03-01,"Miami, FL, USA",3,Pittsburgh,Miami Northwestern (FL),2023.0,1.0,,"{'id': '4254d319-1bc7-4f81-b4ab-b5e6f3402b69', 'name': 'Buccaneers', 'market': 'Tampa Bay', 'alias': 'TB', 'sr_id': 'sr:competitor:4388'}",ACT,,,4254d319-1bc7-4f81-b4ab-b5e6f3402b69,Buccaneers,TB,Tampa Bay,,2025-08-06T22:13:02.518228
cddaa0c5-2d55-47cf-93aa-cfa344604710,Eric Banks,,Eric,Banks,DL,93.0,77,274.0,1998-01-30,"Memphis, TN, USA",3,UTSA,East (TN),,,,,ACT,,,4254d319-1bc7-4f81-b4ab-b5e6f3402b69,Buccaneers,TB,Tampa Bay,,2025-08-06T22:13:02.518233
d02da710-f1b9-11ed-9bf1-7fd77a26dc1f,Luke Haggard,,Luke,Haggard,OL,72.0,79,305.0,2000-01-03,"Petaluma, CA, USA",1,Indiana,Petaluma (CA),,,,,ACT,,,4254d319-1bc7-4f81-b4ab-b5e6f3402b69,Buccaneers,TB,Tampa Bay,,2025-08-06T22:13:02.518237
d5b3eaa3-b6ad-4794-ad61-6a9293a71738,David Walker,,David,Walker,OLB,51.0,74,260.0,2000-06-03,"Stuttgart, AR, USA",0,Central Arkansas,Stuttgart (AR),2025.0,4.0,,"{'id': '4254d319-1bc7-4f81-b4ab-b5e6f3402b69', 'name': 'Buccaneers', 'market': 'Tampa Bay', 'alias': 'TB', 'sr_id': 'sr:competitor:4388'}",IR,,,4254d319-1bc7-4f81-b4ab-b5e6f3402b69,Buccaneers,TB,Tampa Bay,,2025-08-06T22:13:02.518248
d7a73660-29d8-11f0-90c4-e979903a2a33,Nash Hutmacher,,Nash,Hutmacher,DL,64.0,76,310.0,,"Oacoma, SD, USA",0,Nebraska,Chamberlain (SD),,,,,ACT,,,4254d319-1bc7-4f81-b4ab-b5e6f3402b69,Buccaneers,TB,Tampa Bay,,2025-08-06T22:13:02.518253
da5f9694-1b77-4f6e-acea-6fc76145f79a,Michael Pratt,,Michael,Pratt,QB,11.0,74,217.0,2001-09-30,"Boca Raton, FL, USA",1,Tulane,Deerfield Beach (FL),2024.0,7.0,,"{'id': 'a20471b4-a8d9-40c7-95ad-90cc30e46932', 'name': 'Packers', 'market': 'Green Bay', 'alias': 'GB', 'sr_id': 'sr:competitor:4420'}",PUP,,,4254d319-1bc7-4f81-b4ab-b5e6f3402b69,Buccaneers,TB,Tampa Bay,,2025-08-06T22:13:02.518258
db390635-a7ce-4508-9c58-4ac1c36740df,Sua Opeta,,Sua,Opeta,G,76.0,76,305.0,1996-08-15,"Bountiful, UT, USA",6,Weber State,Stansbury (UT),,,,,ACT,,,4254d319-1bc7-4f81-b4ab-b5e6f3402b69,Buccaneers,TB,Tampa Bay,,2025-08-06T22:13:02.518263
e105ec00-2321-11f0-af0c-bf7956c09e7a,Jake Majors,,Jake,Majors,C,65.0,75,315.0,2002-01-15,"Prosper, TX, USA",0,Texas,Prosper (TX),,,,,ACT,,,4254d319-1bc7-4f81-b4ab-b5e6f3402b69,Buccaneers,TB,Tampa Bay,,2025-08-06T22:13:02.518268
e1072f9a-86f7-4d01-89a6-33fe0186f232,Kindle Vildor,,Kindle,Vildor,CB,22.0,71,189.0,1997-12-11,"College Park, GA, USA",6,Georgia Southern,North Clayton (GA),2020.0,5.0,,"{'id': '7b112545-38e6-483c-a55c-96cf6ee49cb8', 'name': 'Bears', 'market': 'Chicago', 'alias': 'CHI', 'sr_id': 'sr:competitor:4391'}",ACT,,,4254d319-1bc7-4f81-b4ab-b5e6f3402b69,Buccaneers,TB,Tampa Bay,,2025-08-06T22:13:02.518273
e39240b4-cac5-453f-b99f-6bbbdd1c9c82,Tristan Wirfs,,Tristan,Wirfs,T,78.0,77,320.0,1999-01-24,"Mount Vernon, IA, USA",6,Iowa,Mount Vernon (IA),2020.0,1.0,,"{'id': '4254d319-1bc7-4f81-b4ab-b5e6f3402b69', 'name': 'Buccaneers', 'market': 'Tampa Bay', 'alias': 'TB', 'sr_id': 'sr:competitor:4388'}",PUP,,,4254d319-1bc7-4f81-b4ab-b5e6f3402b69,Buccaneers,TB,Tampa Bay,,2025-08-06T22:13:02.518279
e81fcb68-e579-455f-9278-1bc28d5d332b,Bryce Hall,,Bryce,Hall,CB,34.0,73,202.0,1997-11-05,"Harrisburg, PA, USA",6,Virginia,Bishop McDevitt (PA),2020.0,5.0,,"{'id': '5fee86ae-74ab-4bdd-8416-42a9dd9964f3', 'name': 'Jets', 'market': 'New York', 'alias': 'NYJ', 'sr_id': 'sr:competitor:4427'}",ACT,,,4254d319-1bc7-4f81-b4ab-b5e6f3402b69,Buccaneers,TB,Tampa Bay,,2025-08-06T22:13:02.518284
ec558188-4bc5-4e5a-9035-dca1b46a49d4,Logan Hall,,Logan,Hall,DL,90.0,78,283.0,2000-04-22,"Belton, TX, USA",4,Houston,Belton (TX),2022.0,2.0,,"{'id': '4254d319-1bc7-4f81-b4ab-b5e6f3402b69', 'name': 'Buccaneers', 'market': 'Tampa Bay', 'alias': 'TB', 'sr_id': 'sr:competitor:4388'}",ACT,,,4254d319-1bc7-4f81-b4ab-b5e6f3402b69,Buccaneers,TB,Tampa Bay,,2025-08-06T22:13:02.518289
ee399a97-6868-4db1-9381-09073914c2d6,Haason Reddick,,Haason,Reddick,OLB,5.0,73,240.0,1994-09-22,"Camden, NJ, USA",9,Temple,Haddon Heights (NJ),2017.0,1.0,,"{'id': 'de760528-1dc0-416a-a978-b510d20692ff', 'name': 'Cardinals', 'market': 'Arizona', 'alias': 'ARI', 'sr_id': 'sr:competitor:4412'}",ACT,,,4254d319-1bc7-4f81-b4ab-b5e6f3402b69,Buccaneers,TB,Tampa Bay,,2025-08-06T22:13:02.518299
ef2740c0-2323-11f0-9cec-d94d12319afe,Roman Parodie,,Roman,Parodie,CB,46.0,74,204.0,2002-04-04,"Fort Lauderdale, FL, USA",0,Ohio,Cardinal Gibbons (FL),,,,,ACT,,,4254d319-1bc7-4f81-b4ab-b5e6f3402b69,Buccaneers,TB,Tampa Bay,,2025-08-06T22:13:02.518304
f09f755a-be35-4910-b9b0-5fd44d1c80f1,Luke Goedeke,,Luke,Goedeke,T,67.0,77,312.0,1998-11-21,"Whitelaw, WI, USA",4,Central Michigan,Valders (WI),2022.0,2.0,,"{'id': '4254d319-1bc7-4f81-b4ab-b5e6f3402b69', 'name': 'Buccaneers', 'market': 'Tampa Bay', 'alias': 'TB', 'sr_id': 'sr:competitor:4388'}",ACT,,,4254d319-1bc7-4f81-b4ab-b5e6f3402b69,Buccaneers,TB,Tampa Bay,,2025-08-06T22:13:02.518309
0333b8f0-3aab-45aa-a684-6d402a309413,Calais Campbell,,Calais,Campbell,DL,93.0,80,315.0,1986-09-01,"Denver, CO, USA",18,Miami (FL),Denver South (CO),2008.0,2.0,,"{'id': 'de760528-1dc0-416a-a978-b510d20692ff', 'name': 'Cardinals', 'market': 'Arizona', 'alias': 'ARI', 'sr_id': 'sr:competitor:4412'}",ACT,,,de760528-1dc0-416a-a978-b510d20692ff,Cardinals,ARI,Arizona,,2025-08-06T22:13:03.922105
04ca77dd-b55f-439e-a593-37dfc8ea8320,Hjalte Froholdt,,Hjalte,Froholdt,OL,72.0,77,310.0,1996-08-20,"Svendborg,, DNK",7,Arkansas,IMG Academy (FL),2019.0,4.0,,"{'id': '97354895-8c77-4fd4-a860-32e62ea7382a', 'name': 'Patriots', 'market': 'New England', 'alias': 'NE', 'sr_id': 'sr:competitor:4424'}",ACT,,,de760528-1dc0-416a-a978-b510d20692ff,Cardinals,ARI,Arizona,,2025-08-06T22:13:03.922130
0790a8d6-5316-4204-91a6-8508ca48973b,Mack Wilson Sr.,,Mack,Wilson,LB,2.0,73,240.0,1998-02-14,"Montgomery, AL, USA",7,Alabama,Carver (AL),2019.0,5.0,,"{'id': 'd5a2eb42-8065-4174-ab79-0a6fa820e35e', 'name': 'Browns', 'market': 'Cleveland', 'alias': 'CLE', 'sr_id': 'sr:competitor:4417'}",ACT,,,de760528-1dc0-416a-a978-b510d20692ff,Cardinals,ARI,Arizona,,2025-08-06T22:13:03.922140
086c1e2b-7551-4b55-9de5-1e98083c54ac,Xavier Thomas,,Xavier,Thomas,OLB,54.0,74,250.0,1999-12-20,"Florence, SC, USA",2,Clemson,Wilson (SC),2024.0,5.0,,"{'id': 'de760528-1dc0-416a-a978-b510d20692ff', 'name': 'Cardinals', 'market': 'Arizona', 'alias': 'ARI', 'sr_id': 'sr:competitor:4412'}",ACT,,,de760528-1dc0-416a-a978-b510d20692ff,Cardinals,ARI,Arizona,,2025-08-06T22:13:03.922151
088bad90-24a9-11f0-8df1-21c1ba5ce671,Valentin Senn,,Valentin,Senn,OL,69.0,79,310.0,2000-04-23,"Volders,, AUT",0,UConn,BHAK Hall (AUT),,,,,IR,,,de760528-1dc0-416a-a978-b510d20692ff,Cardinals,ARI,Arizona,,2025-08-06T22:13:03.922159
08aa57d0-d20a-11ec-ab20-b37737d70cc4,Benton Whitley,,Benton,Whitley,OLB,49.0,76,255.0,1999-02-12,"Springfield, MA, USA",4,Holy Cross,Minnechaug Regional (MA),,,,,ACT,,,de760528-1dc0-416a-a978-b510d20692ff,Cardinals,ARI,Arizona,,2025-08-06T22:13:03.922168
0a6c2bfc-19a4-47f9-ba60-74265af6e947,Bilal Nichols,,Bilal,Nichols,DL,92.0,75,300.0,1996-09-14,"Newark, DE, USA",8,Delaware,Hodgson Vo-Tech (DE),2018.0,5.0,,"{'id': '7b112545-38e6-483c-a55c-96cf6ee49cb8', 'name': 'Bears', 'market': 'Chicago', 'alias': 'CHI', 'sr_id': 'sr:competitor:4391'}",PUP,,,de760528-1dc0-416a-a978-b510d20692ff,Cardinals,ARI,Arizona,,2025-08-06T22:13:03.922179
165b77bc-9a63-4b1b-9111-70994af6c864,Jonah Williams,,Jonah,Williams,OL,73.0,77,312.0,1997-11-17,"Atlanta, GA, USA",7,Alabama,Folsom (CA),2019.0,1.0,,"{'id': 'ad4ae08f-d808-42d5-a1e6-e9bc4e34d123', 'name': 'Bengals', 'market': 'Cincinnati', 'alias': 'CIN', 'sr_id': 'sr:competitor:4416'}",ACT,,,de760528-1dc0-416a-a978-b510d20692ff,Cardinals,ARI,Arizona,,2025-08-06T22:13:03.922198
1a568fbe-4efb-4f67-9866-9b0b4e40b344,Will Johnson,,Will,Johnson,CB,0.0,74,200.0,2003-03-29,"Detroit, MI, USA",0,Michigan,Grosse Pointe (MI),2025.0,2.0,,"{'id': 'de760528-1dc0-416a-a978-b510d20692ff', 'name': 'Cardinals', 'market': 'Arizona', 'alias': 'ARI', 'sr_id': 'sr:competitor:4412'}",ACT,,,de760528-1dc0-416a-a978-b510d20692ff,Cardinals,ARI,Arizona,,2025-08-06T22:13:03.922208
1c14b470-f322-11ed-9e8e-45557c8b4e84,PJ Mustipher,,PJ,Mustipher,DL,79.0,76,320.0,1999-11-10,"Owings Mills, MD, USA",1,Penn State,McDonogh School (MD),,,,,ACT,,,de760528-1dc0-416a-a978-b510d20692ff,Cardinals,ARI,Arizona,,2025-08-06T22:13:03.922217
1d1eb430-f01e-11ed-97df-a94b89ac5704,Travis Vokolek,,Travis,Vokolek,TE,81.0,78,260.0,1998-06-04,"Springfield, MO, USA",2,Nebraska,Kickapoo (MO),,,,,ACT,,,de760528-1dc0-416a-a978-b510d20692ff,Cardinals,ARI,Arizona,,2025-08-06T22:13:03.922225
2ffa0607-bab5-4d29-b662-c054690080d3,Jake Curhan,,Jake,Curhan,OL,64.0,78,325.0,1998-02-09,"Corte Madera, CA, USA",5,California,Redwood (CA),,,,,ACT,,,de760528-1dc0-416a-a978-b510d20692ff,Cardinals,ARI,Arizona,,2025-08-06T22:13:03.922244
3f4b3c10-0709-11ef-b7e5-f1a2cfdb4469,Keni-H Lovely,,Keni-H,Lovely,CB,15.0,70,182.0,2000-05-12,"Boynton Beach, FL, USA",0,Western Michigan,Maury (VA),,,,,ACT,,,de760528-1dc0-416a-a978-b510d20692ff,Cardinals,ARI,Arizona,,2025-08-06T22:13:03.922262
406b6c6f-0172-482e-9ade-f38f5abb95f0,Jammie Robinson,,Jammie,Robinson,SAF,26.0,71,200.0,2001-01-24,"Cordele, GA, USA",3,Florida State,Lee County (GA),2023.0,5.0,,"{'id': 'f14bf5cc-9a82-4a38-bc15-d39f75ed5314', 'name': 'Panthers', 'market': 'Carolina', 'alias': 'CAR', 'sr_id': 'sr:competitor:4415'}",ACT,,,de760528-1dc0-416a-a978-b510d20692ff,Cardinals,ARI,Arizona,,2025-08-06T22:13:03.922272
49d70130-0ca1-11ef-a4af-ff70c61336ce,Kyon Barrs,,Kyon,Barrs,DL,65.0,74,301.0,,"Murrieta, CA, USA",1,USC,Murrieta Mesa (AZ),,,,,ACT,,,de760528-1dc0-416a-a978-b510d20692ff,Cardinals,ARI,Arizona,,2025-08-06T22:13:03.922318
4c752c92-6699-40b0-b436-035f152af376,Kitan Crawford,,Kitan,Crawford,SAF,36.0,71,202.0,2001-12-31,"Tyler, TX, USA",0,Nevada,Tyler (TX),2025.0,7.0,,"{'id': 'de760528-1dc0-416a-a978-b510d20692ff', 'name': 'Cardinals', 'market': 'Arizona', 'alias': 'ARI', 'sr_id': 'sr:competitor:4412'}",ACT,,,de760528-1dc0-416a-a978-b510d20692ff,Cardinals,ARI,Arizona,,2025-08-06T22:13:03.922327
4c94b640-2322-11f0-b7ba-bd45e49b4e1c,Josh Fryar,,Josh,Fryar,OL,78.0,77,320.0,,"Beech Grove, IN, USA",0,Ohio State,Beech Groove (IN),,,,,ACT,,,de760528-1dc0-416a-a978-b510d20692ff,Cardinals,ARI,Arizona,,2025-08-06T22:13:03.922336
4d5e5960-ec6e-11ed-9096-c9ee1a56ed36,Starling Thomas V,,Starling,Thomas,CB,24.0,70,194.0,2000-01-25,"Birmingham, AL, USA",3,UAB,Ramsay (AL),,,,,IR,,,de760528-1dc0-416a-a978-b510d20692ff,Cardinals,ARI,Arizona,,2025-08-06T22:13:03.922345
51d70da6-cd09-4f2d-8b1a-1a458bea1d8a,Denzel Burke,,Denzel,Burke,CB,29.0,71,190.0,2002-11-10,"Phoenix, AZ, USA",0,Ohio State,Saguaro (AZ),2025.0,5.0,,"{'id': 'de760528-1dc0-416a-a978-b510d20692ff', 'name': 'Cardinals', 'market': 'Arizona', 'alias': 'ARI', 'sr_id': 'sr:competitor:4412'}",ACT,,,de760528-1dc0-416a-a978-b510d20692ff,Cardinals,ARI,Arizona,,2025-08-06T22:13:03.922356
56992f39-70e7-4b6a-86da-0a4776504e7a,Jalen Thompson,,Jalen,Thompson,SAF,34.0,71,190.0,1998-07-18,"Paramount, CA, USA",7,Washington State,Downey (CA),2019.0,5.0,,"{'id': 'de760528-1dc0-416a-a978-b510d20692ff', 'name': 'Cardinals', 'market': 'Arizona', 'alias': 'ARI', 'sr_id': 'sr:competitor:4412'}",ACT,,,de760528-1dc0-416a-a978-b510d20692ff,Cardinals,ARI,Arizona,,2025-08-06T22:13:03.922392
59f1f7b0-2324-11f0-a011-e5acc5357859,Bryson Green,,Bryson,Green,WR,30.0,73,210.0,2002-12-30,"Allen, TX, USA",0,Wisconsin,Allen (TX),,,,,ACT,,,de760528-1dc0-416a-a978-b510d20692ff,Cardinals,ARI,Arizona,,2025-08-06T22:13:03.922409
5c006420-f3f5-11ed-bb16-a122a4fdc5fb,Steven Gilmore Jr.,,Steven,Gilmore,CB,38.0,72,174.0,1999-09-17,"Rock Hill, SC, USA",2,Marshall,South Pointe (SC),,,,,ACT,,,de760528-1dc0-416a-a978-b510d20692ff,Cardinals,ARI,Arizona,,2025-08-06T22:13:03.922418
5ce20f3e-0f02-4f53-a2ef-5b076361f2b1,Budda Baker,,Budda,Baker,SAF,3.0,70,195.0,1996-01-10,"Bellevue, WA, USA",9,Washington,Bellevue (WA),2017.0,2.0,,"{'id': 'de760528-1dc0-416a-a978-b510d20692ff', 'name': 'Cardinals', 'market': 'Arizona', 'alias': 'ARI', 'sr_id': 'sr:competitor:4412'}",ACT,,,de760528-1dc0-416a-a978-b510d20692ff,Cardinals,ARI,Arizona,,2025-08-06T22:13:03.922428
5f091f10-f32b-11ed-9d12-bd505e814068,Ekow Boye-Doe,,Ekow,Boye-Doe,CB,35.0,72,177.0,1999-11-04,"Accra,, GHA",2,Kansas State,Lawrence (KS),,,,,ACT,,,de760528-1dc0-416a-a978-b510d20692ff,Cardinals,ARI,Arizona,,2025-08-06T22:13:03.922436
5f3ab1fc-cdc0-499d-8cc2-36433b9ac7f6,Max Melton,,Max,Melton,CB,16.0,71,187.0,2002-04-15,"Mays Landing, NJ, USA",2,Rutgers,Cedar Creek (NJ),2024.0,2.0,,"{'id': 'de760528-1dc0-416a-a978-b510d20692ff', 'name': 'Cardinals', 'market': 'Arizona', 'alias': 'ARI', 'sr_id': 'sr:competitor:4412'}",ACT,,,de760528-1dc0-416a-a978-b510d20692ff,Cardinals,ARI,Arizona,,2025-08-06T22:13:03.922446
60f96b70-f32d-11ed-a41b-2d5ef820e1d7,McClendon Curtis,,McClendon,Curtis,OL,66.0,78,330.0,1999-09-16,"Harrison, TN, USA",2,Chattanooga,Chattanooga Central (TN),,,,,ACT,,,de760528-1dc0-416a-a978-b510d20692ff,Cardinals,ARI,Arizona,,2025-08-06T22:13:03.922455
61fda7fc-a8d7-435f-9397-5657662cd6b2,Zaven Collins,,Zaven,Collins,OLB,25.0,76,270.0,1999-05-19,"Tulsa, OK, USA",5,Tulsa,Hominy (OK),2021.0,1.0,,"{'id': 'de760528-1dc0-416a-a978-b510d20692ff', 'name': 'Cardinals', 'market': 'Arizona', 'alias': 'ARI', 'sr_id': 'sr:competitor:4412'}",ACT,,,de760528-1dc0-416a-a978-b510d20692ff,Cardinals,ARI,Arizona,,2025-08-06T22:13:03.922464
6371b42c-2783-49e8-8def-ce4d7dc91081,Dalvin Tomlinson,,Dalvin,Tomlinson,DT,94.0,75,335.0,1994-02-28,"McDonough, GA, USA",9,Alabama,Henry County (GA),2017.0,2.0,,"{'id': '04aa1c9d-66da-489d-b16a-1dee3f2eec4d', 'name': 'Giants', 'market': 'New York', 'alias': 'NYG', 'sr_id': 'sr:competitor:4426'}",ACT,,,de760528-1dc0-416a-a978-b510d20692ff,Cardinals,ARI,Arizona,,2025-08-06T22:13:03.922474
659751d8-c58c-41c1-82a9-8a201a4ecd0d,Royce Newman,,Royce,Newman,OL,71.0,77,310.0,1997-08-17,"Nashville, IL, USA",5,Ole Miss,Nashville Community (IL),2021.0,4.0,,"{'id': 'a20471b4-a8d9-40c7-95ad-90cc30e46932', 'name': 'Packers', 'market': 'Green Bay', 'alias': 'GB', 'sr_id': 'sr:competitor:4420'}",ACT,,,de760528-1dc0-416a-a978-b510d20692ff,Cardinals,ARI,Arizona,,2025-08-06T22:13:03.922483
6604be40-cd99-11ec-b94f-57e6927758e6,Joey Blount,,Joey,Blount,SAF,32.0,73,195.0,1998-11-16,"Atlanta, GA, USA",4,Virginia,Landmark Christian (GA),,,,,ACT,,,de760528-1dc0-416a-a978-b510d20692ff,Cardinals,ARI,Arizona,,2025-08-06T22:13:03.922492
66a67b5d-500d-46e8-90c6-e2f127d38190,Josh Sweat,,Josh,Sweat,OLB,10.0,77,265.0,1997-03-29,"Chesapeake, VA, USA",8,Florida State,Oscar Smith (VA),2018.0,4.0,,"{'id': '386bdbf9-9eea-4869-bb9a-274b0bc66e80', 'name': 'Eagles', 'market': 'Philadelphia', 'alias': 'PHI', 'sr_id': 'sr:competitor:4428'}",ACT,,,de760528-1dc0-416a-a978-b510d20692ff,Cardinals,ARI,Arizona,,2025-08-06T22:13:03.922502
6e1e18d1-3dab-4333-aa02-97354d316c6f,Elijah Jones,,Elijah,Jones,CB,28.0,73,185.0,2000-01-08,"Harlem, NY, USA",2,Boston College,Cardinal Hayes (NY),2024.0,3.0,,"{'id': 'de760528-1dc0-416a-a978-b510d20692ff', 'name': 'Cardinals', 'market': 'Arizona', 'alias': 'ARI', 'sr_id': 'sr:competitor:4412'}",ACT,,,de760528-1dc0-416a-a978-b510d20692ff,Cardinals,ARI,Arizona,,2025-08-06T22:13:03.922512
71c5e09a-0917-4ace-83ee-05784803c579,Christian Jones,,Christian,Jones,OL,75.0,77,320.0,2000-05-12,"Cypress, TX, USA",2,Texas,Cypress Woods (TX),2024.0,5.0,,"{'id': 'de760528-1dc0-416a-a978-b510d20692ff', 'name': 'Cardinals', 'market': 'Arizona', 'alias': 'ARI', 'sr_id': 'sr:competitor:4412'}",ACT,,,de760528-1dc0-416a-a978-b510d20692ff,Cardinals,ARI,Arizona,,2025-08-06T22:13:03.922521
7ceb8b7a-9797-4186-8dbe-4446b415c0fb,Darius Robinson,,Darius,Robinson,DL,56.0,77,285.0,2001-09-13,"Southfield, MI, USA",2,Missouri,Canton (MI),2024.0,1.0,,"{'id': 'de760528-1dc0-416a-a978-b510d20692ff', 'name': 'Cardinals', 'market': 'Arizona', 'alias': 'ARI', 'sr_id': 'sr:competitor:4412'}",ACT,,,de760528-1dc0-416a-a978-b510d20692ff,Cardinals,ARI,Arizona,,2025-08-06T22:13:03.922550
86d7dd69-9957-4853-b069-5ad7e35edc64,Mykal Walker,,Mykal,Walker,LB,43.0,75,235.0,1997-08-28,"Sacramento, CA, USA",6,Fresno State,Vacaville (CA),2020.0,4.0,,"{'id': 'e6aa13a4-0055-48a9-bc41-be28dc106929', 'name': 'Falcons', 'market': 'Atlanta', 'alias': 'ATL', 'sr_id': 'sr:competitor:4393'}",ACT,,,de760528-1dc0-416a-a978-b510d20692ff,Cardinals,ARI,Arizona,,2025-08-06T22:13:03.922570
8fde3481-68c2-43c4-a9d4-de73f0a259e3,Evan Brown,,Evan,Brown,OL,63.0,75,320.0,1996-09-16,"Southlake, TX, USA",7,SMU,Southlake Carroll (TX),,,,,ACT,,,de760528-1dc0-416a-a978-b510d20692ff,Cardinals,ARI,Arizona,,2025-08-06T22:13:03.922578
90e11af0-3b41-11f0-b0eb-0b6d558a9b9b,Patrick Jenkins,,Patrick,Jenkins,DL,90.0,74,293.0,2003-08-20,"New Orleans, LA, USA",0,Tulane,John Ehret (LA),,,,,ACT,,,de760528-1dc0-416a-a978-b510d20692ff,Cardinals,ARI,Arizona,,2025-08-06T22:13:03.922587
9178a490-0575-11ef-8ad0-597beed5bb4f,Sincere Haynesworth,,Sincere,Haynesworth,OL,61.0,73,300.0,2001-04-13,"Pearland, TX, USA",1,Tulane,Pearland (TX),,,,,ACT,,,de760528-1dc0-416a-a978-b510d20692ff,Cardinals,ARI,Arizona,,2025-08-06T22:13:03.922596
930464fc-202d-4592-9a04-ef830194cef0,Jordan Burch,,Jordan,Burch,OLB,52.0,76,280.0,2001-10-10,"Columbia, SC, USA",0,Oregon,Hammond (SC),2025.0,3.0,,"{'id': 'de760528-1dc0-416a-a978-b510d20692ff', 'name': 'Cardinals', 'market': 'Arizona', 'alias': 'ARI', 'sr_id': 'sr:competitor:4412'}",ACT,,,de760528-1dc0-416a-a978-b510d20692ff,Cardinals,ARI,Arizona,,2025-08-06T22:13:03.922605
94af02a0-cda8-11ec-b94f-57e6927758e6,Vi Jones,,Vi,Jones,LB,53.0,74,230.0,1998-05-05,"Austin, TX, USA",3,North Carolina State,Westlake (TX),,,,,ACT,,,de760528-1dc0-416a-a978-b510d20692ff,Cardinals,ARI,Arizona,,2025-08-06T22:13:03.922614
99149c69-e14f-4e05-9c3a-8ae7e3b1f00b,Aaron Brewer,,Aaron,Brewer,LS,46.0,77,232.0,1990-07-05,"Orange, CA, USA",14,San Diego State,Troy (CA),,,,,ACT,,,de760528-1dc0-416a-a978-b510d20692ff,Cardinals,ARI,Arizona,,2025-08-06T22:13:03.922623
99345c7e-a544-477c-8b57-a4a2b8bcce27,Tejhaun Palmer,,Tejhaun,Palmer,WR,83.0,73,210.0,2000-05-19,"Milwaukee, WI, USA",1,UAB,Brown Deer (WI),2024.0,6.0,,"{'id': 'de760528-1dc0-416a-a978-b510d20692ff', 'name': 'Cardinals', 'market': 'Arizona', 'alias': 'ARI', 'sr_id': 'sr:competitor:4412'}",ACT,,,de760528-1dc0-416a-a978-b510d20692ff,Cardinals,ARI,Arizona,,2025-08-06T22:13:03.922632
9d546e3b-0eb3-4926-a5ef-eb5e48b9330e,L.J. Collier,,L.J.,Collier,DL,91.0,74,300.0,1995-09-12,"Munday, TX, USA",7,TCU,Munday (TX),2019.0,1.0,,"{'id': '3d08af9e-c767-4f88-a7dc-b920c6d2b4a8', 'name': 'Seahawks', 'market': 'Seattle', 'alias': 'SEA', 'sr_id': 'sr:competitor:4430'}",ACT,,,de760528-1dc0-416a-a978-b510d20692ff,Cardinals,ARI,Arizona,,2025-08-06T22:13:03.922651
a7140ce9-4841-4f7f-9bda-5dcd75899eec,Kei'Trel Clark,,Kei'Trel,Clark,CB,13.0,70,181.0,2001-03-19,"Richmond, VA, USA",3,Louisville,Manchester (VA),2023.0,6.0,,"{'id': 'de760528-1dc0-416a-a978-b510d20692ff', 'name': 'Cardinals', 'market': 'Arizona', 'alias': 'ARI', 'sr_id': 'sr:competitor:4412'}",ACT,,,de760528-1dc0-416a-a978-b510d20692ff,Cardinals,ARI,Arizona,,2025-08-06T22:13:03.922680
aba5a5c0-2324-11f0-8afd-7f2126b7b4ba,Oscar Cardenas,,Oscar,Cardenas,TE,45.0,76,260.0,2001-07-25,"San Antonio, TX, USA",0,UTSA,San Antonio Brandeis (TX),,,,,ACT,,,de760528-1dc0-416a-a978-b510d20692ff,Cardinals,ARI,Arizona,,2025-08-06T22:13:03.922688
b457e110-07c3-11ef-ab6b-fdfec21b4cc0,Anthony Goodlow,,Anthony,Goodlow,DL,95.0,77,300.0,2000-07-25,"Del City, OK, USA",1,Oklahoma State,Del City (OK),,,,,ACT,,,de760528-1dc0-416a-a978-b510d20692ff,Cardinals,ARI,Arizona,,2025-08-06T22:13:03.922716
b46d84ef-d811-47f5-a6e2-586bfbc8f548,Paris Johnson Jr.,,Paris,Johnson,OL,70.0,78,325.0,2001-07-03,"Cincinnati, OH, USA",3,Ohio State,Princeton (OH),2023.0,1.0,,"{'id': 'de760528-1dc0-416a-a978-b510d20692ff', 'name': 'Cardinals', 'market': 'Arizona', 'alias': 'ARI', 'sr_id': 'sr:competitor:4412'}",ACT,,,de760528-1dc0-416a-a978-b510d20692ff,Cardinals,ARI,Arizona,,2025-08-06T22:13:03.922726
ba329c30-24a8-11f0-b15a-a9504ed0c049,Elijah Simmons,,Elijah,Simmons,DL,96.0,73,335.0,2001-07-26,"Memphis, TN, USA",0,Tennessee,Pearl-Cohn (TN),,,,,ACT,,,de760528-1dc0-416a-a978-b510d20692ff,Cardinals,ARI,Arizona,,2025-08-06T22:13:03.922744
bb0b9a85-f3f0-40e5-86fe-0434494caf17,Cody Simon,,Cody,Simon,LB,50.0,74,230.0,2002-04-01,"Jersey City, NJ, USA",0,Ohio State,St. Peters Prep (NJ),2025.0,4.0,,"{'id': 'de760528-1dc0-416a-a978-b510d20692ff', 'name': 'Cardinals', 'market': 'Arizona', 'alias': 'ARI', 'sr_id': 'sr:competitor:4412'}",ACT,,,de760528-1dc0-416a-a978-b510d20692ff,Cardinals,ARI,Arizona,,2025-08-06T22:13:03.922754
bfbfd168-8972-4811-b955-4710d7e5ab11,Jon Gaines II,,Jon,Gaines,OL,59.0,76,315.0,1999-05-24,"Wauwatosa, WI, USA",3,UCLA,Marquette University (WI),2023.0,4.0,,"{'id': 'de760528-1dc0-416a-a978-b510d20692ff', 'name': 'Cardinals', 'market': 'Arizona', 'alias': 'ARI', 'sr_id': 'sr:competitor:4412'}",ACT,,,de760528-1dc0-416a-a978-b510d20692ff,Cardinals,ARI,Arizona,,2025-08-06T22:13:03.922764
c77efa70-0691-4a21-8064-a5880569b559,Chad Ryland,,Chad,Ryland,K,38.0,72,195.0,1999-10-15,"Lebanon, PA, USA",3,Maryland,Cedar Crest (PA),2023.0,4.0,,"{'id': '97354895-8c77-4fd4-a860-32e62ea7382a', 'name': 'Patriots', 'market': 'New England', 'alias': 'NE', 'sr_id': 'sr:competitor:4424'}",ACT,,,de760528-1dc0-416a-a978-b510d20692ff,Cardinals,ARI,Arizona,,2025-08-06T22:13:03.922773
c82a3f67-90b7-4cc8-ac3b-e6cf469cc541,Justin Jones,,Justin,Jones,DL,98.0,75,300.0,1996-08-28,"Austell, GA, USA",8,North Carolina State,South Cobb (GA),2018.0,3.0,,"{'id': '1f6dcffb-9823-43cd-9ff4-e7a8466749b5', 'name': 'Chargers', 'market': 'Los Angeles', 'alias': 'LAC', 'sr_id': 'sr:competitor:4429'}",ACT,,,de760528-1dc0-416a-a978-b510d20692ff,Cardinals,ARI,Arizona,,2025-08-06T22:13:03.922783
ca8fe3b0-337f-4354-9010-3951127786a6,Nick Leverett,,Nick,Leverett,OL,60.0,75,310.0,1997-01-11,"Salisbury, NC, USA",5,Rice,Concord (NC),,,,,ACT,,,de760528-1dc0-416a-a978-b510d20692ff,Cardinals,ARI,Arizona,,2025-08-06T22:13:03.922801
d0d45160-247e-11f0-ab3b-4bca04598581,Nate McCollum,,Nate,McCollum,WR,39.0,69,187.0,,"Atlanta, GA, USA",0,North Carolina,Dutchtown (GA),,,,,ACT,,,de760528-1dc0-416a-a978-b510d20692ff,Cardinals,ARI,Arizona,,2025-08-06T22:13:03.922810
d152b2d5-402d-47f4-a6d1-7870e5a32df5,Akeem Davis-Gaither,,Akeem,Davis-Gaither,LB,27.0,74,238.0,1997-09-21,"Thomasville, NC, USA",6,Appalachian State,Thomasville (NC),2020.0,4.0,,"{'id': 'ad4ae08f-d808-42d5-a1e6-e9bc4e34d123', 'name': 'Bengals', 'market': 'Cincinnati', 'alias': 'CIN', 'sr_id': 'sr:competitor:4416'}",ACT,,,de760528-1dc0-416a-a978-b510d20692ff,Cardinals,ARI,Arizona,,2025-08-06T22:13:03.922820
d2e097f0-ce07-11ec-9598-03840dd5f387,Jaylon Jones,,Jaylon,Jones,CB,37.0,71,190.0,1997-10-14,"Allen, TX, USA",4,Ole Miss,Allen (TX),,,,,ACT,,,de760528-1dc0-416a-a978-b510d20692ff,Cardinals,ARI,Arizona,,2025-08-06T22:13:03.922828
d96246d7-aa2c-4d05-9c58-8d6bc5e20cdf,Kelvin Beachum,,Kelvin,Beachum,OL,68.0,75,308.0,1989-06-08,"Mexia, TX, USA",14,SMU,Mexia (TX),2012.0,7.0,,"{'id': 'cb2f9f1f-ac67-424e-9e72-1475cb0ed398', 'name': 'Steelers', 'market': 'Pittsburgh', 'alias': 'PIT', 'sr_id': 'sr:competitor:4345'}",ACT,,,de760528-1dc0-416a-a978-b510d20692ff,Cardinals,ARI,Arizona,,2025-08-06T22:13:03.922838
da31074f-8268-4f34-b0c6-0ffbfc2fb4ad,Isaiah Adams,,Isaiah,Adams,OL,74.0,76,315.0,2000-07-21,"Ajax, ON, CAN",2,Illinois,Father MacLellan Catholic (CAN),2024.0,3.0,,"{'id': 'de760528-1dc0-416a-a978-b510d20692ff', 'name': 'Cardinals', 'market': 'Arizona', 'alias': 'ARI', 'sr_id': 'sr:competitor:4412'}",ACT,,,de760528-1dc0-416a-a978-b510d20692ff,Cardinals,ARI,Arizona,,2025-08-06T22:13:03.922848
e2aa4576-83a6-4b81-ab95-49126a0cf1d4,Darren Hall,,Darren,Hall,CB,30.0,72,195.0,2000-05-02,"Baldwin Park, CA, USA",4,San Diego State,Rancho Cucamonga (CA),2021.0,4.0,,"{'id': 'e6aa13a4-0055-48a9-bc41-be28dc106929', 'name': 'Falcons', 'market': 'Atlanta', 'alias': 'ATL', 'sr_id': 'sr:competitor:4393'}",ACT,,,de760528-1dc0-416a-a978-b510d20692ff,Cardinals,ARI,Arizona,,2025-08-06T22:13:03.922867
e2fdfaf7-d2c4-4482-9ac2-f8fe43c49130,Garrett Williams,,Garrett,Williams,CB,21.0,70,192.0,2001-06-01,"Charlotte, NC, USA",3,Syracuse,Hickory Ridge (NC),2023.0,3.0,,"{'id': 'de760528-1dc0-416a-a978-b510d20692ff', 'name': 'Cardinals', 'market': 'Arizona', 'alias': 'ARI', 'sr_id': 'sr:competitor:4412'}",ACT,,,de760528-1dc0-416a-a978-b510d20692ff,Cardinals,ARI,Arizona,,2025-08-06T22:13:03.922877
e46a540f-cab7-4b05-aa55-e43d80c4a45a,Hayden Conner,,Hayden,Conner,OL,58.0,78,315.0,2002-04-26,"Katy, TX, USA",0,Texas,James (TX),2025.0,6.0,,"{'id': 'de760528-1dc0-416a-a978-b510d20692ff', 'name': 'Cardinals', 'market': 'Arizona', 'alias': 'ARI', 'sr_id': 'sr:competitor:4412'}",ACT,,,de760528-1dc0-416a-a978-b510d20692ff,Cardinals,ARI,Arizona,,2025-08-06T22:13:03.922887
e6926317-2584-496a-9f32-e422040a8a20,Owen Pappoe,,Owen,Pappoe,LB,44.0,72,230.0,2000-09-29,"Lawrenceville, GA, USA",3,Auburn,Grayson (GA),2023.0,5.0,,"{'id': 'de760528-1dc0-416a-a978-b510d20692ff', 'name': 'Cardinals', 'market': 'Arizona', 'alias': 'ARI', 'sr_id': 'sr:competitor:4412'}",ACT,,,de760528-1dc0-416a-a978-b510d20692ff,Cardinals,ARI,Arizona,,2025-08-06T22:13:03.922897
ec3a8edd-eda6-4cff-bd71-088a105f8a5a,Walter Nolen III,,Walter,Nolen,DL,97.0,76,300.0,2003-10-14,"Memphis, TN, USA",0,Ole Miss,Powell (TN),2025.0,1.0,,"{'id': 'de760528-1dc0-416a-a978-b510d20692ff', 'name': 'Cardinals', 'market': 'Arizona', 'alias': 'ARI', 'sr_id': 'sr:competitor:4412'}",PUP,,,de760528-1dc0-416a-a978-b510d20692ff,Cardinals,ARI,Arizona,,2025-08-06T22:13:03.922916
ed59f931-fb26-4809-b862-a29fb7825942,Dadrion Taylor-Demerson,,Dadrion,Taylor-Demerson,SAF,42.0,70,197.0,2001-01-20,"Oklahoma City, OK, USA",2,Texas Tech,Carl Albert (OK),2024.0,4.0,,"{'id': 'de760528-1dc0-416a-a978-b510d20692ff', 'name': 'Cardinals', 'market': 'Arizona', 'alias': 'ARI', 'sr_id': 'sr:competitor:4412'}",ACT,,,de760528-1dc0-416a-a978-b510d20692ff,Cardinals,ARI,Arizona,,2025-08-06T22:13:03.922926
f1e9b670-2473-11f0-8cd3-ab90829680ad,Jeremiah Byers,,Jeremiah,Byers,OL,67.0,76,320.0,,"Austin, TX, USA",0,Florida State,L.C. Anderson (TX),,,,,ACT,,,de760528-1dc0-416a-a978-b510d20692ff,Cardinals,ARI,Arizona,,2025-08-06T22:13:03.922939
f4d8da18-8be8-470c-947c-d9fd3d85612c,BJ Ojulari,,BJ,Ojulari,OLB,9.0,74,248.0,2002-04-05,"Marietta, GA, USA",3,LSU,Marietta (GA),2023.0,2.0,,"{'id': 'de760528-1dc0-416a-a978-b510d20692ff', 'name': 'Cardinals', 'market': 'Arizona', 'alias': 'ARI', 'sr_id': 'sr:competitor:4412'}",PUP,,,de760528-1dc0-416a-a978-b510d20692ff,Cardinals,ARI,Arizona,,2025-08-06T22:13:03.922949
f6cc90a0-d1fc-11ef-9dfc-69570245f354,Elliott Brown,,Elliott,Brown,OLB,41.0,77,245.0,1998-02-02,"Odenton, MD, USA",0,Virginia,Taft (CT),,,,,ACT,,,de760528-1dc0-416a-a978-b510d20692ff,Cardinals,ARI,Arizona,,2025-08-06T22:13:03.922958
f84bf885-d6ff-4fc8-8b6e-64bb3bceb17d,Sean Murphy-Bunting,,Sean,Murphy-Bunting,CB,23.0,72,195.0,1997-06-19,"Macomb County, MI, USA",7,Central Michigan,Chippewa Valley (MI),2019.0,2.0,,"{'id': '4254d319-1bc7-4f81-b4ab-b5e6f3402b69', 'name': 'Buccaneers', 'market': 'Tampa Bay', 'alias': 'TB', 'sr_id': 'sr:competitor:4388'}",NON,,,de760528-1dc0-416a-a978-b510d20692ff,Cardinals,ARI,Arizona,,2025-08-06T22:13:03.922968
f9a8db9d-9a13-485c-abf0-b5a48e1ff808,Dante Stills,,Dante,Stills,DL,55.0,76,300.0,1999-12-14,"Fairmont, WV, USA",3,West Virginia,Fairmont Senior (WV),2023.0,6.0,,"{'id': 'de760528-1dc0-416a-a978-b510d20692ff', 'name': 'Cardinals', 'market': 'Arizona', 'alias': 'ARI', 'sr_id': 'sr:competitor:4412'}",ACT,,,de760528-1dc0-416a-a978-b510d20692ff,Cardinals,ARI,Arizona,,2025-08-06T22:13:03.922978
faf72326-5e36-4bdd-9843-5d2a6b4ee6b4,Baron Browning,,Baron,Browning,OLB,5.0,75,255.0,1999-02-19,"Fort Worth, TX, USA",5,Ohio State,Kennedale (TX),2021.0,3.0,,"{'id': 'ce92bd47-93d5-4fe9-ada4-0fc681e6caa0', 'name': 'Broncos', 'market': 'Denver', 'alias': 'DEN', 'sr_id': 'sr:competitor:4418'}",ACT,,,de760528-1dc0-416a-a978-b510d20692ff,Cardinals,ARI,Arizona,,2025-08-06T22:13:03.922987
01c52412-7257-4213-b8b3-effa7c5dd5c7,Derwin James Jr.,,Derwin,James,SAF,3.0,74,215.0,1996-08-03,"Auburndale, FL, USA",8,Florida State,Haines City (FL),2018.0,1.0,,"{'id': '1f6dcffb-9823-43cd-9ff4-e7a8466749b5', 'name': 'Chargers', 'market': 'Los Angeles', 'alias': 'LAC', 'sr_id': 'sr:competitor:4429'}",ACT,,,1f6dcffb-9823-43cd-9ff4-e7a8466749b5,Chargers,LAC,Los Angeles,,2025-08-06T22:13:05.472820
01d3f14f-2115-478e-943b-4de2d1bf91a9,Zion Johnson,,Zion,Johnson,G,77.0,75,316.0,1999-11-18,"Bowie, MD, USA",4,Boston College,Riverdale Baptist (MD),2022.0,1.0,,"{'id': '1f6dcffb-9823-43cd-9ff4-e7a8466749b5', 'name': 'Chargers', 'market': 'Los Angeles', 'alias': 'LAC', 'sr_id': 'sr:competitor:4429'}",ACT,,,1f6dcffb-9823-43cd-9ff4-e7a8466749b5,Chargers,LAC,Los Angeles,,2025-08-06T22:13:05.472846
0224c851-7e91-4e93-9bf8-89a8d72c55ef,Elijah Molden,,Elijah,Molden,DB,2.0,70,192.0,1999-01-30,"West Linn, OR, USA",5,Washington,West Linn (OR),2021.0,3.0,,"{'id': 'd26a1ca5-722d-4274-8f97-c92e49c96315', 'name': 'Titans', 'market': 'Tennessee', 'alias': 'TEN', 'sr_id': 'sr:competitor:367364'}",ACT,,,1f6dcffb-9823-43cd-9ff4-e7a8466749b5,Chargers,LAC,Los Angeles,,2025-08-06T22:13:05.472857
09b016f0-23c5-11f0-99cd-6b347349d8a4,Savion Washington,,Savion,Washington,T,67.0,81,340.0,,"Akron, OH, USA",0,Syracuse,St. Vincent-St. Mary (OH),,,,,PUP,,,1f6dcffb-9823-43cd-9ff4-e7a8466749b5,Chargers,LAC,Los Angeles,,2025-08-06T22:13:05.472877
09b7c5d0-23ca-11f0-97f8-1902f784caec,Raheim Sanders,,Raheim,Sanders,RB,35.0,72,230.0,2002-06-08,"Rockledge, FL, USA",0,South Carolina,Rockledge (FL),,,,,ACT,,,1f6dcffb-9823-43cd-9ff4-e7a8466749b5,Chargers,LAC,Los Angeles,,2025-08-06T22:13:05.472888
10e1f570-2f6d-11f0-83ff-1b0af9d7582e,Dalevon Campbell,,Dalevon,Campbell,WR,38.0,76,220.0,,"Missouri City, TX, USA",0,South Carolina,Fort Bend Marshall (TX),,,,,ACT,,,1f6dcffb-9823-43cd-9ff4-e7a8466749b5,Chargers,LAC,Los Angeles,,2025-08-06T22:13:05.472898
19dd3c47-6da2-4baa-8f4d-c44c152924f2,Benjamin St-Juste,,Benjamin,St-Juste,CB,24.0,75,200.0,1997-09-08,"Montreal, QC, CAN",5,Minnesota,Cegep du Vieux Montreal (CAN),2021.0,3.0,,"{'id': '22052ff7-c065-42ee-bc8f-c4691c50e624', 'name': 'Commanders', 'market': 'Washington', 'alias': 'WAS', 'sr_id': 'sr:competitor:4432'}",ACT,,,1f6dcffb-9823-43cd-9ff4-e7a8466749b5,Chargers,LAC,Los Angeles,,2025-08-06T22:13:05.472909
1fc883fc-46f4-403d-aff6-7d6018d7a718,Kendall Williamson,,Kendall,Williamson,SAF,40.0,72,203.0,2000-08-24,"Snellville, GA, USA",1,Stanford,Brookwood (GA),2023.0,7.0,,"{'id': '7b112545-38e6-483c-a55c-96cf6ee49cb8', 'name': 'Bears', 'market': 'Chicago', 'alias': 'CHI', 'sr_id': 'sr:competitor:4391'}",ACT,,,1f6dcffb-9823-43cd-9ff4-e7a8466749b5,Chargers,LAC,Los Angeles,,2025-08-06T22:13:05.472919
20a45a8e-a917-439d-ba28-33b84ab2401e,Andre James,,Andre,James,C,78.0,76,300.0,1997-05-02,"Herriman, UT, USA",7,UCLA,Herriman (UT),,,,,ACT,,,1f6dcffb-9823-43cd-9ff4-e7a8466749b5,Chargers,LAC,Los Angeles,,2025-08-06T22:13:05.472929
20c1c6e8-509a-46a6-8edf-d402d56c20b2,Bradley Bozeman,,Bradley,Bozeman,C,75.0,77,325.0,1994-11-24,"Roanoke, AL, USA",8,Alabama,Handley (AL),2018.0,6.0,,"{'id': 'ebd87119-b331-4469-9ea6-d51fe3ce2f1c', 'name': 'Ravens', 'market': 'Baltimore', 'alias': 'BAL', 'sr_id': 'sr:competitor:4413'}",ACT,,,1f6dcffb-9823-43cd-9ff4-e7a8466749b5,Chargers,LAC,Los Angeles,,2025-08-06T22:13:05.472944
29e32590-23aa-11f0-b0ac-d7ac1ca9dbb3,Nash Jones,,Nash,Jones,G,62.0,77,320.0,,"Nacogdoches, TX, USA",0,Texas State,Nacogdoches (TX),,,,,ACT,,,1f6dcffb-9823-43cd-9ff4-e7a8466749b5,Chargers,LAC,Los Angeles,,2025-08-06T22:13:05.472964
2c6917b0-23ab-11f0-964f-73ffde674db3,Jaylen Jones,,Jaylen,Jones,SAF,35.0,73,203.0,,"Richmond, VA, USA",0,Virginia Tech,Butler (PA),,,,,ACT,,,1f6dcffb-9823-43cd-9ff4-e7a8466749b5,Chargers,LAC,Los Angeles,,2025-08-06T22:13:05.472983
2f6580d2-6f19-4a03-99e8-4dbd9ebf2a73,KeAndre Lambert-Smith,,KeAndre,Lambert-Smith,WR,84.0,73,182.0,2001-10-16,"Norfolk, VA, USA",0,Auburn,Matthew Fontaine Maury (VA),2025.0,5.0,,"{'id': '1f6dcffb-9823-43cd-9ff4-e7a8466749b5', 'name': 'Chargers', 'market': 'Los Angeles', 'alias': 'LAC', 'sr_id': 'sr:competitor:4429'}",ACT,,,1f6dcffb-9823-43cd-9ff4-e7a8466749b5,Chargers,LAC,Los Angeles,,2025-08-06T22:13:05.472993
33c74bf8-7621-48be-a769-e219703988d9,Khalil Mack,,Khalil,Mack,OLB,52.0,75,269.0,1991-02-22,"Fort Pierce, FL, USA",12,Buffalo,Westwood (FL),2014.0,1.0,,"{'id': '7d4fcc64-9cb5-4d1b-8e75-8a906d1e1576', 'name': 'Raiders', 'market': 'Las Vegas', 'alias': 'LV', 'sr_id': 'sr:competitor:4390'}",ACT,,,1f6dcffb-9823-43cd-9ff4-e7a8466749b5,Chargers,LAC,Los Angeles,,2025-08-06T22:13:05.473004
3436b400-23ad-11f0-b28b-d1b1866410c3,Josh Kaltenberger,,Josh,Kaltenberger,C,63.0,78,308.0,,"Pittsburgh, PA, USA",0,Maryland,Seneca Valley (PA),,,,,ACT,,,1f6dcffb-9823-43cd-9ff4-e7a8466749b5,Chargers,LAC,Los Angeles,,2025-08-06T22:13:05.473013
3e1b7908-79ee-4a23-97b9-5190725a2e5e,Omarion Hampton,,Omarion,Hampton,RB,8.0,72,220.0,2003-03-16,"Forest City, NC, USA",0,North Carolina,Cleveland (NC),2025.0,1.0,,"{'id': '1f6dcffb-9823-43cd-9ff4-e7a8466749b5', 'name': 'Chargers', 'market': 'Los Angeles', 'alias': 'LAC', 'sr_id': 'sr:competitor:4429'}",ACT,,,1f6dcffb-9823-43cd-9ff4-e7a8466749b5,Chargers,LAC,Los Angeles,,2025-08-06T22:13:05.473035
42931961-6deb-4e33-bbe9-bf8f77d29da0,Trey Pipkins III,,Trey,Pipkins,T,79.0,78,307.0,1996-09-05,"Apple Valley, MN, USA",7,Sioux Falls,Apple Valley (MN),2019.0,3.0,,"{'id': '1f6dcffb-9823-43cd-9ff4-e7a8466749b5', 'name': 'Chargers', 'market': 'Los Angeles', 'alias': 'LAC', 'sr_id': 'sr:competitor:4429'}",ACT,,,1f6dcffb-9823-43cd-9ff4-e7a8466749b5,Chargers,LAC,Los Angeles,,2025-08-06T22:13:05.473046
441f06f0-23cc-11f0-aeb7-39a1d644c2f5,Nikko Reed,,Nikko,Reed,CB,46.0,70,180.0,2003-03-03,"Oakland, CA, USA",0,Oregon,Moreau Catholic (CA),,,,,ACT,,,1f6dcffb-9823-43cd-9ff4-e7a8466749b5,Chargers,LAC,Los Angeles,,2025-08-06T22:13:05.473055
48dca4c3-c6ac-4122-aee6-26f7cd259824,Bud Dupree,,Bud,Dupree,OLB,48.0,76,269.0,1993-02-12,"Irwinton, GA, USA",11,Kentucky,Wilkinson County (GA),2015.0,1.0,,"{'id': 'cb2f9f1f-ac67-424e-9e72-1475cb0ed398', 'name': 'Steelers', 'market': 'Pittsburgh', 'alias': 'PIT', 'sr_id': 'sr:competitor:4345'}",ACT,,,1f6dcffb-9823-43cd-9ff4-e7a8466749b5,Chargers,LAC,Los Angeles,,2025-08-06T22:13:05.473077
5be8f6f0-10b3-11f0-a920-69f05600ba9e,Jordan Petaia,,Jordan,Petaia,TE,49.0,75,227.0,2000-03-14," Werribee,, AUS",0,,,,,,,ACT,,,1f6dcffb-9823-43cd-9ff4-e7a8466749b5,Chargers,LAC,Los Angeles,,2025-08-06T22:13:05.473107
5c33558d-02fb-4c99-88d3-37083472c19f,Brenden Rice,,Brenden,Rice,WR,82.0,75,210.0,2002-03-18,"Chandler, AZ, USA",2,USC,Hamilton (AZ),2024.0,7.0,,"{'id': '1f6dcffb-9823-43cd-9ff4-e7a8466749b5', 'name': 'Chargers', 'market': 'Los Angeles', 'alias': 'LAC', 'sr_id': 'sr:competitor:4429'}",ACT,,,1f6dcffb-9823-43cd-9ff4-e7a8466749b5,Chargers,LAC,Los Angeles,,2025-08-06T22:13:05.473118
5f0cb3a0-072f-11ef-bc8a-710de207b77a,Emany Johnson,,Emany,Johnson,SAF,38.0,74,218.0,2000-11-17,"Richmond, CA, USA",1,Nevada,Hercules (CA),,,,,ACT,,,1f6dcffb-9823-43cd-9ff4-e7a8466749b5,Chargers,LAC,Los Angeles,,2025-08-06T22:13:05.473136
653dd688-fe1e-4e05-81d9-487823177f2b,Joe Alt,,Joe,Alt,T,76.0,80,322.0,2003-02-28,"North Oaks, MN, USA",2,Notre Dame,Totino-Grace (MN),2024.0,1.0,,"{'id': '1f6dcffb-9823-43cd-9ff4-e7a8466749b5', 'name': 'Chargers', 'market': 'Los Angeles', 'alias': 'LAC', 'sr_id': 'sr:competitor:4429'}",ACT,,,1f6dcffb-9823-43cd-9ff4-e7a8466749b5,Chargers,LAC,Los Angeles,,2025-08-06T22:13:05.473157
6af50530-145a-4b34-946d-ce1a7f7d3166,Oronde Gadsden,,Oronde,Gadsden,TE,86.0,77,236.0,2003-06-25,"Fort Lauderdale, FL, USA",0,Syracuse,American Heritage (FL),2025.0,5.0,,"{'id': '1f6dcffb-9823-43cd-9ff4-e7a8466749b5', 'name': 'Chargers', 'market': 'Los Angeles', 'alias': 'LAC', 'sr_id': 'sr:competitor:4429'}",ACT,,,1f6dcffb-9823-43cd-9ff4-e7a8466749b5,Chargers,LAC,Los Angeles,,2025-08-06T22:13:05.473177
728571c3-6651-4534-ad27-d86d72dc7d16,Naquan Jones,,Naquan,Jones,DL,96.0,75,313.0,1998-02-05,"Evanston, IL, USA",5,Michigan State,Evanston Township (IL),,,,,ACT,,,1f6dcffb-9823-43cd-9ff4-e7a8466749b5,Chargers,LAC,Los Angeles,,2025-08-06T22:13:05.473186
72c54860-db73-4fe1-bbf7-8fe1413c0952,Rashawn Slater,,Rashawn,Slater,T,70.0,76,315.0,1999-03-26,"Sugar Land, TX, USA",5,Northwestern,Clements (TX),2021.0,1.0,,"{'id': '1f6dcffb-9823-43cd-9ff4-e7a8466749b5', 'name': 'Chargers', 'market': 'Los Angeles', 'alias': 'LAC', 'sr_id': 'sr:competitor:4429'}",ACT,,,1f6dcffb-9823-43cd-9ff4-e7a8466749b5,Chargers,LAC,Los Angeles,,2025-08-06T22:13:05.473196
7690ab6a-2ae0-4449-abd5-74ec54403f2e,Tony Jefferson,,Tony,Jefferson,SAF,23.0,71,212.0,1992-01-27,"Chula Vista, CA, USA",11,Oklahoma,Eastlake (CA),,,,,ACT,,,1f6dcffb-9823-43cd-9ff4-e7a8466749b5,Chargers,LAC,Los Angeles,,2025-08-06T22:13:05.473205
78778a0e-d4a1-4a31-9e72-6d226733ba9d,Cam Hart,,Cam,Hart,CB,20.0,74,207.0,2000-12-05,"Baltimore, MD, USA",2,Notre Dame,Good Counsel (MD),2024.0,5.0,,"{'id': '1f6dcffb-9823-43cd-9ff4-e7a8466749b5', 'name': 'Chargers', 'market': 'Los Angeles', 'alias': 'LAC', 'sr_id': 'sr:competitor:4429'}",ACT,,,1f6dcffb-9823-43cd-9ff4-e7a8466749b5,Chargers,LAC,Los Angeles,,2025-08-06T22:13:05.473215
7debd720-e763-11ed-8199-d58dac5a4f8e,Caleb Murphy,,Caleb,Murphy,OLB,50.0,75,254.0,1999-12-15,"Dowagiac, MI, USA",3,Ferris State,Dowagiac (MI),,,,,ACT,,,1f6dcffb-9823-43cd-9ff4-e7a8466749b5,Chargers,LAC,Los Angeles,,2025-08-06T22:13:05.473224
7ff76c70-239b-11f0-a183-9558015781f9,Kylan Guidry,,Kylan,Guidry,OLB,59.0,76,240.0,,"Opelousas, LA, USA",0,Western Kentucky,Northwest (LA),,,,,ACT,,,1f6dcffb-9823-43cd-9ff4-e7a8466749b5,Chargers,LAC,Los Angeles,,2025-08-06T22:13:05.473233
83573dd8-c19e-4e20-9c3d-056418bf3842,Kyle Kennard,,Kyle,Kennard,OLB,54.0,77,254.0,2001-12-12,"Atlanta, GA, USA",0,South Carolina,Riverwood (GA),2025.0,4.0,,"{'id': '1f6dcffb-9823-43cd-9ff4-e7a8466749b5', 'name': 'Chargers', 'market': 'Los Angeles', 'alias': 'LAC', 'sr_id': 'sr:competitor:4429'}",ACT,,,1f6dcffb-9823-43cd-9ff4-e7a8466749b5,Chargers,LAC,Los Angeles,,2025-08-06T22:13:05.473252
8639eb45-a9dd-4b3b-91f1-01319af3bdd0,Mekhi Becton,,Mekhi,Becton,G,73.0,79,363.0,1999-04-18,"Highland Springs, VA, USA",6,Louisville,Highland Springs (VA),2020.0,1.0,,"{'id': '5fee86ae-74ab-4bdd-8416-42a9dd9964f3', 'name': 'Jets', 'market': 'New York', 'alias': 'NYJ', 'sr_id': 'sr:competitor:4427'}",ACT,,,1f6dcffb-9823-43cd-9ff4-e7a8466749b5,Chargers,LAC,Los Angeles,,2025-08-06T22:13:05.473262
8b3391ab-5126-4ed8-b181-59723f7f5a99,Tuli Tuipulotu,,Tuli,Tuipulotu,OLB,45.0,75,266.0,2002-09-03,"Hawthorne, CA, USA",3,USC,Lawndale (CA),2023.0,2.0,,"{'id': '1f6dcffb-9823-43cd-9ff4-e7a8466749b5', 'name': 'Chargers', 'market': 'Los Angeles', 'alias': 'LAC', 'sr_id': 'sr:competitor:4429'}",ACT,,,1f6dcffb-9823-43cd-9ff4-e7a8466749b5,Chargers,LAC,Los Angeles,,2025-08-06T22:13:05.473272
8bbd5520-52e9-4187-889f-bd4552622869,Josh Harris,,Josh,Harris,LS,47.0,73,224.0,1989-04-27,"Carrollton, GA, USA",14,Auburn,Carrollton (GA),,,,,ACT,,,1f6dcffb-9823-43cd-9ff4-e7a8466749b5,Chargers,LAC,Los Angeles,,2025-08-06T22:13:05.473281
8df3606f-0c82-41e1-818f-1761b7bee65a,Deane Leonard,,Deane,Leonard,DB,33.0,72,195.0,1999-11-20,"Calgary, AB, CAN",4,Ole Miss,Notre Dame (CAN),2022.0,7.0,,"{'id': '1f6dcffb-9823-43cd-9ff4-e7a8466749b5', 'name': 'Chargers', 'market': 'Los Angeles', 'alias': 'LAC', 'sr_id': 'sr:competitor:4429'}",ACT,,,1f6dcffb-9823-43cd-9ff4-e7a8466749b5,Chargers,LAC,Los Angeles,,2025-08-06T22:13:05.473292
8e7828a0-2384-11f0-80dd-21a09902394a,TeRah Edwards,,TeRah,Edwards,DL,94.0,74,305.0,,"Groveport, OH, USA",0,Illinois,Groveport Madison (OH),,,,,ACT,,,1f6dcffb-9823-43cd-9ff4-e7a8466749b5,Chargers,LAC,Los Angeles,,2025-08-06T22:13:05.473300
909751c0-23c9-11f0-93fb-23542e276b7c,Corey Stewart,,Corey,Stewart,T,65.0,78,318.0,,"Nashville, TN, USA",0,Purdue,Randle (TX),,,,,ACT,,,1f6dcffb-9823-43cd-9ff4-e7a8466749b5,Chargers,LAC,Los Angeles,,2025-08-06T22:13:05.473310
93f17bc5-55d5-441a-a29d-d419ed4725e7,Daiyan Henley,,Daiyan,Henley,LB,0.0,72,225.0,1999-11-18,"Los Angeles, CA, USA",3,Washington State,Crenshaw (CA),2023.0,3.0,,"{'id': '1f6dcffb-9823-43cd-9ff4-e7a8466749b5', 'name': 'Chargers', 'market': 'Los Angeles', 'alias': 'LAC', 'sr_id': 'sr:competitor:4429'}",ACT,,,1f6dcffb-9823-43cd-9ff4-e7a8466749b5,Chargers,LAC,Los Angeles,,2025-08-06T22:13:05.473320
9c77de40-23cb-11f0-ba1d-ad6924f0cecc,Eric Rogers,,Eric,Rogers,CB,39.0,74,189.0,,"Burlington, NJ, USA",0,Rutgers,Burlington Township (NJ),,,,,ACT,,,1f6dcffb-9823-43cd-9ff4-e7a8466749b5,Chargers,LAC,Los Angeles,,2025-08-06T22:13:05.473329
9ceab470-1739-49d7-b605-f3906a63f7c7,Junior Colson,,Junior,Colson,LB,25.0,75,247.0,2002-12-06,"Mirebalais,, HTI",2,Michigan,Ravenwood (TN),2024.0,3.0,,"{'id': '1f6dcffb-9823-43cd-9ff4-e7a8466749b5', 'name': 'Chargers', 'market': 'Los Angeles', 'alias': 'LAC', 'sr_id': 'sr:competitor:4429'}",ACT,,,1f6dcffb-9823-43cd-9ff4-e7a8466749b5,Chargers,LAC,Los Angeles,,2025-08-06T22:13:05.473339
9cedc261-40ff-4fe3-80e1-e128dcceede0,Scott Matlock,,Scott,Matlock,DL,44.0,76,296.0,2000-06-28,"Homedale, ID, USA",3,Boise State,Homedale (ID),2023.0,6.0,,"{'id': '1f6dcffb-9823-43cd-9ff4-e7a8466749b5', 'name': 'Chargers', 'market': 'Los Angeles', 'alias': 'LAC', 'sr_id': 'sr:competitor:4429'}",ACT,,,1f6dcffb-9823-43cd-9ff4-e7a8466749b5,Chargers,LAC,Los Angeles,,2025-08-06T22:13:05.473349
9dc1308a-5cf2-45c1-b5ad-fc64fff3e94f,Donte Jackson,,Donte,Jackson,CB,26.0,70,180.0,1995-11-08,"New Orleans, LA, USA",7,LSU,Riverdale (LA),2018.0,2.0,,"{'id': 'f14bf5cc-9a82-4a38-bc15-d39f75ed5314', 'name': 'Panthers', 'market': 'Carolina', 'alias': 'CAR', 'sr_id': 'sr:competitor:4415'}",ACT,,,1f6dcffb-9823-43cd-9ff4-e7a8466749b5,Chargers,LAC,Los Angeles,,2025-08-06T22:13:05.473359
9fafb31c-10c8-4299-822c-8d532904b6fb,RJ Mickens,,RJ,Mickens,SAF,27.0,72,210.0,2001-07-10,"Southlake, TX, USA",0,Clemson,Carroll (TX),2025.0,6.0,,"{'id': '1f6dcffb-9823-43cd-9ff4-e7a8466749b5', 'name': 'Chargers', 'market': 'Los Angeles', 'alias': 'LAC', 'sr_id': 'sr:competitor:4429'}",ACT,,,1f6dcffb-9823-43cd-9ff4-e7a8466749b5,Chargers,LAC,Los Angeles,,2025-08-06T22:13:05.473369
9fc6e49f-c863-419d-9dca-8f0da3f3c9c7,Denzel Perryman,,Denzel,Perryman,LB,6.0,71,240.0,1992-12-05,"Coral Gables, FL, USA",11,Miami (FL),Coral Gables (FL),2015.0,2.0,,"{'id': '9dbb9060-ba0f-4920-829e-16d4d9246b5d', 'name': 'Chargers', 'market': 'San Diego', 'alias': 'SD'}",ACT,,,1f6dcffb-9823-43cd-9ff4-e7a8466749b5,Chargers,LAC,Los Angeles,,2025-08-06T22:13:05.473379
a28d9b86-30ec-40be-98bc-48089b23ba9c,Tarheeb Still,,Tarheeb,Still,CB,29.0,73,196.0,2002-06-09,"Sicklerville, NJ, USA",2,Maryland,Timber Creek (NJ),2024.0,5.0,,"{'id': '1f6dcffb-9823-43cd-9ff4-e7a8466749b5', 'name': 'Chargers', 'market': 'Los Angeles', 'alias': 'LAC', 'sr_id': 'sr:competitor:4429'}",ACT,,,1f6dcffb-9823-43cd-9ff4-e7a8466749b5,Chargers,LAC,Los Angeles,,2025-08-06T22:13:05.473389
a3d59d11-8d6a-4cfa-9c5d-3387d20de7f9,Del'Shawn Phillips,,Del'Shawn,Phillips,LB,53.0,74,230.0,1996-10-09,"Highland Park, MI, USA",6,Illinois,Cass Tech (MI),,,,,PUP,,,1f6dcffb-9823-43cd-9ff4-e7a8466749b5,Chargers,LAC,Los Angeles,,2025-08-06T22:13:05.473398
a45328a1-7d0e-451a-8176-ea30f0e1c86f,Tre' Harris,,Tre',Harris,WR,9.0,75,210.0,2002-02-28,"Lafayette, LA, USA",0,Ole Miss,Ovey Comeaux (LA),2025.0,2.0,,"{'id': '1f6dcffb-9823-43cd-9ff4-e7a8466749b5', 'name': 'Chargers', 'market': 'Los Angeles', 'alias': 'LAC', 'sr_id': 'sr:competitor:4429'}",ACT,,,1f6dcffb-9823-43cd-9ff4-e7a8466749b5,Chargers,LAC,Los Angeles,,2025-08-06T22:13:05.473407
a78206af-6d78-4b4c-90e3-dc4bd62ac80b,Teair Tart,,Teair,Tart,DL,90.0,74,315.0,1997-02-28,"Philadelphia, PA, USA",6,Florida International,West Philadelphia (PA),,,,,ACT,,,1f6dcffb-9823-43cd-9ff4-e7a8466749b5,Chargers,LAC,Los Angeles,,2025-08-06T22:13:05.473416
a99f605d-e128-4d9f-96b7-1e7c6d222303,Otito Ogbonnia,,Otito,Ogbonnia,DL,93.0,76,320.0,2000-08-25,"Houston, TX, USA",4,UCLA,James E. Taylor (TX),2022.0,5.0,,"{'id': '1f6dcffb-9823-43cd-9ff4-e7a8466749b5', 'name': 'Chargers', 'market': 'Los Angeles', 'alias': 'LAC', 'sr_id': 'sr:competitor:4429'}",ACT,,,1f6dcffb-9823-43cd-9ff4-e7a8466749b5,Chargers,LAC,Los Angeles,,2025-08-06T22:13:05.473426
abb77dbf-9ee3-4631-8afb-6f118a98adcc,Jamaree Salyer,,Jamaree,Salyer,OL,68.0,76,325.0,2000-07-13,"Atlanta, GA, USA",4,Georgia,Pace Academy (GA),2022.0,6.0,,"{'id': '1f6dcffb-9823-43cd-9ff4-e7a8466749b5', 'name': 'Chargers', 'market': 'Los Angeles', 'alias': 'LAC', 'sr_id': 'sr:competitor:4429'}",ACT,,,1f6dcffb-9823-43cd-9ff4-e7a8466749b5,Chargers,LAC,Los Angeles,,2025-08-06T22:13:05.473436
ac5dd0b0-d060-11ec-b677-29e0f2526162,Cameron Dicker,,Cameron,Dicker,K,11.0,73,216.0,2000-05-06,"Austin, TX, USA",4,Texas,Lake Travis (TX),,,,,ACT,,,1f6dcffb-9823-43cd-9ff4-e7a8466749b5,Chargers,LAC,Los Angeles,,2025-08-06T22:13:05.473445
ace0e155-59e7-44b1-ad04-cd08ba02209a,Justin Eboigbe,,Justin,Eboigbe,DL,92.0,77,292.0,2001-04-09,"Forest Park, GA, USA",2,Alabama,Forest Park (GA),2024.0,4.0,,"{'id': '1f6dcffb-9823-43cd-9ff4-e7a8466749b5', 'name': 'Chargers', 'market': 'Los Angeles', 'alias': 'LAC', 'sr_id': 'sr:competitor:4429'}",ACT,,,1f6dcffb-9823-43cd-9ff4-e7a8466749b5,Chargers,LAC,Los Angeles,,2025-08-06T22:13:05.473455
afaf9a70-2312-11f0-be9a-5f5a7ddcdf04,DJ Uiagalelei,,DJ,Uiagalelei,QB,7.0,76,252.0,2001-04-17,"Inland Empire, CA, USA",0,Florida State,St. John Bosco (CA),,,,,ACT,,,1f6dcffb-9823-43cd-9ff4-e7a8466749b5,Chargers,LAC,Los Angeles,,2025-08-06T22:13:05.473464
b83d66b0-0665-11ef-94ee-6dded2587f41,JaQuae Jackson,,JaQuae,Jackson,WR,27.0,73,184.0,2000-01-30,"Pittsburgh, PA, USA",2,Rutgers,Serra Catholic (PA),,,,,ACT,,,1f6dcffb-9823-43cd-9ff4-e7a8466749b5,Chargers,LAC,Los Angeles,,2025-08-06T22:13:05.473473
b901f0a9-51f6-48ac-b4fa-4417e12212dd,Branson Taylor,,Branson,Taylor,G,71.0,78,330.0,2002-02-13,"Lorain, OH, USA",0,Pittsburgh,Elyria (OH),2025.0,6.0,,"{'id': '1f6dcffb-9823-43cd-9ff4-e7a8466749b5', 'name': 'Chargers', 'market': 'Los Angeles', 'alias': 'LAC', 'sr_id': 'sr:competitor:4429'}",ACT,,,1f6dcffb-9823-43cd-9ff4-e7a8466749b5,Chargers,LAC,Los Angeles,,2025-08-06T22:13:05.473483
bccb01d6-0ee2-43a3-a230-0e669b089a22,Trikweze Bridges,,Trikweze,Bridges,DB,31.0,74,200.0,,"Lanett, AL, USA",0,Florida,Lanett (AL),2025.0,7.0,,"{'id': '1f6dcffb-9823-43cd-9ff4-e7a8466749b5', 'name': 'Chargers', 'market': 'Los Angeles', 'alias': 'LAC', 'sr_id': 'sr:competitor:4429'}",ACT,,,1f6dcffb-9823-43cd-9ff4-e7a8466749b5,Chargers,LAC,Los Angeles,,2025-08-06T22:13:05.473493
c5766270-23b8-11f0-b346-0de67f8c5704,Myles Purchase,,Myles,Purchase,CB,49.0,71,205.0,,"Denver, CO, USA",0,Iowa State,Cherry Creek (CO),,,,,ACT,,,1f6dcffb-9823-43cd-9ff4-e7a8466749b5,Chargers,LAC,Los Angeles,,2025-08-06T22:13:05.473502
c91e7457-3378-40ac-a07d-30caefe59ea4,Nesta Jade Silvera,,Nesta Jade,Silvera,DT,60.0,74,304.0,2000-01-23,"Plantation, FL, USA",3,Arizona State,American Heritage (FL),2023.0,7.0,,"{'id': '7d4fcc64-9cb5-4d1b-8e75-8a906d1e1576', 'name': 'Raiders', 'market': 'Las Vegas', 'alias': 'LV', 'sr_id': 'sr:competitor:4390'}",ACT,,,1f6dcffb-9823-43cd-9ff4-e7a8466749b5,Chargers,LAC,Los Angeles,,2025-08-06T22:13:05.473512
ca2eed00-23ae-11f0-a139-771c091b0ec3,Stevo Klotz,,Stevo,Klotz,TE,41.0,76,260.0,,"Chaska, MN, USA",0,Iowa State,Chaska (MN),,,,,ACT,,,1f6dcffb-9823-43cd-9ff4-e7a8466749b5,Chargers,LAC,Los Angeles,,2025-08-06T22:13:05.473521
cea3be00-2387-11f0-8380-d35c7b655365,Josh Fuga,,Josh,Fuga,DL,69.0,74,313.0,,"Woodbridge, VA, USA",0,Virginia Tech,Freedom (CA),,,,,IR,,,1f6dcffb-9823-43cd-9ff4-e7a8466749b5,Chargers,LAC,Los Angeles,,2025-08-06T22:13:05.473530
d6933d60-238d-11f0-b20f-f13e07eacbeb,Luke Grimm,,Luke,Grimm,WR,37.0,72,190.0,2001-08-08,"Raymore, MO, USA",0,Kansas,Raymore-Peculiar (MI),,,,,ACT,,,1f6dcffb-9823-43cd-9ff4-e7a8466749b5,Chargers,LAC,Los Angeles,,2025-08-06T22:13:05.473538
dc9c14e0-632d-11f0-b9d0-0147a64b2529,Ryan Nelson,,Ryan,Nelson,OT,74.0,78,325.0,1999-08-06,"Buena Park, CA, USA",1,Virginia,Buena Park (CA),,,,,ACT,,,1f6dcffb-9823-43cd-9ff4-e7a8466749b5,Chargers,LAC,Los Angeles,,2025-08-06T22:13:05.473547
dfd7b030-0503-11ef-9fa1-71a14bb8689e,Jaylen Johnson,,Jaylen,Johnson,WR,39.0,74,194.0,2000-05-26,"Duluth, GA, USA",1,East Carolina,Peachtree Ridge (GA),,,,,ACT,,,1f6dcffb-9823-43cd-9ff4-e7a8466749b5,Chargers,LAC,Los Angeles,,2025-08-06T22:13:05.473556
e28b8a10-23af-11f0-a7d5-6b583115f07e,Jordan Oladokun,,Jordan,Oladokun,CB,37.0,72,190.0,,"Tampa, FL, USA",0,Bowling Green,Samford (AL),,,,,ACT,,,1f6dcffb-9823-43cd-9ff4-e7a8466749b5,Chargers,LAC,Los Angeles,,2025-08-06T22:13:05.473575
e2ad2c70-0505-11ef-99a7-c9979cd26af8,Tre'Mon Morris-Brash,,Tre'Mon,Morris-Brash,OLB,57.0,74,245.0,2000-09-29,"Richmond, VA, USA",1,UCF,St. John's (DC),,,,,ACT,,,1f6dcffb-9823-43cd-9ff4-e7a8466749b5,Chargers,LAC,Los Angeles,,2025-08-06T22:13:05.473583
e4114f9d-80da-4e39-bd12-cd9cf2c0d720,Da'Shawn Hand,,Da'Shawn,Hand,DL,91.0,75,302.0,1995-11-14,"Philadelphia, PA, USA",8,Alabama,Woodbridge (VA),2018.0,4.0,,"{'id': 'c5a59daa-53a7-4de0-851f-fb12be893e9e', 'name': 'Lions', 'market': 'Detroit', 'alias': 'DET', 'sr_id': 'sr:competitor:4419'}",ACT,,,1f6dcffb-9823-43cd-9ff4-e7a8466749b5,Chargers,LAC,Los Angeles,,2025-08-06T22:13:05.473593
e446d2e4-2ef3-42f9-88a8-ac17dd745c2d,Ja'Sir Taylor,,Ja'Sir,Taylor,DB,36.0,70,185.0,1999-01-08,"Asbury Park, NJ, USA",4,Wake Forest,Brick Township (NJ),2022.0,6.0,,"{'id': '1f6dcffb-9823-43cd-9ff4-e7a8466749b5', 'name': 'Chargers', 'market': 'Los Angeles', 'alias': 'LAC', 'sr_id': 'sr:competitor:4429'}",ACT,,,1f6dcffb-9823-43cd-9ff4-e7a8466749b5,Chargers,LAC,Los Angeles,,2025-08-06T22:13:05.473603
e7557870-04fd-11ef-8b80-554bb8c4f885,Karsen Barnhart,,Karsen,Barnhart,G,61.0,77,316.0,2001-03-02,"Paw Paw, MI, USA",1,Michigan,Paw Paw (MI),,,,,ACT,,,1f6dcffb-9823-43cd-9ff4-e7a8466749b5,Chargers,LAC,Los Angeles,,2025-08-06T22:13:05.473622
ed5bcd2c-6335-4c0b-93b7-2116684a9b02,Nyheim Miller-Hines,,Nyheim,Miller-Hines,RB,31.0,68,198.0,1996-11-12,"Garner, NC, USA",6,North Carolina State,Garner (NC),2018.0,4.0,,"{'id': '82cf9565-6eb9-4f01-bdbd-5aa0d472fcd9', 'name': 'Colts', 'market': 'Indianapolis', 'alias': 'IND', 'sr_id': 'sr:competitor:4421'}",ACT,,,1f6dcffb-9823-43cd-9ff4-e7a8466749b5,Chargers,LAC,Los Angeles,,2025-08-06T22:13:05.473632
f070d4ef-1904-47f2-87d3-b9e2788789ed,Troy Dye,,Troy,Dye,LB,43.0,75,225.0,1996-09-18,"Norco, CA, USA",6,Oregon,Norco (CA),2020.0,4.0,,"{'id': '33405046-04ee-4058-a950-d606f8c30852', 'name': 'Vikings', 'market': 'Minnesota', 'alias': 'MIN', 'sr_id': 'sr:competitor:4423'}",ACT,,,1f6dcffb-9823-43cd-9ff4-e7a8466749b5,Chargers,LAC,Los Angeles,,2025-08-06T22:13:05.473652
f1cedce0-d252-11ec-b16e-cf7159baf83d,Kana'i Mauga,,Kana'i,Mauga,LB,56.0,74,245.0,2000-01-08,"Waianae, HI, USA",3,USC,Waianae (HI),,,,,ACT,,,1f6dcffb-9823-43cd-9ff4-e7a8466749b5,Chargers,LAC,Los Angeles,,2025-08-06T22:13:05.473681
f2d4b707-f118-46b8-9697-e0506f29a987,Jamaree Caldwell,,Jamaree,Caldwell,DT,99.0,73,340.0,2000-08-30,"Newberry, SC, USA",0,Oregon,Newberry (SC),2025.0,3.0,,"{'id': '1f6dcffb-9823-43cd-9ff4-e7a8466749b5', 'name': 'Chargers', 'market': 'Los Angeles', 'alias': 'LAC', 'sr_id': 'sr:competitor:4429'}",ACT,,,1f6dcffb-9823-43cd-9ff4-e7a8466749b5,Chargers,LAC,Los Angeles,,2025-08-06T22:13:05.473691
f3a7ab39-ead2-4dbf-b760-d652b8a26853,Alohi Gilman,,Alohi,Gilman,SAF,32.0,70,201.0,1997-09-17,"Laie, HI, USA",6,Notre Dame,Kahuku (HI),2020.0,6.0,,"{'id': '1f6dcffb-9823-43cd-9ff4-e7a8466749b5', 'name': 'Chargers', 'market': 'Los Angeles', 'alias': 'LAC', 'sr_id': 'sr:competitor:4429'}",ACT,,,1f6dcffb-9823-43cd-9ff4-e7a8466749b5,Chargers,LAC,Los Angeles,,2025-08-06T22:13:05.473711
f475c020-23d1-11f0-a1b4-0388130a8f25,Garmon Randolph,,Garmon,Randolph,OLB,97.0,80,260.0,,"Jefferson, GA, USA",0,Baylor,Jefferson,,,,,ACT,,,1f6dcffb-9823-43cd-9ff4-e7a8466749b5,Chargers,LAC,Los Angeles,,2025-08-06T22:13:05.473720
f7296c40-23c2-11f0-9b0d-fd7bc65a922c,Marlowe Wax,,Marlowe,Wax,LB,58.0,73,236.0,2002-12-13,"Baltimore, MD, USA",0,Syracuse,Mount St. Joseph (MD),,,,,ACT,,,1f6dcffb-9823-43cd-9ff4-e7a8466749b5,Chargers,LAC,Los Angeles,,2025-08-06T22:13:05.473729
fd3f7640-d264-11ec-b16e-cf7159baf83d,Christopher Hinton,,Christopher,Hinton,DL,98.0,76,310.0,2000-09-14,"Johns Creek, GA, USA",2,Michigan,Greater Atlanta Christian School (GA),,,,,ACT,,,1f6dcffb-9823-43cd-9ff4-e7a8466749b5,Chargers,LAC,Los Angeles,,2025-08-06T22:13:05.473737
01ddd0c0-f32f-11ed-ad4d-7d27e7837270,Azizi Hearn,,Azizi,Hearn,CB,42.0,74,206.0,1999-06-05,"Oceanside, CA, USA",1,UCLA,Oceanside (CA),,,,,ACT,,,6680d28d-d4d2-49f6-aace-5292d3ec02c2,Chiefs,KC,Kansas City,,2025-08-06T22:13:07.251796
04648fce-0bba-40d4-98c0-e18c48e32567,Omarr Norman-Lott,,Omarr,Norman-Lott,DT,55.0,75,315.0,2002-03-11,"North Highlands, CA, USA",0,Tennessee,Grant (CA),2025.0,2.0,,"{'id': '6680d28d-d4d2-49f6-aace-5292d3ec02c2', 'name': 'Chiefs', 'market': 'Kansas City', 'alias': 'KC', 'sr_id': 'sr:competitor:4422'}",ACT,,,6680d28d-d4d2-49f6-aace-5292d3ec02c2,Chiefs,KC,Kansas City,,2025-08-06T22:13:07.251821
0e10a160-4d87-11f0-b004-2dad79bbb607,Joey Lombard,,Joey,Lombard,C,68.0,77,305.0,,"Anoka, MN, USA",0,South Dakota,Anoka (MN),,,,,ACT,,,6680d28d-d4d2-49f6-aace-5292d3ec02c2,Chiefs,KC,Kansas City,,2025-08-06T22:13:07.251828
0ef78810-a38b-4444-b3b9-fb8b293c567d,Jalen Royals,,Jalen,Royals,WR,11.0,72,195.0,2003-02-18,"Powder Springs, GA, USA",0,Utah State,Hillgrove (GA),2025.0,4.0,,"{'id': '6680d28d-d4d2-49f6-aace-5292d3ec02c2', 'name': 'Chiefs', 'market': 'Kansas City', 'alias': 'KC', 'sr_id': 'sr:competitor:4422'}",ACT,,,6680d28d-d4d2-49f6-aace-5292d3ec02c2,Chiefs,KC,Kansas City,,2025-08-06T22:13:07.251841
0f9883f3-bff3-4247-8e90-7df2066070c6,Felix Anudike-Uzomah,,Felix,Anudike-Uzomah,DE,91.0,76,255.0,2002-01-24,"Kansas City, MO, USA",3,Kansas State,Lee's Summit (MO),2023.0,1.0,,"{'id': '6680d28d-d4d2-49f6-aace-5292d3ec02c2', 'name': 'Chiefs', 'market': 'Kansas City', 'alias': 'KC', 'sr_id': 'sr:competitor:4422'}",ACT,,,6680d28d-d4d2-49f6-aace-5292d3ec02c2,Chiefs,KC,Kansas City,,2025-08-06T22:13:07.251848
11000880-261c-11f0-baa4-e9f1e309c647,Coziah Izzard,,Coziah,Izzard,DT,93.0,75,305.0,,"Columbia, MD, USA",0,Penn State,DeMatha Catholic (MD),,,,,ACT,,,6680d28d-d4d2-49f6-aace-5292d3ec02c2,Chiefs,KC,Kansas City,,2025-08-06T22:13:07.251854
12665370-23a4-11f0-9e85-b92dafb299c8,Jacobe Covington,,Jacobe,Covington,CB,40.0,74,200.0,,"Chandler, AZ, USA",0,USC,Saguaro (AZ),,,,,ACT,,,6680d28d-d4d2-49f6-aace-5292d3ec02c2,Chiefs,KC,Kansas City,,2025-08-06T22:13:07.251865
146abdb0-239e-11f0-8453-2d7672a711cb,Glendon Miller,,Glendon,Miller,SAF,25.0,74,206.0,,"Orange Park, FL, USA",0,Maryland,Ridgeview (FL),,,,,ACT,,,6680d28d-d4d2-49f6-aace-5292d3ec02c2,Chiefs,KC,Kansas City,,2025-08-06T22:13:07.251870
14b8cda0-ec39-11ed-aeaf-cb0dc6206dc5,Cam Jones,,Cam,Jones,LB,44.0,74,227.0,1999-10-21,"Memphis, TN, USA",3,Indiana,St. Benedict at Auburndale (TN),,,,,ACT,,,6680d28d-d4d2-49f6-aace-5292d3ec02c2,Chiefs,KC,Kansas City,,2025-08-06T22:13:07.251882
15ff4e92-dad4-4ff8-ba50-97c68d85f1c1,Hunter Nourzad,,Hunter,Nourzad,OL,60.0,75,317.0,2000-11-26,"Marietta, GA, USA",2,Penn State,The Walker School (GA),2024.0,5.0,,"{'id': '6680d28d-d4d2-49f6-aace-5292d3ec02c2', 'name': 'Chiefs', 'market': 'Kansas City', 'alias': 'KC', 'sr_id': 'sr:competitor:4422'}",ACT,,,6680d28d-d4d2-49f6-aace-5292d3ec02c2,Chiefs,KC,Kansas City,,2025-08-06T22:13:07.251888
172b40b0-07cf-11ef-97d8-45d7b9ff0b1c,Ethan Driskell,,Ethan,Driskell,OT,75.0,80,313.0,2000-06-29,"Louisville, KY, USA",2,Marshall,,,,,,ACT,,,6680d28d-d4d2-49f6-aace-5292d3ec02c2,Chiefs,KC,Kansas City,,2025-08-06T22:13:07.251893
1f66d210-23aa-11f0-8981-b32f195cd5a2,Dalton Cooper,,Dalton,Cooper,OL,73.0,79,315.0,2001-03-15,"Prague, OK, USA",0,Oklahoma State,Prague (OK),,,,,ACT,,,6680d28d-d4d2-49f6-aace-5292d3ec02c2,Chiefs,KC,Kansas City,,2025-08-06T22:13:07.251904
21a56bce-7c06-44d7-b641-99f499111739,Bryan Cook,,Bryan,Cook,SAF,6.0,73,206.0,1999-09-07,"Cincinnati, OH, USA",4,Cincinnati,Mount Healthy (OH),2022.0,2.0,,"{'id': '6680d28d-d4d2-49f6-aace-5292d3ec02c2', 'name': 'Chiefs', 'market': 'Kansas City', 'alias': 'KC', 'sr_id': 'sr:competitor:4422'}",ACT,,,6680d28d-d4d2-49f6-aace-5292d3ec02c2,Chiefs,KC,Kansas City,,2025-08-06T22:13:07.251910
254842eb-c5ad-4e57-8679-3df5a674a14e,Darius Rush,,Darius,Rush,CB,,74,198.0,2000-02-22,"Kingstree, SC, USA",2,South Carolina,C.E. Murray (SC),2023.0,5.0,,"{'id': '82cf9565-6eb9-4f01-bdbd-5aa0d472fcd9', 'name': 'Colts', 'market': 'Indianapolis', 'alias': 'IND', 'sr_id': 'sr:competitor:4421'}",IR,,,6680d28d-d4d2-49f6-aace-5292d3ec02c2,Chiefs,KC,Kansas City,,2025-08-06T22:13:07.251916
3170164a-1718-4a39-9ef2-e18104e35fef,Brashard Smith,,Brashard,Smith,RB,30.0,70,196.0,2003-04-11,"Richmond Heights, FL, USA",0,SMU,Miami Palmetto (FL),2025.0,7.0,,"{'id': '6680d28d-d4d2-49f6-aace-5292d3ec02c2', 'name': 'Chiefs', 'market': 'Kansas City', 'alias': 'KC', 'sr_id': 'sr:competitor:4422'}",ACT,,,6680d28d-d4d2-49f6-aace-5292d3ec02c2,Chiefs,KC,Kansas City,,2025-08-06T22:13:07.251923
3577a340-07db-11ef-91e3-2f73c380b376,Fabien Lovett Sr.,,Fabien,Lovett,DT,96.0,75,316.0,1999-12-05,"Vicksburg, MS, USA",1,Florida State,Olive Branch (MS),,,,,ACT,,,6680d28d-d4d2-49f6-aace-5292d3ec02c2,Chiefs,KC,Kansas City,,2025-08-06T22:13:07.251928
358bda61-ccb6-443a-a51c-3b14b3cadf22,Trent McDuffie,,Trent,McDuffie,CB,22.0,71,193.0,2000-09-13,"Westminster, CA, USA",4,Washington,St. John Bosco (CA),2022.0,1.0,,"{'id': '6680d28d-d4d2-49f6-aace-5292d3ec02c2', 'name': 'Chiefs', 'market': 'Kansas City', 'alias': 'KC', 'sr_id': 'sr:competitor:4422'}",ACT,,,6680d28d-d4d2-49f6-aace-5292d3ec02c2,Chiefs,KC,Kansas City,,2025-08-06T22:13:07.251945
370a8ac8-f6f4-44ef-91b3-a65ab79ec314,Jaylon Moore,,Jaylon,Moore,OL,77.0,76,311.0,1998-01-09,"Detroit, MI, USA",5,Western Michigan,Consortium (MI),2021.0,5.0,,"{'id': 'f0e724b0-4cbf-495a-be47-013907608da9', 'name': '49ers', 'market': 'San Francisco', 'alias': 'SF', 'sr_id': 'sr:competitor:4389'}",ACT,,,6680d28d-d4d2-49f6-aace-5292d3ec02c2,Chiefs,KC,Kansas City,,2025-08-06T22:13:07.251952
382bf27a-8afb-4ffe-b7b8-9a960b98049a,Trey Smith,,Trey,Smith,G,65.0,78,321.0,1999-06-16,"Humboldt, TN, USA",5,Tennessee,University (TN),2021.0,6.0,,"{'id': '6680d28d-d4d2-49f6-aace-5292d3ec02c2', 'name': 'Chiefs', 'market': 'Kansas City', 'alias': 'KC', 'sr_id': 'sr:competitor:4422'}",ACT,,,6680d28d-d4d2-49f6-aace-5292d3ec02c2,Chiefs,KC,Kansas City,,2025-08-06T22:13:07.251958
39e07670-512b-11ef-9470-6b8fecf8a23b,Geor'Quarius Spivey,,Geor'Quarius,Spivey,TE,45.0,77,245.0,1999-10-06,"Monroe, LA, USA",1,Mississippi State,Ridgewood (LA),,,,,ACT,,,6680d28d-d4d2-49f6-aace-5292d3ec02c2,Chiefs,KC,Kansas City,,2025-08-06T22:13:07.251964
46190530-23ab-11f0-a8c1-91b88a8cabac,Jake Briningstool,,Jake,Briningstool,TE,88.0,78,240.0,2002-12-09,"Brentwood, TN, USA",0,Clemson,Ravenwood (TN),,,,,ACT,,,6680d28d-d4d2-49f6-aace-5292d3ec02c2,Chiefs,KC,Kansas City,,2025-08-06T22:13:07.251983
47128e20-2621-11f0-b1a6-031de407737a,Tre Watson,,Tre,Watson,TE,49.0,77,250.0,,"Rio Rancho, NM, USA",0,Texas A&M,Cleveland (NM),,,,,ACT,,,6680d28d-d4d2-49f6-aace-5292d3ec02c2,Chiefs,KC,Kansas City,,2025-08-06T22:13:07.251988
4ceb866c-8eaf-49b5-9043-56228e43a2e5,Harrison Butker,,Harrison,Butker,K,7.0,76,205.0,1995-07-14,"Decatur, GA, USA",9,Georgia Tech,Westminster (GA),2017.0,7.0,,"{'id': 'f14bf5cc-9a82-4a38-bc15-d39f75ed5314', 'name': 'Panthers', 'market': 'Carolina', 'alias': 'CAR', 'sr_id': 'sr:competitor:4415'}",ACT,,,6680d28d-d4d2-49f6-aace-5292d3ec02c2,Chiefs,KC,Kansas City,,2025-08-06T22:13:07.251994
55ebe650-2304-11f0-a3c1-3b6fe3e0d98e,Hal Presley,,Hal,Presley,WR,13.0,75,210.0,,"Mansfield, TX, USA",0,Baylor,Mansfield Summit (TX),,,,,ACT,,,6680d28d-d4d2-49f6-aace-5292d3ec02c2,Chiefs,KC,Kansas City,,2025-08-06T22:13:07.252015
5b1803e0-23a2-11f0-aa42-af87cf00c6ae,Brandon George,,Brandon,George,LB,50.0,75,240.0,,"Reading, PA, USA",0,Pittsburgh,Berks Catholic (PA),,,,,ACT,,,6680d28d-d4d2-49f6-aace-5292d3ec02c2,Chiefs,KC,Kansas City,,2025-08-06T22:13:07.252025
6971dfd0-ce0d-11ec-8f7c-f5226825ea6a,Jack Cochrane,,Jack,Cochrane,LB,43.0,75,236.0,1999-02-09,"Mount Vernon, IA, USA",4,South Dakota,Mount Vernon (IA),,,,,ACT,,,6680d28d-d4d2-49f6-aace-5292d3ec02c2,Chiefs,KC,Kansas City,,2025-08-06T22:13:07.252034
6e03aec0-23a0-11f0-900b-373ee4a86a01,Mac Dalena,,Mac,Dalena,WR,84.0,71,180.0,,"Fresno, CA, USA",0,Fresno State,San Joaquin Memorial (CA),,,,,ACT,,,6680d28d-d4d2-49f6-aace-5292d3ec02c2,Chiefs,KC,Kansas City,,2025-08-06T22:13:07.252039
6f3a80b4-9b7b-4429-aec1-bc508ef8e0e6,Kingsley Suamataia,,Kingsley,Suamataia,T,76.0,76,326.0,2003-01-18,"Orem, UT, USA",2,BYU,Orem (UT),2024.0,2.0,,"{'id': '6680d28d-d4d2-49f6-aace-5292d3ec02c2', 'name': 'Chiefs', 'market': 'Kansas City', 'alias': 'KC', 'sr_id': 'sr:competitor:4422'}",ACT,,,6680d28d-d4d2-49f6-aace-5292d3ec02c2,Chiefs,KC,Kansas City,,2025-08-06T22:13:07.252045
7d2f964c-1e5d-4f13-a169-62b4a9e35f2c,Nohl Williams,,Nohl,Williams,DB,20.0,73,200.0,2002-09-23,"Ventura, CA, USA",0,California,Pacifica (CA),2025.0,3.0,,"{'id': '6680d28d-d4d2-49f6-aace-5292d3ec02c2', 'name': 'Chiefs', 'market': 'Kansas City', 'alias': 'KC', 'sr_id': 'sr:competitor:4422'}",ACT,,,6680d28d-d4d2-49f6-aace-5292d3ec02c2,Chiefs,KC,Kansas City,,2025-08-06T22:13:07.252065
7f7522e0-6ee3-11f0-bc10-2b2420a7ed76,Ajani Carter,,Ajani,Carter,DB,46.0,74,200.0,,"Houston, TX, USA",0,Houston,North Shore High School (NY),,,,,ACT,,,6680d28d-d4d2-49f6-aace-5292d3ec02c2,Chiefs,KC,Kansas City,,2025-08-06T22:13:07.252070
8385d8de-c682-4970-b657-13fd197d20db,Eric Scott Jr.,,Eric,Scott,CB,,74,202.0,1998-08-07,"Basehor, KS, USA",2,Southern Miss,Basehor-Linwood (KS),2023.0,6.0,,"{'id': 'e627eec7-bbae-4fa4-8e73-8e1d6bc5c060', 'name': 'Cowboys', 'market': 'Dallas', 'alias': 'DAL', 'sr_id': 'sr:competitor:4392'}",IR,,,6680d28d-d4d2-49f6-aace-5292d3ec02c2,Chiefs,KC,Kansas City,,2025-08-06T22:13:07.252075
83ad043c-d1e6-45b3-9e06-3f148538db46,Nick Bolton,,Nick,Bolton,LB,32.0,71,237.0,2000-03-10,"Frisco, TX, USA",5,Missouri,Lone Star (TX),2021.0,2.0,,"{'id': '6680d28d-d4d2-49f6-aace-5292d3ec02c2', 'name': 'Chiefs', 'market': 'Kansas City', 'alias': 'KC', 'sr_id': 'sr:competitor:4422'}",ACT,,,6680d28d-d4d2-49f6-aace-5292d3ec02c2,Chiefs,KC,Kansas City,,2025-08-06T22:13:07.252080
8a410ba0-23a5-11f0-8d5d-1b4f09989b68,Elijhah Badger,,Elijhah,Badger,WR,80.0,73,192.0,2001-08-15,"South Sacramento, CA, USA",0,Florida,Folsom (CA),,,,,ACT,,,6680d28d-d4d2-49f6-aace-5292d3ec02c2,Chiefs,KC,Kansas City,,2025-08-06T22:13:07.252085
8b9bc551-66bb-4948-849f-c0471caaeb19,Mike Pennel,,Mike,Pennel,NT,69.0,76,330.0,1991-05-09,"Topeka, KS, USA",11,CSU-Pueblo,Grandview (CO),,,,,ACT,,,6680d28d-d4d2-49f6-aace-5292d3ec02c2,Chiefs,KC,Kansas City,,2025-08-06T22:13:07.252090
8f07843a-6f68-409e-8cdf-1207f521b12a,Jawaan Taylor,,Jawaan,Taylor,T,74.0,77,330.0,1997-11-25,"Cocoa, FL, USA",7,Florida,Cocoa (FL),2019.0,2.0,,"{'id': 'f7ddd7fa-0bae-4f90-bc8e-669e4d6cf2de', 'name': 'Jaguars', 'market': 'Jacksonville', 'alias': 'JAC', 'sr_id': 'sr:competitor:4386'}",ACT,,,6680d28d-d4d2-49f6-aace-5292d3ec02c2,Chiefs,KC,Kansas City,,2025-08-06T22:13:07.252100
938beb66-29b3-4bf5-ac8e-1b36d21fdcde,Jaylen Watson,,Jaylen,Watson,CB,35.0,74,197.0,1998-09-17,"Augusta, GA, USA",4,Washington State,Lucy C. Laney (GA),2022.0,7.0,,"{'id': '6680d28d-d4d2-49f6-aace-5292d3ec02c2', 'name': 'Chiefs', 'market': 'Kansas City', 'alias': 'KC', 'sr_id': 'sr:competitor:4422'}",ACT,,,6680d28d-d4d2-49f6-aace-5292d3ec02c2,Chiefs,KC,Kansas City,,2025-08-06T22:13:07.252105
96c9a116-882b-4b6e-9975-a0f71d976152,C.J. Hanson,,C.J.,Hanson,OL,61.0,77,300.0,2001-03-03,"Wyckoff, NJ, USA",2,Holy Cross,DePaul Catholic (NJ),2024.0,7.0,,"{'id': '6680d28d-d4d2-49f6-aace-5292d3ec02c2', 'name': 'Chiefs', 'market': 'Kansas City', 'alias': 'KC', 'sr_id': 'sr:competitor:4422'}",ACT,,,6680d28d-d4d2-49f6-aace-5292d3ec02c2,Chiefs,KC,Kansas City,,2025-08-06T22:13:07.252116
96d1c6e6-a450-476e-987b-c1e469c43f1b,Malik Herring,,Malik,Herring,DE,94.0,75,275.0,1997-11-09,"Forsyth, GA, USA",5,Georgia,Mary Persons (GA),,,,,ACT,,,6680d28d-d4d2-49f6-aace-5292d3ec02c2,Chiefs,KC,Kansas City,,2025-08-06T22:13:07.252121
996a0607-8046-46c2-97a0-b94ff9f5a1c8,James Winchester,,James,Winchester,LS,41.0,75,240.0,1989-08-06,"Washington, OK, USA",11,Oklahoma,Washington (OK),,,,,ACT,,,6680d28d-d4d2-49f6-aace-5292d3ec02c2,Chiefs,KC,Kansas City,,2025-08-06T22:13:07.252125
99d77967-23b4-4554-adfc-f208e83c64ae,Josh Simmons,,Josh,Simmons,OT,71.0,77,310.0,2002-12-26,"San Diego, CA, USA",0,Ohio State,Helix (CA),2025.0,1.0,,"{'id': '6680d28d-d4d2-49f6-aace-5292d3ec02c2', 'name': 'Chiefs', 'market': 'Kansas City', 'alias': 'KC', 'sr_id': 'sr:competitor:4422'}",ACT,,,6680d28d-d4d2-49f6-aace-5292d3ec02c2,Chiefs,KC,Kansas City,,2025-08-06T22:13:07.252131
9da6119d-b135-4b90-9f9d-7d08ab00b15d,Jerry Tillery,,Jerry,Tillery,DL,99.0,78,295.0,1996-10-08,"Shreveport, LA, USA",7,Notre Dame,Evangel Christian Academy (LA),2019.0,1.0,,"{'id': '1f6dcffb-9823-43cd-9ff4-e7a8466749b5', 'name': 'Chargers', 'market': 'Los Angeles', 'alias': 'LAC', 'sr_id': 'sr:competitor:4429'}",ACT,,,6680d28d-d4d2-49f6-aace-5292d3ec02c2,Chiefs,KC,Kansas City,,2025-08-06T22:13:07.252141
9e487800-23a9-11f0-97c5-6362ab5bbdb8,Elijah Young,,Elijah,Young,RB,34.0,70,198.0,2001-09-14,"Knoxville, TN, USA",0,Western Kentucky,South Doyle (TN),,,,,ACT,,,6680d28d-d4d2-49f6-aace-5292d3ec02c2,Chiefs,KC,Kansas City,,2025-08-06T22:13:07.252146
9e9d2934-a273-4e39-a413-d991d083297b,Mike Danna,,Mike,Danna,DE,51.0,74,257.0,1997-12-04,"Detroit, MI, USA",6,Michigan,Warren De La Salle (MI),2020.0,5.0,,"{'id': '6680d28d-d4d2-49f6-aace-5292d3ec02c2', 'name': 'Chiefs', 'market': 'Kansas City', 'alias': 'KC', 'sr_id': 'sr:competitor:4422'}",ACT,,,6680d28d-d4d2-49f6-aace-5292d3ec02c2,Chiefs,KC,Kansas City,,2025-08-06T22:13:07.252152
9f8a0010-23a6-11f0-b68e-f3457b37f11f,Esa Pole,,Esa,Pole,OL,79.0,79,319.0,,"Hayward, CA, USA",0,Washington State,Mount Eden (CA),,,,,ACT,,,6680d28d-d4d2-49f6-aace-5292d3ec02c2,Chiefs,KC,Kansas City,,2025-08-06T22:13:07.252157
a025e3d0-ea7e-11ed-b322-bbe6361075be,Chukwuebuka Godrick,,Chukwuebuka,Godrick,OT,72.0,77,293.0,2000-10-11,"Lagos,, NGA",1,,,,,,,ACT,,,6680d28d-d4d2-49f6-aace-5292d3ec02c2,Chiefs,KC,Kansas City,,2025-08-06T22:13:07.252162
a5a9fe33-3879-485e-8d9a-212d295133bd,Creed Humphrey,,Creed,Humphrey,C,52.0,76,302.0,1999-06-28,"Shawnee, OK, USA",5,Oklahoma,Shawnee (OK),2021.0,2.0,,"{'id': '6680d28d-d4d2-49f6-aace-5292d3ec02c2', 'name': 'Chiefs', 'market': 'Kansas City', 'alias': 'KC', 'sr_id': 'sr:competitor:4422'}",ACT,,,6680d28d-d4d2-49f6-aace-5292d3ec02c2,Chiefs,KC,Kansas City,,2025-08-06T22:13:07.252167
abb612d4-f5b9-4644-b9ed-f13fa0da7e98,Deon Bush,,Deon,Bush,SAF,26.0,72,200.0,1993-08-14,"Miami, FL, USA",9,Miami (FL),Columbus (FL),2016.0,4.0,,"{'id': '7b112545-38e6-483c-a55c-96cf6ee49cb8', 'name': 'Bears', 'market': 'Chicago', 'alias': 'CHI', 'sr_id': 'sr:competitor:4391'}",ACT,,,6680d28d-d4d2-49f6-aace-5292d3ec02c2,Chiefs,KC,Kansas City,,2025-08-06T22:13:07.252178
ae372a9d-6f85-4e37-a910-47fd77483ebc,Cole Christiansen,,Cole,Christiansen,LB,48.0,73,230.0,1997-07-30,"Suffolk, VA, USA",2,Army,Nansemond-Suffolk Academy (VA),,,,,ACT,,,6680d28d-d4d2-49f6-aace-5292d3ec02c2,Chiefs,KC,Kansas City,,2025-08-06T22:13:07.252182
afb1f463-400e-4bdb-9028-717a563ba6f4,George Karlaftis,,George,Karlaftis,DE,56.0,76,263.0,2001-04-03,"Athens,, GRC",4,Purdue,West Lafayette (IN),2022.0,1.0,,"{'id': '6680d28d-d4d2-49f6-aace-5292d3ec02c2', 'name': 'Chiefs', 'market': 'Kansas City', 'alias': 'KC', 'sr_id': 'sr:competitor:4422'}",ACT,,,6680d28d-d4d2-49f6-aace-5292d3ec02c2,Chiefs,KC,Kansas City,,2025-08-06T22:13:07.252188
b2da84c5-e51c-47d8-bccc-888f8caaa8ad,Mike Edwards,,Mike,Edwards,SAF,34.0,70,205.0,1996-05-18,"Cincinnati, OH, USA",7,Kentucky,Winton Woods (OH),2019.0,3.0,,"{'id': '4254d319-1bc7-4f81-b4ab-b5e6f3402b69', 'name': 'Buccaneers', 'market': 'Tampa Bay', 'alias': 'TB', 'sr_id': 'sr:competitor:4388'}",ACT,,,6680d28d-d4d2-49f6-aace-5292d3ec02c2,Chiefs,KC,Kansas City,,2025-08-06T22:13:07.252193
b60ec2f0-2ac5-11f0-b8db-bf17bad874d7,Jimmy Holiday,,Jimmy,Holiday,WR,82.0,73,211.0,2001-12-16,"Flora, MS, USA",0,Louisiana Tech,Madison Central (MS),,,,,ACT,,,6680d28d-d4d2-49f6-aace-5292d3ec02c2,Chiefs,KC,Kansas City,,2025-08-06T22:13:07.252198
b6d87372-98ca-4db0-81ec-86d44b21b32d,BJ Thompson,,BJ,Thompson,DE,,78,243.0,1999-03-23,"England, AR, USA",2,Stephen F. Austin,England (AR),2023.0,5.0,,"{'id': '6680d28d-d4d2-49f6-aace-5292d3ec02c2', 'name': 'Chiefs', 'market': 'Kansas City', 'alias': 'KC', 'sr_id': 'sr:competitor:4422'}",NON,,,6680d28d-d4d2-49f6-aace-5292d3ec02c2,Chiefs,KC,Kansas City,,2025-08-06T22:13:07.252203
be77723f-3d5a-47aa-9949-433993879a6f,Joshua Williams,,Joshua,Williams,CB,2.0,75,193.0,1999-10-17,"Fayetteville, NC, USA",4,Fayetteville State,Jack Britt (NC),2022.0,4.0,,"{'id': '6680d28d-d4d2-49f6-aace-5292d3ec02c2', 'name': 'Chiefs', 'market': 'Kansas City', 'alias': 'KC', 'sr_id': 'sr:competitor:4422'}",ACT,,,6680d28d-d4d2-49f6-aace-5292d3ec02c2,Chiefs,KC,Kansas City,,2025-08-06T22:13:07.252214
c7929fb3-5437-42cc-a3c2-10b73ebb1fa0,Leo Chenal,,Leo,Chenal,LB,54.0,75,250.0,2000-10-26,"Grantsburg, WI, USA",4,Wisconsin,Grantsburg (WI),2022.0,3.0,,"{'id': '6680d28d-d4d2-49f6-aace-5292d3ec02c2', 'name': 'Chiefs', 'market': 'Kansas City', 'alias': 'KC', 'sr_id': 'sr:competitor:4422'}",ACT,,,6680d28d-d4d2-49f6-aace-5292d3ec02c2,Chiefs,KC,Kansas City,,2025-08-06T22:13:07.252224
c87aaf5b-e1e9-4d18-b0f1-f328b646031d,Kristian Fulton,,Kristian,Fulton,CB,8.0,71,197.0,1998-09-03,"New Orleans, LA, USA",5,LSU,Archbishop Rummel (LA),2020.0,2.0,,"{'id': 'd26a1ca5-722d-4274-8f97-c92e49c96315', 'name': 'Titans', 'market': 'Tennessee', 'alias': 'TEN', 'sr_id': 'sr:competitor:367364'}",ACT,,,6680d28d-d4d2-49f6-aace-5292d3ec02c2,Chiefs,KC,Kansas City,,2025-08-06T22:13:07.252230
ca5028b1-d96f-4444-9855-46e1661b9d62,Marlon Tuipulotu,,Marlon,Tuipulotu,DT,92.0,74,307.0,1999-05-31,"Independence, OR, USA",5,USC,Central (OR),2021.0,6.0,,"{'id': '386bdbf9-9eea-4869-bb9a-274b0bc66e80', 'name': 'Eagles', 'market': 'Philadelphia', 'alias': 'PHI', 'sr_id': 'sr:competitor:4428'}",ACT,,,6680d28d-d4d2-49f6-aace-5292d3ec02c2,Chiefs,KC,Kansas City,,2025-08-06T22:13:07.252240
cb2fa120-2f54-11f0-aadd-0b33777fb2cb,Key'Shawn Smith,,Key'Shawn,Smith,WR,8.0,73,186.0,,"San Diego, CA, USA",0,SMU,Lincoln (CA),,,,,ACT,,,6680d28d-d4d2-49f6-aace-5292d3ec02c2,Chiefs,KC,Kansas City,,2025-08-06T22:13:07.252245
cc4627f1-1af2-4a3d-aa78-c5f905a8a43d,Chamarri Conner,,Chamarri,Conner,DB,27.0,72,202.0,2000-07-11,"Jacksonville, FL, USA",3,Virginia Tech,Trinity Christian Academy (FL),2023.0,4.0,,"{'id': '6680d28d-d4d2-49f6-aace-5292d3ec02c2', 'name': 'Chiefs', 'market': 'Kansas City', 'alias': 'KC', 'sr_id': 'sr:competitor:4422'}",ACT,,,6680d28d-d4d2-49f6-aace-5292d3ec02c2,Chiefs,KC,Kansas City,,2025-08-06T22:13:07.252256
ccc1bab9-c77d-4d01-857f-9b240b86301a,Ashton Gillotte,,Ashton,Gillotte,DE,97.0,75,270.0,2002-10-30,"Boca Raton, FL, USA",0,Louisville,Boca Raton (FL),2025.0,3.0,,"{'id': '6680d28d-d4d2-49f6-aace-5292d3ec02c2', 'name': 'Chiefs', 'market': 'Kansas City', 'alias': 'KC', 'sr_id': 'sr:competitor:4422'}",ACT,,,6680d28d-d4d2-49f6-aace-5292d3ec02c2,Chiefs,KC,Kansas City,,2025-08-06T22:13:07.252261
cfd2da80-07d7-11ef-9eb8-d3c1d804b4f8,Chris Roland-Wallace,,Chris,Roland-Wallace,CB,30.0,71,202.0,2001-11-23,"Palmdale, CA, USA",2,USC,Williams J. Knight (CA),,,,,ACT,,,6680d28d-d4d2-49f6-aace-5292d3ec02c2,Chiefs,KC,Kansas City,,2025-08-06T22:13:07.252266
d468dfe5-8ad2-4c8b-b7ba-0962316a2156,Drue Tranquill,,Drue,Tranquill,LB,23.0,74,234.0,1995-08-15,"Fort Wayne, IN, USA",7,Notre Dame,Carroll (IN),2019.0,4.0,,"{'id': '1f6dcffb-9823-43cd-9ff4-e7a8466749b5', 'name': 'Chargers', 'market': 'Los Angeles', 'alias': 'LAC', 'sr_id': 'sr:competitor:4429'}",ACT,,,6680d28d-d4d2-49f6-aace-5292d3ec02c2,Chiefs,KC,Kansas City,,2025-08-06T22:13:07.252271
d6920940-23ab-11f0-92c8-a5c84f732fb0,Kevin Knowles,,Kevin,Knowles,DB,38.0,71,190.0,,"Hollywood, FL, USA",0,Florida State,McArthur (FL),,,,,ACT,,,6680d28d-d4d2-49f6-aace-5292d3ec02c2,Chiefs,KC,Kansas City,,2025-08-06T22:13:07.252276
e4851020-2620-11f0-aaa6-01badd5b0ec1,Melvin Smith Jr.,,Melvin,Smith,CB,39.0,73,185.0,,"Bossier City, LA, USA",0,Southern Arkansas,,,,,,ACT,,,6680d28d-d4d2-49f6-aace-5292d3ec02c2,Chiefs,KC,Kansas City,,2025-08-06T22:13:07.252286
e97a02d1-666b-4df9-bfd4-c375002965c3,Janarius Robinson,,Janarius,Robinson,DE,98.0,77,263.0,1998-05-04,"Panama City, FL, USA",5,Florida State,Bay (FL),2021.0,4.0,,"{'id': '33405046-04ee-4058-a950-d606f8c30852', 'name': 'Vikings', 'market': 'Minnesota', 'alias': 'MIN', 'sr_id': 'sr:competitor:4423'}",ACT,,,6680d28d-d4d2-49f6-aace-5292d3ec02c2,Chiefs,KC,Kansas City,,2025-08-06T22:13:07.252291
ef7b5ce8-a929-46be-b9f3-328752c6d125,Chris Jones,,Chris,Jones,DT,95.0,78,310.0,1994-07-03,"Houston, MS, USA",10,Mississippi State,Houston (MS),2016.0,2.0,,"{'id': '6680d28d-d4d2-49f6-aace-5292d3ec02c2', 'name': 'Chiefs', 'market': 'Kansas City', 'alias': 'KC', 'sr_id': 'sr:competitor:4422'}",ACT,,,6680d28d-d4d2-49f6-aace-5292d3ec02c2,Chiefs,KC,Kansas City,,2025-08-06T22:13:07.252296
eff1c40e-715c-49c4-93d8-6155322c1205,Charles Omenihu,,Charles,Omenihu,DE,90.0,77,280.0,1997-08-20,"Rowlett, TX, USA",7,Texas,Rowlett (TX),2019.0,5.0,,"{'id': '82d2d380-3834-4938-835f-aec541e5ece7', 'name': 'Texans', 'market': 'Houston', 'alias': 'HOU', 'sr_id': 'sr:competitor:4324'}",ACT,,,6680d28d-d4d2-49f6-aace-5292d3ec02c2,Chiefs,KC,Kansas City,,2025-08-06T22:13:07.252302
f1595110-2a78-11f0-83ce-111013bbab17,Major Williams,,Major,Williams,SAF,42.0,73,190.0,,"Fort Myers, FL, USA",0,Carson-Newman,Dunbar (FL),,,,,ACT,,,6680d28d-d4d2-49f6-aace-5292d3ec02c2,Chiefs,KC,Kansas City,,2025-08-06T22:13:07.252306
f30d7fdd-9d14-4cee-aae7-6ad6ee02935b,Nazeeh Johnson,,Nazeeh,Johnson,SAF,13.0,70,199.0,1998-07-17,"Martinsburg, WV, USA",4,Marshall,Millbrook (VA),2022.0,7.0,,"{'id': '6680d28d-d4d2-49f6-aace-5292d3ec02c2', 'name': 'Chiefs', 'market': 'Kansas City', 'alias': 'KC', 'sr_id': 'sr:competitor:4422'}",ACT,,,6680d28d-d4d2-49f6-aace-5292d3ec02c2,Chiefs,KC,Kansas City,,2025-08-06T22:13:07.252317
fa96e690-2ac6-11f0-ac7e-b50f952a60f6,Cooper McDonald,,Cooper,McDonald,LB,59.0,75,240.0,,"Haslet, TX, USA",0,TCU,San Diego State (CA),,,,,ACT,,,6680d28d-d4d2-49f6-aace-5292d3ec02c2,Chiefs,KC,Kansas City,,2025-08-06T22:13:07.252321
fb38f3cd-8e90-4c41-b10e-0ed37d97c3bc,Jeffrey Bassa,,Jeffrey,Bassa,LB,31.0,74,235.0,2002-09-20,"Salt Lake City, UT, USA",0,Oregon,Kearns (UT),2025.0,5.0,,"{'id': '6680d28d-d4d2-49f6-aace-5292d3ec02c2', 'name': 'Chiefs', 'market': 'Kansas City', 'alias': 'KC', 'sr_id': 'sr:competitor:4422'}",ACT,,,6680d28d-d4d2-49f6-aace-5292d3ec02c2,Chiefs,KC,Kansas City,,2025-08-06T22:13:07.252327
04f6abef-834f-470e-9c15-8c0cc62fde4e,Charvarius Ward,,Charvarius,Ward,CB,7.0,73,196.0,1996-05-16,"McComb, MS, USA",8,Middle Tennessee,McComb (MS),,,,,ACT,,,82cf9565-6eb9-4f01-bdbd-5aa0d472fcd9,Colts,IND,Indianapolis,,2025-08-06T22:13:08.808923
07175d70-948f-11ee-ba04-69d58b6911bd,Durell Nchami,,Durell,Nchami,DE,74.0,76,258.0,2000-02-11,"Silver Spring, MD, USA",1,Maryland,Paint Branch (MD),,,,,ACT,,,82cf9565-6eb9-4f01-bdbd-5aa0d472fcd9,Colts,IND,Indianapolis,,2025-08-06T22:13:08.808928
0d8a4a50-07d5-11ef-8545-cdd7bd0f8b55,Dalton Tucker,,Dalton,Tucker,G,68.0,78,307.0,2000-03-18,"Paris, KY, USA",2,Marshall,Bourbon County (KY),,,,,ACT,,,82cf9565-6eb9-4f01-bdbd-5aa0d472fcd9,Colts,IND,Indianapolis,,2025-08-06T22:13:08.808941
16e4c2c0-23bc-11f0-847c-21390597108d,Desmond Little,,Desmond,Little,DE,78.0,76,242.0,2004-12-12,"Prichard, AL, USA",0,UAB,Vigor (AL),,,,,ACT,,,82cf9565-6eb9-4f01-bdbd-5aa0d472fcd9,Colts,IND,Indianapolis,,2025-08-06T22:13:08.808959
194d2310-bc4e-4fc8-9a76-1fe506f35977,JuJu Brents,,JuJu,Brents,CB,29.0,75,198.0,2000-01-18,"Indianapolis, IN, USA",3,Kansas State,Warren Central (IN),2023.0,2.0,,"{'id': '82cf9565-6eb9-4f01-bdbd-5aa0d472fcd9', 'name': 'Colts', 'market': 'Indianapolis', 'alias': 'IND', 'sr_id': 'sr:competitor:4421'}",ACT,,,82cf9565-6eb9-4f01-bdbd-5aa0d472fcd9,Colts,IND,Indianapolis,,2025-08-06T22:13:08.808971
1ad3e535-2b5c-48a8-82f0-c7a933d250f0,Josh Tupou,,Josh,Tupou,NT,69.0,75,340.0,1994-05-02,"Long Beach, CA, USA",8,Colorado,Buena Park (CA),,,,,ACT,,,82cf9565-6eb9-4f01-bdbd-5aa0d472fcd9,Colts,IND,Indianapolis,,2025-08-06T22:13:08.808977
1d05c82f-81cd-4fad-84f5-8be990c5258d,Samson Ebukam,,Samson,Ebukam,DE,52.0,75,245.0,1995-05-09,"Accra,, GHA",9,Eastern Washington,David Douglas (OR),2017.0,4.0,,"{'id': '2eff2a03-54d4-46ba-890e-2bc3925548f3', 'name': 'Rams', 'market': 'Los Angeles', 'alias': 'LA', 'sr_id': 'sr:competitor:4387'}",ACT,,,82cf9565-6eb9-4f01-bdbd-5aa0d472fcd9,Colts,IND,Indianapolis,,2025-08-06T22:13:08.808990
22fc4bca-8b02-4ac2-a749-78ed4b77651a,Luke Tenuta,,Luke,Tenuta,T,67.0,80,314.0,1999-09-01,"Crozet, VA, USA",3,Virginia Tech,Western Albemarle (VA),2022.0,6.0,,"{'id': '768c92aa-75ff-4a43-bcc0-f2798c2e1724', 'name': 'Bills', 'market': 'Buffalo', 'alias': 'BUF', 'sr_id': 'sr:competitor:4376'}",ACT,,,82cf9565-6eb9-4f01-bdbd-5aa0d472fcd9,Colts,IND,Indianapolis,,2025-08-06T22:13:08.808996
234d2423-bb97-4dfe-9a56-7c14b276720c,Laiatu Latu,,Laiatu,Latu,DE,97.0,77,265.0,2000-12-31,"Sacramento, CA, USA",2,UCLA,Jesuit (CA),2024.0,1.0,,"{'id': '82cf9565-6eb9-4f01-bdbd-5aa0d472fcd9', 'name': 'Colts', 'market': 'Indianapolis', 'alias': 'IND', 'sr_id': 'sr:competitor:4421'}",ACT,,,82cf9565-6eb9-4f01-bdbd-5aa0d472fcd9,Colts,IND,Indianapolis,,2025-08-06T22:13:08.809007
23b83203-9ee4-4811-93d5-403958288a96,Blake Freeland,,Blake,Freeland,T,73.0,79,302.0,2001-05-03,"Herriman, UT, USA",3,BYU,Herriman (UT),2023.0,4.0,,"{'id': '82cf9565-6eb9-4f01-bdbd-5aa0d472fcd9', 'name': 'Colts', 'market': 'Indianapolis', 'alias': 'IND', 'sr_id': 'sr:competitor:4421'}",ACT,,,82cf9565-6eb9-4f01-bdbd-5aa0d472fcd9,Colts,IND,Indianapolis,,2025-08-06T22:13:08.809014
2804d41d-19c7-41ff-a1ea-a208fc0fad35,Nick Cross,,Nick,Cross,SAF,20.0,72,212.0,2001-09-10,"Bowie, MD, USA",4,Maryland,DeMatha Catholic (MD),2022.0,3.0,,"{'id': '82cf9565-6eb9-4f01-bdbd-5aa0d472fcd9', 'name': 'Colts', 'market': 'Indianapolis', 'alias': 'IND', 'sr_id': 'sr:competitor:4421'}",ACT,,,82cf9565-6eb9-4f01-bdbd-5aa0d472fcd9,Colts,IND,Indianapolis,,2025-08-06T22:13:08.809019
2b4f02e0-23b0-11f0-8c51-49597546a63c,Marshall Foerner,,Marshall,Foerner,T,64.0,78,308.0,2000-12-31,"Plano, IL, USA",0,Minnesota State,Marmion Academy (IL),,,,,ACT,,,82cf9565-6eb9-4f01-bdbd-5aa0d472fcd9,Colts,IND,Indianapolis,,2025-08-06T22:13:08.809025
2d7fa2f0-07d6-11ef-b188-b11373ae105b,Spencer Shrader,,Spencer,Shrader,K,3.0,74,201.0,1999-05-19,"Lithia, FL, USA",2,Notre Dame,Newsome (FL),,,,,ACT,,,82cf9565-6eb9-4f01-bdbd-5aa0d472fcd9,Colts,IND,Indianapolis,,2025-08-06T22:13:08.809030
2f930253-2560-4d50-aa9e-512fa00dc902,JT Tuimoloau,,JT,Tuimoloau,DE,91.0,76,264.0,2003-05-10,"Edgewood, WA, USA",0,Ohio State,Eastside (WA),2025.0,2.0,,"{'id': '82cf9565-6eb9-4f01-bdbd-5aa0d472fcd9', 'name': 'Colts', 'market': 'Indianapolis', 'alias': 'IND', 'sr_id': 'sr:competitor:4421'}",ACT,,,82cf9565-6eb9-4f01-bdbd-5aa0d472fcd9,Colts,IND,Indianapolis,,2025-08-06T22:13:08.809042
38b62d7f-4403-4e2b-8083-4d0cd08e81aa,Riley Leonard,,Riley,Leonard,QB,15.0,76,213.0,2002-09-13,"Fairhope, AL, USA",0,Notre Dame,Fairhope,2025.0,6.0,,"{'id': '82cf9565-6eb9-4f01-bdbd-5aa0d472fcd9', 'name': 'Colts', 'market': 'Indianapolis', 'alias': 'IND', 'sr_id': 'sr:competitor:4421'}",ACT,,,82cf9565-6eb9-4f01-bdbd-5aa0d472fcd9,Colts,IND,Indianapolis,,2025-08-06T22:13:08.809054
3db8b3b4-d3f5-4b35-bc19-ee56ec6d29da,Tre Herndon,,Tre,Herndon,CB,42.0,71,185.0,1996-03-05,"Detroit, MI, USA",7,Vanderbilt,East Hamilton (TN),,,,,ACT,,,82cf9565-6eb9-4f01-bdbd-5aa0d472fcd9,Colts,IND,Indianapolis,,2025-08-06T22:13:08.809059
450f301e-e19b-4111-a6be-4bb20fbf7f2a,Cam Bynum,,Cam,Bynum,SAF,0.0,72,200.0,1998-07-19,"Corona, CA, USA",5,California,Centennial (CA),2021.0,4.0,,"{'id': '33405046-04ee-4058-a950-d606f8c30852', 'name': 'Vikings', 'market': 'Minnesota', 'alias': 'MIN', 'sr_id': 'sr:competitor:4423'}",ACT,,,82cf9565-6eb9-4f01-bdbd-5aa0d472fcd9,Colts,IND,Indianapolis,,2025-08-06T22:13:08.809070
478c81f0-0730-11ef-b2f4-613163b2da33,Alex Johnson,,Alex,Johnson,CB,39.0,72,185.0,2000-10-11,"Carson, CA, USA",1,UCLA,Loyola (CA),,,,,ACT,,,82cf9565-6eb9-4f01-bdbd-5aa0d472fcd9,Colts,IND,Indianapolis,,2025-08-06T22:13:08.809074
4c52a12f-6745-468e-86d9-977ffa512c4b,Kwity Paye,,Kwity,Paye,DE,51.0,75,265.0,1998-11-19,"Providence, RI, USA",5,Michigan,Bishop Hendricken (RI),2021.0,1.0,,"{'id': '82cf9565-6eb9-4f01-bdbd-5aa0d472fcd9', 'name': 'Colts', 'market': 'Indianapolis', 'alias': 'IND', 'sr_id': 'sr:competitor:4421'}",ACT,,,82cf9565-6eb9-4f01-bdbd-5aa0d472fcd9,Colts,IND,Indianapolis,,2025-08-06T22:13:08.809082
531330e7-3326-4ebd-90f8-004c4ea2edca,Tim Smith,,Tim,Smith,DT,93.0,76,306.0,2002-08-09,"Gifford, FL, USA",0,Alabama,Sebastian (FL),2025.0,6.0,,"{'id': '82cf9565-6eb9-4f01-bdbd-5aa0d472fcd9', 'name': 'Colts', 'market': 'Indianapolis', 'alias': 'IND', 'sr_id': 'sr:competitor:4421'}",ACT,,,82cf9565-6eb9-4f01-bdbd-5aa0d472fcd9,Colts,IND,Indianapolis,,2025-08-06T22:13:08.809091
6392c9f0-23c1-11f0-908f-95658bbc5a4b,Trey Washington,,Trey,Washington,SAF,41.0,70,205.0,2002-12-09,"Trussville, AL, USA",0,Ole Miss,Hewitt-Trussville (AL),,,,,ACT,,,82cf9565-6eb9-4f01-bdbd-5aa0d472fcd9,Colts,IND,Indianapolis,,2025-08-06T22:13:08.809125
66d70730-da7d-11ef-a4e7-437b5f4b388f,Ajou Ajou,,Ajou,Ajou,WR,9.0,75,218.0,2002-01-10,"Brooks, AB, CAN",0,Garden City,Clearwater (FL),,,,,ACT,,,82cf9565-6eb9-4f01-bdbd-5aa0d472fcd9,Colts,IND,Indianapolis,,2025-08-06T22:13:08.809133
69099150-2f71-11f0-a03b-217b79594bbd,Mose Vavao,,Mose,Vavao,C,65.0,74,305.0,2001-05-11,"Newark, CA, USA",0,Fresno State,St. Francis (CA),,,,,ACT,,,82cf9565-6eb9-4f01-bdbd-5aa0d472fcd9,Colts,IND,Indianapolis,,2025-08-06T22:13:08.809141
6a988b68-143f-4220-948c-a28914e9fb79,Tanor Bortolini,,Tanor,Bortolini,C,60.0,76,303.0,2002-06-18,"Kewaunee, WI, USA",2,Wisconsin,Kewaunee (WI),2024.0,4.0,,"{'id': '82cf9565-6eb9-4f01-bdbd-5aa0d472fcd9', 'name': 'Colts', 'market': 'Indianapolis', 'alias': 'IND', 'sr_id': 'sr:competitor:4421'}",ACT,,,82cf9565-6eb9-4f01-bdbd-5aa0d472fcd9,Colts,IND,Indianapolis,,2025-08-06T22:13:08.809151
6ca4cb4d-c6ea-4a5e-875e-c32922c2fbe5,Adetomiwa Adebawore,,Adetomiwa,Adebawore,DT,95.0,74,282.0,2001-03-04,"Kansas City, MO, USA",3,Northwestern,North Kansas City (MO),2023.0,4.0,,"{'id': '82cf9565-6eb9-4f01-bdbd-5aa0d472fcd9', 'name': 'Colts', 'market': 'Indianapolis', 'alias': 'IND', 'sr_id': 'sr:competitor:4421'}",ACT,,,82cf9565-6eb9-4f01-bdbd-5aa0d472fcd9,Colts,IND,Indianapolis,,2025-08-06T22:13:08.809161
6f9135a9-2761-4b13-8651-56b536f0f22f,Jaylon Jones,,Jaylon,Jones,CB,40.0,74,203.0,2002-04-03,"Cibolo, TX, USA",3,Texas A&M,Byron P. Steele (TX),2023.0,7.0,,"{'id': '82cf9565-6eb9-4f01-bdbd-5aa0d472fcd9', 'name': 'Colts', 'market': 'Indianapolis', 'alias': 'IND', 'sr_id': 'sr:competitor:4421'}",ACT,,,82cf9565-6eb9-4f01-bdbd-5aa0d472fcd9,Colts,IND,Indianapolis,,2025-08-06T22:13:08.809170
73ffa6e6-7fb3-4f34-a856-38bfd62cca15,DJ Giddens,,DJ,Giddens,RB,21.0,72,212.0,2003-08-26,"Junction City, KS, USA",0,Kansas State,Junction City (KS),2025.0,5.0,,"{'id': '82cf9565-6eb9-4f01-bdbd-5aa0d472fcd9', 'name': 'Colts', 'market': 'Indianapolis', 'alias': 'IND', 'sr_id': 'sr:competitor:4421'}",ACT,,,82cf9565-6eb9-4f01-bdbd-5aa0d472fcd9,Colts,IND,Indianapolis,,2025-08-06T22:13:08.809178
75c1ed8d-4f05-43c1-b398-f212984b6b8b,Samuel Womack III,,Samuel,Womack,CB,33.0,70,189.0,1999-07-07,"Detroit, MI, USA",4,Toledo,East English Village Prep (MI),2022.0,5.0,,"{'id': 'f0e724b0-4cbf-495a-be47-013907608da9', 'name': '49ers', 'market': 'San Francisco', 'alias': 'SF', 'sr_id': 'sr:competitor:4389'}",ACT,,,82cf9565-6eb9-4f01-bdbd-5aa0d472fcd9,Colts,IND,Indianapolis,,2025-08-06T22:13:08.809186
77586110-ca83-11ec-97ae-e1573849d1a6,Segun Olubi,,Segun,Olubi,LB,50.0,73,233.0,1999-11-01,"Corona, CA, USA",3,San Diego State,Centennial (CA),,,,,ACT,,,82cf9565-6eb9-4f01-bdbd-5aa0d472fcd9,Colts,IND,Indianapolis,,2025-08-06T22:13:08.809194
78676b40-2ce2-11f0-9281-b5b32f1013f9,Ladarius Tennison,,Ladarius,Tennison,SAF,43.0,70,207.0,2001-01-31,"Rockledge, FL, USA",0,UCF,Rockledge (FL),,,,,ACT,,,82cf9565-6eb9-4f01-bdbd-5aa0d472fcd9,Colts,IND,Indianapolis,,2025-08-06T22:13:08.809204
7910ad00-e6f7-11ed-88d6-7977d3a68019,Austin Ajiake,,Austin,Ajiake,LB,58.0,73,223.0,2000-06-30,"Fremont, CA, USA",1,UNLV,Bellarmine Prep (CA),,,,,ACT,,,82cf9565-6eb9-4f01-bdbd-5aa0d472fcd9,Colts,IND,Indianapolis,,2025-08-06T22:13:08.809212
7921bb10-eb78-11ed-bdbc-7f2763e63be6,Liam Anderson,,Liam,Anderson,LB,47.0,75,226.0,2000-04-30,"Flanders, NJ, USA",1,Holy Cross,Mount Olive (NJ),,,,,ACT,,,82cf9565-6eb9-4f01-bdbd-5aa0d472fcd9,Colts,IND,Indianapolis,,2025-08-06T22:13:08.809220
7b06a505-ea09-4f2a-adad-f0f1c9b3ebc9,Tyquan Lewis,,Tyquan,Lewis,DE,94.0,75,267.0,1995-01-30,"Tarboro, NC, USA",8,Ohio State,Tarboro (NC),2018.0,2.0,,"{'id': '82cf9565-6eb9-4f01-bdbd-5aa0d472fcd9', 'name': 'Colts', 'market': 'Indianapolis', 'alias': 'IND', 'sr_id': 'sr:competitor:4421'}",ACT,,,82cf9565-6eb9-4f01-bdbd-5aa0d472fcd9,Colts,IND,Indianapolis,,2025-08-06T22:13:08.809230
7b82ad68-1f3e-44fa-a43f-fcbad0be05bc,Jalen Travis,,Jalen,Travis,T,75.0,80,339.0,2002-04-19,"Minneapolis, MN, USA",0,Iowa State,DeLaSalle (MN),2025.0,4.0,,"{'id': '82cf9565-6eb9-4f01-bdbd-5aa0d472fcd9', 'name': 'Colts', 'market': 'Indianapolis', 'alias': 'IND', 'sr_id': 'sr:competitor:4421'}",ACT,,,82cf9565-6eb9-4f01-bdbd-5aa0d472fcd9,Colts,IND,Indianapolis,,2025-08-06T22:13:08.809238
8237c04f-a1c4-4c31-b5de-3afb3c81389f,Rigoberto Sanchez,,Rigoberto,Sanchez,P,8.0,72,195.0,1994-09-08,"Chico, CA, USA",9,Hawai'i,Hamilton Union (CA),,,,,ACT,,,82cf9565-6eb9-4f01-bdbd-5aa0d472fcd9,Colts,IND,Indianapolis,,2025-08-06T22:13:08.809246
8451d680-8656-11ef-83c9-6d5ca970f5b7,Jack Wilson,,Jack,Wilson,T,76.0,83,310.0,1999-10-22,"Montara, CA, USA",1,Washington State,Junipero Serra (CA),,,,,IR,,,82cf9565-6eb9-4f01-bdbd-5aa0d472fcd9,Colts,IND,Indianapolis,,2025-08-06T22:13:08.809253
87ced980-23ad-11f0-8915-1b9ee65b7cbd,Landon Parker,,Landon,Parker,WR,8.0,74,211.0,1999-09-02,"Concord, NC, USA",0,Troy,Mt. Pleasant (NC),,,,,ACT,,,82cf9565-6eb9-4f01-bdbd-5aa0d472fcd9,Colts,IND,Indianapolis,,2025-08-06T22:13:08.809260
894c783a-ddcd-4dba-b337-06d7db037a6e,Jacob Phillips,,Jacob,Phillips,OLB,54.0,75,228.0,1999-04-01,"Nashville, TN, USA",5,LSU,East Nashville (TN),2020.0,3.0,,"{'id': 'd5a2eb42-8065-4174-ab79-0a6fa820e35e', 'name': 'Browns', 'market': 'Cleveland', 'alias': 'CLE', 'sr_id': 'sr:competitor:4417'}",ACT,,,82cf9565-6eb9-4f01-bdbd-5aa0d472fcd9,Colts,IND,Indianapolis,,2025-08-06T22:13:08.809277
8da0fe32-1758-44ed-9acf-21b3721cbd0d,Luke Rhodes,,Luke,Rhodes,LS,46.0,74,238.0,1992-12-02,"Hollidaysburg, PA, USA",9,William & Mary,Hollidaysburg Area (PA),,,,,ACT,,,82cf9565-6eb9-4f01-bdbd-5aa0d472fcd9,Colts,IND,Indianapolis,,2025-08-06T22:13:08.809286
8e662280-f678-11ed-a5ca-c79bcc7fcf23,Isaiah Land,,Isaiah,Land,DE,55.0,76,235.0,2000-02-05,"Buffalo, NY, USA",3,Florida A&M,Grayson (GA),,,,,ACT,,,82cf9565-6eb9-4f01-bdbd-5aa0d472fcd9,Colts,IND,Indianapolis,,2025-08-06T22:13:08.809293
90e8fdb2-7758-4293-b25c-0c6d6255261c,Justin Walley,,Justin,Walley,CB,27.0,70,190.0,2002-09-22,"Biloxi, MS, USA",0,Minnesota,D'Iberville (MS),2025.0,3.0,,"{'id': '82cf9565-6eb9-4f01-bdbd-5aa0d472fcd9', 'name': 'Colts', 'market': 'Indianapolis', 'alias': 'IND', 'sr_id': 'sr:competitor:4421'}",ACT,,,82cf9565-6eb9-4f01-bdbd-5aa0d472fcd9,Colts,IND,Indianapolis,,2025-08-06T22:13:08.809298
9282c55b-7075-4ad1-b6a6-50b45f787382,Eric Johnson II,,Eric,Johnson,DT,98.0,76,320.0,1998-07-16,"Plainfield, IL, USA",4,Missouri State,Plainfield South (IL),2022.0,5.0,,"{'id': '82cf9565-6eb9-4f01-bdbd-5aa0d472fcd9', 'name': 'Colts', 'market': 'Indianapolis', 'alias': 'IND', 'sr_id': 'sr:competitor:4421'}",ACT,,,82cf9565-6eb9-4f01-bdbd-5aa0d472fcd9,Colts,IND,Indianapolis,,2025-08-06T22:13:08.809310
9a8eac53-759b-4594-bec9-cecd5b296760,Hunter Wohler,,Hunter,Wohler,SAF,30.0,74,213.0,2003-01-12,"Muskego, WI, USA",0,Wisconsin,Muskego (WI),2025.0,7.0,,"{'id': '82cf9565-6eb9-4f01-bdbd-5aa0d472fcd9', 'name': 'Colts', 'market': 'Indianapolis', 'alias': 'IND', 'sr_id': 'sr:competitor:4421'}",ACT,,,82cf9565-6eb9-4f01-bdbd-5aa0d472fcd9,Colts,IND,Indianapolis,,2025-08-06T22:13:08.809315
a3637af7-8c33-485c-9956-752a44ec8e1a,Matt Goncalves,,Matt,Goncalves,G,71.0,78,317.0,2001-01-26,"Manorville, NY, USA",2,Pittsburgh,Eastport-South Manor (NY),2024.0,3.0,,"{'id': '82cf9565-6eb9-4f01-bdbd-5aa0d472fcd9', 'name': 'Colts', 'market': 'Indianapolis', 'alias': 'IND', 'sr_id': 'sr:competitor:4421'}",ACT,,,82cf9565-6eb9-4f01-bdbd-5aa0d472fcd9,Colts,IND,Indianapolis,,2025-08-06T22:13:08.809321
a6172a30-07d1-11ef-9660-238a22e41658,Jason Bean,,Jason,Bean,QB,12.0,74,196.0,1999-06-09,"Mansfield, TX, USA",2,Kansas,Lake Ridge (TX),,,,,ACT,,,82cf9565-6eb9-4f01-bdbd-5aa0d472fcd9,Colts,IND,Indianapolis,,2025-08-06T22:13:08.809329
a7450b47-b784-490b-8edd-b5502f16366f,Duke Shelley,,Duke,Shelley,CB,34.0,69,176.0,1996-10-08,"Tucker, GA, USA",6,Kansas State,Tucker (GA),2019.0,6.0,,"{'id': '7b112545-38e6-483c-a55c-96cf6ee49cb8', 'name': 'Bears', 'market': 'Chicago', 'alias': 'CHI', 'sr_id': 'sr:competitor:4391'}",ACT,,,82cf9565-6eb9-4f01-bdbd-5aa0d472fcd9,Colts,IND,Indianapolis,,2025-08-06T22:13:08.809347
a9afb800-23ba-11f0-aa7d-833b948e6c02,Coleman Owen,,Coleman,Owen,WR,3.0,70,181.0,2001-03-23,"Gilbert, AZ, USA",0,Ohio,Higley (AZ),,,,,ACT,,,82cf9565-6eb9-4f01-bdbd-5aa0d472fcd9,Colts,IND,Indianapolis,,2025-08-06T22:13:08.809357
af7eb130-ce1a-11ec-bebb-4fec1e38b0e5,Josh Sills,,Josh,Sills,G,66.0,78,325.0,1998-01-26,"Sarahsville, OH, USA",3,Oklahoma State,Meadowbrook (OH),,,,,ACT,,,82cf9565-6eb9-4f01-bdbd-5aa0d472fcd9,Colts,IND,Indianapolis,,2025-08-06T22:13:08.809366
b0ad00bc-3b30-41ce-8892-f8105e0943e2,Zaire Franklin,,Zaire,Franklin,LB,44.0,72,235.0,1996-07-02,"Philadelphia, PA, USA",8,Syracuse,La Salle College (PA),2018.0,7.0,,"{'id': '82cf9565-6eb9-4f01-bdbd-5aa0d472fcd9', 'name': 'Colts', 'market': 'Indianapolis', 'alias': 'IND', 'sr_id': 'sr:competitor:4421'}",ACT,,,82cf9565-6eb9-4f01-bdbd-5aa0d472fcd9,Colts,IND,Indianapolis,,2025-08-06T22:13:08.809375
b1c31fc7-dd3f-4541-bbaa-df052c7563b0,Bernhard Raimann,,Bernhard,Raimann,T,79.0,78,303.0,1997-09-23,"Steinbrunn,, AUT",4,Central Michigan,Delton (MI),2022.0,3.0,,"{'id': '82cf9565-6eb9-4f01-bdbd-5aa0d472fcd9', 'name': 'Colts', 'market': 'Indianapolis', 'alias': 'IND', 'sr_id': 'sr:competitor:4421'}",ACT,,,82cf9565-6eb9-4f01-bdbd-5aa0d472fcd9,Colts,IND,Indianapolis,,2025-08-06T22:13:08.809385
b498432e-01a4-49ef-8f4d-cda153c7cdd5,Cameron McGrone,,Cameron,McGrone,LB,59.0,73,236.0,2000-06-22,"Indianapolis, IN, USA",3,Michigan,Lawrence Central (IN),2021.0,5.0,,"{'id': '97354895-8c77-4fd4-a860-32e62ea7382a', 'name': 'Patriots', 'market': 'New England', 'alias': 'NE', 'sr_id': 'sr:competitor:4424'}",ACT,,,82cf9565-6eb9-4f01-bdbd-5aa0d472fcd9,Colts,IND,Indianapolis,,2025-08-06T22:13:08.809396
bb5e3914-d941-4f05-8c45-bc9c520490ef,Chris Lammons,,Chris,Lammons,CB,38.0,70,190.0,1996-01-31,"Lauderhill, FL, USA",5,South Carolina,Plantation (FL),,,,,ACT,,,82cf9565-6eb9-4f01-bdbd-5aa0d472fcd9,Colts,IND,Indianapolis,,2025-08-06T22:13:08.809405
bd1ee690-23bf-11f0-823b-910ce2913556,Solomon DeShields,,Solomon,DeShields,LB,53.0,74,235.0,2002-04-23,"Millville, NJ, USA",0,Texas A&M,Millville (NJ),,,,,ACT,,,82cf9565-6eb9-4f01-bdbd-5aa0d472fcd9,Colts,IND,Indianapolis,,2025-08-06T22:13:08.809414
bedb8120-23b3-11f0-8ddb-c1d5ce2f7de3,Maddux Trujillo,,Maddux,Trujillo,K,48.0,72,172.0,2003-04-12,"Flowery Branch, GA, USA",0,Temple,Flowery Branch (GA),,,,,ACT,,,82cf9565-6eb9-4f01-bdbd-5aa0d472fcd9,Colts,IND,Indianapolis,,2025-08-06T22:13:08.809422
c0036d10-23b8-11f0-8edf-63f3bfa6f483,Devonta Davis,,Devonta,Davis,DT,61.0,75,300.0,2001-01-09,"Union Springs, AL, USA",0,Florida Atlantic,Bullock County (AL),,,,,ACT,,,82cf9565-6eb9-4f01-bdbd-5aa0d472fcd9,Colts,IND,Indianapolis,,2025-08-06T22:13:08.809431
c44bdac4-0732-4f94-8bae-df47ecec5656,Joe Bachie,,Joe,Bachie,LB,48.0,74,235.0,1998-02-26,"Brook Park, OH, USA",6,Michigan State,Berea (OH),,,,,ACT,,,82cf9565-6eb9-4f01-bdbd-5aa0d472fcd9,Colts,IND,Indianapolis,,2025-08-06T22:13:08.809440
c8fe3913-1210-4142-b9c1-c119ef702ca5,Tyler Warren,,Tyler,Warren,TE,84.0,78,256.0,2002-05-24,"Mechanicsville, VA, USA",0,Penn State,Atlee (VA),2025.0,1.0,,"{'id': '82cf9565-6eb9-4f01-bdbd-5aa0d472fcd9', 'name': 'Colts', 'market': 'Indianapolis', 'alias': 'IND', 'sr_id': 'sr:competitor:4421'}",ACT,,,82cf9565-6eb9-4f01-bdbd-5aa0d472fcd9,Colts,IND,Indianapolis,,2025-08-06T22:13:08.809450
cbfb7144-357e-4feb-82d7-a6104fdbf908,Kenny Moore II,,Kenny,Moore,CB,23.0,69,190.0,1995-08-23,"Valdosta, GA, USA",9,Valdosta State,Lowndes (GA),,,,,ACT,,,82cf9565-6eb9-4f01-bdbd-5aa0d472fcd9,Colts,IND,Indianapolis,,2025-08-06T22:13:08.809458
d97529e5-f1cd-4fe0-8697-4b51bbe52fd4,DeForest Buckner,,DeForest,Buckner,DT,99.0,79,295.0,1994-03-17,"Waianae, HI, USA",10,Oregon,Honolulu Punahou (HI),2016.0,1.0,,"{'id': 'f0e724b0-4cbf-495a-be47-013907608da9', 'name': '49ers', 'market': 'San Francisco', 'alias': 'SF', 'sr_id': 'sr:competitor:4389'}",ACT,,,82cf9565-6eb9-4f01-bdbd-5aa0d472fcd9,Colts,IND,Indianapolis,,2025-08-06T22:13:08.809478
dc70b140-d39a-11ec-96a0-c3471a31202c,Wesley French,,Wesley,French,C,62.0,76,307.0,1996-11-30,"Benton Harbor, MI, USA",4,Western Michigan,St. Joseph (MI),,,,,ACT,,,82cf9565-6eb9-4f01-bdbd-5aa0d472fcd9,Colts,IND,Indianapolis,,2025-08-06T22:13:08.809486
dd21aafb-0647-4b85-aa55-603fb75a859f,Jaylon Carlies,,Jaylon,Carlies,LB,57.0,75,227.0,2001-09-13,"Orlando, FL, USA",2,Missouri,West Orange (FL),2024.0,5.0,,"{'id': '82cf9565-6eb9-4f01-bdbd-5aa0d472fcd9', 'name': 'Colts', 'market': 'Indianapolis', 'alias': 'IND', 'sr_id': 'sr:competitor:4421'}",ACT,,,82cf9565-6eb9-4f01-bdbd-5aa0d472fcd9,Colts,IND,Indianapolis,,2025-08-06T22:13:08.809496
de82d190-29da-11f0-995e-19a112062a09,Maximilian Mang,,Max,Mang,TE,45.0,78,263.0,,"Nuthetal,, DEU",0,Syracuse,Leibniz-Gymnasium Potsdam (DEU),,,,,ACT,,,82cf9565-6eb9-4f01-bdbd-5aa0d472fcd9,Colts,IND,Indianapolis,,2025-08-06T22:13:08.809514
e4b8a770-2619-11f0-9545-db5fd58c23a0,Johnathan Edwards,,Johnathan,Edwards,CB,35.0,73,201.0,2001-11-16,"St. Louis, MO, USA",0,Tulane,Parkway North (MO),,,,,ACT,,,82cf9565-6eb9-4f01-bdbd-5aa0d472fcd9,Colts,IND,Indianapolis,,2025-08-06T22:13:08.809519
e550d0d9-2e56-4c71-8a9a-8a683daf32a3,Braden Smith,,Braden,Smith,T,72.0,78,312.0,1996-03-25,"Olathe, KS, USA",8,Auburn,Olathe South (KS),2018.0,2.0,,"{'id': '82cf9565-6eb9-4f01-bdbd-5aa0d472fcd9', 'name': 'Colts', 'market': 'Indianapolis', 'alias': 'IND', 'sr_id': 'sr:competitor:4421'}",ACT,,,82cf9565-6eb9-4f01-bdbd-5aa0d472fcd9,Colts,IND,Indianapolis,,2025-08-06T22:13:08.809525
f1e42550-23bc-11f0-980f-efd482ebc4ae,Tyler Kahmann,,Tyler,Kahmann,WR,43.0,74,207.0,,"Haysville, KS, USA",0,Emporia State,Campus (KS),,,,,ACT,,,82cf9565-6eb9-4f01-bdbd-5aa0d472fcd9,Colts,IND,Indianapolis,,2025-08-06T22:13:08.809530
f3bceab4-444c-44aa-ba89-3df6bbc78eba,Rodney Thomas II,,Rodney,Thomas,SAF,25.0,73,196.0,1998-06-26,"Pittsburgh, PA, USA",4,Yale,Central Catholic (PA),2022.0,7.0,,"{'id': '82cf9565-6eb9-4f01-bdbd-5aa0d472fcd9', 'name': 'Colts', 'market': 'Indianapolis', 'alias': 'IND', 'sr_id': 'sr:competitor:4421'}",ACT,,,82cf9565-6eb9-4f01-bdbd-5aa0d472fcd9,Colts,IND,Indianapolis,,2025-08-06T22:13:08.809546
f71d0370-23b2-11f0-b632-8947e146a0ae,Ulysses Bentley IV,,Ulysses,Bentley,RB,37.0,70,200.0,2000-12-30,"Houston, TX, USA",0,Ole Miss,C.E. King (TX),,,,,ACT,,,82cf9565-6eb9-4f01-bdbd-5aa0d472fcd9,Colts,IND,Indianapolis,,2025-08-06T22:13:08.809551
facf38e6-6cb0-4ce4-b1b8-992f388023ad,Daniel Scott,,Daniel,Scott,SAF,32.0,73,208.0,1998-10-26,"Pasadena, CA, USA",3,California,Saint Francis (CA),2023.0,5.0,,"{'id': '82cf9565-6eb9-4f01-bdbd-5aa0d472fcd9', 'name': 'Colts', 'market': 'Indianapolis', 'alias': 'IND', 'sr_id': 'sr:competitor:4421'}",ACT,,,82cf9565-6eb9-4f01-bdbd-5aa0d472fcd9,Colts,IND,Indianapolis,,2025-08-06T22:13:08.809556
fae57441-a198-4674-8a37-401b64d17961,Grover Stewart,,Grover,Stewart,DT,90.0,76,314.0,1993-10-20,"Camilla, GA, USA",9,Albany State,Mitchell County (GA),2017.0,4.0,,"{'id': '82cf9565-6eb9-4f01-bdbd-5aa0d472fcd9', 'name': 'Colts', 'market': 'Indianapolis', 'alias': 'IND', 'sr_id': 'sr:competitor:4421'}",ACT,,,82cf9565-6eb9-4f01-bdbd-5aa0d472fcd9,Colts,IND,Indianapolis,,2025-08-06T22:13:08.809564
fb74a750-23be-11f0-bef8-055d5d8c036f,Blayne Taylor,,Blayne,Taylor,WR,4.0,76,212.0,2002-03-30,"Saginaw, TX, USA",0,Abilene Christian,Saginaw (TX),,,,,ACT,,,82cf9565-6eb9-4f01-bdbd-5aa0d472fcd9,Colts,IND,Indianapolis,,2025-08-06T22:13:08.809573
fda10175-38e3-4678-a94c-ccd6008d40ec,Neville Gallimore,,Neville,Gallimore,DT,92.0,74,307.0,1997-01-17,"St. Catherines, ON, CAN",6,Oklahoma,Canada Prep Football Academy (CAN),2020.0,3.0,,"{'id': 'e627eec7-bbae-4fa4-8e73-8e1d6bc5c060', 'name': 'Cowboys', 'market': 'Dallas', 'alias': 'DAL', 'sr_id': 'sr:competitor:4392'}",ACT,,,82cf9565-6eb9-4f01-bdbd-5aa0d472fcd9,Colts,IND,Indianapolis,,2025-08-06T22:13:08.809582
017d8e10-2c65-11f0-88f9-ab4abd09c49e,Ale Kaho,,Ale,Kaho,LB,51.0,74,230.0,,"Reno, NV, USA",0,UCLA,Reno (NV),,,,,ACT,,,22052ff7-c065-42ee-bc8f-c4691c50e624,Commanders,WAS,Washington,,2025-08-06T22:13:10.510268
0a1be8da-5839-4768-bfe5-9fec74908268,Daron Payne,,Daron,Payne,DT,94.0,75,320.0,1997-05-27,"Birmingham, AL, USA",8,Alabama,Shades Valley (AL),2018.0,1.0,,"{'id': '22052ff7-c065-42ee-bc8f-c4691c50e624', 'name': 'Commanders', 'market': 'Washington', 'alias': 'WAS', 'sr_id': 'sr:competitor:4432'}",ACT,,,22052ff7-c065-42ee-bc8f-c4691c50e624,Commanders,WAS,Washington,,2025-08-06T22:13:10.510281
0c816f95-6a50-4c77-b768-dc277f51a88f,Andre Jones Jr.,,Andre,Jones,DE,50.0,77,258.0,1998-10-25,"Varnado, LA, USA",2,Louisiana,Varnado (LA),2023.0,7.0,,"{'id': '22052ff7-c065-42ee-bc8f-c4691c50e624', 'name': 'Commanders', 'market': 'Washington', 'alias': 'WAS', 'sr_id': 'sr:competitor:4432'}",ACT,,,22052ff7-c065-42ee-bc8f-c4691c50e624,Commanders,WAS,Washington,,2025-08-06T22:13:10.510292
0df0a32a-00df-40be-b8c8-774d923957c0,Jordan Magee,,Jordan,Magee,LB,58.0,75,226.0,2001-03-24,"Dover, DE, USA",2,Temple,Dover (DE),2024.0,5.0,,"{'id': '22052ff7-c065-42ee-bc8f-c4691c50e624', 'name': 'Commanders', 'market': 'Washington', 'alias': 'WAS', 'sr_id': 'sr:competitor:4432'}",ACT,,,22052ff7-c065-42ee-bc8f-c4691c50e624,Commanders,WAS,Washington,,2025-08-06T22:13:10.510297
0ed739f0-29de-11f0-9cc3-6301091945e0,Ja'Corey Brooks,,Ja'Corey,Brooks,WR,16.0,75,195.0,2001-10-31,"Bradenton, FL, USA",0,Louisville,IMG Academy (FL),,,,,ACT,,,22052ff7-c065-42ee-bc8f-c4691c50e624,Commanders,WAS,Washington,,2025-08-06T22:13:10.510301
108759bf-8c78-41c6-a409-b87c63985c21,Clelin Ferrell,,Clelin,Ferrell,DE,99.0,76,265.0,1997-05-17,"Richmond, VA, USA",7,Clemson,Benedictine (VA),2019.0,1.0,,"{'id': '7d4fcc64-9cb5-4d1b-8e75-8a906d1e1576', 'name': 'Raiders', 'market': 'Las Vegas', 'alias': 'LV', 'sr_id': 'sr:competitor:4390'}",ACT,,,22052ff7-c065-42ee-bc8f-c4691c50e624,Commanders,WAS,Washington,,2025-08-06T22:13:10.510306
1203d3a1-126f-445a-9184-08fa5814e797,Julian Good-Jones,,Julian,Good-Jones,G,61.0,77,313.0,1997-03-02,"Cedar Rapids, IA, USA",2,Iowa State,Washington (IA),,,,,ACT,,,22052ff7-c065-42ee-bc8f-c4691c50e624,Commanders,WAS,Washington,,2025-08-06T22:13:10.510310
186a4bda-d3b3-48c1-8ed7-cb4ad1014062,Jeremy Reaves,,Jeremy,Reaves,SAF,39.0,71,200.0,1996-08-29,"Pensacola, FL, USA",6,South Alabama,Pensacola Catholic (FL),,,,,ACT,,,22052ff7-c065-42ee-bc8f-c4691c50e624,Commanders,WAS,Washington,,2025-08-06T22:13:10.510315
1a8eff7a-1057-47c9-aa82-3dbf3f47a76c,Javon Kinlaw,,Javon,Kinlaw,DT,52.0,77,319.0,1997-10-03,"Charleston, SC, USA",6,South Carolina,Goose Creek (SC),2020.0,1.0,,"{'id': 'f0e724b0-4cbf-495a-be47-013907608da9', 'name': '49ers', 'market': 'San Francisco', 'alias': 'SF', 'sr_id': 'sr:competitor:4389'}",ACT,,,22052ff7-c065-42ee-bc8f-c4691c50e624,Commanders,WAS,Washington,,2025-08-06T22:13:10.510319
202b8be6-40d2-49ed-b256-312ac45ec70f,Jacory Croskey-Merritt,,Jacory,Croskey-Merritt,RB,32.0,71,208.0,2001-04-12,"Montgomery, AL, USA",0,Arizona,Sidney Lanier (AL),2025.0,7.0,,"{'id': '22052ff7-c065-42ee-bc8f-c4691c50e624', 'name': 'Commanders', 'market': 'Washington', 'alias': 'WAS', 'sr_id': 'sr:competitor:4432'}",ACT,,,22052ff7-c065-42ee-bc8f-c4691c50e624,Commanders,WAS,Washington,,2025-08-06T22:13:10.510324
2516f9e7-9927-409d-adbe-b32d680ae71d,Deatrich Wise,,Deatrich,Wise,DE,91.0,77,271.0,1994-07-26,"Suffolk, VA, USA",9,Arkansas,Hebron (TX),2017.0,4.0,,"{'id': '97354895-8c77-4fd4-a860-32e62ea7382a', 'name': 'Patriots', 'market': 'New England', 'alias': 'NE', 'sr_id': 'sr:competitor:4424'}",ACT,,,22052ff7-c065-42ee-bc8f-c4691c50e624,Commanders,WAS,Washington,,2025-08-06T22:13:10.510329
2b354b70-23d3-11f0-bc60-4fa0c666c71f,Timothy McKay,,Timothy,McKay,OG,68.0,76,312.0,,"Raleigh, NC, USA",0,North Carolina State,Wakefield,,,,,ACT,,,22052ff7-c065-42ee-bc8f-c4691c50e624,Commanders,WAS,Washington,,2025-08-06T22:13:10.510338
2b90e091-ef78-4753-93eb-0acf3632c206,Matt Gay,,Matt,Gay,K,16.0,72,232.0,1994-03-15,"Orem, UT, USA",7,Utah,Orem (UT),2019.0,5.0,,"{'id': '4254d319-1bc7-4f81-b4ab-b5e6f3402b69', 'name': 'Buccaneers', 'market': 'Tampa Bay', 'alias': 'TB', 'sr_id': 'sr:competitor:4388'}",ACT,,,22052ff7-c065-42ee-bc8f-c4691c50e624,Commanders,WAS,Washington,,2025-08-06T22:13:10.510343
2ec24c7a-8d5d-453a-b45d-03eb27c645d0,Jaylin Lane,,Jaylin,Lane,WR,83.0,70,196.0,2002-05-01,"Clover, SC, USA",0,Virginia Tech,Clover (SC),2025.0,4.0,,"{'id': '22052ff7-c065-42ee-bc8f-c4691c50e624', 'name': 'Commanders', 'market': 'Washington', 'alias': 'WAS', 'sr_id': 'sr:competitor:4432'}",ACT,,,22052ff7-c065-42ee-bc8f-c4691c50e624,Commanders,WAS,Washington,,2025-08-06T22:13:10.510348
2f744850-5943-45f3-8377-4f738f6d487d,Josh Conerly Jr.,,Josh,Conerly,OT,72.0,76,315.0,2003-11-05,"Seattle, WA, USA",0,Oregon,Rainer Beach (WA),2025.0,1.0,,"{'id': '22052ff7-c065-42ee-bc8f-c4691c50e624', 'name': 'Commanders', 'market': 'Washington', 'alias': 'WAS', 'sr_id': 'sr:competitor:4432'}",ACT,,,22052ff7-c065-42ee-bc8f-c4691c50e624,Commanders,WAS,Washington,,2025-08-06T22:13:10.510357
449401ef-0251-4895-8f56-eaf5ef7f9cf8,Bobby Hart,,Bobby,Hart,T,51.0,76,334.0,1994-08-21,"Lauderhill, FL, USA",9,Florida State,St. Thomas Aquinas (FL),2015.0,7.0,,"{'id': '04aa1c9d-66da-489d-b16a-1dee3f2eec4d', 'name': 'Giants', 'market': 'New York', 'alias': 'NYG', 'sr_id': 'sr:competitor:4426'}",ACT,,,22052ff7-c065-42ee-bc8f-c4691c50e624,Commanders,WAS,Washington,,2025-08-06T22:13:10.510380
4ff1fb6f-25b8-4d62-96d9-eb8a9f5f323e,Chris Paul,,Chris,Paul,G,75.0,76,324.0,1998-11-19,"Houston, TX, USA",4,Tulsa,Jersey Village (TX),2022.0,7.0,,"{'id': '22052ff7-c065-42ee-bc8f-c4691c50e624', 'name': 'Commanders', 'market': 'Washington', 'alias': 'WAS', 'sr_id': 'sr:competitor:4432'}",ACT,,,22052ff7-c065-42ee-bc8f-c4691c50e624,Commanders,WAS,Washington,,2025-08-06T22:13:10.510384
50de642a-7e6c-4625-9966-ed8fc64acfa0,Carl Davis,,Carl,Davis,DT,77.0,77,320.0,1992-03-02,"Detroit, MI, USA",9,Iowa,Adlai E. Stevenson (MI),2015.0,3.0,,"{'id': 'ebd87119-b331-4469-9ea6-d51fe3ce2f1c', 'name': 'Ravens', 'market': 'Baltimore', 'alias': 'BAL', 'sr_id': 'sr:competitor:4413'}",ACT,,,22052ff7-c065-42ee-bc8f-c4691c50e624,Commanders,WAS,Washington,,2025-08-06T22:13:10.510389
537c88d4-c403-43f4-94a1-fdccea0ee24a,Jonathan Jones,,Jonathan,Jones,CB,31.0,70,190.0,1993-09-20,"Carrollton, GA, USA",10,Auburn,Carrollton (GA),,,,,ACT,,,22052ff7-c065-42ee-bc8f-c4691c50e624,Commanders,WAS,Washington,,2025-08-06T22:13:10.510393
5ce35506-7d1f-4795-92f5-834a1f5c5fe0,Viliami Fehoko Jr.,,Viliami,Fehoko,DT,93.0,76,267.0,1999-12-16,"East Palo Alto, CA, USA",2,San Jose State,Saint Francis (CA),2023.0,4.0,,"{'id': 'e627eec7-bbae-4fa4-8e73-8e1d6bc5c060', 'name': 'Cowboys', 'market': 'Dallas', 'alias': 'DAL', 'sr_id': 'sr:competitor:4392'}",ACT,,,22052ff7-c065-42ee-bc8f-c4691c50e624,Commanders,WAS,Washington,,2025-08-06T22:13:10.510402
5e6813f4-d436-45d2-a30e-f32a1e1b989c,Javontae Jean-Baptiste,,Javontae,Jean-Baptiste,DE,90.0,77,260.0,2000-05-16,"Spring Valley, NY, USA",2,Notre Dame,Bergen Catholic (NJ),2024.0,7.0,,"{'id': '22052ff7-c065-42ee-bc8f-c4691c50e624', 'name': 'Commanders', 'market': 'Washington', 'alias': 'WAS', 'sr_id': 'sr:competitor:4432'}",ACT,,,22052ff7-c065-42ee-bc8f-c4691c50e624,Commanders,WAS,Washington,,2025-08-06T22:13:10.510411
5f09acba-b99f-4669-a8ea-bf2a7a7bd0fe,Brandon Coleman,,Brandon,Coleman,OT,74.0,78,320.0,2000-10-12,"Denton, TX, USA",2,TCU,Denton (TX),2024.0,3.0,,"{'id': '22052ff7-c065-42ee-bc8f-c4691c50e624', 'name': 'Commanders', 'market': 'Washington', 'alias': 'WAS', 'sr_id': 'sr:competitor:4432'}",ACT,,,22052ff7-c065-42ee-bc8f-c4691c50e624,Commanders,WAS,Washington,,2025-08-06T22:13:10.510416
5f70ae1d-2014-4f95-b0f5-26c9d4920ccc,Percy Butler,,Percy,Butler,SAF,35.0,72,191.0,2000-05-29,"Plaquemine, LA, USA",4,Louisiana,Plaquemine (LA),2022.0,4.0,,"{'id': '22052ff7-c065-42ee-bc8f-c4691c50e624', 'name': 'Commanders', 'market': 'Washington', 'alias': 'WAS', 'sr_id': 'sr:competitor:4432'}",ACT,,,22052ff7-c065-42ee-bc8f-c4691c50e624,Commanders,WAS,Washington,,2025-08-06T22:13:10.510421
66386076-7d61-47b7-88e2-34a883de250f,Marshon Lattimore,,Marshon,Lattimore,CB,2.0,72,192.0,1996-05-19,"Cleveland, OH, USA",9,Ohio State,Glenville (OH),2017.0,1.0,,"{'id': '0d855753-ea21-4953-89f9-0e20aff9eb73', 'name': 'Saints', 'market': 'New Orleans', 'alias': 'NO', 'sr_id': 'sr:competitor:4425'}",ACT,,,22052ff7-c065-42ee-bc8f-c4691c50e624,Commanders,WAS,Washington,,2025-08-06T22:13:10.510430
6ffeb3fd-dd6f-4b03-95a9-da9908005415,Sam Cosmi,,Sam,Cosmi,OL,76.0,78,309.0,1999-02-16,"Humble, TX, USA",5,Texas,Atascocita (TX),2021.0,2.0,,"{'id': '22052ff7-c065-42ee-bc8f-c4691c50e624', 'name': 'Commanders', 'market': 'Washington', 'alias': 'WAS', 'sr_id': 'sr:competitor:4432'}",PUP,,,22052ff7-c065-42ee-bc8f-c4691c50e624,Commanders,WAS,Washington,,2025-08-06T22:13:10.510439
706bc0ab-7200-47e9-9b09-726110eb83dc,Bobby Wagner,,Bobby,Wagner,MLB,54.0,72,241.0,1990-06-27,"Ontario, CA, USA",14,Utah State,Colony (CA),2012.0,2.0,,"{'id': '3d08af9e-c767-4f88-a7dc-b920c6d2b4a8', 'name': 'Seahawks', 'market': 'Seattle', 'alias': 'SEA', 'sr_id': 'sr:competitor:4430'}",ACT,,,22052ff7-c065-42ee-bc8f-c4691c50e624,Commanders,WAS,Washington,,2025-08-06T22:13:10.510444
717ebb17-f54f-4052-b9fb-af641a25ebe2,Frankie Luvu,,Frankie,Luvu,LB,4.0,75,236.0,1996-09-19,"Tafuna,, ASM",8,Washington State,Tafuna (ASM),,,,,ACT,,,22052ff7-c065-42ee-bc8f-c4691c50e624,Commanders,WAS,Washington,,2025-08-06T22:13:10.510448
725011ba-b505-4658-a2b1-5d41f941223e,Andrew Wylie,,Andrew,Wylie,OL,71.0,78,309.0,1994-08-19,"Midland, MI, USA",8,Eastern Michigan,Midland (MI),,,,,ACT,,,22052ff7-c065-42ee-bc8f-c4691c50e624,Commanders,WAS,Washington,,2025-08-06T22:13:10.510453
782d0d60-0655-11ef-bea4-a5fd3793027b,Tyler Owens,,Tyler,Owens,SAF,40.0,74,213.0,2001-05-12,"Plano, TX, USA",2,Texas Tech,Plano East (TX),,,,,ACT,,,22052ff7-c065-42ee-bc8f-c4691c50e624,Commanders,WAS,Washington,,2025-08-06T22:13:10.510461
79db66b0-e75d-11ed-ad1e-4d786886cff5,Kazmeir Allen,,Kazmeir,Allen,RB,24.0,68,176.0,2000-02-29,"Tulare, CA, USA",1,UCLA,Tulare Union (CA),,,,,ACT,,,22052ff7-c065-42ee-bc8f-c4691c50e624,Commanders,WAS,Washington,,2025-08-06T22:13:10.510470
7e65f950-06ee-11ef-82bc-b549600b8321,Sam Hartman,,Sam,Hartman,QB,15.0,73,209.0,1999-07-29,"Charlotte, NC, USA",1,Notre Dame,Oceanside (CA),,,,,ACT,,,22052ff7-c065-42ee-bc8f-c4691c50e624,Commanders,WAS,Washington,,2025-08-06T22:13:10.510479
813c2073-8f69-4f6f-94a6-6819cd14b4f3,Laremy Tunsil,,Laremy,Tunsil,T,78.0,77,316.0,1994-08-02,"Lake City, FL, USA",10,Ole Miss,Columbia (FL),2016.0,1.0,,"{'id': '4809ecb0-abd3-451d-9c4a-92a90b83ca06', 'name': 'Dolphins', 'market': 'Miami', 'alias': 'MIA', 'sr_id': 'sr:competitor:4287'}",ACT,,,22052ff7-c065-42ee-bc8f-c4691c50e624,Commanders,WAS,Washington,,2025-08-06T22:13:10.510493
82fcb439-d5da-4f6b-a68c-17778fe19ce4,Sheldon Day,,Sheldon,Day,DT,98.0,73,285.0,1994-07-01,"Indianapolis, IN, USA",9,Notre Dame,Warren Central (IN),2016.0,4.0,,"{'id': 'f7ddd7fa-0bae-4f90-bc8e-669e4d6cf2de', 'name': 'Jaguars', 'market': 'Jacksonville', 'alias': 'JAC', 'sr_id': 'sr:competitor:4386'}",ACT,,,22052ff7-c065-42ee-bc8f-c4691c50e624,Commanders,WAS,Washington,,2025-08-06T22:13:10.510498
8344b150-0667-11ef-8407-311b2612bbe3,Colson Yankoff,,Colson,Yankoff,TE,41.0,76,225.0,2000-03-01,"Coeur d'Alene, ID, USA",2,UCLA,Coeur d'Alene (ID),,,,,ACT,,,22052ff7-c065-42ee-bc8f-c4691c50e624,Commanders,WAS,Washington,,2025-08-06T22:13:10.510502
84d2fb0a-3277-49e4-8625-9640923f33ea,Trey Amos,,Trey,Amos,CB,23.0,73,190.0,2002-03-03,"New Iberia, LA, USA",0,Ole Miss,Catholic (LA),2025.0,2.0,,"{'id': '22052ff7-c065-42ee-bc8f-c4691c50e624', 'name': 'Commanders', 'market': 'Washington', 'alias': 'WAS', 'sr_id': 'sr:competitor:4432'}",ACT,,,22052ff7-c065-42ee-bc8f-c4691c50e624,Commanders,WAS,Washington,,2025-08-06T22:13:10.510507
881eb214-c981-46c0-a0cf-34023e773754,Eddie Goldman,,Eddie,Goldman,DT,97.0,75,332.0,1994-01-06,"Washington, DC, USA",8,Florida State,Friendship Collegiate Academy (DC),2015.0,2.0,,"{'id': '7b112545-38e6-483c-a55c-96cf6ee49cb8', 'name': 'Bears', 'market': 'Chicago', 'alias': 'CHI', 'sr_id': 'sr:competitor:4391'}",ACT,,,22052ff7-c065-42ee-bc8f-c4691c50e624,Commanders,WAS,Washington,,2025-08-06T22:13:10.510512
8f191b60-2628-11f0-a704-37f5177ae09e,Jacoby Jones,,Jacoby,Jones,WR,10.0,75,228.0,2001-07-18,"Tunica, MS, USA",0,UCF,Rosa Fort (MS),,,,,ACT,,,22052ff7-c065-42ee-bc8f-c4691c50e624,Commanders,WAS,Washington,,2025-08-06T22:13:10.510520
951a4569-432c-4f85-8623-5d6c06e4e1df,Kain Medrano,,Kain,Medrano,LB,56.0,75,230.0,2001-02-16,"Pueblo, CO, USA",0,UCLA,East (CO),2025.0,6.0,,"{'id': '22052ff7-c065-42ee-bc8f-c4691c50e624', 'name': 'Commanders', 'market': 'Washington', 'alias': 'WAS', 'sr_id': 'sr:competitor:4432'}",ACT,,,22052ff7-c065-42ee-bc8f-c4691c50e624,Commanders,WAS,Washington,,2025-08-06T22:13:10.510525
9b8e379d-2362-415f-b51d-ec3b8bedda93,Jalyn Holmes,,Jalyn,Holmes,DE,96.0,77,283.0,1996-01-25,"Norfolk, VA, USA",6,Ohio State,Lake Taylor (VA),2018.0,4.0,,"{'id': '33405046-04ee-4058-a950-d606f8c30852', 'name': 'Vikings', 'market': 'Minnesota', 'alias': 'MIN', 'sr_id': 'sr:competitor:4423'}",ACT,,,22052ff7-c065-42ee-bc8f-c4691c50e624,Commanders,WAS,Washington,,2025-08-06T22:13:10.510529
9d373d6d-66f7-4ba9-9226-5d5e89a23a5e,Jer'Zhan Newton,,Jer'Zhan,Newton,DT,95.0,74,295.0,2002-08-31,"St. Petersburg, FL, USA",2,Illinois,Clearwater Central Catholic (FL),2024.0,2.0,,"{'id': '22052ff7-c065-42ee-bc8f-c4691c50e624', 'name': 'Commanders', 'market': 'Washington', 'alias': 'WAS', 'sr_id': 'sr:competitor:4432'}",ACT,,,22052ff7-c065-42ee-bc8f-c4691c50e624,Commanders,WAS,Washington,,2025-08-06T22:13:10.510534
a0219640-23d4-11f0-9080-13f0cf122124,Ricky Barber,,Ricky,Barber,DT,66.0,75,295.0,2001-01-31,"Louisville, KY, USA",0,UCF,Doss Magnet Career Academy (KY),,,,,ACT,,,22052ff7-c065-42ee-bc8f-c4691c50e624,Commanders,WAS,Washington,,2025-08-06T22:13:10.510543
a28daf84-6354-49e6-a047-1bc549997f29,Dorance Armstrong,,Dorance,Armstrong,DE,92.0,76,255.0,1997-06-10,"Houston, TX, USA",8,Kansas,North Shore (TX),2018.0,4.0,,"{'id': 'e627eec7-bbae-4fa4-8e73-8e1d6bc5c060', 'name': 'Cowboys', 'market': 'Dallas', 'alias': 'DAL', 'sr_id': 'sr:competitor:4392'}",ACT,,,22052ff7-c065-42ee-bc8f-c4691c50e624,Commanders,WAS,Washington,,2025-08-06T22:13:10.510547
a829e280-38b4-41fc-a46e-a5c8034dafd2,Lucas Niang,,Lucas,Niang,T,53.0,78,315.0,1998-08-19,"New Canaan, CT, USA",4,TCU,New Canaan (CT),2020.0,3.0,,"{'id': '6680d28d-d4d2-49f6-aace-5292d3ec02c2', 'name': 'Chiefs', 'market': 'Kansas City', 'alias': 'KC', 'sr_id': 'sr:competitor:4422'}",ACT,,,22052ff7-c065-42ee-bc8f-c4691c50e624,Commanders,WAS,Washington,,2025-08-06T22:13:10.510552
b4908ca3-f723-4d41-ab98-58acf0aa4a94,Tyre Phillips,,Tyre,Phillips,T,62.0,77,330.0,1997-01-29,"Grenada, MS, USA",4,Mississippi State,East Mississippi (MS),2020.0,3.0,,"{'id': 'ebd87119-b331-4469-9ea6-d51fe3ce2f1c', 'name': 'Ravens', 'market': 'Baltimore', 'alias': 'BAL', 'sr_id': 'sr:competitor:4413'}",ACT,,,22052ff7-c065-42ee-bc8f-c4691c50e624,Commanders,WAS,Washington,,2025-08-06T22:13:10.510561
b7337487-017c-42f4-b500-6802a35efbfc,Jacob Martin,,Jacob,Martin,DE,55.0,74,242.0,1995-12-11,"Aurora, CO, USA",8,Temple,Cherokee Trail (CO),2018.0,6.0,,"{'id': '3d08af9e-c767-4f88-a7dc-b920c6d2b4a8', 'name': 'Seahawks', 'market': 'Seattle', 'alias': 'SEA', 'sr_id': 'sr:competitor:4430'}",ACT,,,22052ff7-c065-42ee-bc8f-c4691c50e624,Commanders,WAS,Washington,,2025-08-06T22:13:10.510576
bb43c680-23d6-11f0-b568-734f69bd9c86,Car'lin Vigers,,Car'lin,Vigers,CB,22.0,74,200.0,2000-08-16,"Eunice, LA, USA",0,Louisiana-Monroe,Eunice (LA),,,,,ACT,,,22052ff7-c065-42ee-bc8f-c4691c50e624,Commanders,WAS,Washington,,2025-08-06T22:13:10.510588
bf8ca530-2c65-11f0-a2bb-7f7601c28a2a,Kam Arnold,,Kam,Arnold,LB,46.0,73,229.0,,"West Bloomfield, MI, USA",0,Boston College,St. Mary's (MI),,,,,ACT,,,22052ff7-c065-42ee-bc8f-c4691c50e624,Commanders,WAS,Washington,,2025-08-06T22:13:10.510593
c12da780-065b-11ef-86cb-337243229df4,Norell Pollard,,Norell,Pollard,DE,64.0,73,260.0,2000-02-18,"Apopka, FL, USA",2,Virginia Tech,Wekiva (FL),,,,,ACT,,,22052ff7-c065-42ee-bc8f-c4691c50e624,Commanders,WAS,Washington,,2025-08-06T22:13:10.510597
c7e51d4d-18d6-442b-850d-040411225b14,Tyler Ott,,Tyler,Ott,LS,69.0,75,252.0,1992-02-28,"Tulsa, OK, USA",11,Harvard,Jenks (OK),,,,,ACT,,,22052ff7-c065-42ee-bc8f-c4691c50e624,Commanders,WAS,Washington,,2025-08-06T22:13:10.510601
cae34950-dcb7-4021-ad21-0a8ae7cf47f1,Will Harris,,Will,Harris,FS,3.0,73,207.0,1995-12-19,"Suwanee, GA, USA",7,Boston College,Choate Rosemary Hall (CT),2019.0,3.0,,"{'id': 'c5a59daa-53a7-4de0-851f-fb12be893e9e', 'name': 'Lions', 'market': 'Detroit', 'alias': 'DET', 'sr_id': 'sr:competitor:4419'}",ACT,,,22052ff7-c065-42ee-bc8f-c4691c50e624,Commanders,WAS,Washington,,2025-08-06T22:13:10.510606
cb3ce7d5-ab02-4a97-b165-1c62ad497727,Foster Sarell,,Foster,Sarell,T,79.0,79,315.0,1998-08-28,"Tacoma, WA, USA",4,Stanford,Graham-Kapowsin (WA),,,,,ACT,,,22052ff7-c065-42ee-bc8f-c4691c50e624,Commanders,WAS,Washington,,2025-08-06T22:13:10.510610
cc9528c4-3a18-4d3f-8d8f-cfef4dcd2d38,Von Miller,,Von,Miller,LB,24.0,75,245.0,1989-03-26,"Dallas, TX, USA",15,Texas A&M,DeSoto (TX),2011.0,1.0,,"{'id': 'ce92bd47-93d5-4fe9-ada4-0fc681e6caa0', 'name': 'Broncos', 'market': 'Denver', 'alias': 'DEN', 'sr_id': 'sr:competitor:4418'}",ACT,,,22052ff7-c065-42ee-bc8f-c4691c50e624,Commanders,WAS,Washington,,2025-08-06T22:13:10.510614
d180aee0-10b2-11f0-9c59-63cff113188c,TJ Maguranyanga,,TJ,Maguranyanga,DE,59.0,77,223.0,2002-12-22,"Harare,, ZWE",0,,,,,,,ACT,,,22052ff7-c065-42ee-bc8f-c4691c50e624,Commanders,WAS,Washington,,2025-08-06T22:13:10.510619
d63b6bb0-23d5-11f0-a537-bf0cb87313e6,Robert McDaniel,,Robert,McDaniel,SAF,47.0,74,207.0,2000-10-18,"Jackson, MS, USA",0,Jackson State,Bastrop (MS),,,,,ACT,,,22052ff7-c065-42ee-bc8f-c4691c50e624,Commanders,WAS,Washington,,2025-08-06T22:13:10.510623
d83c6686-ffd6-41cd-a2ca-9583a0470769,Dominique Hampton,,Dominique,Hampton,LB,45.0,75,220.0,2000-07-25,"Glendale, AZ, USA",2,Washington,Centenniel (AZ),2024.0,5.0,,"{'id': '22052ff7-c065-42ee-bc8f-c4691c50e624', 'name': 'Commanders', 'market': 'Washington', 'alias': 'WAS', 'sr_id': 'sr:competitor:4432'}",ACT,,,22052ff7-c065-42ee-bc8f-c4691c50e624,Commanders,WAS,Washington,,2025-08-06T22:13:10.510629
de3c68c3-9c11-4c0c-82ef-bc0d536820c2,Trent Scott,,Trent,Scott,T,73.0,77,320.0,1994-01-25,"Huntsville, AL, USA",8,Grambling State,Lee (AL),,,,,ACT,,,22052ff7-c065-42ee-bc8f-c4691c50e624,Commanders,WAS,Washington,,2025-08-06T22:13:10.510638
e0e76010-0643-11ef-973d-2b9f3d75bf4d,Ben Nikkel,,Ben,Nikkel,SAF,48.0,73,210.0,1999-09-24,"McPherson, KS, USA",1,Iowa State,McPherson (KS),,,,,ACT,,,22052ff7-c065-42ee-bc8f-c4691c50e624,Commanders,WAS,Washington,,2025-08-06T22:13:10.510642
e431a42b-5abe-49de-9c8c-f143f393591c,Kevon Seymour,,Kevon,Seymour,CB,29.0,72,185.0,1993-11-30,"Pasadena, CA, USA",8,USC,Muir (CA),2016.0,6.0,,"{'id': '768c92aa-75ff-4a43-bcc0-f2798c2e1724', 'name': 'Bills', 'market': 'Buffalo', 'alias': 'BUF', 'sr_id': 'sr:competitor:4376'}",ACT,,,22052ff7-c065-42ee-bc8f-c4691c50e624,Commanders,WAS,Washington,,2025-08-06T22:13:10.510647
e52e1ff1-7a48-4b89-84c1-35841460ab0d,Quan Martin,,Quan,Martin,SAF,20.0,72,195.0,2000-04-17,"Lehigh Acres, FL, USA",3,Illinois,Lehigh Senior (FL),2023.0,2.0,,"{'id': '22052ff7-c065-42ee-bc8f-c4691c50e624', 'name': 'Commanders', 'market': 'Washington', 'alias': 'WAS', 'sr_id': 'sr:competitor:4432'}",ACT,,,22052ff7-c065-42ee-bc8f-c4691c50e624,Commanders,WAS,Washington,,2025-08-06T22:13:10.510652
edf01bd0-d2f1-11ec-96a0-c3471a31202c,Allan George,,Allan,George,CB,38.0,73,195.0,1999-07-16,"Andalusia, AL, USA",1,Vanderbilt,Andalusia (AL),,,,,ACT,,,22052ff7-c065-42ee-bc8f-c4691c50e624,Commanders,WAS,Washington,,2025-08-06T22:13:10.510660
f20bc1dc-7243-4c87-8274-a6e311c21ef9,Mike Sainristil,,Mike,Sainristil,CB,0.0,70,182.0,2000-10-03,"Port-au-Prince,, HTI",2,Michigan,Everett (MA),2024.0,2.0,,"{'id': '22052ff7-c065-42ee-bc8f-c4691c50e624', 'name': 'Commanders', 'market': 'Washington', 'alias': 'WAS', 'sr_id': 'sr:competitor:4432'}",ACT,,,22052ff7-c065-42ee-bc8f-c4691c50e624,Commanders,WAS,Washington,,2025-08-06T22:13:10.510669
f5b61bef-6214-4d70-9a34-d58da29ce2d5,Tyler Biadasz,,Tyler,Biadasz,C,63.0,76,318.0,1997-11-20,"Amherst, WI, USA",6,Wisconsin,Amherst (WI),2020.0,4.0,,"{'id': 'e627eec7-bbae-4fa4-8e73-8e1d6bc5c060', 'name': 'Cowboys', 'market': 'Dallas', 'alias': 'DAL', 'sr_id': 'sr:competitor:4392'}",ACT,,,22052ff7-c065-42ee-bc8f-c4691c50e624,Commanders,WAS,Washington,,2025-08-06T22:13:10.510674
f847b563-8a08-46ca-bb57-aee8431a87fd,Michael Strachan,,Michael,Strachan,WR,84.0,77,225.0,1997-08-13,"Freeport,, BHS",6,Charleston,Liberty Christian (VA),2021.0,7.0,,"{'id': '82cf9565-6eb9-4f01-bdbd-5aa0d472fcd9', 'name': 'Colts', 'market': 'Indianapolis', 'alias': 'IND', 'sr_id': 'sr:competitor:4421'}",ACT,,,22052ff7-c065-42ee-bc8f-c4691c50e624,Commanders,WAS,Washington,,2025-08-06T22:13:10.510678
02753dc9-52ac-4ed1-8086-7894d35a3bd1,Trevon Diggs,,Trevon,Diggs,CB,7.0,74,195.0,1998-09-20,"Gaithersburg, MD, USA",6,Alabama,Avalon School (MD),2020.0,2.0,,"{'id': 'e627eec7-bbae-4fa4-8e73-8e1d6bc5c060', 'name': 'Cowboys', 'market': 'Dallas', 'alias': 'DAL', 'sr_id': 'sr:competitor:4392'}",PUP,,,e627eec7-bbae-4fa4-8e73-8e1d6bc5c060,Cowboys,DAL,Dallas,,2025-08-06T22:13:12.088492
09ab3357-370f-4d35-abfe-4576d00e5c87,Jay Toia,,Jay,Toia,DT,93.0,74,342.0,2003-07-16,"Inglewood, CA, USA",0,UCLA,Grace Brethren (CA),2025.0,7.0,,"{'id': 'e627eec7-bbae-4fa4-8e73-8e1d6bc5c060', 'name': 'Cowboys', 'market': 'Dallas', 'alias': 'DAL', 'sr_id': 'sr:competitor:4392'}",ACT,,,e627eec7-bbae-4fa4-8e73-8e1d6bc5c060,Cowboys,DAL,Dallas,,2025-08-06T22:13:12.088498
0dc9b1b4-8974-47f8-9faa-006f7cc72de2,Rob Jones,,Rob,Jones,OG,65.0,76,322.0,1999-01-28,"Chicago, IL, USA",5,Middle Tennessee,Rockford East (IL),,,,,ACT,,,e627eec7-bbae-4fa4-8e73-8e1d6bc5c060,Cowboys,DAL,Dallas,,2025-08-06T22:13:12.088504
0e4e082e-6dc7-41c4-baa1-2c1367f8f9f9,Troy Pride Jr.,,Troy,Pride,CB,32.0,71,195.0,1998-01-19,"Greer, SC, USA",3,Notre Dame,Greer (SC),2020.0,4.0,,"{'id': 'f14bf5cc-9a82-4a38-bc15-d39f75ed5314', 'name': 'Panthers', 'market': 'Carolina', 'alias': 'CAR', 'sr_id': 'sr:competitor:4415'}",ACT,,,e627eec7-bbae-4fa4-8e73-8e1d6bc5c060,Cowboys,DAL,Dallas,,2025-08-06T22:13:12.088510
110e6fe0-1c34-11ee-8294-af17faac15de,Brandon Aubrey,,Brandon,Aubrey,K,17.0,75,218.0,1995-03-14,"St. Louis, MO, USA",3,Notre Dame,Plano Senior (TX),,,,,ACT,,,e627eec7-bbae-4fa4-8e73-8e1d6bc5c060,Cowboys,DAL,Dallas,,2025-08-06T22:13:12.088515
11e6adfb-8144-4990-adc2-bfcfe905889b,Buddy Johnson,,Buddy,Johnson,LB,23.0,74,240.0,1999-02-27,"Dallas, TX, USA",4,Texas A&M,Kimball (TX),2021.0,4.0,,"{'id': 'cb2f9f1f-ac67-424e-9e72-1475cb0ed398', 'name': 'Steelers', 'market': 'Pittsburgh', 'alias': 'PIT', 'sr_id': 'sr:competitor:4345'}",ACT,,,e627eec7-bbae-4fa4-8e73-8e1d6bc5c060,Cowboys,DAL,Dallas,,2025-08-06T22:13:12.088520
170d9d12-0595-4636-9b42-822ff93a6d94,Robert Rochell,,Robert,Rochell,CB,30.0,74,195.0,1998-04-26,"Shreveport, LA, USA",5,Central Arkansas,Fair Park (LA),2021.0,4.0,,"{'id': '2eff2a03-54d4-46ba-890e-2bc3925548f3', 'name': 'Rams', 'market': 'Los Angeles', 'alias': 'LA', 'sr_id': 'sr:competitor:4387'}",ACT,,,e627eec7-bbae-4fa4-8e73-8e1d6bc5c060,Cowboys,DAL,Dallas,,2025-08-06T22:13:12.088531
17820ab6-c787-4c44-942e-6952c7a3ca4a,Kaiir Elam,,Kaiir,Elam,CB,20.0,73,191.0,2001-05-05,"Riviera Beach, FL, USA",4,Florida,The Benjamin School (FL),2022.0,1.0,,"{'id': '768c92aa-75ff-4a43-bcc0-f2798c2e1724', 'name': 'Bills', 'market': 'Buffalo', 'alias': 'BUF', 'sr_id': 'sr:competitor:4376'}",ACT,,,e627eec7-bbae-4fa4-8e73-8e1d6bc5c060,Cowboys,DAL,Dallas,,2025-08-06T22:13:12.088536
1a66dfaa-0add-4c2c-a3b4-02c1ab5f56ee,Cooper Beebe,,Cooper,Beebe,C,56.0,76,335.0,2001-05-19,"Kansas City, KS, USA",2,Kansas State,Piper (KS),2024.0,3.0,,"{'id': 'e627eec7-bbae-4fa4-8e73-8e1d6bc5c060', 'name': 'Cowboys', 'market': 'Dallas', 'alias': 'DAL', 'sr_id': 'sr:competitor:4392'}",ACT,,,e627eec7-bbae-4fa4-8e73-8e1d6bc5c060,Cowboys,DAL,Dallas,,2025-08-06T22:13:12.088542
24e3eab0-23d8-11f0-addb-1faae35f163c,Josh Kelly,,Josh,Kelly,WR,6.0,73,195.0,2001-07-01,"Fresno, CA, USA",0,Texas Tech,San Joaquin Memorial (CA),,,,,ACT,,,e627eec7-bbae-4fa4-8e73-8e1d6bc5c060,Cowboys,DAL,Dallas,,2025-08-06T22:13:12.088552
265c3bc0-2439-11f0-8939-314790007249,Justin Barron,,Justin,Barron,LB,55.0,76,235.0,2001-10-25,"Rocky Hill, CT, USA",0,Syracuse,Suffield Academy (CT),,,,,ACT,,,e627eec7-bbae-4fa4-8e73-8e1d6bc5c060,Cowboys,DAL,Dallas,,2025-08-06T22:13:12.088557
2df409f7-2d3a-4dc3-98aa-0b261594bb1f,DeMarvion Overshown,,DeMarvion,Overshown,LB,0.0,74,220.0,2000-08-13,"Tyler, TX, USA",3,Texas,Arp (TX),2023.0,3.0,,"{'id': 'e627eec7-bbae-4fa4-8e73-8e1d6bc5c060', 'name': 'Cowboys', 'market': 'Dallas', 'alias': 'DAL', 'sr_id': 'sr:competitor:4392'}",PUP,,,e627eec7-bbae-4fa4-8e73-8e1d6bc5c060,Cowboys,DAL,Dallas,,2025-08-06T22:13:12.088562
2e9ef3ac-eca5-4eb9-a41d-f404dfaae460,Donovan Wilson,,Donovan,Wilson,SAF,6.0,72,204.0,1995-02-21,"Shreveport, LA, USA",7,Texas A&M,Woodlawn (LA),2019.0,6.0,,"{'id': 'e627eec7-bbae-4fa4-8e73-8e1d6bc5c060', 'name': 'Cowboys', 'market': 'Dallas', 'alias': 'DAL', 'sr_id': 'sr:competitor:4392'}",ACT,,,e627eec7-bbae-4fa4-8e73-8e1d6bc5c060,Cowboys,DAL,Dallas,,2025-08-06T22:13:12.088573
2fcfb2b0-d309-11ec-8b77-45b1765fd110,Brock Hoffman,,Brock,Hoffman,C,67.0,76,302.0,1999-07-02,"Statesville, NC, USA",3,Virginia Tech,Statesville (NC),,,,,ACT,,,e627eec7-bbae-4fa4-8e73-8e1d6bc5c060,Cowboys,DAL,Dallas,,2025-08-06T22:13:12.088578
2ff5e7ad-4ac1-4e26-9572-69bef348b1bc,La'el Collins,,La'el,Collins,OG,72.0,76,315.0,1993-07-26,"Baton Rouge, LA, USA",9,LSU,Redemptorist (LA),,,,,ACT,,,e627eec7-bbae-4fa4-8e73-8e1d6bc5c060,Cowboys,DAL,Dallas,,2025-08-06T22:13:12.088586
31076b50-c01e-4cce-9898-8bd2b04cf6e4,Donovan Ezeiruaku,,Donovan,Ezeiruaku,DE,41.0,74,248.0,2003-09-25,"Williamstown, NJ, USA",0,Boston College,Williamstown (NJ),2025.0,2.0,,"{'id': 'e627eec7-bbae-4fa4-8e73-8e1d6bc5c060', 'name': 'Cowboys', 'market': 'Dallas', 'alias': 'DAL', 'sr_id': 'sr:competitor:4392'}",ACT,,,e627eec7-bbae-4fa4-8e73-8e1d6bc5c060,Cowboys,DAL,Dallas,,2025-08-06T22:13:12.088594
378df3b9-0a5c-4d68-a173-79bc0df07a66,Trent Sieg,,Trent,Sieg,LS,44.0,75,240.0,1995-05-19,"Greeley, CO, USA",8,Colorado State,Eaton (CO),,,,,ACT,,,e627eec7-bbae-4fa4-8e73-8e1d6bc5c060,Cowboys,DAL,Dallas,,2025-08-06T22:13:12.088599
385fc1f3-4dca-476d-85a6-c02929e8fc8c,Shavon Revel Jr.,,Shavon,Revel,CB,27.0,73,194.0,2001-04-08,"Winston-Salem, NC, USA",0,East Carolina,Reagan (NC),2025.0,3.0,,"{'id': 'e627eec7-bbae-4fa4-8e73-8e1d6bc5c060', 'name': 'Cowboys', 'market': 'Dallas', 'alias': 'DAL', 'sr_id': 'sr:competitor:4392'}",NON,,,e627eec7-bbae-4fa4-8e73-8e1d6bc5c060,Cowboys,DAL,Dallas,,2025-08-06T22:13:12.088605
3cb26a5c-9c90-46ad-b539-e29ad6934e30,Malik Hooker,,Malik,Hooker,SAF,28.0,74,212.0,1996-04-02,"New Castle, PA, USA",9,Ohio State,New Castle (PA),2017.0,1.0,,"{'id': '82cf9565-6eb9-4f01-bdbd-5aa0d472fcd9', 'name': 'Colts', 'market': 'Indianapolis', 'alias': 'IND', 'sr_id': 'sr:competitor:4421'}",ACT,,,e627eec7-bbae-4fa4-8e73-8e1d6bc5c060,Cowboys,DAL,Dallas,,2025-08-06T22:13:12.088611
49379bb0-8f09-466b-86fa-62b4c4c73051,Hakeem Adeniji,,Hakeem,Adeniji,OT,75.0,76,302.0,1997-12-08,"Garland, TX, USA",6,Kansas,Garland (TX),2020.0,6.0,,"{'id': 'ad4ae08f-d808-42d5-a1e6-e9bc4e34d123', 'name': 'Bengals', 'market': 'Cincinnati', 'alias': 'CIN', 'sr_id': 'sr:competitor:4416'}",ACT,,,e627eec7-bbae-4fa4-8e73-8e1d6bc5c060,Cowboys,DAL,Dallas,,2025-08-06T22:13:12.088617
49ee26a1-4c2a-4980-ad86-b9553ef220bd,Sam Williams,,Sam,Williams,DE,54.0,76,261.0,1999-03-31,"Montgomery, AL, USA",4,Ole Miss,Robert E. Lee (AL),2022.0,2.0,,"{'id': 'e627eec7-bbae-4fa4-8e73-8e1d6bc5c060', 'name': 'Cowboys', 'market': 'Dallas', 'alias': 'DAL', 'sr_id': 'sr:competitor:4392'}",ACT,,,e627eec7-bbae-4fa4-8e73-8e1d6bc5c060,Cowboys,DAL,Dallas,,2025-08-06T22:13:12.088622
4b51e190-f674-11ed-88a9-a32a17c14014,Princeton Fant,,Princeton,Fant,TE,85.0,74,235.0,1999-03-11,"Nashville, TN, USA",2,Tennessee,La Vergne (TN),,,,,ACT,,,e627eec7-bbae-4fa4-8e73-8e1d6bc5c060,Cowboys,DAL,Dallas,,2025-08-06T22:13:12.088627
4d2c88c0-243b-11f0-a4bf-9173141cd7ee,Mike Smith,,Mike,Smith,DB,39.0,73,206.0,,"Jacksonville, FL, USA",0,Eastern Kentucky,First Coast (FL),,,,,ACT,,,e627eec7-bbae-4fa4-8e73-8e1d6bc5c060,Cowboys,DAL,Dallas,,2025-08-06T22:13:12.088632
4fca4849-045d-4516-a6e5-dbf94b820b5a,Ajani Cornelius,,Ajani,Cornelius,OT,69.0,76,310.0,2002-05-21,"Harlem, NY, USA",0,Oregon,Archbishop Stepinac (NY),2025.0,6.0,,"{'id': 'e627eec7-bbae-4fa4-8e73-8e1d6bc5c060', 'name': 'Cowboys', 'market': 'Dallas', 'alias': 'DAL', 'sr_id': 'sr:competitor:4392'}",ACT,,,e627eec7-bbae-4fa4-8e73-8e1d6bc5c060,Cowboys,DAL,Dallas,,2025-08-06T22:13:12.088637
4fe58953-14da-43d0-8394-e960d0d47c46,Marist Liufau,,Marist,Liufau,LB,35.0,74,239.0,2001-02-09,"Kalihi, HI, USA",2,Notre Dame,Punahou (HI),2024.0,3.0,,"{'id': 'e627eec7-bbae-4fa4-8e73-8e1d6bc5c060', 'name': 'Cowboys', 'market': 'Dallas', 'alias': 'DAL', 'sr_id': 'sr:competitor:4392'}",ACT,,,e627eec7-bbae-4fa4-8e73-8e1d6bc5c060,Cowboys,DAL,Dallas,,2025-08-06T22:13:12.088642
503614b0-243a-11f0-a456-558ce379768a,Alijah Clark,,Alijah,Clark,DB,38.0,73,187.0,,"Camden, NJ, USA",0,Syracuse,Camden (NJ),,,,,ACT,,,e627eec7-bbae-4fa4-8e73-8e1d6bc5c060,Cowboys,DAL,Dallas,,2025-08-06T22:13:12.088647
506e9f50-ce08-11ec-9598-03840dd5f387,Jack Sanborn,,Jack,Sanborn,MLB,57.0,74,234.0,2000-07-29,"Deer Park, IL, USA",4,Wisconsin,Lake Zurich (IL),,,,,ACT,,,e627eec7-bbae-4fa4-8e73-8e1d6bc5c060,Cowboys,DAL,Dallas,,2025-08-06T22:13:12.088652
50ac1100-23d7-11f0-9908-fbcde49adcd9,Traeshon Holden,,Traeshon,Holden,WR,7.0,75,205.0,2001-08-12,"Kissimmee, FL, USA",0,Oregon,Narbonne (CA),,,,,ACT,,,e627eec7-bbae-4fa4-8e73-8e1d6bc5c060,Cowboys,DAL,Dallas,,2025-08-06T22:13:12.088657
546a44e0-d314-11ec-8b77-45b1765fd110,Markquese Bell,,Markquese,Bell,SAF,14.0,75,205.0,1999-01-06,"Bridgeton, NJ, USA",4,Florida A&M,Bridgeton (NJ),,,,,ACT,,,e627eec7-bbae-4fa4-8e73-8e1d6bc5c060,Cowboys,DAL,Dallas,,2025-08-06T22:13:12.088666
54b97d06-1639-46a3-9dcc-67320687281d,Phil Mafah,,Phil,Mafah,RB,37.0,72,234.0,2002-10-24,"Loganville, GA, USA",0,Clemson,Grayson (GA),2025.0,7.0,,"{'id': 'e627eec7-bbae-4fa4-8e73-8e1d6bc5c060', 'name': 'Cowboys', 'market': 'Dallas', 'alias': 'DAL', 'sr_id': 'sr:competitor:4392'}",ACT,,,e627eec7-bbae-4fa4-8e73-8e1d6bc5c060,Cowboys,DAL,Dallas,,2025-08-06T22:13:12.088671
58643249-5d94-48a2-8ea2-13cab4ca2a89,Earnest Brown IV,,Earnest,Brown,DE,51.0,77,270.0,1999-01-08,"Aubrey, TX, USA",3,Northwestern,Ryan (TX),2021.0,5.0,,"{'id': '2eff2a03-54d4-46ba-890e-2bc3925548f3', 'name': 'Rams', 'market': 'Los Angeles', 'alias': 'LA', 'sr_id': 'sr:competitor:4387'}",ACT,,,e627eec7-bbae-4fa4-8e73-8e1d6bc5c060,Cowboys,DAL,Dallas,,2025-08-06T22:13:12.088677
5bc24739-494e-4d0c-beae-e15231743bcf,Osa Odighizuwa,,Osa,Odighizuwa,DT,97.0,74,280.0,1998-08-13,"Dayton, OH, USA",5,UCLA,David Douglas (OR),2021.0,3.0,,"{'id': 'e627eec7-bbae-4fa4-8e73-8e1d6bc5c060', 'name': 'Cowboys', 'market': 'Dallas', 'alias': 'DAL', 'sr_id': 'sr:competitor:4392'}",ACT,,,e627eec7-bbae-4fa4-8e73-8e1d6bc5c060,Cowboys,DAL,Dallas,,2025-08-06T22:13:12.088687
5c012614-be18-4d9f-8134-112e40e5f54f,Shemar James,,Shemar,James,LB,50.0,73,222.0,2004-06-24,"Mobile, AL, USA",0,Florida,Faith Academy (AL),2025.0,5.0,,"{'id': 'e627eec7-bbae-4fa4-8e73-8e1d6bc5c060', 'name': 'Cowboys', 'market': 'Dallas', 'alias': 'DAL', 'sr_id': 'sr:competitor:4392'}",ACT,,,e627eec7-bbae-4fa4-8e73-8e1d6bc5c060,Cowboys,DAL,Dallas,,2025-08-06T22:13:12.088692
5c2a334e-5fe6-4434-ac23-6b252356c48b,DaRon Bland,,DaRon,Bland,CB,26.0,72,197.0,1999-07-12,"Modesto, CA, USA",4,Fresno State,Central Catholic (CA),2022.0,5.0,,"{'id': 'e627eec7-bbae-4fa4-8e73-8e1d6bc5c060', 'name': 'Cowboys', 'market': 'Dallas', 'alias': 'DAL', 'sr_id': 'sr:competitor:4392'}",ACT,,,e627eec7-bbae-4fa4-8e73-8e1d6bc5c060,Cowboys,DAL,Dallas,,2025-08-06T22:13:12.088697
6393b3f5-c426-4895-81d2-b96e0320c450,Caelen Carson,,Caelen,Carson,CB,21.0,72,195.0,2002-03-03,"Waldorf, MD, USA",2,Wake Forest,North Point (MD),2024.0,5.0,,"{'id': 'e627eec7-bbae-4fa4-8e73-8e1d6bc5c060', 'name': 'Cowboys', 'market': 'Dallas', 'alias': 'DAL', 'sr_id': 'sr:competitor:4392'}",ACT,,,e627eec7-bbae-4fa4-8e73-8e1d6bc5c060,Cowboys,DAL,Dallas,,2025-08-06T22:13:12.088702
6bc85af5-fc58-4656-82da-d02780a0f6f6,Dante Fowler Jr.,,Dante,Fowler,DE,13.0,75,261.0,1994-08-03,"St. Petersburg, FL, USA",11,Florida,Lakewood (FL),2015.0,1.0,,"{'id': 'f7ddd7fa-0bae-4f90-bc8e-669e4d6cf2de', 'name': 'Jaguars', 'market': 'Jacksonville', 'alias': 'JAC', 'sr_id': 'sr:competitor:4386'}",ACT,,,e627eec7-bbae-4fa4-8e73-8e1d6bc5c060,Cowboys,DAL,Dallas,,2025-08-06T22:13:12.088712
6d43a6f4-d210-40f7-a877-9169ae6a500d,Tommy Akingbesote,,Tommy,Akingbesote,DT,92.0,75,306.0,2003-02-25,"Largo, MD, USA",0,Maryland,Charles Herbert Flowers (MD),2025.0,7.0,,"{'id': 'e627eec7-bbae-4fa4-8e73-8e1d6bc5c060', 'name': 'Cowboys', 'market': 'Dallas', 'alias': 'DAL', 'sr_id': 'sr:competitor:4392'}",ACT,,,e627eec7-bbae-4fa4-8e73-8e1d6bc5c060,Cowboys,DAL,Dallas,,2025-08-06T22:13:12.088721
6e0bbea3-5041-4473-b4c3-866392a2555b,Perrion Winfrey,,Perrion,Winfrey,DT,99.0,76,290.0,2000-08-15,"Maywood, IL, USA",2,Oklahoma,Lake Park (IL),2022.0,4.0,,"{'id': 'd5a2eb42-8065-4174-ab79-0a6fa820e35e', 'name': 'Browns', 'market': 'Cleveland', 'alias': 'CLE', 'sr_id': 'sr:competitor:4417'}",ACT,,,e627eec7-bbae-4fa4-8e73-8e1d6bc5c060,Cowboys,DAL,Dallas,,2025-08-06T22:13:12.088731
6ee21b90-f672-11ed-84b9-4745dec76369,John Stephens Jr.,,John,Stephens,TE,49.0,77,221.0,1999-09-23,"Logansport, LA, USA",3,Louisiana,Logansport (LA),,,,,ACT,,,e627eec7-bbae-4fa4-8e73-8e1d6bc5c060,Cowboys,DAL,Dallas,,2025-08-06T22:13:12.088738
6f9be289-1bfa-46b8-b246-57adb586c641,James Houston,,James,Houston,DE,53.0,73,241.0,1998-11-16,"Fort Lauderdale, FL, USA",4,Jackson State,American Heritage (FL),2022.0,6.0,,"{'id': 'c5a59daa-53a7-4de0-851f-fb12be893e9e', 'name': 'Lions', 'market': 'Detroit', 'alias': 'DET', 'sr_id': 'sr:competitor:4419'}",ACT,,,e627eec7-bbae-4fa4-8e73-8e1d6bc5c060,Cowboys,DAL,Dallas,,2025-08-06T22:13:12.088751
700b71a0-f678-11ed-a5ca-c79bcc7fcf23,Tyrus Wheat,,Tyrus,Wheat,DE,91.0,74,260.0,1999-12-08,"Amite City, LA, USA",3,Mississippi State,Amite (LA),,,,,ACT,,,e627eec7-bbae-4fa4-8e73-8e1d6bc5c060,Cowboys,DAL,Dallas,,2025-08-06T22:13:12.088755
7111b5cc-d74b-416b-9c93-c2fdf7ad193e,Israel Mukuamu,,Israel,Mukuamu,SAF,24.0,76,205.0,1999-11-28,"Bossier City, LA, USA",5,South Carolina,Parkway (LA),2021.0,6.0,,"{'id': 'e627eec7-bbae-4fa4-8e73-8e1d6bc5c060', 'name': 'Cowboys', 'market': 'Dallas', 'alias': 'DAL', 'sr_id': 'sr:competitor:4392'}",ACT,,,e627eec7-bbae-4fa4-8e73-8e1d6bc5c060,Cowboys,DAL,Dallas,,2025-08-06T22:13:12.088760
74043480-24ef-4c26-99d4-18f43d5b41d3,Joe Milton III,,Joe,Milton,QB,10.0,77,246.0,2000-03-06,"Pahokee, FL, USA",2,Tennessee,Olympia (FL),2024.0,6.0,,"{'id': '97354895-8c77-4fd4-a860-32e62ea7382a', 'name': 'Patriots', 'market': 'New England', 'alias': 'NE', 'sr_id': 'sr:competitor:4424'}",ACT,,,e627eec7-bbae-4fa4-8e73-8e1d6bc5c060,Cowboys,DAL,Dallas,,2025-08-06T22:13:12.088765
74473bcc-5bdb-4650-8549-8a8a12874cbf,Solomon Thomas,,Solomon,Thomas,DT,90.0,74,256.0,1995-12-20,"Chicago, IL, USA",9,Stanford,Coppell (TX),2017.0,1.0,,"{'id': 'f0e724b0-4cbf-495a-be47-013907608da9', 'name': '49ers', 'market': 'San Francisco', 'alias': 'SF', 'sr_id': 'sr:competitor:4389'}",ACT,,,e627eec7-bbae-4fa4-8e73-8e1d6bc5c060,Cowboys,DAL,Dallas,,2025-08-06T22:13:12.088770
7495a11d-6782-4dc1-9186-d2a2cca205d4,Marshawn Kneeland,,Marshawn,Kneeland,DE,94.0,75,268.0,2001-07-08,"Grand Rapids, MI, USA",2,Western Michigan,Godwin Heights (MI),2024.0,2.0,,"{'id': 'e627eec7-bbae-4fa4-8e73-8e1d6bc5c060', 'name': 'Cowboys', 'market': 'Dallas', 'alias': 'DAL', 'sr_id': 'sr:competitor:4392'}",ACT,,,e627eec7-bbae-4fa4-8e73-8e1d6bc5c060,Cowboys,DAL,Dallas,,2025-08-06T22:13:12.088775
79bf0ca5-a8db-4c39-a40b-67674ccb60d0,Kenneth Murray Jr.,,Kenneth,Murray,MLB,59.0,74,241.0,1998-11-16,"Missouri City, TX, USA",6,Oklahoma,Elkins (TX),2020.0,1.0,,"{'id': '1f6dcffb-9823-43cd-9ff4-e7a8466749b5', 'name': 'Chargers', 'market': 'Los Angeles', 'alias': 'LAC', 'sr_id': 'sr:competitor:4429'}",ACT,,,e627eec7-bbae-4fa4-8e73-8e1d6bc5c060,Cowboys,DAL,Dallas,,2025-08-06T22:13:12.088784
804bd6a0-2c00-11ee-b1fc-571fc9ac66e0,Josh Butler,,Josh,Butler,CB,31.0,72,182.0,1996-11-25,"Mesquite, TX, USA",2,Michigan State,West Mesquite (TX),,,,,PUP,,,e627eec7-bbae-4fa4-8e73-8e1d6bc5c060,Cowboys,DAL,Dallas,,2025-08-06T22:13:12.088789
8439e460-23d8-11f0-8a64-f9085afebb40,Tyler Neville,,Tyler,Neville,TE,46.0,75,250.0,,"Williamsburg, VA, USA",0,Virginia,Lafayette (VA),,,,,ACT,,,e627eec7-bbae-4fa4-8e73-8e1d6bc5c060,Cowboys,DAL,Dallas,,2025-08-06T22:13:12.088793
8f71baa6-45f2-4b27-8d26-508290a50604,Mazi Smith,,Mazi,Smith,DT,58.0,75,337.0,2001-06-16,"Grand Rapids, MI, USA",3,Michigan,East Kentwood (MI),2023.0,1.0,,"{'id': 'e627eec7-bbae-4fa4-8e73-8e1d6bc5c060', 'name': 'Cowboys', 'market': 'Dallas', 'alias': 'DAL', 'sr_id': 'sr:competitor:4392'}",ACT,,,e627eec7-bbae-4fa4-8e73-8e1d6bc5c060,Cowboys,DAL,Dallas,,2025-08-06T22:13:12.088812
91e004b5-8a40-45cc-8246-a34faca1ee64,Payton Turner,,Payton,Turner,DE,98.0,78,270.0,1999-01-07,"Houston, TX, USA",5,Houston,Westside (TX),2021.0,1.0,,"{'id': '0d855753-ea21-4953-89f9-0e20aff9eb73', 'name': 'Saints', 'market': 'New Orleans', 'alias': 'NO', 'sr_id': 'sr:competitor:4425'}",ACT,,,e627eec7-bbae-4fa4-8e73-8e1d6bc5c060,Cowboys,DAL,Dallas,,2025-08-06T22:13:12.088817
93cd9733-b72b-4129-a2a5-373e3dd0675a,Tyler Booker,,Tyler,Booker,OG,52.0,76,321.0,2004-04-12,"New Haven, CT, USA",0,Alabama,IMG Academy (FL),2025.0,1.0,,"{'id': 'e627eec7-bbae-4fa4-8e73-8e1d6bc5c060', 'name': 'Cowboys', 'market': 'Dallas', 'alias': 'DAL', 'sr_id': 'sr:competitor:4392'}",ACT,,,e627eec7-bbae-4fa4-8e73-8e1d6bc5c060,Cowboys,DAL,Dallas,,2025-08-06T22:13:12.088822
9976d1c8-b52f-4eba-8f95-7ee288c7b730,Damone Clark,,Damone,Clark,LB,18.0,75,240.0,2000-06-28,"Baton Rouge, LA, USA",4,LSU,Southern University Laboratory School (LA),2022.0,5.0,,"{'id': 'e627eec7-bbae-4fa4-8e73-8e1d6bc5c060', 'name': 'Cowboys', 'market': 'Dallas', 'alias': 'DAL', 'sr_id': 'sr:competitor:4392'}",ACT,,,e627eec7-bbae-4fa4-8e73-8e1d6bc5c060,Cowboys,DAL,Dallas,,2025-08-06T22:13:12.088826
9e82eb73-21f0-469a-ac85-b4fde70a6a4e,Kemon Hall,,Kemon,Hall,CB,43.0,71,190.0,1997-06-02,"Calhoun City, MS, USA",4,North Texas,Calhoun City (MS),,,,,ACT,,,e627eec7-bbae-4fa4-8e73-8e1d6bc5c060,Cowboys,DAL,Dallas,,2025-08-06T22:13:12.088835
ac8909fd-d860-4c28-884f-291ff7cd370e,Geron Christian,,Geron,Christian,OT,79.0,77,302.0,1996-09-10,"Ocala, FL, USA",8,Louisville,Trinity Catholic (FL),2018.0,3.0,,"{'id': '22052ff7-c065-42ee-bc8f-c4691c50e624', 'name': 'Commanders', 'market': 'Washington', 'alias': 'WAS', 'sr_id': 'sr:competitor:4432'}",ACT,,,e627eec7-bbae-4fa4-8e73-8e1d6bc5c060,Cowboys,DAL,Dallas,,2025-08-06T22:13:12.088845
acf423f0-07de-11ef-84b2-7fd111d85b9e,Denzel Daxon,,Denzel,Daxon,DT,95.0,74,304.0,1999-03-27,"Nassau,, BHS",1,Illinois,Carol City (FL),,,,,ACT,,,e627eec7-bbae-4fa4-8e73-8e1d6bc5c060,Cowboys,DAL,Dallas,,2025-08-06T22:13:12.088849
ae0e9024-5df1-4b5b-b928-3c0e3429fd32,Dakoda Shepley,,Dakoda,Shepley,T,64.0,77,290.0,1994-12-27,"Windsor, ON, CAN",2,British Columbia (CAN),Holy Names (CAN),,,,,ACT,,,e627eec7-bbae-4fa4-8e73-8e1d6bc5c060,Cowboys,DAL,Dallas,,2025-08-06T22:13:12.088853
b4eab0bf-9e1f-43f8-912f-d33ac517bc46,Micah Parsons,,Micah,Parsons,DE,11.0,75,245.0,1999-05-26,"Harrisburg, PA, USA",5,Penn State,Harrisburg (PA),2021.0,1.0,,"{'id': 'e627eec7-bbae-4fa4-8e73-8e1d6bc5c060', 'name': 'Cowboys', 'market': 'Dallas', 'alias': 'DAL', 'sr_id': 'sr:competitor:4392'}",ACT,,,e627eec7-bbae-4fa4-8e73-8e1d6bc5c060,Cowboys,DAL,Dallas,,2025-08-06T22:13:12.088858
bebab09a-3382-4d72-ad98-2240be282794,Christian Matthew,,Christian,Matthew,CB,37.0,74,195.0,1996-10-26,"Miami, FL, USA",4,Valdosta State,Chattahoochee (GA),2022.0,7.0,,"{'id': 'de760528-1dc0-416a-a978-b510d20692ff', 'name': 'Cardinals', 'market': 'Arizona', 'alias': 'ARI', 'sr_id': 'sr:competitor:4412'}",ACT,,,e627eec7-bbae-4fa4-8e73-8e1d6bc5c060,Cowboys,DAL,Dallas,,2025-08-06T22:13:12.088863
c25a50c0-2439-11f0-91d4-0ba1f9234b62,Zion Childress,,Zion,Childress,DB,48.0,71,203.0,,"Houston, TX, USA",0,Kentucky,New Caney (TX),,,,,ACT,,,e627eec7-bbae-4fa4-8e73-8e1d6bc5c060,Cowboys,DAL,Dallas,,2025-08-06T22:13:12.088868
c5db915f-c460-4399-8d2c-8a6bcf6d90d5,Nate Thomas,,Nate,Thomas,T,71.0,76,331.0,2001-08-22,"New Orleans, LA, USA",2,Louisiana,University (FL),2024.0,7.0,,"{'id': 'e627eec7-bbae-4fa4-8e73-8e1d6bc5c060', 'name': 'Cowboys', 'market': 'Dallas', 'alias': 'DAL', 'sr_id': 'sr:competitor:4392'}",ACT,,,e627eec7-bbae-4fa4-8e73-8e1d6bc5c060,Cowboys,DAL,Dallas,,2025-08-06T22:13:12.088872
c5ef57f0-4ab8-491c-8c39-3af7d085dde8,Tyler Guyton,,Tyler,Guyton,OT,60.0,79,322.0,2001-06-11,"Manor, TX, USA",2,Oklahoma,Manor (TX),2024.0,1.0,,"{'id': 'e627eec7-bbae-4fa4-8e73-8e1d6bc5c060', 'name': 'Cowboys', 'market': 'Dallas', 'alias': 'DAL', 'sr_id': 'sr:competitor:4392'}",ACT,,,e627eec7-bbae-4fa4-8e73-8e1d6bc5c060,Cowboys,DAL,Dallas,,2025-08-06T22:13:12.088877
c8fc4151-7d5b-49d3-b269-e5b2b1246736,Saahdiq Charles,,Saahdiq,Charles,G,77.0,76,321.0,1999-07-26,"Jackson, MS, USA",5,LSU,Madison-Ridgeland Academy (MS),2020.0,4.0,,"{'id': '22052ff7-c065-42ee-bc8f-c4691c50e624', 'name': 'Commanders', 'market': 'Washington', 'alias': 'WAS', 'sr_id': 'sr:competitor:4432'}",ACT,,,e627eec7-bbae-4fa4-8e73-8e1d6bc5c060,Cowboys,DAL,Dallas,,2025-08-06T22:13:12.088887
c9632a00-23d9-11f0-b8a8-a915ca67495b,Rivaldo Fairweather,,Rivaldo,Fairweather,TE,45.0,75,249.0,2002-07-19,"Lauderhill, FL, USA",0,Auburn,Boyd Anderson (FL),,,,,ACT,,,e627eec7-bbae-4fa4-8e73-8e1d6bc5c060,Cowboys,DAL,Dallas,,2025-08-06T22:13:12.088891
d32d1009-a0b0-4b8d-acfc-10326b660eae,Andrew Booth,,Andrew,Booth,CB,25.0,72,194.0,2000-09-28,"Dacula, GA, USA",4,Clemson,Archer (GA),2022.0,2.0,,"{'id': '33405046-04ee-4058-a950-d606f8c30852', 'name': 'Vikings', 'market': 'Minnesota', 'alias': 'MIN', 'sr_id': 'sr:competitor:4423'}",ACT,,,e627eec7-bbae-4fa4-8e73-8e1d6bc5c060,Cowboys,DAL,Dallas,,2025-08-06T22:13:12.088896
d67c1e40-f66d-11ed-823b-d335e7ef7897,Jalen Cropper,,Jalen,Cropper,WR,16.0,72,172.0,2001-05-03,"Parlier, CA, USA",1,Fresno State,Buchanan (CA),,,,,ACT,,,e627eec7-bbae-4fa4-8e73-8e1d6bc5c060,Cowboys,DAL,Dallas,,2025-08-06T22:13:12.088900
d8397540-243b-11f0-850d-5d465b571af7,Bruce Harmon,,Bruce,Harmon,DB,36.0,71,205.0,,"Rockwall, TX, USA",0,Stephen F. Austin,Rockwall-Heath (TX),,,,,ACT,,,e627eec7-bbae-4fa4-8e73-8e1d6bc5c060,Cowboys,DAL,Dallas,,2025-08-06T22:13:12.088905
dfc90360-f676-11ed-978f-0975e9cb7dba,T.J. Bass,,T.J.,Bass,G,66.0,76,325.0,1999-03-31,"Deming, WA, USA",3,Oregon,Mount Baker (WA),,,,,ACT,,,e627eec7-bbae-4fa4-8e73-8e1d6bc5c060,Cowboys,DAL,Dallas,,2025-08-06T22:13:12.088909
e0e0e9b9-5c2a-4328-b46c-66bb9bd206ff,Matt Waletzko,,Matt,Waletzko,OT,79.0,80,305.0,1999-12-15,"Cold Spring, MN, USA",4,North Dakota,Rocori (MN),2022.0,5.0,,"{'id': 'e627eec7-bbae-4fa4-8e73-8e1d6bc5c060', 'name': 'Cowboys', 'market': 'Dallas', 'alias': 'DAL', 'sr_id': 'sr:competitor:4392'}",IR,,,e627eec7-bbae-4fa4-8e73-8e1d6bc5c060,Cowboys,DAL,Dallas,,2025-08-06T22:13:12.088914
eefb94f0-fa64-4b02-93dd-ba7a992760a3,Asim Richards,,Asim,Richards,OL,76.0,76,307.0,2000-10-02,"Philadelphia, PA, USA",3,North Carolina,Haverford School (PA),2023.0,5.0,,"{'id': 'e627eec7-bbae-4fa4-8e73-8e1d6bc5c060', 'name': 'Cowboys', 'market': 'Dallas', 'alias': 'DAL', 'sr_id': 'sr:competitor:4392'}",ACT,,,e627eec7-bbae-4fa4-8e73-8e1d6bc5c060,Cowboys,DAL,Dallas,,2025-08-06T22:13:12.088942
f5e6eb8e-2c76-4bf9-b47f-57c62659341d,Jaydon Blue,,Jaydon,Blue,RB,34.0,69,196.0,2004-01-08,"Houston, TX, USA",0,Texas,Klein Cain (TX),2025.0,5.0,,"{'id': 'e627eec7-bbae-4fa4-8e73-8e1d6bc5c060', 'name': 'Cowboys', 'market': 'Dallas', 'alias': 'DAL', 'sr_id': 'sr:competitor:4392'}",ACT,,,e627eec7-bbae-4fa4-8e73-8e1d6bc5c060,Cowboys,DAL,Dallas,,2025-08-06T22:13:12.088963
fa443b6d-6d31-4030-9afa-b223f08b03d7,Darius Harris,,Darius,Harris,LB,47.0,74,238.0,1996-01-17,"Horn Lake, MS, USA",5,Middle Tennessee,Horn Lake (MS),,,,,ACT,,,e627eec7-bbae-4fa4-8e73-8e1d6bc5c060,Cowboys,DAL,Dallas,,2025-08-06T22:13:12.088967
0a08ca62-e488-4369-8e26-8b158443865f,Cornell Armstrong,,Cornell,Armstrong,CB,26.0,72,185.0,1995-09-22,"Inglewood, CA, USA",5,Southern Miss,Bassfield (MS),2018.0,6.0,,"{'id': '4809ecb0-abd3-451d-9c4a-92a90b83ca06', 'name': 'Dolphins', 'market': 'Miami', 'alias': 'MIA', 'sr_id': 'sr:competitor:4287'}",ACT,,,4809ecb0-abd3-451d-9c4a-92a90b83ca06,Dolphins,MIA,Miami,,2025-08-06T22:13:13.770193
0d0dcc80-07c3-11ef-a73d-69d406ffe054,Bayron Matos,,Bayron,Matos,OT,70.0,79,334.0,2000-12-08,"Los Mina,, DOM",1,South Florida,Hamilton Heights Christian (TN),,,,,ACT,,,4809ecb0-abd3-451d-9c4a-92a90b83ca06,Dolphins,MIA,Miami,,2025-08-06T22:13:13.770198
1881d1a7-218b-4690-9065-497946d1ec1e,Tyrel Dodson,,Tyrel,Dodson,LB,11.0,72,237.0,1998-06-25,"Franklin, TN, USA",6,Texas A&M,Centennial (TN),,,,,ACT,,,4809ecb0-abd3-451d-9c4a-92a90b83ca06,Dolphins,MIA,Miami,,2025-08-06T22:13:13.770219
1aede0b9-557c-444d-9a2f-4cc690e1563c,Minkah Fitzpatrick,,Minkah,Fitzpatrick,SAF,29.0,73,207.0,1996-11-17,"Old Bridge, NJ, USA",8,Alabama,St. Peter's Prep (NJ),2018.0,1.0,,"{'id': '4809ecb0-abd3-451d-9c4a-92a90b83ca06', 'name': 'Dolphins', 'market': 'Miami', 'alias': 'MIA', 'sr_id': 'sr:competitor:4287'}",ACT,,,4809ecb0-abd3-451d-9c4a-92a90b83ca06,Dolphins,MIA,Miami,,2025-08-06T22:13:13.770225
1c049a8d-42ba-480b-89dc-764477c6c3f2,Patrick Paul,,Patrick,Paul,OT,52.0,79,326.0,2001-11-01,"Houston, TX, USA",2,Houston,Jersey Village (TX),2024.0,2.0,,"{'id': '4809ecb0-abd3-451d-9c4a-92a90b83ca06', 'name': 'Dolphins', 'market': 'Miami', 'alias': 'MIA', 'sr_id': 'sr:competitor:4287'}",ACT,,,4809ecb0-abd3-451d-9c4a-92a90b83ca06,Dolphins,MIA,Miami,,2025-08-06T22:13:13.770230
23ce41df-3f29-4f67-9fb5-b9778ac931f8,Germain Ifedi,,Germain,Ifedi,OL,62.0,77,325.0,1994-06-02,"Houston, TX, USA",9,Texas A&M,Westside (TX),2016.0,1.0,,"{'id': '3d08af9e-c767-4f88-a7dc-b920c6d2b4a8', 'name': 'Seahawks', 'market': 'Seattle', 'alias': 'SEA', 'sr_id': 'sr:competitor:4430'}",ACT,,,4809ecb0-abd3-451d-9c4a-92a90b83ca06,Dolphins,MIA,Miami,,2025-08-06T22:13:13.770235
277f6ff0-2442-11f0-ac20-e1591f73b631,Theo Wease Jr.,,Theo,Wease,WR,81.0,74,210.0,2001-06-25,"Allen, TX, USA",0,Missouri,Allen (TX),,,,,ACT,,,4809ecb0-abd3-451d-9c4a-92a90b83ca06,Dolphins,MIA,Miami,,2025-08-06T22:13:13.770245
2784acd6-85b1-4411-a00a-094a5fc01930,K.J. Britt,,K.J.,Britt,LB,3.0,72,240.0,1999-06-04,"Oxford, AL, USA",5,Auburn,Oxford (AL),2021.0,5.0,,"{'id': '4254d319-1bc7-4f81-b4ab-b5e6f3402b69', 'name': 'Buccaneers', 'market': 'Tampa Bay', 'alias': 'TB', 'sr_id': 'sr:competitor:4388'}",ACT,,,4809ecb0-abd3-451d-9c4a-92a90b83ca06,Dolphins,MIA,Miami,,2025-08-06T22:13:13.770251
298d990d-9fd4-4cdf-8fcd-a7c3043d17fd,Tahj Washington,,Tahj,Washington,WR,7.0,70,174.0,2001-05-16,"Marshall, TX, USA",2,USC,Marshall (TX),2024.0,7.0,,"{'id': '4809ecb0-abd3-451d-9c4a-92a90b83ca06', 'name': 'Dolphins', 'market': 'Miami', 'alias': 'MIA', 'sr_id': 'sr:competitor:4287'}",ACT,,,4809ecb0-abd3-451d-9c4a-92a90b83ca06,Dolphins,MIA,Miami,,2025-08-06T22:13:13.770256
2dff66d0-07c1-11ef-9853-0de590ed2220,Andrew Meyer,,Andrew,Meyer,OL,60.0,75,295.0,2000-01-14,"San Marcos, CA, USA",2,UTEP,San Marcos (CA),,,,,ACT,,,4809ecb0-abd3-451d-9c4a-92a90b83ca06,Dolphins,MIA,Miami,,2025-08-06T22:13:13.770265
2e0122de-812b-44fa-8bf9-084695be95e3,Jaelan Phillips,,Jaelan,Phillips,LB,15.0,77,263.0,1999-05-28,"Redlands, CA, USA",5,Miami (FL),Redlands East Valley (CA),2021.0,1.0,,"{'id': '4809ecb0-abd3-451d-9c4a-92a90b83ca06', 'name': 'Dolphins', 'market': 'Miami', 'alias': 'MIA', 'sr_id': 'sr:competitor:4287'}",ACT,,,4809ecb0-abd3-451d-9c4a-92a90b83ca06,Dolphins,MIA,Miami,,2025-08-06T22:13:13.770271
330d9b30-0ef9-11ef-9a98-83e2182b14af,Jordan Colbert,,Jordan,Colbert,SAF,34.0,74,218.0,2000-03-18,"Clinton, MD, USA",1,Rhode Island,Gonzaga Prep (MD),,,,,ACT,,,4809ecb0-abd3-451d-9c4a-92a90b83ca06,Dolphins,MIA,Miami,,2025-08-06T22:13:13.770276
37a81f40-0714-11ef-8c84-476b38ff4eba,Derrick McLendon,,Derrick,McLendon,LB,59.0,76,250.0,2000-09-29,"Decatur, GA, USA",1,Colorado,Tucker (GA),,,,,ACT,,,4809ecb0-abd3-451d-9c4a-92a90b83ca06,Dolphins,MIA,Miami,,2025-08-06T22:13:13.770280
412be3f1-210a-44b9-828c-d35cc6a1119c,Austin Jackson,,Austin,Jackson,OL,73.0,77,310.0,1999-08-11,"Phoenix, AZ, USA",6,USC,North Canyon (AZ),2020.0,1.0,,"{'id': '4809ecb0-abd3-451d-9c4a-92a90b83ca06', 'name': 'Dolphins', 'market': 'Miami', 'alias': 'MIA', 'sr_id': 'sr:competitor:4287'}",ACT,,,4809ecb0-abd3-451d-9c4a-92a90b83ca06,Dolphins,MIA,Miami,,2025-08-06T22:13:13.770286
419ca3e0-07be-11ef-95ad-df28ec084f14,Isaiah Johnson,,Isaiah,Johnson,CB,37.0,75,205.0,2000-03-29,"Beverly Hills, MI, USA",1,Syracuse,Detroit Country Day (MI),,,,,ACT,,,4809ecb0-abd3-451d-9c4a-92a90b83ca06,Dolphins,MIA,Miami,,2025-08-06T22:13:13.770291
42753bb4-a416-4d40-bf81-f20d2181be2f,Ollie Gordon II,,Ollie,Gordon,RB,31.0,74,225.0,2004-01-15,"Fort Worth, TX, USA",0,Oklahoma State,Trinity (TX),2025.0,6.0,,"{'id': '4809ecb0-abd3-451d-9c4a-92a90b83ca06', 'name': 'Dolphins', 'market': 'Miami', 'alias': 'MIA', 'sr_id': 'sr:competitor:4287'}",ACT,,,4809ecb0-abd3-451d-9c4a-92a90b83ca06,Dolphins,MIA,Miami,,2025-08-06T22:13:13.770296
4a76219c-34b8-4cfe-81ab-2bb011368367,Dee Eskridge,,Dee,Eskridge,WR,82.0,69,190.0,1997-03-23,"Winona, MS, USA",5,Western Michigan,Bluffton (IN),2021.0,2.0,,"{'id': '3d08af9e-c767-4f88-a7dc-b920c6d2b4a8', 'name': 'Seahawks', 'market': 'Seattle', 'alias': 'SEA', 'sr_id': 'sr:competitor:4430'}",ACT,,,4809ecb0-abd3-451d-9c4a-92a90b83ca06,Dolphins,MIA,Miami,,2025-08-06T22:13:13.770302
4f2ecf70-d3b2-11ec-96a0-c3471a31202c,Tanner Conner,,Tanner,Conner,TE,80.0,75,237.0,1998-03-20,"Kent, WA, USA",3,Idaho State,Kentridge (WA),,,,,ACT,,,4809ecb0-abd3-451d-9c4a-92a90b83ca06,Dolphins,MIA,Miami,,2025-08-06T22:13:13.770306
4fb37ab0-0efa-11ef-842a-77fe9b74fabd,Hayden Rucci,,Hayden,Rucci,TE,87.0,77,247.0,2001-01-27,"Lititz, PA, USA",1,Wisconsin,Warwick (PA),,,,,ACT,,,4809ecb0-abd3-451d-9c4a-92a90b83ca06,Dolphins,MIA,Miami,,2025-08-06T22:13:13.770310
505c57f9-9912-467f-8572-4266536ef680,Cameron Goode,,Cameron,Goode,LB,53.0,75,245.0,1998-04-15,"Spring, TX, USA",3,California,Klein Collins (TX),2022.0,7.0,,"{'id': '4809ecb0-abd3-451d-9c4a-92a90b83ca06', 'name': 'Dolphins', 'market': 'Miami', 'alias': 'MIA', 'sr_id': 'sr:competitor:4287'}",ACT,,,4809ecb0-abd3-451d-9c4a-92a90b83ca06,Dolphins,MIA,Miami,,2025-08-06T22:13:13.770315
5137b06d-af47-47d7-8c1b-968fd511ea29,Patrick McMorris,,Patrick,McMorris,SAF,32.0,72,206.0,2001-10-18,"Santa Ana, CA, USA",2,California,Godinez (CA),2024.0,6.0,,"{'id': '4809ecb0-abd3-451d-9c4a-92a90b83ca06', 'name': 'Dolphins', 'market': 'Miami', 'alias': 'MIA', 'sr_id': 'sr:competitor:4287'}",ACT,,,4809ecb0-abd3-451d-9c4a-92a90b83ca06,Dolphins,MIA,Miami,,2025-08-06T22:13:13.770321
66313049-299d-4e58-beb9-8e051ab6548a,Bradley Chubb,,Bradley,Chubb,LB,2.0,76,268.0,1996-06-24,"Marietta, GA, USA",8,North Carolina State,Hillgrove (GA),2018.0,1.0,,"{'id': 'ce92bd47-93d5-4fe9-ada4-0fc681e6caa0', 'name': 'Broncos', 'market': 'Denver', 'alias': 'DEN', 'sr_id': 'sr:competitor:4418'}",ACT,,,4809ecb0-abd3-451d-9c4a-92a90b83ca06,Dolphins,MIA,Miami,,2025-08-06T22:13:13.770339
6755e070-2445-11f0-b997-a7fe490bd02d,Ethan Robinson,,Ethan,Robinson,CB,46.0,72,195.0,,"Montgomery, NY, USA",0,Minnesota,Iona Preparatory (NY),,,,,ACT,,,4809ecb0-abd3-451d-9c4a-92a90b83ca06,Dolphins,MIA,Miami,,2025-08-06T22:13:13.770348
6897f01b-8a06-41ff-9385-12f25f62160f,Braeden Daniels,,Braeden,Daniels,OL,66.0,76,305.0,2000-08-22,"Carrollton, TX, USA",2,Utah,Hebron (TX),2023.0,4.0,,"{'id': '22052ff7-c065-42ee-bc8f-c4691c50e624', 'name': 'Commanders', 'market': 'Washington', 'alias': 'WAS', 'sr_id': 'sr:competitor:4432'}",ACT,,,4809ecb0-abd3-451d-9c4a-92a90b83ca06,Dolphins,MIA,Miami,,2025-08-06T22:13:13.770353
70b14580-2443-11f0-a86e-3b1a4cc4e53d,Josh Priebe,,Josh,Priebe,OL,68.0,77,306.0,2001-07-30,"Niles, MI, USA",0,Michigan,Edwardsburg (MI),,,,,ACT,,,4809ecb0-abd3-451d-9c4a-92a90b83ca06,Dolphins,MIA,Miami,,2025-08-06T22:13:13.770357
70d87779-f25f-4dff-8c5d-82b818090c57,James Daniels,,James,Daniels,G,78.0,76,320.0,1997-09-13,"Warren, OH, USA",8,Iowa,Warren G. Harding (OH),2018.0,2.0,,"{'id': '7b112545-38e6-483c-a55c-96cf6ee49cb8', 'name': 'Bears', 'market': 'Chicago', 'alias': 'CHI', 'sr_id': 'sr:competitor:4391'}",ACT,,,4809ecb0-abd3-451d-9c4a-92a90b83ca06,Dolphins,MIA,Miami,,2025-08-06T22:13:13.770362
710867f0-f0d5-11ed-ba38-4fd3e2dc256a,Ethan Bonner,,Ethan,Bonner,CB,27.0,73,190.0,1999-10-23,"Meridian, MS, USA",2,Stanford,The Woodlands (TX),,,,,ACT,,,4809ecb0-abd3-451d-9c4a-92a90b83ca06,Dolphins,MIA,Miami,,2025-08-06T22:13:13.770366
729fbed4-df66-4368-8954-62c3bee79cb3,Jackson Carman,,Jackson,Carman,T,76.0,77,325.0,2000-01-22,"Fairfield, OH, USA",5,Clemson,Fairfield Senior (OH),2021.0,2.0,,"{'id': 'ad4ae08f-d808-42d5-a1e6-e9bc4e34d123', 'name': 'Bengals', 'market': 'Cincinnati', 'alias': 'CIN', 'sr_id': 'sr:competitor:4416'}",ACT,,,4809ecb0-abd3-451d-9c4a-92a90b83ca06,Dolphins,MIA,Miami,,2025-08-06T22:13:13.770371
7a46ff50-d3b4-11ec-96a0-c3471a31202c,Ben Stille,,Ben,Stille,DT,97.0,76,296.0,1997-11-12,"Ashland, NE, USA",3,Nebraska,Ashland-Greenwood (NE),,,,,ACT,,,4809ecb0-abd3-451d-9c4a-92a90b83ca06,Dolphins,MIA,Miami,,2025-08-06T22:13:13.770382
7bce07de-7179-459c-97a4-279fb53641a2,Matt Dickerson,,Matt,Dickerson,DE,98.0,77,300.0,1995-11-09,"San Francisco, CA, USA",5,UCLA,Junipero Serra (CA),,,,,ACT,,,4809ecb0-abd3-451d-9c4a-92a90b83ca06,Dolphins,MIA,Miami,,2025-08-06T22:13:13.770391
7bd0810c-c806-43b1-a793-9cd9cb33c546,Mohamed Kamara,,Mohamed,Kamara,LB,50.0,73,253.0,1999-05-29,"Newark, NJ, USA",2,Colorado State,Central (NJ),2024.0,5.0,,"{'id': '4809ecb0-abd3-451d-9c4a-92a90b83ca06', 'name': 'Dolphins', 'market': 'Miami', 'alias': 'MIA', 'sr_id': 'sr:competitor:4287'}",ACT,,,4809ecb0-abd3-451d-9c4a-92a90b83ca06,Dolphins,MIA,Miami,,2025-08-06T22:13:13.770395
7cb7e830-07bf-11ef-af99-ebcede54fb0c,Grayson Murphy,,Grayson,Murphy,LB,42.0,74,255.0,2000-10-13,"Dallas, TX, USA",2,UCLA,Bishop Lynch (TX),,,,,ACT,,,4809ecb0-abd3-451d-9c4a-92a90b83ca06,Dolphins,MIA,Miami,,2025-08-06T22:13:13.770400
7e666f6d-b92d-44b8-af06-8fec36a3b834,Kion Smith,,Kion,Smith,T,71.0,77,300.0,1998-10-07,"Lumberton, NC, USA",3,Fayetteville State,Lumberton (NC),,,,,ACT,,,4809ecb0-abd3-451d-9c4a-92a90b83ca06,Dolphins,MIA,Miami,,2025-08-06T22:13:13.770408
7e6cd2a0-e842-11ed-90bd-cd6e2ceb9b84,Dequan Jackson,,Dequan,Jackson,LB,57.0,73,235.0,1999-10-07,"Jacksonville, FL, USA",1,Colorado State,Robert E. Lee (FL),,,,,ACT,,,4809ecb0-abd3-451d-9c4a-92a90b83ca06,Dolphins,MIA,Miami,,2025-08-06T22:13:13.770412
84cde2b0-07c2-11ef-95e1-89469c9b9880,Storm Duck,,Storm,Duck,CB,36.0,72,195.0,2000-12-15,"Boiling Springs, NC, USA",2,Louisville,Boiling Springs (NC),,,,,ACT,,,4809ecb0-abd3-451d-9c4a-92a90b83ca06,Dolphins,MIA,Miami,,2025-08-06T22:13:13.770417
8925f38d-5c75-42c7-aa52-e3bcca16a21c,Daniel Brunskill,,Daniel,Brunskill,OL,64.0,77,300.0,1994-01-27,"San Diego, CA, USA",7,San Diego State,Valley Center (CA),,,,,ACT,,,4809ecb0-abd3-451d-9c4a-92a90b83ca06,Dolphins,MIA,Miami,,2025-08-06T22:13:13.770421
8c348caf-34d8-44a8-a781-fee8064ae258,Ifeatu Melifonwu,,Ifeatu,Melifonwu,SAF,9.0,75,210.0,1999-05-02,"Boston, MA, USA",5,Syracuse,Grafton (MA),2021.0,3.0,,"{'id': 'c5a59daa-53a7-4de0-851f-fb12be893e9e', 'name': 'Lions', 'market': 'Detroit', 'alias': 'DET', 'sr_id': 'sr:competitor:4419'}",ACT,,,4809ecb0-abd3-451d-9c4a-92a90b83ca06,Dolphins,MIA,Miami,,2025-08-06T22:13:13.770430
8e353ae0-2442-11f0-b1aa-45a8da233bc0,Andrew Armstrong,,Andrew,Armstrong,WR,19.0,76,210.0,2000-10-31,"Dallas, TX, USA",0,Arkansas,Bishop Dunne (TX),,,,,ACT,,,4809ecb0-abd3-451d-9c4a-92a90b83ca06,Dolphins,MIA,Miami,,2025-08-06T22:13:13.770434
90517709-322d-47af-9360-77775a93496b,Joe Cardona,,Joe,Cardona,LS,67.0,74,241.0,1992-04-16,"El Cajon, CA, USA",11,Navy,Granite Hills (CA),2015.0,5.0,,"{'id': '97354895-8c77-4fd4-a860-32e62ea7382a', 'name': 'Patriots', 'market': 'New England', 'alias': 'NE', 'sr_id': 'sr:competitor:4424'}",ACT,,,4809ecb0-abd3-451d-9c4a-92a90b83ca06,Dolphins,MIA,Miami,,2025-08-06T22:13:13.770439
93c12de7-1d9c-44a3-aaf4-0382eae0d917,Jason Marshall Jr.,,Jason,Marshall,CB,33.0,72,204.0,2002-09-06,"Miami, FL, USA",0,Florida,Miami Palmetto (FL),2025.0,5.0,,"{'id': '4809ecb0-abd3-451d-9c4a-92a90b83ca06', 'name': 'Dolphins', 'market': 'Miami', 'alias': 'MIA', 'sr_id': 'sr:competitor:4287'}",ACT,,,4809ecb0-abd3-451d-9c4a-92a90b83ca06,Dolphins,MIA,Miami,,2025-08-06T22:13:13.770444
9476e000-2444-11f0-bfa1-35491df32eed,BJ Adams,,BJ,Adams,CB,45.0,75,190.0,,"Atlanta, GA, USA",0,UCF,Arabia Mountain (GA),,,,,ACT,,,4809ecb0-abd3-451d-9c4a-92a90b83ca06,Dolphins,MIA,Miami,,2025-08-06T22:13:13.770448
972f93d7-158b-4464-b119-952f298cea52,Mike Hilton,,Mike,Hilton,CB,38.0,69,184.0,1994-03-09,"Fayetteville, GA, USA",9,Ole Miss,Sandy Creek (GA),,,,,ACT,,,4809ecb0-abd3-451d-9c4a-92a90b83ca06,Dolphins,MIA,Miami,,2025-08-06T22:13:13.770453
97debc10-d3b9-11ec-96a0-c3471a31202c,Kader Kohou,,Kader,Kohou,CB,4.0,70,197.0,1998-11-28,"Abidjan,, CIV",4,East Texas A&M,Trinity (TX),,,,,IR,,,4809ecb0-abd3-451d-9c4a-92a90b83ca06,Dolphins,MIA,Miami,,2025-08-06T22:13:13.770457
98166be9-2705-496d-ae1c-3bbcc2fe60bb,Elijah Campbell,,Elijah,Campbell,DB,22.0,71,200.0,1995-08-24,"St. Paul, MN, USA",6,Northern Iowa,St. Paul Central (MN),,,,,ACT,,,4809ecb0-abd3-451d-9c4a-92a90b83ca06,Dolphins,MIA,Miami,,2025-08-06T22:13:13.770461
9838dba3-f510-494b-b3ad-8639f792d182,Chop Robinson,,Chop,Robinson,LB,44.0,75,254.0,2003-01-02,"Gaithersburg, MD, USA",2,Penn State,Quince Orchard (MD),2024.0,1.0,,"{'id': '4809ecb0-abd3-451d-9c4a-92a90b83ca06', 'name': 'Dolphins', 'market': 'Miami', 'alias': 'MIA', 'sr_id': 'sr:competitor:4287'}",ACT,,,4809ecb0-abd3-451d-9c4a-92a90b83ca06,Dolphins,MIA,Miami,,2025-08-06T22:13:13.770466
9b2d5497-738b-47bc-bd96-2c550b4649ee,Willie Gay Jr.,,Willie,Gay,LB,40.0,73,246.0,1998-02-15,"Starkville, MS, USA",6,Mississippi State,Starkville (MS),2020.0,2.0,,"{'id': '6680d28d-d4d2-49f6-aace-5292d3ec02c2', 'name': 'Chiefs', 'market': 'Kansas City', 'alias': 'KC', 'sr_id': 'sr:competitor:4422'}",ACT,,,4809ecb0-abd3-451d-9c4a-92a90b83ca06,Dolphins,MIA,Miami,,2025-08-06T22:13:13.770471
a4084a10-2447-11f0-8696-e5dff0296473,Eugene Asante,,Eugene,Asante,LB,51.0,73,226.0,,"Alexandria, VA, USA",0,Auburn,Westfield (VA),,,,,ACT,,,4809ecb0-abd3-451d-9c4a-92a90b83ca06,Dolphins,MIA,Miami,,2025-08-06T22:13:13.770475
a4eabafc-a847-4a0d-8f67-28d3b422c14f,Dante Trader Jr.,,Dante,Trader,SAF,25.0,71,202.0,2003-02-13,"Delmar, DE, USA",0,Maryland,McDonogh (MD),2025.0,5.0,,"{'id': '4809ecb0-abd3-451d-9c4a-92a90b83ca06', 'name': 'Dolphins', 'market': 'Miami', 'alias': 'MIA', 'sr_id': 'sr:competitor:4287'}",ACT,,,4809ecb0-abd3-451d-9c4a-92a90b83ca06,Dolphins,MIA,Miami,,2025-08-06T22:13:13.770480
a52b06e0-2441-11f0-a9f9-9516d6719f8f,AJ Henning,,AJ,Henning,WR,88.0,70,192.0,2001-09-09,"Frankfort, IL, USA",0,Northwestern,Lincoln-Way East (IL),,,,,ACT,,,4809ecb0-abd3-451d-9c4a-92a90b83ca06,Dolphins,MIA,Miami,,2025-08-06T22:13:13.770489
adf5a2b1-7aa8-4fae-b250-95f299bca688,Jonah Savaiinaea,,Jonah,Savaiinaea,OL,72.0,77,326.0,2004-01-13,"Tafuna,, ASM",0,Arizona,Saint Louis (HI),2025.0,2.0,,"{'id': '4809ecb0-abd3-451d-9c4a-92a90b83ca06', 'name': 'Dolphins', 'market': 'Miami', 'alias': 'MIA', 'sr_id': 'sr:competitor:4287'}",ACT,,,4809ecb0-abd3-451d-9c4a-92a90b83ca06,Dolphins,MIA,Miami,,2025-08-06T22:13:13.770494
b2b68e60-d322-11ec-8b77-45b1765fd110,Obinna Eze,,Obinna,Eze,OL,62.0,80,325.0,1998-06-12,"Nashville, TN, USA",1,TCU,Davidson Academy (TN),,,,,IR,,,4809ecb0-abd3-451d-9c4a-92a90b83ca06,Dolphins,MIA,Miami,,2025-08-06T22:13:13.770508
b4885cf0-11f5-11ef-98d6-7f38a8203feb,Jason Maitre,,Jason,Maitre,CB,43.0,70,188.0,2000-02-01,"Everett, MA, USA",1,Wisconsin,Everett (MA),,,,,IR,,,4809ecb0-abd3-451d-9c4a-92a90b83ca06,Dolphins,MIA,Miami,,2025-08-06T22:13:13.770516
b58ceca0-224f-4d08-9063-6528825b2405,Ryan Hayes,,Ryan,Hayes,T,77.0,78,303.0,2000-02-28,"Traverse City, MI, USA",1,Michigan,Traverse City West (MI),2023.0,7.0,,"{'id': '4809ecb0-abd3-451d-9c4a-92a90b83ca06', 'name': 'Dolphins', 'market': 'Miami', 'alias': 'MIA', 'sr_id': 'sr:competitor:4287'}",ACT,,,4809ecb0-abd3-451d-9c4a-92a90b83ca06,Dolphins,MIA,Miami,,2025-08-06T22:13:13.770521
b785d238-2bb5-4265-8559-a78646273ae7,Kenneth Grant,,Kenneth,Grant,DT,90.0,75,335.0,2003-10-27,"Merrillville, IN, USA",0,Michigan,Merrillville (IN),2025.0,1.0,,"{'id': '4809ecb0-abd3-451d-9c4a-92a90b83ca06', 'name': 'Dolphins', 'market': 'Miami', 'alias': 'MIA', 'sr_id': 'sr:competitor:4287'}",ACT,,,4809ecb0-abd3-451d-9c4a-92a90b83ca06,Dolphins,MIA,Miami,,2025-08-06T22:13:13.770525
b8c1665f-5e43-4370-88b8-a73a6dee7a23,Jordan Phillips,,Jordan,Phillips,DT,94.0,75,305.0,2004-06-30,"Ocoee, FL, USA",0,Maryland,Ocoee (FL),2025.0,5.0,,"{'id': '4809ecb0-abd3-451d-9c4a-92a90b83ca06', 'name': 'Dolphins', 'market': 'Miami', 'alias': 'MIA', 'sr_id': 'sr:competitor:4287'}",ACT,,,4809ecb0-abd3-451d-9c4a-92a90b83ca06,Dolphins,MIA,Miami,,2025-08-06T22:13:13.770530
b99b9548-ad04-4361-b145-0c1942fdd89d,Larry Borom,,Larry,Borom,OL,79.0,77,325.0,1999-03-30,"Detroit, MI, USA",5,Missouri,Brother Rice (MI),2021.0,5.0,,"{'id': '7b112545-38e6-483c-a55c-96cf6ee49cb8', 'name': 'Bears', 'market': 'Chicago', 'alias': 'CHI', 'sr_id': 'sr:competitor:4391'}",ACT,,,4809ecb0-abd3-451d-9c4a-92a90b83ca06,Dolphins,MIA,Miami,,2025-08-06T22:13:13.770535
ba1414b9-f50f-4dac-b721-010a28f7c1a2,Channing Tindall,,Channing,Tindall,LB,41.0,74,236.0,2000-03-28,"Columbia, SC, USA",4,Georgia,Spring Valley (SC),2022.0,3.0,,"{'id': '4809ecb0-abd3-451d-9c4a-92a90b83ca06', 'name': 'Dolphins', 'market': 'Miami', 'alias': 'MIA', 'sr_id': 'sr:competitor:4287'}",ACT,,,4809ecb0-abd3-451d-9c4a-92a90b83ca06,Dolphins,MIA,Miami,,2025-08-06T22:13:13.770539
be6d66e8-51c2-4ae0-8657-5e0713d7ad02,Cam Smith,,Cam,Smith,CB,24.0,73,186.0,2000-12-21,"Blythewood, SC, USA",3,South Carolina,Westwood (SC),2023.0,2.0,,"{'id': '4809ecb0-abd3-451d-9c4a-92a90b83ca06', 'name': 'Dolphins', 'market': 'Miami', 'alias': 'MIA', 'sr_id': 'sr:competitor:4287'}",ACT,,,4809ecb0-abd3-451d-9c4a-92a90b83ca06,Dolphins,MIA,Miami,,2025-08-06T22:13:13.770549
bea720e0-2446-11f0-8c23-0ba26e76f291,John Saunders Jr.,,John,Saunders,SAF,35.0,74,210.0,,"High Point, NC, USA",0,Ole Miss,High Point Christian (NC),,,,,ACT,,,4809ecb0-abd3-451d-9c4a-92a90b83ca06,Dolphins,MIA,Miami,,2025-08-06T22:13:13.770553
c3fbd4a0-133c-11ed-803c-3d5f502ff36f,Jalen McKenzie,,Jalen,McKenzie,T,75.0,77,315.0,1999-07-10,"Concord, CA, USA",1,USC,Clayton Valley (CA),,,,,ACT,,,4809ecb0-abd3-451d-9c4a-92a90b83ca06,Dolphins,MIA,Miami,,2025-08-06T22:13:13.770557
c63b9843-a11b-4b5f-8d7e-5a67bf55aa5c,Matthew Butler,,Matthew,Butler,DT,91.0,75,305.0,1999-06-10,"Raleigh, NC, USA",3,Tennessee,Garner (NC),2022.0,5.0,,"{'id': '7d4fcc64-9cb5-4d1b-8e75-8a906d1e1576', 'name': 'Raiders', 'market': 'Las Vegas', 'alias': 'LV', 'sr_id': 'sr:competitor:4390'}",ACT,,,4809ecb0-abd3-451d-9c4a-92a90b83ca06,Dolphins,MIA,Miami,,2025-08-06T22:13:13.770562
c816f5e3-7abe-4fc5-b6e0-4151017210b0,Jack Jones,,Jack,Jones,CB,23.0,71,175.0,1997-12-20,"Long Beach, CA, USA",4,Arizona State,Long Beach Polytechnic (CA),2022.0,4.0,,"{'id': '97354895-8c77-4fd4-a860-32e62ea7382a', 'name': 'Patriots', 'market': 'New England', 'alias': 'NE', 'sr_id': 'sr:competitor:4424'}",ACT,,,4809ecb0-abd3-451d-9c4a-92a90b83ca06,Dolphins,MIA,Miami,,2025-08-06T22:13:13.770567
c85c0efc-3391-4a8e-b8a4-370b32fd09ce,Zach Sieler,,Zach,Sieler,DT,92.0,78,300.0,1995-09-07,"Howell, MI, USA",8,Ferris State,Pinckney (MI),2018.0,7.0,,"{'id': 'ebd87119-b331-4469-9ea6-d51fe3ce2f1c', 'name': 'Ravens', 'market': 'Baltimore', 'alias': 'BAL', 'sr_id': 'sr:competitor:4413'}",ACT,,,4809ecb0-abd3-451d-9c4a-92a90b83ca06,Dolphins,MIA,Miami,,2025-08-06T22:13:13.770572
c8d98dc8-ca11-40bc-bd72-7e2f4bd2ba3b,Quinton Bell,,Quinton,Bell,LB,56.0,76,258.0,1996-05-09,"Long Beach, CA, USA",4,Prairie View A&M,Costa Mesa (CA),2019.0,7.0,,"{'id': '7d4fcc64-9cb5-4d1b-8e75-8a906d1e1576', 'name': 'Raiders', 'market': 'Las Vegas', 'alias': 'LV', 'sr_id': 'sr:competitor:4390'}",ACT,,,4809ecb0-abd3-451d-9c4a-92a90b83ca06,Dolphins,MIA,Miami,,2025-08-06T22:13:13.770576
d5980380-2448-11f0-a59d-bd350912bf48,Alex Huntley,,Alex,Huntley,DT,96.0,76,298.0,,"Blythewood, SC, USA",0,South Carolina,Hammond (SC),,,,,ACT,,,4809ecb0-abd3-451d-9c4a-92a90b83ca06,Dolphins,MIA,Miami,,2025-08-06T22:13:13.770580
d5a77794-304b-4d30-91cf-beaedb7be14b,Zeek Biggers,,Zeek,Biggers,DT,93.0,78,319.0,2003-10-04,"Salisbury, NC, USA",0,Georgia Tech,West Rowan (NC),2025.0,7.0,,"{'id': '4809ecb0-abd3-451d-9c4a-92a90b83ca06', 'name': 'Dolphins', 'market': 'Miami', 'alias': 'MIA', 'sr_id': 'sr:competitor:4287'}",ACT,,,4809ecb0-abd3-451d-9c4a-92a90b83ca06,Dolphins,MIA,Miami,,2025-08-06T22:13:13.770585
d89f0384-21a6-44e4-8aa6-324cb2103bf6,Quinn Ewers,,Quinn,Ewers,QB,14.0,74,209.0,2003-03-15,"Southlake, TX, USA",0,Texas,Carroll Senior (TX),2025.0,7.0,,"{'id': '4809ecb0-abd3-451d-9c4a-92a90b83ca06', 'name': 'Dolphins', 'market': 'Miami', 'alias': 'MIA', 'sr_id': 'sr:competitor:4287'}",ACT,,,4809ecb0-abd3-451d-9c4a-92a90b83ca06,Dolphins,MIA,Miami,,2025-08-06T22:13:13.770594
e6133580-2444-11f0-aa47-6d319a700fda,Jalin Conyers,,Jalin,Conyers,TE,47.0,76,265.0,2001-07-26,"Gruver, TX, USA",0,Texas Tech,Gruver (TX),,,,,IR,,,4809ecb0-abd3-451d-9c4a-92a90b83ca06,Dolphins,MIA,Miami,,2025-08-06T22:13:13.770603
e9746156-842c-475e-806d-4bcb26032e3b,Benito Jones,,Benito,Jones,DT,95.0,73,335.0,1997-11-27,"Waynesboro, MS, USA",5,Ole Miss,Wayne County (GA),,,,,ACT,,,4809ecb0-abd3-451d-9c4a-92a90b83ca06,Dolphins,MIA,Miami,,2025-08-06T22:13:13.770607
ef422c88-b74f-4720-a831-947010c44ebe,Jordyn Brooks,,Jordyn,Brooks,LB,20.0,72,240.0,1997-10-21,"Houston, TX, USA",6,Texas Tech,Stratford (TX),2020.0,1.0,,"{'id': '3d08af9e-c767-4f88-a7dc-b920c6d2b4a8', 'name': 'Seahawks', 'market': 'Seattle', 'alias': 'SEA', 'sr_id': 'sr:competitor:4430'}",ACT,,,4809ecb0-abd3-451d-9c4a-92a90b83ca06,Dolphins,MIA,Miami,,2025-08-06T22:13:13.770612
f40995fc-bd95-41f1-b9ef-4ab938c3aafa,Artie Burns,,Artie,Burns,CB,23.0,72,187.0,1995-05-01,"Miami, FL, USA",10,Miami (FL),Northwestern (FL),2016.0,1.0,,"{'id': 'cb2f9f1f-ac67-424e-9e72-1475cb0ed398', 'name': 'Steelers', 'market': 'Pittsburgh', 'alias': 'PIT', 'sr_id': 'sr:competitor:4345'}",IR,,,4809ecb0-abd3-451d-9c4a-92a90b83ca06,Dolphins,MIA,Miami,,2025-08-06T22:13:13.770616
f5f76560-2445-11f0-88e3-63f2a37ba677,Addison West,,Addison,West,OL,65.0,75,305.0,2000-12-05,"Cary, IL, USA",0,Western Michigan,Cary-Grove (IL),,,,,ACT,,,4809ecb0-abd3-451d-9c4a-92a90b83ca06,Dolphins,MIA,Miami,,2025-08-06T22:13:13.770620
f9093247-ea7a-40ea-a100-bc5103fa5cfd,Liam Eichenberg,,Liam,Eichenberg,OL,74.0,78,300.0,1998-01-19,"Cleveland, OH, USA",5,Notre Dame,Saint Ignatius (OH),2021.0,2.0,,"{'id': '4809ecb0-abd3-451d-9c4a-92a90b83ca06', 'name': 'Dolphins', 'market': 'Miami', 'alias': 'MIA', 'sr_id': 'sr:competitor:4287'}",PUP,,,4809ecb0-abd3-451d-9c4a-92a90b83ca06,Dolphins,MIA,Miami,,2025-08-06T22:13:13.770625
f91a8d70-243c-11f0-a7e5-9d229c91794c,Monaray Baldwin,,Monaray,Baldwin,WR,48.0,69,170.0,2002-12-17,"Killeen, TX, USA",0,Baylor,Shoemaker (TX),,,,,ACT,,,4809ecb0-abd3-451d-9c4a-92a90b83ca06,Dolphins,MIA,Miami,,2025-08-06T22:13:13.770629
fafdc4a3-ddbd-48b4-b10e-cd8a0189dae1,Kendall Sheffield,,Kendall,Sheffield,CB,14.0,70,200.0,1996-05-30,"Missouri City, TX, USA",5,Ohio State,Thurgood Marshall (TX),2019.0,4.0,,"{'id': 'e6aa13a4-0055-48a9-bc41-be28dc106929', 'name': 'Falcons', 'market': 'Atlanta', 'alias': 'ATL', 'sr_id': 'sr:competitor:4393'}",ACT,,,4809ecb0-abd3-451d-9c4a-92a90b83ca06,Dolphins,MIA,Miami,,2025-08-06T22:13:13.770634
01f15239-cd2c-4bd7-be5d-5ba7eed41331,Moro Ojomo,,Moro,Ojomo,DT,97.0,75,292.0,2001-08-15,"Lagos,, NGA",3,Texas,Katy (TX),2023.0,7.0,,"{'id': '386bdbf9-9eea-4869-bb9a-274b0bc66e80', 'name': 'Eagles', 'market': 'Philadelphia', 'alias': 'PHI', 'sr_id': 'sr:competitor:4428'}",ACT,,,386bdbf9-9eea-4869-bb9a-274b0bc66e80,Eagles,PHI,Philadelphia,,2025-08-06T22:13:15.306174
04d384d9-06da-4436-a637-14637705d7b3,Kelee Ringo,,Kelee,Ringo,CB,7.0,74,207.0,2002-06-27,"Tacoma, WA, USA",3,Georgia,Saguaro (AZ),2023.0,4.0,,"{'id': '386bdbf9-9eea-4869-bb9a-274b0bc66e80', 'name': 'Eagles', 'market': 'Philadelphia', 'alias': 'PHI', 'sr_id': 'sr:competitor:4428'}",ACT,,,386bdbf9-9eea-4869-bb9a-274b0bc66e80,Eagles,PHI,Philadelphia,,2025-08-06T22:13:15.306193
0cb34ce3-42de-42d3-88a4-d242e43b2e34,Andrew Mukuba,,Andrew,Mukuba,SAF,24.0,71,186.0,2002-12-07,"Austin, TX, USA",0,Texas,Lyndon (TX),2025.0,2.0,,"{'id': '386bdbf9-9eea-4869-bb9a-274b0bc66e80', 'name': 'Eagles', 'market': 'Philadelphia', 'alias': 'PHI', 'sr_id': 'sr:competitor:4428'}",ACT,,,386bdbf9-9eea-4869-bb9a-274b0bc66e80,Eagles,PHI,Philadelphia,,2025-08-06T22:13:15.306204
1159549f-4be1-440b-a950-a6bfab44d5ce,Jeremiah Trotter Jr.,,Jeremiah,Trotter,LB,54.0,72,225.0,2002-12-24,"Hainesport, NJ, USA",2,Clemson,St. Joseph's (PA),2024.0,5.0,,"{'id': '386bdbf9-9eea-4869-bb9a-274b0bc66e80', 'name': 'Eagles', 'market': 'Philadelphia', 'alias': 'PHI', 'sr_id': 'sr:competitor:4428'}",ACT,,,386bdbf9-9eea-4869-bb9a-274b0bc66e80,Eagles,PHI,Philadelphia,,2025-08-06T22:13:15.306209
119e79fa-0453-4253-9b3d-9a8ef03a48ec,Nakobe Dean,,Nakobe,Dean,LB,17.0,71,231.0,2000-12-13,"Horn Lake, MS, USA",4,Georgia,Horn Lake (MS),2022.0,3.0,,"{'id': '386bdbf9-9eea-4869-bb9a-274b0bc66e80', 'name': 'Eagles', 'market': 'Philadelphia', 'alias': 'PHI', 'sr_id': 'sr:competitor:4428'}",PUP,,,386bdbf9-9eea-4869-bb9a-274b0bc66e80,Eagles,PHI,Philadelphia,,2025-08-06T22:13:15.306214
151a3910-c966-11ec-9af6-61153bad5574,Tristin McCollum,,Tristin,McCollum,SAF,36.0,75,195.0,1999-05-03,"Galveston, TX, USA",2,Sam Houston,Ball (TX),,,,,ACT,,,386bdbf9-9eea-4869-bb9a-274b0bc66e80,Eagles,PHI,Philadelphia,,2025-08-06T22:13:15.306223
1693934a-76eb-4cf9-a5cf-e0bb6df92ace,Patrick Johnson,,Patrick,Johnson,OLB,48.0,74,248.0,1998-01-10,"Chattanooga, TN, USA",5,Tulane,Notre Dame (TN),2021.0,7.0,,"{'id': '386bdbf9-9eea-4869-bb9a-274b0bc66e80', 'name': 'Eagles', 'market': 'Philadelphia', 'alias': 'PHI', 'sr_id': 'sr:competitor:4428'}",ACT,,,386bdbf9-9eea-4869-bb9a-274b0bc66e80,Eagles,PHI,Philadelphia,,2025-08-06T22:13:15.306228
193ab2af-e24e-4abc-aad7-196328445984,Ty Robinson,,Ty,Robinson,DT,95.0,77,288.0,2001-05-03,"Gilbert, AZ, USA",0,Nebraska,Higley (AZ),2025.0,4.0,,"{'id': '386bdbf9-9eea-4869-bb9a-274b0bc66e80', 'name': 'Eagles', 'market': 'Philadelphia', 'alias': 'PHI', 'sr_id': 'sr:competitor:4428'}",ACT,,,386bdbf9-9eea-4869-bb9a-274b0bc66e80,Eagles,PHI,Philadelphia,,2025-08-06T22:13:15.306233
1b29e8b0-263c-11f0-a83a-5dc5f977bd5d,Taylor Morin,,Taylor,Morin,WR,45.0,71,185.0,,"Centreville, VA, USA",0,Wake Forest,Westfield (VA),,,,,ACT,,,386bdbf9-9eea-4869-bb9a-274b0bc66e80,Eagles,PHI,Philadelphia,,2025-08-06T22:13:15.306238
1c443cd8-b9ad-4676-9a8e-8cee52b07637,Jalen Carter,,Jalen,Carter,DT,98.0,75,314.0,2001-04-04,"Apopka, FL, USA",3,Georgia,Apopka (FL),2023.0,1.0,,"{'id': '386bdbf9-9eea-4869-bb9a-274b0bc66e80', 'name': 'Eagles', 'market': 'Philadelphia', 'alias': 'PHI', 'sr_id': 'sr:competitor:4428'}",ACT,,,386bdbf9-9eea-4869-bb9a-274b0bc66e80,Eagles,PHI,Philadelphia,,2025-08-06T22:13:15.306243
2177026c-2b34-4b88-bc88-50d7c9962064,Parry Nickerson,,Parry,Nickerson,CB,34.0,70,182.0,1994-10-11,"New Orleans, LA, USA",5,Tulane,West Jefferson (LA),2018.0,6.0,,"{'id': '5fee86ae-74ab-4bdd-8416-42a9dd9964f3', 'name': 'Jets', 'market': 'New York', 'alias': 'NYJ', 'sr_id': 'sr:competitor:4427'}",ACT,,,386bdbf9-9eea-4869-bb9a-274b0bc66e80,Eagles,PHI,Philadelphia,,2025-08-06T22:13:15.306248
2aa4ddb0-2775-11f0-9d31-3b5afe6c6d5f,Darius Cooper,,Darius,Cooper,WR,41.0,71,210.0,,"St. Louis, MO, USA",0,Tarleton State,Hazelwood West (MO),,,,,ACT,,,386bdbf9-9eea-4869-bb9a-274b0bc66e80,Eagles,PHI,Philadelphia,,2025-08-06T22:13:15.306252
2eb34969-3de2-454f-a822-bf1908dabcaa,Tariq Castro-Fields,,Tariq,Castro-Fields,DB,46.0,73,197.0,1999-01-14,"Upper Marlboro, MD, USA",3,Penn State,Riverdale Baptist (MD),2022.0,6.0,,"{'id': 'f0e724b0-4cbf-495a-be47-013907608da9', 'name': '49ers', 'market': 'San Francisco', 'alias': 'SF', 'sr_id': 'sr:competitor:4389'}",ACT,,,386bdbf9-9eea-4869-bb9a-274b0bc66e80,Eagles,PHI,Philadelphia,,2025-08-06T22:13:15.306257
348d74a0-23af-11f0-80f9-77c293eb8b40,Joe Evans,,Joe,Evans,DT,61.0,74,337.0,2001-04-27,"Haynesville, LA, USA",0,UTSA,Haynesville (LA),,,,,ACT,,,386bdbf9-9eea-4869-bb9a-274b0bc66e80,Eagles,PHI,Philadelphia,,2025-08-06T22:13:15.306262
3557e290-2449-11f0-9b47-b3e02d0eb26f,Montrell Johnson Jr.,,Montrell,Johnson,RB,34.0,71,212.0,2002-10-13,"New Orleans, LA, USA",0,Florida,De La Salle (LA),,,,,ACT,,,386bdbf9-9eea-4869-bb9a-274b0bc66e80,Eagles,PHI,Philadelphia,,2025-08-06T22:13:15.306271
3763a2ec-ee98-4cf4-9aa7-ee626057c56f,Cameron Latu,,Cameron,Latu,TE,49.0,77,244.0,2000-02-24,"Chisholm, MN, USA",2,Alabama,Olympus (UT),2023.0,3.0,,"{'id': 'f0e724b0-4cbf-495a-be47-013907608da9', 'name': '49ers', 'market': 'San Francisco', 'alias': 'SF', 'sr_id': 'sr:competitor:4389'}",ACT,,,386bdbf9-9eea-4869-bb9a-274b0bc66e80,Eagles,PHI,Philadelphia,,2025-08-06T22:13:15.306276
3b1c43d0-8442-4103-8bc2-952bedc44639,Drew Kendall,,Drew,Kendall,OL,66.0,76,308.0,2001-11-27,"Norwell, MA, USA",0,Boston College,Noble and Greenough (MA),2025.0,5.0,,"{'id': '386bdbf9-9eea-4869-bb9a-274b0bc66e80', 'name': 'Eagles', 'market': 'Philadelphia', 'alias': 'PHI', 'sr_id': 'sr:competitor:4428'}",ACT,,,386bdbf9-9eea-4869-bb9a-274b0bc66e80,Eagles,PHI,Philadelphia,,2025-08-06T22:13:15.306281
41778790-072d-11ef-8f9f-dd59e5c066c4,Gabe Hall,,Gabe,Hall,DT,96.0,78,295.0,2001-01-12,"Waller, TX, USA",1,Baylor,Waller (TX),,,,,ACT,,,386bdbf9-9eea-4869-bb9a-274b0bc66e80,Eagles,PHI,Philadelphia,,2025-08-06T22:13:15.306290
43a74ae6-ddb7-405e-8ccd-69d14da6c374,Charley Hughlett,,Charley,Hughlett,LS,47.0,76,251.0,1990-05-16,"Tampa, FL, USA",11,UCF,Hillsborough (FL),,,,,ACT,,,386bdbf9-9eea-4869-bb9a-274b0bc66e80,Eagles,PHI,Philadelphia,,2025-08-06T22:13:15.306295
44f764e5-d32e-4cc9-a2d1-bd0e77fc8654,Myles Hinton,,Myles,Hinton,OT,78.0,78,323.0,2002-01-09,"Johns Creek, GA, USA",0,Michigan,Greater Atlanta (GA),2025.0,6.0,,"{'id': '386bdbf9-9eea-4869-bb9a-274b0bc66e80', 'name': 'Eagles', 'market': 'Philadelphia', 'alias': 'PHI', 'sr_id': 'sr:competitor:4428'}",ACT,,,386bdbf9-9eea-4869-bb9a-274b0bc66e80,Eagles,PHI,Philadelphia,,2025-08-06T22:13:15.306300
451c7689-4fc2-410a-a33f-22dfa2ab37d4,Kyle McCord,,Kyle,McCord,QB,19.0,75,218.0,2002-09-19,"Mount Laurel, NJ, USA",0,Syracuse,St. Joseph's (PA),2025.0,6.0,,"{'id': '386bdbf9-9eea-4869-bb9a-274b0bc66e80', 'name': 'Eagles', 'market': 'Philadelphia', 'alias': 'PHI', 'sr_id': 'sr:competitor:4428'}",ACT,,,386bdbf9-9eea-4869-bb9a-274b0bc66e80,Eagles,PHI,Philadelphia,,2025-08-06T22:13:15.306304
4c01d331-f294-4836-bbfc-3369829d66c8,Jordan Mailata,,Jordan,Mailata,T,68.0,80,365.0,1997-03-31,"Sydney,, AUS",8,,Condell Park (AUS),2018.0,7.0,,"{'id': '386bdbf9-9eea-4869-bb9a-274b0bc66e80', 'name': 'Eagles', 'market': 'Philadelphia', 'alias': 'PHI', 'sr_id': 'sr:competitor:4428'}",ACT,,,386bdbf9-9eea-4869-bb9a-274b0bc66e80,Eagles,PHI,Philadelphia,,2025-08-06T22:13:15.306309
4d4fe2b0-2450-11f0-9549-f3c45db86236,Lance Dixon,,Lance,Dixon,LB,41.0,74,233.0,,"Oak Park, MI, USA",0,Toledo,West Bloomfield (MI),,,,,ACT,,,386bdbf9-9eea-4869-bb9a-274b0bc66e80,Eagles,PHI,Philadelphia,,2025-08-06T22:13:15.306314
50201cb0-2911-11f0-8936-0dff501e2cb9,Giles Jackson,,Giles,Jackson,WR,42.0,69,187.0,2001-12-11,"Antioch, CA, USA",0,Washington,Freedom (CA),,,,,ACT,,,386bdbf9-9eea-4869-bb9a-274b0bc66e80,Eagles,PHI,Philadelphia,,2025-08-06T22:13:15.306318
513ce4c0-0581-11ef-87fc-5d57216b511b,Dallas Gant,,Dallas,Gant,LB,57.0,74,224.0,2000-05-16,"Toledo, OH, USA",1,Toledo,St. John's Jesuit (OH),,,,,ACT,,,386bdbf9-9eea-4869-bb9a-274b0bc66e80,Eagles,PHI,Philadelphia,,2025-08-06T22:13:15.306322
51e0ab4b-c18b-4fef-99cb-07faba2f9cb1,Trevor Keegan,,Trevor,Keegan,G,77.0,77,306.0,2000-08-30,"Crystal Lake, IL, USA",2,Michigan,Crystal Lake South (IL),2024.0,5.0,,"{'id': '386bdbf9-9eea-4869-bb9a-274b0bc66e80', 'name': 'Eagles', 'market': 'Philadelphia', 'alias': 'PHI', 'sr_id': 'sr:competitor:4428'}",ACT,,,386bdbf9-9eea-4869-bb9a-274b0bc66e80,Eagles,PHI,Philadelphia,,2025-08-06T22:13:15.306327
542de5c0-263d-11f0-961b-296ef24a1ae9,ShunDerrick Powell,,ShunDerrick,Powell,RB,39.0,67,183.0,,"Hoxie, AR, USA",0,Central Arkansas,Hoxie (AR),,,,,ACT,,,386bdbf9-9eea-4869-bb9a-274b0bc66e80,Eagles,PHI,Philadelphia,,2025-08-06T22:13:15.306331
5c3b05f0-09b4-11ef-93d3-a14a9d0aadbf,Laekin Vakalahi,,Laekin,Vakalahi,OT,67.0,77,320.0,2003-01-28,"Brisbane,, AUS",1,,,,,,,ACT,,,386bdbf9-9eea-4869-bb9a-274b0bc66e80,Eagles,PHI,Philadelphia,,2025-08-06T22:13:15.306336
63ddbf22-f7f5-4552-8617-142b2417ee64,Antwaun Powell-Ryland Jr.,,Antwaun,Powell-Ryland,OLB,52.0,74,258.0,2002-02-23,"Portsmouth, VA, USA",0,Virginia Tech,Clovis (NM),2025.0,6.0,,"{'id': '386bdbf9-9eea-4869-bb9a-274b0bc66e80', 'name': 'Eagles', 'market': 'Philadelphia', 'alias': 'PHI', 'sr_id': 'sr:competitor:4428'}",ACT,,,386bdbf9-9eea-4869-bb9a-274b0bc66e80,Eagles,PHI,Philadelphia,,2025-08-06T22:13:15.306345
6497034a-2855-4296-9781-ffab2819df14,Lewis Cine,,Lewis,Cine,SAF,38.0,74,199.0,1999-10-05,"Cedar Hill, TX, USA",3,Georgia,Everett (MA),2022.0,1.0,,"{'id': '33405046-04ee-4058-a950-d606f8c30852', 'name': 'Vikings', 'market': 'Minnesota', 'alias': 'MIN', 'sr_id': 'sr:competitor:4423'}",ACT,,,386bdbf9-9eea-4869-bb9a-274b0bc66e80,Eagles,PHI,Philadelphia,,2025-08-06T22:13:15.306350
650c8ab6-958d-47b6-bdc0-62fe852a4f10,Darian Kinnard,,Darian,Kinnard,OL,72.0,77,322.0,1999-12-29,"Youngstown, OH, USA",3,Kentucky,Saint Ignatius (OH),2022.0,5.0,,"{'id': '6680d28d-d4d2-49f6-aace-5292d3ec02c2', 'name': 'Chiefs', 'market': 'Kansas City', 'alias': 'KC', 'sr_id': 'sr:competitor:4422'}",ACT,,,386bdbf9-9eea-4869-bb9a-274b0bc66e80,Eagles,PHI,Philadelphia,,2025-08-06T22:13:15.306359
6528c7dc-2a02-4577-9246-b590be05eeeb,Jordan Davis,,Jordan,Davis,DT,90.0,78,336.0,2000-01-12,"Charlotte, NC, USA",4,Georgia,Mallard Creek (NC),2022.0,1.0,,"{'id': '386bdbf9-9eea-4869-bb9a-274b0bc66e80', 'name': 'Eagles', 'market': 'Philadelphia', 'alias': 'PHI', 'sr_id': 'sr:competitor:4428'}",ACT,,,386bdbf9-9eea-4869-bb9a-274b0bc66e80,Eagles,PHI,Philadelphia,,2025-08-06T22:13:15.306364
682757b0-4185-11f0-a2ae-b7e020a85e30,Ife Adeyi,,Ife,Adeyi,WR,48.0,70,175.0,,"Mansfield, TX, USA",0,Sam Houston,Legacy (TX),,,,,ACT,,,386bdbf9-9eea-4869-bb9a-274b0bc66e80,Eagles,PHI,Philadelphia,,2025-08-06T22:13:15.306368
6a904c64-5425-4f6d-b35a-1b72eaa256c6,Landon Dickerson,,Landon,Dickerson,G,69.0,78,332.0,1998-09-30,"Hickory, NC, USA",5,Alabama,South Caldwell (NC),2021.0,2.0,,"{'id': '386bdbf9-9eea-4869-bb9a-274b0bc66e80', 'name': 'Eagles', 'market': 'Philadelphia', 'alias': 'PHI', 'sr_id': 'sr:competitor:4428'}",ACT,,,386bdbf9-9eea-4869-bb9a-274b0bc66e80,Eagles,PHI,Philadelphia,,2025-08-06T22:13:15.306377
6b2ee61f-463f-478a-9bfa-e43c8e9b0c2e,Avery Williams,,Avery,Williams,WR,18.0,69,195.0,1998-07-15,"Pasadena, CA, USA",5,Boise State,JSerra Catholic (CA),2021.0,5.0,,"{'id': 'e6aa13a4-0055-48a9-bc41-be28dc106929', 'name': 'Falcons', 'market': 'Atlanta', 'alias': 'ATL', 'sr_id': 'sr:competitor:4393'}",ACT,,,386bdbf9-9eea-4869-bb9a-274b0bc66e80,Eagles,PHI,Philadelphia,,2025-08-06T22:13:15.306382
6db40c6e-7d09-486e-b80d-1d8008547250,Adoree' Jackson,,Adoree',Jackson,CB,8.0,71,185.0,1995-09-18,"Belleville, IL, USA",9,USC,Junipero Serra (CA),2017.0,1.0,,"{'id': 'd26a1ca5-722d-4274-8f97-c92e49c96315', 'name': 'Titans', 'market': 'Tennessee', 'alias': 'TEN', 'sr_id': 'sr:competitor:367364'}",ACT,,,386bdbf9-9eea-4869-bb9a-274b0bc66e80,Eagles,PHI,Philadelphia,,2025-08-06T22:13:15.306392
719a7e8e-8286-453e-8aee-d2487c45e53f,Zack Baun,,Zack,Baun,LB,53.0,75,225.0,1996-12-30,"Brown Deer, WI, USA",6,Wisconsin,Brown Deer (WI),2020.0,3.0,,"{'id': '0d855753-ea21-4953-89f9-0e20aff9eb73', 'name': 'Saints', 'market': 'New Orleans', 'alias': 'NO', 'sr_id': 'sr:competitor:4425'}",ACT,,,386bdbf9-9eea-4869-bb9a-274b0bc66e80,Eagles,PHI,Philadelphia,,2025-08-06T22:13:15.306397
782c4f21-74b8-4fb1-b9a9-f908e4de81b1,Matt Pryor,,Matt,Pryor,OL,79.0,79,332.0,1994-12-16,"Long Beach, CA, USA",8,TCU,Lakewood (CA),2018.0,6.0,,"{'id': '386bdbf9-9eea-4869-bb9a-274b0bc66e80', 'name': 'Eagles', 'market': 'Philadelphia', 'alias': 'PHI', 'sr_id': 'sr:competitor:4428'}",ACT,,,386bdbf9-9eea-4869-bb9a-274b0bc66e80,Eagles,PHI,Philadelphia,,2025-08-06T22:13:15.306401
78af6ab8-1003-423d-b29b-111d8f4d45ad,Azeez Ojulari,,Azeez,Ojulari,OLB,13.0,75,240.0,2000-06-16,"Austell, GA, USA",5,Georgia,Marietta (GA),2021.0,2.0,,"{'id': '04aa1c9d-66da-489d-b16a-1dee3f2eec4d', 'name': 'Giants', 'market': 'New York', 'alias': 'NYG', 'sr_id': 'sr:competitor:4426'}",ACT,,,386bdbf9-9eea-4869-bb9a-274b0bc66e80,Eagles,PHI,Philadelphia,,2025-08-06T22:13:15.306406
8197c5b4-ade0-47e4-81b3-f16aa47eab12,Jakorian Bennett,,Jakorian,Bennett,CB,49.0,70,200.0,2000-08-23,"Mobile, AL, USA",3,Maryland,McGill-Toolen (AL),2023.0,4.0,,"{'id': '7d4fcc64-9cb5-4d1b-8e75-8a906d1e1576', 'name': 'Raiders', 'market': 'Las Vegas', 'alias': 'LV', 'sr_id': 'sr:competitor:4390'}",ACT,,,386bdbf9-9eea-4869-bb9a-274b0bc66e80,Eagles,PHI,Philadelphia,,2025-08-06T22:13:15.306416
8738c2cc-4ac6-4288-922d-ce4590d9af42,Joshua Uche,,Joshua,Uche,OLB,0.0,75,226.0,1998-09-18,"Miami, FL, USA",6,Michigan,Columbus (FL),2020.0,2.0,,"{'id': '97354895-8c77-4fd4-a860-32e62ea7382a', 'name': 'Patriots', 'market': 'New England', 'alias': 'NE', 'sr_id': 'sr:competitor:4424'}",ACT,,,386bdbf9-9eea-4869-bb9a-274b0bc66e80,Eagles,PHI,Philadelphia,,2025-08-06T22:13:15.306430
88ed591a-e082-4539-8fb5-7932a0dc9f9e,Kenyon Green,,Kenyon,Green,G,76.0,76,323.0,2001-03-15,"Humble, TX, USA",4,Texas A&M,Atascocita (TX),2022.0,1.0,,"{'id': '82d2d380-3834-4938-835f-aec541e5ece7', 'name': 'Texans', 'market': 'Houston', 'alias': 'HOU', 'sr_id': 'sr:competitor:4324'}",ACT,,,386bdbf9-9eea-4869-bb9a-274b0bc66e80,Eagles,PHI,Philadelphia,,2025-08-06T22:13:15.306435
8b7504e3-c5ce-4e91-90d1-2bd8e975c5ed,Cameron Williams,,Cameron,Williams,OT,73.0,77,317.0,2003-10-16,"Duncanville, TX, USA",0,Texas,Duncanville (TX),2025.0,6.0,,"{'id': '386bdbf9-9eea-4869-bb9a-274b0bc66e80', 'name': 'Eagles', 'market': 'Philadelphia', 'alias': 'PHI', 'sr_id': 'sr:competitor:4428'}",ACT,,,386bdbf9-9eea-4869-bb9a-274b0bc66e80,Eagles,PHI,Philadelphia,,2025-08-06T22:13:15.306439
8c77ac50-70b5-11f0-814a-2b2c34381e32,Christian Johnstone,,Christian,Johnstone,LS,37.0,75,250.0,,"Loganville, GA, USA",0,Appalachian State,Archer (GA),,,,,ACT,,,386bdbf9-9eea-4869-bb9a-274b0bc66e80,Eagles,PHI,Philadelphia,,2025-08-06T22:13:15.306444
93c05980-0658-11ef-909c-d744eed76b9a,A.J. Woods,,A.J.,Woods,CB,39.0,69,186.0,2001-03-28,"Germantown, MD, USA",1,Pittsburgh,Northwest (MD),,,,,ACT,,,386bdbf9-9eea-4869-bb9a-274b0bc66e80,Eagles,PHI,Philadelphia,,2025-08-06T22:13:15.306453
93e6a6eb-a91e-4705-b5de-faa10f741913,Quinyon Mitchell,,Quinyon,Mitchell,CB,27.0,72,193.0,2001-07-18,"Williston, FL, USA",2,Toledo,Williston (FL),2024.0,1.0,,"{'id': '386bdbf9-9eea-4869-bb9a-274b0bc66e80', 'name': 'Eagles', 'market': 'Philadelphia', 'alias': 'PHI', 'sr_id': 'sr:competitor:4428'}",ACT,,,386bdbf9-9eea-4869-bb9a-274b0bc66e80,Eagles,PHI,Philadelphia,,2025-08-06T22:13:15.306457
93fb0a30-eb74-11ed-aecd-85bc826ed43e,Eli Ricks,,Eli,Ricks,CB,23.0,74,188.0,2001-09-26,"Rancho Cucamonga, CA, USA",3,Alabama,IMG Academy (FL),,,,,ACT,,,386bdbf9-9eea-4869-bb9a-274b0bc66e80,Eagles,PHI,Philadelphia,,2025-08-06T22:13:15.306461
980ab578-c9d3-4ba5-912d-b723e5b6a0fb,Smael Mondon Jr.,,Smael,Mondon,LB,42.0,74,224.0,2003-02-13,"Dallas, GA, USA",0,Georgia,Paulding County (GA),2025.0,5.0,,"{'id': '386bdbf9-9eea-4869-bb9a-274b0bc66e80', 'name': 'Eagles', 'market': 'Philadelphia', 'alias': 'PHI', 'sr_id': 'sr:competitor:4428'}",ACT,,,386bdbf9-9eea-4869-bb9a-274b0bc66e80,Eagles,PHI,Philadelphia,,2025-08-06T22:13:15.306466
98c84540-f0fc-11ed-bc0a-3b3e002b29df,Jacob Sykes,,Jacob,Sykes,DT,93.0,75,282.0,1999-08-09,"Kansas City, MO, USA",1,UCLA,Rockhurst (MO),,,,,ACT,,,386bdbf9-9eea-4869-bb9a-274b0bc66e80,Eagles,PHI,Philadelphia,,2025-08-06T22:13:15.306475
9d76b520-072d-11ef-a877-6b032c0eabad,Andre' Sam,,Andre',Sam,SAF,31.0,70,194.0,1999-02-09,"Iowa, LA, USA",1,LSU,Iowa (LA),,,,,ACT,,,386bdbf9-9eea-4869-bb9a-274b0bc66e80,Eagles,PHI,Philadelphia,,2025-08-06T22:13:15.306479
a4d061b3-d212-4534-88de-c996f64e5754,Cam Jurgens,,Cam,Jurgens,OL,51.0,75,303.0,1999-08-21,"Beatrice, NE, USA",4,Nebraska,Beatrice (NE),2022.0,2.0,,"{'id': '386bdbf9-9eea-4869-bb9a-274b0bc66e80', 'name': 'Eagles', 'market': 'Philadelphia', 'alias': 'PHI', 'sr_id': 'sr:competitor:4428'}",ACT,,,386bdbf9-9eea-4869-bb9a-274b0bc66e80,Eagles,PHI,Philadelphia,,2025-08-06T22:13:15.306484
b67359a0-244d-11f0-b689-9f364bcf2534,Hollin Pierce,,Hollin,Pierce,OL,63.0,80,341.0,2001-04-09,"Trenton, NJ, USA",0,Rutgers,Fork Union (VA),,,,,ACT,,,386bdbf9-9eea-4869-bb9a-274b0bc66e80,Eagles,PHI,Philadelphia,,2025-08-06T22:13:15.306497
b779251c-3250-405f-ae4a-3cadbf6925d9,Jalyx Hunt,,Jalyx,Hunt,OLB,58.0,75,252.0,2001-03-13,"DeBary, FL, USA",2,Houston Christian,Dutch Fork (SC),2024.0,3.0,,"{'id': '386bdbf9-9eea-4869-bb9a-274b0bc66e80', 'name': 'Eagles', 'market': 'Philadelphia', 'alias': 'PHI', 'sr_id': 'sr:competitor:4428'}",ACT,,,386bdbf9-9eea-4869-bb9a-274b0bc66e80,Eagles,PHI,Philadelphia,,2025-08-06T22:13:15.306502
c603e45d-8112-4553-be24-42c3e0d858b5,Mac McWilliams,,Mac,McWilliams,CB,22.0,70,191.0,2001-11-29,"Pensacola, FL, USA",0,UCF,Pine Forest (FL),2025.0,5.0,,"{'id': '386bdbf9-9eea-4869-bb9a-274b0bc66e80', 'name': 'Eagles', 'market': 'Philadelphia', 'alias': 'PHI', 'sr_id': 'sr:competitor:4428'}",ACT,,,386bdbf9-9eea-4869-bb9a-274b0bc66e80,Eagles,PHI,Philadelphia,,2025-08-06T22:13:15.306516
c9da2c23-478b-48a8-8a98-408caf3f0d16,Sydney Brown,,Sydney,Brown,SAF,21.0,70,211.0,2000-03-21,"London, ON, CAN",3,Illinois,Saint Stephen's (FL),2023.0,3.0,,"{'id': '386bdbf9-9eea-4869-bb9a-274b0bc66e80', 'name': 'Eagles', 'market': 'Philadelphia', 'alias': 'PHI', 'sr_id': 'sr:competitor:4428'}",ACT,,,386bdbf9-9eea-4869-bb9a-274b0bc66e80,Eagles,PHI,Philadelphia,,2025-08-06T22:13:15.306521
d0b809ac-b82a-4b66-98b1-9fcf613ace6c,Brett Toth,,Brett,Toth,OL,64.0,78,304.0,1996-09-01,"Charleston, SC, USA",6,Army,West Ashley (SC),,,,,ACT,,,386bdbf9-9eea-4869-bb9a-274b0bc66e80,Eagles,PHI,Philadelphia,,2025-08-06T22:13:15.306525
d4506420-244f-11f0-802f-d5220dac29bc,Maxen Hook,,Maxen,Hook,SAF,37.0,72,202.0,2001-08-19,"New Palestine, IN, USA",0,Toledo,New Palestine (IN),,,,,ACT,,,386bdbf9-9eea-4869-bb9a-274b0bc66e80,Eagles,PHI,Philadelphia,,2025-08-06T22:13:15.306529
d57e75e5-bd90-41be-97e9-c2d2cea5512b,Jihaad Campbell,,Jihaad,Campbell,LB,30.0,75,235.0,2004-02-24,"Erial, NJ, USA",0,Alabama,IMG Academy (FL),2025.0,1.0,,"{'id': '386bdbf9-9eea-4869-bb9a-274b0bc66e80', 'name': 'Eagles', 'market': 'Philadelphia', 'alias': 'PHI', 'sr_id': 'sr:competitor:4428'}",ACT,,,386bdbf9-9eea-4869-bb9a-274b0bc66e80,Eagles,PHI,Philadelphia,,2025-08-06T22:13:15.306539
d606b6ee-de91-44cb-aebf-87f81daa14d2,Byron Young,,Byron,Young,DT,94.0,75,292.0,2000-11-10,"Laurel, MS, USA",3,Alabama,West Jones (MS),2023.0,3.0,,"{'id': '7d4fcc64-9cb5-4d1b-8e75-8a906d1e1576', 'name': 'Raiders', 'market': 'Las Vegas', 'alias': 'LV', 'sr_id': 'sr:competitor:4390'}",ACT,,,386bdbf9-9eea-4869-bb9a-274b0bc66e80,Eagles,PHI,Philadelphia,,2025-08-06T22:13:15.306544
de79955a-99ab-492e-9161-3544fd812dbd,Keilan Robinson,,Keilan,Robinson,RB,35.0,68,191.0,2000-02-16,"Washington, DC, USA",2,Texas,St. John's (DC),2024.0,5.0,,"{'id': 'f7ddd7fa-0bae-4f90-bc8e-669e4d6cf2de', 'name': 'Jaguars', 'market': 'Jacksonville', 'alias': 'JAC', 'sr_id': 'sr:competitor:4386'}",ACT,,,386bdbf9-9eea-4869-bb9a-274b0bc66e80,Eagles,PHI,Philadelphia,,2025-08-06T22:13:15.306553
e7fd0db0-2450-11f0-9355-ab13517f07bb,Brandon Johnson,,Brandon,Johnson,DB,35.0,70,185.0,,"Newton, NC, USA",0,Oregon,Newton-Conover (NC),,,,,ACT,,,386bdbf9-9eea-4869-bb9a-274b0bc66e80,Eagles,PHI,Philadelphia,,2025-08-06T22:13:15.306563
e9194ad2-d400-4dfe-9f4f-8b984537df60,Nolan Smith Jr.,,Nolan,Smith,OLB,3.0,74,238.0,2001-01-18,"Savannah, GA, USA",3,Georgia,IMG Academy (FL),2023.0,1.0,,"{'id': '386bdbf9-9eea-4869-bb9a-274b0bc66e80', 'name': 'Eagles', 'market': 'Philadelphia', 'alias': 'PHI', 'sr_id': 'sr:competitor:4428'}",ACT,,,386bdbf9-9eea-4869-bb9a-274b0bc66e80,Eagles,PHI,Philadelphia,,2025-08-06T22:13:15.306577
eacc232b-701d-4a67-9ce5-61b9b931fd42,Ogbo Okoronkwo,,Ogbo,Okoronkwo,DE,50.0,74,253.0,1995-04-24,"Gainesville, FL, USA",8,Oklahoma,Alief Taylor (TX),2018.0,5.0,,"{'id': '2eff2a03-54d4-46ba-890e-2bc3925548f3', 'name': 'Rams', 'market': 'Los Angeles', 'alias': 'LA', 'sr_id': 'sr:competitor:4387'}",ACT,,,386bdbf9-9eea-4869-bb9a-274b0bc66e80,Eagles,PHI,Philadelphia,,2025-08-06T22:13:15.306582
f1a6c070-572e-4728-b5ab-7765bb31f9e2,Tyler Steen,,Tyler,Steen,OL,56.0,78,321.0,2000-06-24,"Miami, FL, USA",3,Alabama,St. Thomas Aquinas (FL),2023.0,3.0,,"{'id': '386bdbf9-9eea-4869-bb9a-274b0bc66e80', 'name': 'Eagles', 'market': 'Philadelphia', 'alias': 'PHI', 'sr_id': 'sr:competitor:4428'}",ACT,,,386bdbf9-9eea-4869-bb9a-274b0bc66e80,Eagles,PHI,Philadelphia,,2025-08-06T22:13:15.306587
f213bbc9-1294-4bce-84b0-3752e63ff363,Cooper DeJean,,Cooper,DeJean,DB,33.0,72,198.0,2003-02-09,"Odebolt, IA, USA",2,Iowa,OA-BCIG (IA),2024.0,2.0,,"{'id': '386bdbf9-9eea-4869-bb9a-274b0bc66e80', 'name': 'Eagles', 'market': 'Philadelphia', 'alias': 'PHI', 'sr_id': 'sr:competitor:4428'}",ACT,,,386bdbf9-9eea-4869-bb9a-274b0bc66e80,Eagles,PHI,Philadelphia,,2025-08-06T22:13:15.306591
f333e5c7-0cab-4876-9f37-0e70a3175d04,Ochaun Mathis,,Ochaun,Mathis,OLB,45.0,77,260.0,1999-01-08,"Manor, TX, USA",3,Nebraska,Manor (TX),2023.0,6.0,,"{'id': '2eff2a03-54d4-46ba-890e-2bc3925548f3', 'name': 'Rams', 'market': 'Los Angeles', 'alias': 'LA', 'sr_id': 'sr:competitor:4387'}",ACT,,,386bdbf9-9eea-4869-bb9a-274b0bc66e80,Eagles,PHI,Philadelphia,,2025-08-06T22:13:15.306596
f67efd90-ce17-11ec-bebb-4fec1e38b0e5,Reed Blankenship,,Reed,Blankenship,SAF,32.0,73,203.0,1999-03-02,"Athens, AL, USA",4,Middle Tennessee,West Limestone (AL),,,,,ACT,,,386bdbf9-9eea-4869-bb9a-274b0bc66e80,Eagles,PHI,Philadelphia,,2025-08-06T22:13:15.306605
00fdaebe-c8f6-43fa-addb-6a57dc6c5969,Elijah Wilkinson,,Elijah,Wilkinson,OL,71.0,78,310.0,1995-02-10,"Downingtown, PA, USA",9,UMass,Downingtown (PA),,,,,ACT,,,e6aa13a4-0055-48a9-bc41-be28dc106929,Falcons,ATL,Atlanta,,2025-08-06T22:13:16.880155
08d27d1a-e039-4ccc-9ba7-65a22f6002fd,David Onyemata,,David,Onyemata,DL,90.0,76,310.0,1992-11-13,"Lagos,, NGA",10,Manitoba (CAN),Chrisland Schools (NGA),2016.0,4.0,,"{'id': '0d855753-ea21-4953-89f9-0e20aff9eb73', 'name': 'Saints', 'market': 'New Orleans', 'alias': 'NO', 'sr_id': 'sr:competitor:4425'}",ACT,,,e6aa13a4-0055-48a9-bc41-be28dc106929,Falcons,ATL,Atlanta,,2025-08-06T22:13:16.880195
0fc82e70-06fb-11ef-884d-cbdb0bc0c89c,Emory Jones,,Emory,Jones,QB,15.0,74,211.0,2000-04-29,"LaGrange, GA, USA",1,Cincinnati,Heard County (GA),,,,,ACT,,,e6aa13a4-0055-48a9-bc41-be28dc106929,Falcons,ATL,Atlanta,,2025-08-06T22:13:16.880205
10f9c2c7-d03d-45b4-979f-0fd9b6938aa7,Ryan Neuzil,,Ryan,Neuzil,OL,64.0,75,305.0,1997-07-31,"Bradenton, FL, USA",4,Appalachian State,Braden River (FL),,,,,ACT,,,e6aa13a4-0055-48a9-bc41-be28dc106929,Falcons,ATL,Atlanta,,2025-08-06T22:13:16.880214
13c4b449-65e4-4a3e-9152-85e9cbb2b8c6,Leonard Floyd,,Leonard,Floyd,DE,56.0,75,240.0,1992-09-08,"Atlanta, GA, USA",10,Georgia,Dodge County (GA),2016.0,1.0,,"{'id': '7b112545-38e6-483c-a55c-96cf6ee49cb8', 'name': 'Bears', 'market': 'Chicago', 'alias': 'CHI', 'sr_id': 'sr:competitor:4391'}",ACT,,,e6aa13a4-0055-48a9-bc41-be28dc106929,Falcons,ATL,Atlanta,,2025-08-06T22:13:16.880225
18f1a22d-08c6-441e-8a7b-e8d02a047b81,DeAngelo Malone,,DeAngelo,Malone,OLB,51.0,75,235.0,1999-07-12,"Atlanta, GA, USA",4,Western Kentucky,Cedar Grove (GA),2022.0,3.0,,"{'id': 'e6aa13a4-0055-48a9-bc41-be28dc106929', 'name': 'Falcons', 'market': 'Atlanta', 'alias': 'ATL', 'sr_id': 'sr:competitor:4393'}",ACT,,,e6aa13a4-0055-48a9-bc41-be28dc106929,Falcons,ATL,Atlanta,,2025-08-06T22:13:16.880235
1a3a8a05-9418-48ba-910e-db87caf00bfe,James Pearce Jr.,,James,Pearce,DE,27.0,77,243.0,2003-10-12,"Charlotte, NC, USA",0,Tennessee,Chambers (NC),2025.0,1.0,,"{'id': 'e6aa13a4-0055-48a9-bc41-be28dc106929', 'name': 'Falcons', 'market': 'Atlanta', 'alias': 'ATL', 'sr_id': 'sr:competitor:4393'}",ACT,,,e6aa13a4-0055-48a9-bc41-be28dc106929,Falcons,ATL,Atlanta,,2025-08-06T22:13:16.880246
1c5dddf1-b744-4019-b57b-4fc8a3798dee,Bralen Trice,,Bralen,Trice,OLB,48.0,76,274.0,2001-02-26,"Phoenix, AZ, USA",2,Washington,Sandra Day O'Connor (AZ),2024.0,3.0,,"{'id': 'e6aa13a4-0055-48a9-bc41-be28dc106929', 'name': 'Falcons', 'market': 'Atlanta', 'alias': 'ATL', 'sr_id': 'sr:competitor:4393'}",ACT,,,e6aa13a4-0055-48a9-bc41-be28dc106929,Falcons,ATL,Atlanta,,2025-08-06T22:13:16.880257
1eae2610-be1d-4f53-82a2-28cf4a2db352,A.J. Terrell Jr.,,A.J.,Terrell,CB,24.0,73,200.0,1998-09-23,"Atlanta, GA, USA",6,Clemson,Westlake (GA),2020.0,1.0,,"{'id': 'e6aa13a4-0055-48a9-bc41-be28dc106929', 'name': 'Falcons', 'market': 'Atlanta', 'alias': 'ATL', 'sr_id': 'sr:competitor:4393'}",ACT,,,e6aa13a4-0055-48a9-bc41-be28dc106929,Falcons,ATL,Atlanta,,2025-08-06T22:13:16.880276
1f181c47-ad84-4758-a295-4c4f5c56120f,Mike Hughes,,Mike,Hughes,CB,21.0,70,190.0,1997-02-11,"New Bern, NC, USA",8,UCF,New Bern (NC),2018.0,1.0,,"{'id': '33405046-04ee-4058-a950-d606f8c30852', 'name': 'Vikings', 'market': 'Minnesota', 'alias': 'MIN', 'sr_id': 'sr:competitor:4423'}",ACT,,,e6aa13a4-0055-48a9-bc41-be28dc106929,Falcons,ATL,Atlanta,,2025-08-06T22:13:16.880288
22e0f7ed-9b46-4a75-9780-d9b66c245744,Lamar Jackson,,Lamar,Jackson,CB,38.0,74,212.0,1998-04-13,"Elk Grove, CA, USA",3,Nebraska,Franklin (CA),,,,,ACT,,,e6aa13a4-0055-48a9-bc41-be28dc106929,Falcons,ATL,Atlanta,,2025-08-06T22:13:16.880308
259f1dc0-246f-11f0-b515-f597bc328c32,Nick Kubitz,,Nick,Kubitz,LB,59.0,75,229.0,,"Dubuque, IA, USA",0,North Dakota State,Dubuque (IA),,,,,ACT,,,e6aa13a4-0055-48a9-bc41-be28dc106929,Falcons,ATL,Atlanta,,2025-08-06T22:13:16.880317
313aafe1-9b5a-4565-a713-2f2b230f95be,Liam McCullough,,Liam,McCullough,LS,49.0,74,245.0,1997-06-05,"Columbus, OH, USA",3,Ohio State,Worthington Kilbourne (OH),,,,,ACT,,,e6aa13a4-0055-48a9-bc41-be28dc106929,Falcons,ATL,Atlanta,,2025-08-06T22:13:16.880325
38dff710-2479-11f0-8c55-3797c7ee2c25,Malik Verdon,,Malik,Verdon,LB,43.0,76,218.0,,"Cincinnati, OH, USA",0,Iowa State,Hamilton (OH),,,,,NON,,,e6aa13a4-0055-48a9-bc41-be28dc106929,Falcons,ATL,Atlanta,,2025-08-06T22:13:16.880344
3d169c3f-93fe-44b5-8495-681241f285bb,Storm Norton,,Storm,Norton,OL,77.0,79,310.0,1994-05-16,"Toledo, OH, USA",6,Toledo,Whitmer (OH),,,,,ACT,,,e6aa13a4-0055-48a9-bc41-be28dc106929,Falcons,ATL,Atlanta,,2025-08-06T22:13:16.880353
3f4fe254-f18f-4b56-83e0-c37cfc72c7f7,Khalid Kareem,,Khalid,Kareem,OLB,92.0,76,255.0,1998-04-28,"Detroit, MI, USA",4,Notre Dame,Harrison (MI),2020.0,5.0,,"{'id': 'ad4ae08f-d808-42d5-a1e6-e9bc4e34d123', 'name': 'Bengals', 'market': 'Cincinnati', 'alias': 'CIN', 'sr_id': 'sr:competitor:4416'}",ACT,,,e6aa13a4-0055-48a9-bc41-be28dc106929,Falcons,ATL,Atlanta,,2025-08-06T22:13:16.880363
43670880-e8f9-11ed-a4c3-31452e24a6c7,Carlos Washington Jr.,,Carlos,Washington,RB,26.0,71,210.0,1998-12-26,"Clinton, MD, USA",1,Southeastern Louisiana,Riverdale Baptist School (MD),,,,,ACT,,,e6aa13a4-0055-48a9-bc41-be28dc106929,Falcons,ATL,Atlanta,,2025-08-06T22:13:16.880372
45892890-246c-11f0-9194-77c874aa65db,Joshua Simon,,Joshua,Simon,TE,47.0,76,259.0,2000-11-27,"Dalzell, SC, USA",0,South Carolina,Crestwood (SC),,,,,ACT,,,e6aa13a4-0055-48a9-bc41-be28dc106929,Falcons,ATL,Atlanta,,2025-08-06T22:13:16.880381
46ed0b03-015e-4d22-a034-4eeb242aa6a7,Brandon Dorlus,,Brandon,Dorlus,DT,54.0,75,295.0,2001-03-22,"Fort Lauderdale, FL, USA",2,Oregon,Deerfield Beach (FL),2024.0,4.0,,"{'id': 'e6aa13a4-0055-48a9-bc41-be28dc106929', 'name': 'Falcons', 'market': 'Atlanta', 'alias': 'ATL', 'sr_id': 'sr:competitor:4393'}",ACT,,,e6aa13a4-0055-48a9-bc41-be28dc106929,Falcons,ATL,Atlanta,,2025-08-06T22:13:16.880392
47e64968-acea-454d-a95f-107a90960aab,Brandon Parker,,Brandon,Parker,OT,75.0,80,320.0,1995-10-21,"Kannapolis, NC, USA",8,North Carolina A&T,A.L. Brown (NC),2018.0,3.0,,"{'id': '7d4fcc64-9cb5-4d1b-8e75-8a906d1e1576', 'name': 'Raiders', 'market': 'Las Vegas', 'alias': 'LV', 'sr_id': 'sr:competitor:4390'}",ACT,,,e6aa13a4-0055-48a9-bc41-be28dc106929,Falcons,ATL,Atlanta,,2025-08-06T22:13:16.880402
4f423d1f-622b-45e7-a8c7-18d37d27978b,Billy Bowman Jr.,,Billy,Bowman,DB,33.0,70,194.0,2003-01-29,"Denton, TX, USA",0,Oklahoma,Ryan (TX),2025.0,4.0,,"{'id': 'e6aa13a4-0055-48a9-bc41-be28dc106929', 'name': 'Falcons', 'market': 'Atlanta', 'alias': 'ATL', 'sr_id': 'sr:competitor:4393'}",ACT,,,e6aa13a4-0055-48a9-bc41-be28dc106929,Falcons,ATL,Atlanta,,2025-08-06T22:13:16.880412
5068d7b0-f368-11ed-b622-936c98a846ff,Natrone Brooks,,Natrone,Brooks,CB,35.0,71,175.0,1999-12-17,"Starkville, MS, USA",2,Southern Miss,Starkville (MS),,,,,ACT,,,e6aa13a4-0055-48a9-bc41-be28dc106929,Falcons,ATL,Atlanta,,2025-08-06T22:13:16.880431
53e590cb-a4a9-4dc0-9608-3eefec4b1abb,Matthew Bergeron,,Matthew,Bergeron,OL,65.0,77,315.0,2000-02-26,"Victoriaville, QC, CAN",3,Syracuse,Cegep de Thetford (CAN),2023.0,2.0,,"{'id': 'e6aa13a4-0055-48a9-bc41-be28dc106929', 'name': 'Falcons', 'market': 'Atlanta', 'alias': 'ATL', 'sr_id': 'sr:competitor:4393'}",ACT,,,e6aa13a4-0055-48a9-bc41-be28dc106929,Falcons,ATL,Atlanta,,2025-08-06T22:13:16.880453
550f58f0-2478-11f0-9d62-efe48e41d4b9,Simeon Barrow Jr.,,Simeon,Barrow,DL,91.0,75,283.0,2002-07-06,"Grovetown, GA, USA",0,Miami (FL),Grovetown (GA),,,,,ACT,,,e6aa13a4-0055-48a9-bc41-be28dc106929,Falcons,ATL,Atlanta,,2025-08-06T22:13:16.880462
55829920-0b8a-11f0-a333-294d3ecf3d4d,Lenny Krieg,,Lenny,Krieg,K,46.0,74,214.0,2002-08-05,"Berlin,, DEU",0,,,,,,,ACT,,,e6aa13a4-0055-48a9-bc41-be28dc106929,Falcons,ATL,Atlanta,,2025-08-06T22:13:16.880471
60ef79af-d62b-4e4b-a1f9-1b0a0dfe0cad,Troy Andersen,,Troy,Andersen,LB,44.0,76,245.0,1999-04-23,"Dillon, MT, USA",4,Montana State,Beaverhead County (MT),2022.0,2.0,,"{'id': 'e6aa13a4-0055-48a9-bc41-be28dc106929', 'name': 'Falcons', 'market': 'Atlanta', 'alias': 'ATL', 'sr_id': 'sr:competitor:4393'}",PUP,,,e6aa13a4-0055-48a9-bc41-be28dc106929,Falcons,ATL,Atlanta,,2025-08-06T22:13:16.880481
6aed0540-7ec8-11ec-8905-19cf1c3e187f,Nikola Kalinic,,Nikola,Kalinic,TE,88.0,76,248.0,1997-01-21,"Toronto, ON, CAN",2,York (CAN),Silverthorn (CAN),,,,,ACT,,,e6aa13a4-0055-48a9-bc41-be28dc106929,Falcons,ATL,Atlanta,,2025-08-06T22:13:16.880500
6e9b2c60-2467-11f0-a73a-03ec138aa995,Jordan Williams,,Jordan,Williams,OL,62.0,78,315.0,,"Gainesville, GA, USA",0,Georgia Tech,Gainesville (GA)  ,,,,,ACT,,,e6aa13a4-0055-48a9-bc41-be28dc106929,Falcons,ATL,Atlanta,,2025-08-06T22:13:16.880508
7553d094-7584-41bd-96f4-6b122a60c13b,Clark Phillips III,,Clark,Phillips,CB,22.0,69,185.0,2001-12-19,"Lakewood, CA, USA",3,Utah,La Habra (CA),2023.0,4.0,,"{'id': 'e6aa13a4-0055-48a9-bc41-be28dc106929', 'name': 'Falcons', 'market': 'Atlanta', 'alias': 'ATL', 'sr_id': 'sr:competitor:4393'}",ACT,,,e6aa13a4-0055-48a9-bc41-be28dc106929,Falcons,ATL,Atlanta,,2025-08-06T22:13:16.880544
7c51883f-8ea7-4f54-8c03-a562b4524858,Kaden Elliss,,Kaden,Elliss,LB,55.0,74,240.0,1995-07-10,"Salt Lake City, UT, USA",7,Idaho,Judge Memorial Catholic (UT),2019.0,7.0,,"{'id': '0d855753-ea21-4953-89f9-0e20aff9eb73', 'name': 'Saints', 'market': 'New Orleans', 'alias': 'NO', 'sr_id': 'sr:competitor:4425'}",ACT,,,e6aa13a4-0055-48a9-bc41-be28dc106929,Falcons,ATL,Atlanta,,2025-08-06T22:13:16.880574
856dcf70-cbb8-11ec-88c8-199e5defa0d2,Josh Thompson,,Josh,Thompson,SAF,45.0,72,191.0,1998-10-20,"Nacogdoches, TX, USA",2,Texas,Nacogdoches (TX),,,,,ACT,,,e6aa13a4-0055-48a9-bc41-be28dc106929,Falcons,ATL,Atlanta,,2025-08-06T22:13:16.880582
8584c710-7259-11ec-80bb-7f28873a7ba2,Dee Alford,,Dee,Alford,CB,20.0,71,180.0,1997-11-05,"Hernando, MS, USA",4,Tusculum,Spalding (GA),,,,,ACT,,,e6aa13a4-0055-48a9-bc41-be28dc106929,Falcons,ATL,Atlanta,,2025-08-06T22:13:16.880591
89c84a59-18ad-4aeb-8879-d4ba7dd1491e,Jessie Bates III,,Jessie,Bates,SAF,3.0,73,210.0,1997-02-26,"Fort Wayne, IN, USA",8,Wake Forest,Snider (IN),2018.0,2.0,,"{'id': 'ad4ae08f-d808-42d5-a1e6-e9bc4e34d123', 'name': 'Bengals', 'market': 'Cincinnati', 'alias': 'CIN', 'sr_id': 'sr:competitor:4416'}",ACT,,,e6aa13a4-0055-48a9-bc41-be28dc106929,Falcons,ATL,Atlanta,,2025-08-06T22:13:16.880600
8cbac569-6612-41fe-ae95-beb9e4771ed3,Caleb Johnson,,Caleb,Johnson,LB,53.0,74,220.0,1998-07-28,"San Diego, CA, USA",5,Houston Christian,Point Loma (CA),,,,,ACT,,,e6aa13a4-0055-48a9-bc41-be28dc106929,Falcons,ATL,Atlanta,,2025-08-06T22:13:16.880609
9000be32-15ad-4c43-bf8d-79a9c7113cdd,Bradley Pinion,,Bradley,Pinion,P,13.0,77,265.0,1994-06-01,"Concord, NC, USA",11,Clemson,Northwest Cabarrus (NC),2015.0,5.0,,"{'id': 'f0e724b0-4cbf-495a-be47-013907608da9', 'name': '49ers', 'market': 'San Francisco', 'alias': 'SF', 'sr_id': 'sr:competitor:4389'}",ACT,,,e6aa13a4-0055-48a9-bc41-be28dc106929,Falcons,ATL,Atlanta,,2025-08-06T22:13:16.880619
959f035c-b8ce-45a3-bbe3-fda439c1e9f1,Henry Black,,Henry,Black,SAF,32.0,72,204.0,1997-01-03,"Shreveport, LA, USA",3,Baylor,Woodlawn (LA),,,,,ACT,,,e6aa13a4-0055-48a9-bc41-be28dc106929,Falcons,ATL,Atlanta,,2025-08-06T22:13:16.880636
965df459-3f21-4a93-9a99-15559eb977a4,Mike Ford Jr.,,Mike,Ford,CB,28.0,72,199.0,1995-08-04,"Alton, IL, USA",8,Southeast Missouri State,Marquette (IL),,,,,ACT,,,e6aa13a4-0055-48a9-bc41-be28dc106929,Falcons,ATL,Atlanta,,2025-08-06T22:13:16.880644
99eaa657-8e43-4833-b200-faa0392bce03,Jovaughn Gwyn,,Jovaughn,Gwyn,OL,52.0,74,310.0,1999-03-18,"Charlotte, NC, USA",3,South Carolina,Harding University (NC),2023.0,7.0,,"{'id': 'e6aa13a4-0055-48a9-bc41-be28dc106929', 'name': 'Falcons', 'market': 'Atlanta', 'alias': 'ATL', 'sr_id': 'sr:competitor:4393'}",ACT,,,e6aa13a4-0055-48a9-bc41-be28dc106929,Falcons,ATL,Atlanta,,2025-08-06T22:13:16.880673
9d1624c5-958f-42ec-965d-f6dbb85e0401,Zach Harrison,,Zach,Harrison,DL,96.0,77,270.0,2001-08-14,"Lewis Center, OH, USA",3,Ohio State,Olentangy Orange (OH),2023.0,3.0,,"{'id': 'e6aa13a4-0055-48a9-bc41-be28dc106929', 'name': 'Falcons', 'market': 'Atlanta', 'alias': 'ATL', 'sr_id': 'sr:competitor:4393'}",ACT,,,e6aa13a4-0055-48a9-bc41-be28dc106929,Falcons,ATL,Atlanta,,2025-08-06T22:13:16.880683
9eaecf8f-eb0a-49ea-a8f5-3f31c08e0fa6,Tyrone Wheatley Jr.,,Tyrone,Wheatley,T,74.0,78,320.0,1997-02-04,"Buffalo, NY, USA",2,Stony Brook,Canisius (NY),,,,,ACT,,,e6aa13a4-0055-48a9-bc41-be28dc106929,Falcons,ATL,Atlanta,,2025-08-06T22:13:16.880691
9f88e08f-2988-445e-bcc5-9dad063a9cda,Ruke Orhorhoro,,Ruke,Orhorhoro,DT,98.0,76,295.0,2001-10-13,"Lagos,, NGA",2,Clemson,River Rouge (MI),2024.0,2.0,,"{'id': 'e6aa13a4-0055-48a9-bc41-be28dc106929', 'name': 'Falcons', 'market': 'Atlanta', 'alias': 'ATL', 'sr_id': 'sr:competitor:4393'}",ACT,,,e6aa13a4-0055-48a9-bc41-be28dc106929,Falcons,ATL,Atlanta,,2025-08-06T22:13:16.880701
a1788f0e-f637-4333-846e-757b373b98a5,Jalon Walker,,Jalon,Walker,DE,11.0,74,245.0,2004-02-24,"Conway, SC, USA",0,Georgia,Salisbury (NC),2025.0,1.0,,"{'id': 'e6aa13a4-0055-48a9-bc41-be28dc106929', 'name': 'Falcons', 'market': 'Atlanta', 'alias': 'ATL', 'sr_id': 'sr:competitor:4393'}",ACT,,,e6aa13a4-0055-48a9-bc41-be28dc106929,Falcons,ATL,Atlanta,,2025-08-06T22:13:16.880711
a6a3e310-2474-11f0-9d75-5b9f469eea9d,Joshua Gray,,Joshua,Gray,OL,67.0,77,299.0,2000-03-13,"Rancho Cucamonga, CA, USA",0,Oregon State,Rancho Cucamonga (CA),,,,,ACT,,,e6aa13a4-0055-48a9-bc41-be28dc106929,Falcons,ATL,Atlanta,,2025-08-06T22:13:16.880720
a72561d6-fd30-4910-ac44-eb9416e792ea,Keith Taylor,,Keith,Taylor,CB,39.0,75,195.0,1998-11-20,"Long Beach, CA, USA",4,Washington,Servite (CA),2021.0,5.0,,"{'id': 'f14bf5cc-9a82-4a38-bc15-d39f75ed5314', 'name': 'Panthers', 'market': 'Carolina', 'alias': 'CAR', 'sr_id': 'sr:competitor:4415'}",ACT,,,e6aa13a4-0055-48a9-bc41-be28dc106929,Falcons,ATL,Atlanta,,2025-08-06T22:13:16.880730
a78d3d14-3cc9-4adf-96fe-dc7660cb4c2d,Kyle Hinton,,Kyle,Hinton,OL,68.0,74,315.0,1998-02-27,"Peoria, AZ, USA",3,Washburn,Liberty (AZ),2020.0,7.0,,"{'id': '33405046-04ee-4058-a950-d606f8c30852', 'name': 'Vikings', 'market': 'Minnesota', 'alias': 'MIN', 'sr_id': 'sr:competitor:4423'}",ACT,,,e6aa13a4-0055-48a9-bc41-be28dc106929,Falcons,ATL,Atlanta,,2025-08-06T22:13:16.880739
a8c79523-3d0e-48dd-b4c6-e3d8afd24a13,Younghoe Koo,,Younghoe,Koo,K,6.0,70,195.0,1994-08-03,"Seoul,, KOR",8,Georgia Southern,Ridgewood (NJ),,,,,ACT,,,e6aa13a4-0055-48a9-bc41-be28dc106929,Falcons,ATL,Atlanta,,2025-08-06T22:13:16.880748
ab7254b0-246c-11f0-a479-43ecd63a7ee8,Quincy Skinner Jr.,,Quincy,Skinner,WR,36.0,74,205.0,2003-02-28,"Pompano Beach, FL, USA",0,Vanderbilt,St. Thomas Aquinas (FL),,,,,ACT,,,e6aa13a4-0055-48a9-bc41-be28dc106929,Falcons,ATL,Atlanta,,2025-08-06T22:13:16.880757
abdf27dc-a54d-427c-a745-173f1c485292,Josh Woods,,Josh,Woods,LB,42.0,73,235.0,1996-07-01,"Baltimore, MD, USA",6,Maryland,McDonogh (MD),,,,,ACT,,,e6aa13a4-0055-48a9-bc41-be28dc106929,Falcons,ATL,Atlanta,,2025-08-06T22:13:16.880766
b9fbbcf2-35cb-4de4-9622-16630b51c792,DeMarcco Hellams,,DeMarcco,Hellams,SAF,23.0,73,203.0,2000-06-05,"Washington, DC, USA",3,Alabama,DeMatha Catholic (MD),2023.0,7.0,,"{'id': 'e6aa13a4-0055-48a9-bc41-be28dc106929', 'name': 'Falcons', 'market': 'Atlanta', 'alias': 'ATL', 'sr_id': 'sr:competitor:4393'}",ACT,,,e6aa13a4-0055-48a9-bc41-be28dc106929,Falcons,ATL,Atlanta,,2025-08-06T22:13:16.880786
bb2247d0-f32c-11ed-b83a-cd9705e84265,Jesse Matthews,,Jesse,Matthews,WR,86.0,72,190.0,1999-08-12,"San Diego, CA, USA",2,San Diego State,Christian (CA),,,,,ACT,,,e6aa13a4-0055-48a9-bc41-be28dc106929,Falcons,ATL,Atlanta,,2025-08-06T22:13:16.880805
be0e5b20-2479-11f0-8e28-d7828261d278,Nathan Carter,,Nathan,Carter,RB,38.0,70,202.0,2002-05-22,"Rochester, NY, USA",0,Michigan State,Bishop Kearney (NY),,,,,ACT,,,e6aa13a4-0055-48a9-bc41-be28dc106929,Falcons,ATL,Atlanta,,2025-08-06T22:13:16.880824
c28798ce-a253-434d-b312-7c95449fcb63,Xavier Watts,,Xavier,Watts,SAF,31.0,72,203.0,2001-11-22,"Minneapolis, MN, USA",0,Notre Dame,Omaha Burke (NE),2025.0,3.0,,"{'id': 'e6aa13a4-0055-48a9-bc41-be28dc106929', 'name': 'Falcons', 'market': 'Atlanta', 'alias': 'ATL', 'sr_id': 'sr:competitor:4393'}",ACT,,,e6aa13a4-0055-48a9-bc41-be28dc106929,Falcons,ATL,Atlanta,,2025-08-06T22:13:16.880834
c72cb618-fb6b-4327-8ced-91088c936c81,Jordan Fuller,,Jordan,Fuller,SAF,29.0,74,203.0,1998-03-04,"Newark, NJ, USA",6,Ohio State,Old Tappan (NJ),2020.0,6.0,,"{'id': '2eff2a03-54d4-46ba-890e-2bc3925548f3', 'name': 'Rams', 'market': 'Los Angeles', 'alias': 'LA', 'sr_id': 'sr:competitor:4387'}",ACT,,,e6aa13a4-0055-48a9-bc41-be28dc106929,Falcons,ATL,Atlanta,,2025-08-06T22:13:16.880854
c8584970-2478-11f0-b52e-75a660006007,Cobee Bryant,,Cobee,Bryant,CB,37.0,72,180.0,2001-09-17,"Evergreen, AL, USA",0,Kansas,Hillcrest (AL),,,,,ACT,,,e6aa13a4-0055-48a9-bc41-be28dc106929,Falcons,ATL,Atlanta,,2025-08-06T22:13:16.880863
d6969476-95dc-42e4-9cd1-a1e8ae6973ff,Grayland Arnold,,Grayland,Arnold,SAF,36.0,70,190.0,1997-09-04,"Kountze, TX, USA",5,Baylor,Kountze (TX),,,,,ACT,,,e6aa13a4-0055-48a9-bc41-be28dc106929,Falcons,ATL,Atlanta,,2025-08-06T22:13:16.880882
daf0c781-f768-4b93-8d28-49d9b143217b,Jack Nelson,,Jack,Nelson,OL,69.0,79,314.0,2002-01-15,"Stoughton, WI, USA",0,Wisconsin,Stoughton (WI),2025.0,7.0,,"{'id': 'e6aa13a4-0055-48a9-bc41-be28dc106929', 'name': 'Falcons', 'market': 'Atlanta', 'alias': 'ATL', 'sr_id': 'sr:competitor:4393'}",ACT,,,e6aa13a4-0055-48a9-bc41-be28dc106929,Falcons,ATL,Atlanta,,2025-08-06T22:13:16.880892
e02c98ff-b5d8-4647-a4ed-bba595ae9e5a,Chris Lindstrom,,Chris,Lindstrom,G,63.0,76,310.0,1997-02-28,"Dudley, MA, USA",7,Boston College,Shepherd Hill (MA),2019.0,1.0,,"{'id': 'e6aa13a4-0055-48a9-bc41-be28dc106929', 'name': 'Falcons', 'market': 'Atlanta', 'alias': 'ATL', 'sr_id': 'sr:competitor:4393'}",ACT,,,e6aa13a4-0055-48a9-bc41-be28dc106929,Falcons,ATL,Atlanta,,2025-08-06T22:13:16.880903
e34c6990-f35c-11ed-ac5f-715e78829103,Dylan Drummond,,Dylan,Drummond,WR,81.0,72,190.0,2000-01-17,"Cleveland, OH, USA",1,Eastern Michigan,Cuyahoga Heights (OH),,,,,ACT,,,e6aa13a4-0055-48a9-bc41-be28dc106929,Falcons,ATL,Atlanta,,2025-08-06T22:13:16.880911
e3e4c450-2466-11f0-aa27-6de335b6b2a0,Nick Nash,,Nick,Nash,WR,80.0,75,195.0,2000-08-02,"Irvine, CA, USA",0,San Jose State,Woodbridge (CA),,,,,ACT,,,e6aa13a4-0055-48a9-bc41-be28dc106929,Falcons,ATL,Atlanta,,2025-08-06T22:13:16.880920
e8eb7f50-9331-49d8-a992-4d2804caf4fd,Arnold Ebiketie,,Arnold,Ebiketie,OLB,17.0,74,250.0,1999-01-23,"Yaounde,, CMR",4,Penn State,Albert Einstein (MD),2022.0,2.0,,"{'id': 'e6aa13a4-0055-48a9-bc41-be28dc106929', 'name': 'Falcons', 'market': 'Atlanta', 'alias': 'ATL', 'sr_id': 'sr:competitor:4393'}",ACT,,,e6aa13a4-0055-48a9-bc41-be28dc106929,Falcons,ATL,Atlanta,,2025-08-06T22:13:16.880930
eb864600-7562-491a-b7a7-9eb3068dba06,Kentavius Street,,Kentavius,Street,DL,93.0,74,315.0,1996-05-08,"Greenville, NC, USA",7,North Carolina State,Rose (NC),2018.0,4.0,,"{'id': 'f0e724b0-4cbf-495a-be47-013907608da9', 'name': '49ers', 'market': 'San Francisco', 'alias': 'SF', 'sr_id': 'sr:competitor:4389'}",ACT,,,e6aa13a4-0055-48a9-bc41-be28dc106929,Falcons,ATL,Atlanta,,2025-08-06T22:13:16.880948
ed54f1f3-65b8-4b54-8a64-81858ca9f50f,Morgan Fox,,Morgan,Fox,DL,99.0,75,275.0,1994-09-12,"Fountain, CO, USA",9,CSU-Pueblo,Fountain-Fort Carson (CO),,,,,ACT,,,e6aa13a4-0055-48a9-bc41-be28dc106929,Falcons,ATL,Atlanta,,2025-08-06T22:13:16.880957
ee9c975e-68f9-49cc-886d-f1d00286305d,Jake Matthews,,Jake,Matthews,T,70.0,77,310.0,1992-02-11,"Missouri City, TX, USA",12,Texas A&M,Elkins (TX),2014.0,1.0,,"{'id': 'e6aa13a4-0055-48a9-bc41-be28dc106929', 'name': 'Falcons', 'market': 'Atlanta', 'alias': 'ATL', 'sr_id': 'sr:competitor:4393'}",ACT,,,e6aa13a4-0055-48a9-bc41-be28dc106929,Falcons,ATL,Atlanta,,2025-08-06T22:13:16.880968
f0c91460-328e-11f0-a163-773695d3be62,Michael Gonzalez,,Michael,Gonzalez,OL,61.0,76,305.0,,"Indian Trail, NC, USA",0,Louisville,Sun Valley (NC),,,,,ACT,,,e6aa13a4-0055-48a9-bc41-be28dc106929,Falcons,ATL,Atlanta,,2025-08-06T22:13:16.880977
f3adad78-ada5-4ded-bb47-cbf8518f7bba,LaCale London,,LaCale,London,DL,94.0,75,297.0,1997-08-05,"Peoria, IL, USA",2,Western Illinois,Peoria (IL),,,,,ACT,,,e6aa13a4-0055-48a9-bc41-be28dc106929,Falcons,ATL,Atlanta,,2025-08-06T22:13:16.880986
f5510376-f94b-470c-94ce-88098635c4ff,Ta'Quon Graham,,Ta'Quon,Graham,DT,95.0,76,300.0,1998-12-01,"Temple, TX, USA",5,Texas,Temple (TX),2021.0,5.0,,"{'id': 'e6aa13a4-0055-48a9-bc41-be28dc106929', 'name': 'Falcons', 'market': 'Atlanta', 'alias': 'ATL', 'sr_id': 'sr:competitor:4393'}",ACT,,,e6aa13a4-0055-48a9-bc41-be28dc106929,Falcons,ATL,Atlanta,,2025-08-06T22:13:16.881016
f68df8e0-246d-11f0-ab8d-696de97c4129,Dontae Manning,,Dontae,Manning,CB,41.0,70,190.0,2001-09-17,"Kansas City, MO, USA",0,Oregon,Raytown (MO),,,,,ACT,,,e6aa13a4-0055-48a9-bc41-be28dc106929,Falcons,ATL,Atlanta,,2025-08-06T22:13:16.881025
f7ff7599-a175-4a0c-b887-3ae9e596fc64,Ray-Ray McCloud III,,Ray-Ray,McCloud,WR,34.0,69,185.0,1996-10-15,"Tampa, FL, USA",8,Clemson,Sickles (FL),2018.0,6.0,,"{'id': '768c92aa-75ff-4a43-bcc0-f2798c2e1724', 'name': 'Bills', 'market': 'Buffalo', 'alias': 'BUF', 'sr_id': 'sr:competitor:4376'}",ACT,,,e6aa13a4-0055-48a9-bc41-be28dc106929,Falcons,ATL,Atlanta,,2025-08-06T22:13:16.881053
fd1801e0-057b-11ef-8b01-dd7da3650780,Matthew Cindric,,Matthew,Cindric,C,73.0,76,295.0,1999-08-02,"Sammamish, WA, USA",1,California,Skyline (WA),,,,,ACT,,,e6aa13a4-0055-48a9-bc41-be28dc106929,Falcons,ATL,Atlanta,,2025-08-06T22:13:16.881062
fdb957eb-4146-4453-a6df-f65ca7bc1bb6,JD Bertrand,,JD,Bertrand,LB,40.0,73,230.0,2000-05-05,"Alpharetta, GA, USA",2,Notre Dame,Blessed Trinity Catholic (GA),2024.0,5.0,,"{'id': 'e6aa13a4-0055-48a9-bc41-be28dc106929', 'name': 'Falcons', 'market': 'Atlanta', 'alias': 'ATL', 'sr_id': 'sr:competitor:4393'}",ACT,,,e6aa13a4-0055-48a9-bc41-be28dc106929,Falcons,ATL,Atlanta,,2025-08-06T22:13:16.881072
01503bc0-247e-11f0-b5b5-5dec6993a22b,Dalen Cambre,,Dalen,Cambre,WR,5.0,72,192.0,2001-04-10,"Lafayette, LA, USA",0,Louisiana,St. Thomas More (LA),,,,,ACT,,,04aa1c9d-66da-489d-b16a-1dee3f2eec4d,Giants,NYG,New York,,2025-08-06T22:13:18.423119
02c7bde8-3715-462e-a268-95b3f2e19311,Jeremiah Ledbetter,,Jeremiah,Ledbetter,DT,96.0,75,295.0,1994-06-02,"Orlando, FL, USA",5,Arkansas,Gainesville (GA),2017.0,6.0,,"{'id': 'c5a59daa-53a7-4de0-851f-fb12be893e9e', 'name': 'Lions', 'market': 'Detroit', 'alias': 'DET', 'sr_id': 'sr:competitor:4419'}",ACT,,,04aa1c9d-66da-489d-b16a-1dee3f2eec4d,Giants,NYG,New York,,2025-08-06T22:13:18.423138
054cf859-2cf7-4621-a98e-b440e66508a5,Paulson Adebo,,Paulson,Adebo,CB,21.0,73,192.0,1999-07-03,"Farmington, MI, USA",5,Stanford,Mansfield (TX),2021.0,3.0,,"{'id': '0d855753-ea21-4953-89f9-0e20aff9eb73', 'name': 'Saints', 'market': 'New Orleans', 'alias': 'NO', 'sr_id': 'sr:competitor:4425'}",ACT,,,04aa1c9d-66da-489d-b16a-1dee3f2eec4d,Giants,NYG,New York,,2025-08-06T22:13:18.423145
07247409-1cf8-4e67-a05b-15de83ca1bf9,Chris Board,,Chris,Board,LB,49.0,74,229.0,1995-07-23,"Orlando, FL, USA",8,North Dakota State,Timber Creek (FL),,,,,ACT,,,04aa1c9d-66da-489d-b16a-1dee3f2eec4d,Giants,NYG,New York,,2025-08-06T22:13:18.423150
0e21445d-6318-43ce-ba78-310ee648b602,Thomas Fidone II,,Thomas,Fidone,TE,86.0,78,255.0,2002-09-20,"Council Bluffs, IA, USA",0,Nebraska,Lewis Central (IA),2025.0,7.0,,"{'id': '04aa1c9d-66da-489d-b16a-1dee3f2eec4d', 'name': 'Giants', 'market': 'New York', 'alias': 'NYG', 'sr_id': 'sr:competitor:4426'}",ACT,,,04aa1c9d-66da-489d-b16a-1dee3f2eec4d,Giants,NYG,New York,,2025-08-06T22:13:18.423161
0e6f6610-0276-4229-9cf1-66f0d011c1a9,Victor Dimukeje,,Victor,Dimukeje,OLB,52.0,74,262.0,1999-11-18,"Baltimore, MD, USA",5,Duke,Boys' Latin School (MD),2021.0,6.0,,"{'id': 'de760528-1dc0-416a-a978-b510d20692ff', 'name': 'Cardinals', 'market': 'Arizona', 'alias': 'ARI', 'sr_id': 'sr:competitor:4412'}",PUP,,,04aa1c9d-66da-489d-b16a-1dee3f2eec4d,Giants,NYG,New York,,2025-08-06T22:13:18.423166
11f869d4-b98a-41ba-9da9-8df408ebe6b3,John Michael Schmitz Jr.,,John Michael,Schmitz,C,61.0,76,320.0,1999-03-19,"Flossmoor, IL, USA",3,Minnesota,Homewood-Flossmoor (IL),2023.0,2.0,,"{'id': '04aa1c9d-66da-489d-b16a-1dee3f2eec4d', 'name': 'Giants', 'market': 'New York', 'alias': 'NYG', 'sr_id': 'sr:competitor:4426'}",ACT,,,04aa1c9d-66da-489d-b16a-1dee3f2eec4d,Giants,NYG,New York,,2025-08-06T22:13:18.423171
13a06c0d-d946-4a00-bd7a-e9131aaa09cb,Darius Alexander,,Darius,Alexander,DT,91.0,76,310.0,2000-08-26,"Fort Wayne, IN, USA",0,Toledo,Wayne (IN),2025.0,3.0,,"{'id': '04aa1c9d-66da-489d-b16a-1dee3f2eec4d', 'name': 'Giants', 'market': 'New York', 'alias': 'NYG', 'sr_id': 'sr:competitor:4426'}",ACT,,,04aa1c9d-66da-489d-b16a-1dee3f2eec4d,Giants,NYG,New York,,2025-08-06T22:13:18.423176
13bbc7df-2a25-44db-a79a-89ba6c1ac009,Jon Runyan,,Jon,Runyan,G,76.0,76,307.0,1997-08-08,"Houston, TX, USA",6,Michigan,St. Joseph's Prep (PA),2020.0,6.0,,"{'id': 'a20471b4-a8d9-40c7-95ad-90cc30e46932', 'name': 'Packers', 'market': 'Green Bay', 'alias': 'GB', 'sr_id': 'sr:competitor:4420'}",ACT,,,04aa1c9d-66da-489d-b16a-1dee3f2eec4d,Giants,NYG,New York,,2025-08-06T22:13:18.423181
2157404c-7cd3-4758-b620-872ad7724d04,Stone Forsythe,,Stone,Forsythe,OL,70.0,80,307.0,1997-12-29,"Winter Garden, FL, USA",5,Florida,West Orange (FL),2021.0,6.0,,"{'id': '3d08af9e-c767-4f88-a7dc-b920c6d2b4a8', 'name': 'Seahawks', 'market': 'Seattle', 'alias': 'SEA', 'sr_id': 'sr:competitor:4430'}",ACT,,,04aa1c9d-66da-489d-b16a-1dee3f2eec4d,Giants,NYG,New York,,2025-08-06T22:13:18.423191
23883f30-2631-11f0-a228-6dc451bab1d3,Jaison Williams,,Jaison,Williams,OL,68.0,76,320.0,,"Trotwood, OH, USA",0,Youngstown State,Trotwood-Madison (OH),,,,,ACT,,,04aa1c9d-66da-489d-b16a-1dee3f2eec4d,Giants,NYG,New York,,2025-08-06T22:13:18.423196
24597d60-247a-11f0-8324-3170fad3f2ab,Beaux Collins,,Beaux,Collins,WR,8.0,75,206.0,2002-12-16,"Los Angeles, CA, USA",0,Notre Dame,St. John Bosco (CA),,,,,ACT,,,04aa1c9d-66da-489d-b16a-1dee3f2eec4d,Giants,NYG,New York,,2025-08-06T22:13:18.423200
276aedf0-0eea-11ef-8662-2bce15749566,Jake Kubas,,Jake,Kubas,G,63.0,76,308.0,2000-08-13,"Dickinson, ND, USA",2,North Dakota State,Trinity (ND),,,,,ACT,,,04aa1c9d-66da-489d-b16a-1dee3f2eec4d,Giants,NYG,New York,,2025-08-06T22:13:18.423205
30915dd4-f19f-48cd-8425-f2cf29246b66,Jevon Holland,,Jevon,Holland,SAF,8.0,73,207.0,2000-03-03,"Coquitlam, BC, CAN",5,Oregon,Bishop O'Dowd (CA),2021.0,2.0,,"{'id': '4809ecb0-abd3-451d-9c4a-92a90b83ca06', 'name': 'Dolphins', 'market': 'Miami', 'alias': 'MIA', 'sr_id': 'sr:competitor:4287'}",ACT,,,04aa1c9d-66da-489d-b16a-1dee3f2eec4d,Giants,NYG,New York,,2025-08-06T22:13:18.423211
31bd7a4c-8eaf-4ea3-871c-b44420c804f8,Dexter Lawrence II,,Dexter,Lawrence,DL,97.0,76,340.0,1997-11-12,"Wake Forest, NC, USA",7,Clemson,Wake Forest (NC),2019.0,1.0,,"{'id': '04aa1c9d-66da-489d-b16a-1dee3f2eec4d', 'name': 'Giants', 'market': 'New York', 'alias': 'NYG', 'sr_id': 'sr:competitor:4426'}",ACT,,,04aa1c9d-66da-489d-b16a-1dee3f2eec4d,Giants,NYG,New York,,2025-08-06T22:13:18.423216
32e18540-d206-11ec-ab20-b37737d70cc4,Elijah Garcia,,Elijah,Garcia,DL,90.0,77,302.0,1998-03-11,"San Antonio, TX, USA",2,Rice,Stevens (TX),,,,,ACT,,,04aa1c9d-66da-489d-b16a-1dee3f2eec4d,Giants,NYG,New York,,2025-08-06T22:13:18.423220
34ca0550-0c95-11ef-9a13-a1b03b54c0ec,Elijah Chatman,,Elijah,Chatman,DT,94.0,72,278.0,2000-12-05,"Shreveport, LA, USA",2,SMU,Evangel Christian Academy (LA),,,,,ACT,,,04aa1c9d-66da-489d-b16a-1dee3f2eec4d,Giants,NYG,New York,,2025-08-06T22:13:18.423225
3609bdd0-ec6a-11ed-816e-1112fde7d7a0,Cory Durden,,Cory,Durden,NT,69.0,76,305.0,1999-01-26,"Newberry, FL, USA",1,North Carolina State,Newberry (FL),,,,,ACT,,,04aa1c9d-66da-489d-b16a-1dee3f2eec4d,Giants,NYG,New York,,2025-08-06T22:13:18.423230
36248cd5-f747-4960-b66a-a5d4f481e098,Roy Robertson-Harris,,Roy,Robertson-Harris,DT,95.0,79,268.0,1993-07-23,"Oakland, CA, USA",9,UTEP,South Grand Prairie (TX),,,,,ACT,,,04aa1c9d-66da-489d-b16a-1dee3f2eec4d,Giants,NYG,New York,,2025-08-06T22:13:18.423235
3adb2e85-ff63-4644-8ca9-a10651e53c04,Cor'Dale Flott,,Cor'Dale,Flott,CB,28.0,74,175.0,2001-08-24,"Saraland, AL, USA",4,LSU,Saraland (AL),2022.0,3.0,,"{'id': '04aa1c9d-66da-489d-b16a-1dee3f2eec4d', 'name': 'Giants', 'market': 'New York', 'alias': 'NYG', 'sr_id': 'sr:competitor:4426'}",ACT,,,04aa1c9d-66da-489d-b16a-1dee3f2eec4d,Giants,NYG,New York,,2025-08-06T22:13:18.423245
3e7f9f29-7288-4963-b858-e284f051387a,Dru Phillips,,Dru,Phillips,CB,22.0,71,180.0,2001-11-30,"Mauldin, SC, USA",2,Kentucky,Mauldin (SC),2024.0,3.0,,"{'id': '04aa1c9d-66da-489d-b16a-1dee3f2eec4d', 'name': 'Giants', 'market': 'New York', 'alias': 'NYG', 'sr_id': 'sr:competitor:4426'}",ACT,,,04aa1c9d-66da-489d-b16a-1dee3f2eec4d,Giants,NYG,New York,,2025-08-06T22:13:18.423250
47b9a4ca-aad6-41a0-a1b1-d6b2091f0296,Kayvon Thibodeaux,,Kayvon,Thibodeaux,OLB,5.0,77,258.0,2000-12-15,"Los Angeles, CA, USA",4,Oregon,Oaks Christian School (CA),2022.0,1.0,,"{'id': '04aa1c9d-66da-489d-b16a-1dee3f2eec4d', 'name': 'Giants', 'market': 'New York', 'alias': 'NYG', 'sr_id': 'sr:competitor:4426'}",ACT,,,04aa1c9d-66da-489d-b16a-1dee3f2eec4d,Giants,NYG,New York,,2025-08-06T22:13:18.423266
483872b0-2630-11f0-b7f1-df7c830143e7,Antwane Wells Jr.,,Antwane,Wells,WR,2.0,72,205.0,2001-04-02,"Richmond, VA, USA",0,Ole Miss,Highland Springs (VA),,,,,ACT,,,04aa1c9d-66da-489d-b16a-1dee3f2eec4d,Giants,NYG,New York,,2025-08-06T22:13:18.423271
5203e275-5554-47de-bc0a-5b13639e5b50,Ty Summers,,Ty,Summers,LB,47.0,73,241.0,1995-12-31,"San Antonio, TX, USA",7,TCU,Reagan (TX),2019.0,7.0,,"{'id': 'a20471b4-a8d9-40c7-95ad-90cc30e46932', 'name': 'Packers', 'market': 'Green Bay', 'alias': 'GB', 'sr_id': 'sr:competitor:4420'}",IR,,,04aa1c9d-66da-489d-b16a-1dee3f2eec4d,Giants,NYG,New York,,2025-08-06T22:13:18.423276
53848cba-bcad-4cd0-bb35-0a1f6ed111d1,Jaxson Dart,,Jaxson,Dart,QB,6.0,74,223.0,2003-05-13,"Kaysville, UT, USA",0,Ole Miss,Corner Canyon (UT),2025.0,1.0,,"{'id': '04aa1c9d-66da-489d-b16a-1dee3f2eec4d', 'name': 'Giants', 'market': 'New York', 'alias': 'NYG', 'sr_id': 'sr:competitor:4426'}",ACT,,,04aa1c9d-66da-489d-b16a-1dee3f2eec4d,Giants,NYG,New York,,2025-08-06T22:13:18.423281
59390ff0-0eeb-11ef-966f-a152cdc308bf,Jude McAtamney,,Jude,McAtamney,K,99.0,74,205.0,2000-05-09,"Derry,, IRL",1,Rutgers,,,,,,ACT,,,04aa1c9d-66da-489d-b16a-1dee3f2eec4d,Giants,NYG,New York,,2025-08-06T22:13:18.423296
5a84f660-2639-11f0-aaec-7d3ff1eac4f9,Trace Ford,,Trace,Ford,OLB,46.0,74,252.0,,"Edmond, OK, USA",0,Oklahoma,Edmond Santa Fe (OK),,,,,ACT,,,04aa1c9d-66da-489d-b16a-1dee3f2eec4d,Giants,NYG,New York,,2025-08-06T22:13:18.423300
5fd40b6b-d81a-4a4e-a394-53ed7e58511f,Aaron Stinnie,,Aaron,Stinnie,OL,64.0,75,312.0,1994-02-18,"Charlottesville, VA, USA",8,James Madison,St. Anne's-Belfield (VA),,,,,ACT,,,04aa1c9d-66da-489d-b16a-1dee3f2eec4d,Giants,NYG,New York,,2025-08-06T22:13:18.423304
62ac4570-abad-47b2-9d0d-8cb2e9d9c9e3,Evan Neal,,Evan,Neal,T,73.0,79,340.0,2000-09-19,"Okeechobee, FL, USA",4,Alabama,IMG Academy (FL),2022.0,1.0,,"{'id': '04aa1c9d-66da-489d-b16a-1dee3f2eec4d', 'name': 'Giants', 'market': 'New York', 'alias': 'NYG', 'sr_id': 'sr:competitor:4426'}",ACT,,,04aa1c9d-66da-489d-b16a-1dee3f2eec4d,Giants,NYG,New York,,2025-08-06T22:13:18.423313
63f8a401-f308-4463-9d0b-4335b98da682,Graham Gano,,Graham,Gano,K,9.0,74,202.0,1987-04-09,"Arbroath,, GBR",16,Florida State,Tate (FL),,,,,ACT,,,04aa1c9d-66da-489d-b16a-1dee3f2eec4d,Giants,NYG,New York,,2025-08-06T22:13:18.423317
65d507d0-247c-11f0-a174-2f80aa0fb7ed,Jordan Bly,,Jordan,Bly,WR,12.0,72,166.0,,"Charlotte, NC, USA",0,Gardner-Webb,Myers Park (NC),,,,,ACT,,,04aa1c9d-66da-489d-b16a-1dee3f2eec4d,Giants,NYG,New York,,2025-08-06T22:13:18.423321
6c338c70-42d9-4d35-bf87-04fe7e2f690a,Bobby Okereke,,Bobby,Okereke,LB,58.0,74,235.0,1996-07-29,"Santa Ana, CA, USA",7,Stanford,Foothill (CA),2019.0,3.0,,"{'id': '82cf9565-6eb9-4f01-bdbd-5aa0d472fcd9', 'name': 'Colts', 'market': 'Indianapolis', 'alias': 'IND', 'sr_id': 'sr:competitor:4421'}",ACT,,,04aa1c9d-66da-489d-b16a-1dee3f2eec4d,Giants,NYG,New York,,2025-08-06T22:13:18.423326
6d7ca819-8c58-4c41-bba7-643ba9553eb8,Greg Van Roten,,Greg,Van Roten,OG,74.0,76,295.0,1990-02-26,"Rockville Centre, NY, USA",11,Pennsylvania,Chaminade (NY),,,,,ACT,,,04aa1c9d-66da-489d-b16a-1dee3f2eec4d,Giants,NYG,New York,,2025-08-06T22:13:18.423330
6dcf20a0-f31f-11ed-93d5-0b07c9520235,Art Green,,Art,Green,CB,35.0,74,200.0,2000-04-29,"Chesterfield, MO, USA",2,Houston,Parkway Central (MO),,,,,ACT,,,04aa1c9d-66da-489d-b16a-1dee3f2eec4d,Giants,NYG,New York,,2025-08-06T22:13:18.423335
6e0c07b0-f42a-11ee-88d0-f12fe77edfe4,Dante Miller,,Dante,Miller,RB,25.0,69,200.0,1999-05-14,"Rockingham, NC, USA",1,South Carolina,Richmond (NC),,,,,ACT,,,04aa1c9d-66da-489d-b16a-1dee3f2eec4d,Giants,NYG,New York,,2025-08-06T22:13:18.423339
71325ae0-ca2c-11ec-a896-a541b322f383,Raheem Layne,,Raheem,Layne,SAF,43.0,71,192.0,1999-07-02,"Deland, FL, USA",3,Indiana,Sebastian River (FL),,,,,ACT,,,04aa1c9d-66da-489d-b16a-1dee3f2eec4d,Giants,NYG,New York,,2025-08-06T22:13:18.423344
721b44f0-2634-11f0-827d-03947b7c1306,Rushawn Baker,,Rushawn,Baker,RB,,72,225.0,,"Victor, NY, USA",0,Elon,Victor (NY),,,,,IR,,,04aa1c9d-66da-489d-b16a-1dee3f2eec4d,Giants,NYG,New York,,2025-08-06T22:13:18.423355
7642bafd-0974-46f5-9516-fe0c46fedb97,Micah McFadden,,Micah,McFadden,LB,41.0,74,232.0,2000-01-03,"Tampa, FL, USA",4,Indiana,Plant (FL),2022.0,5.0,,"{'id': '04aa1c9d-66da-489d-b16a-1dee3f2eec4d', 'name': 'Giants', 'market': 'New York', 'alias': 'NYG', 'sr_id': 'sr:competitor:4426'}",ACT,,,04aa1c9d-66da-489d-b16a-1dee3f2eec4d,Giants,NYG,New York,,2025-08-06T22:13:18.423374
789af1aa-253e-4fda-a93b-cef346bd91b3,K'Von Wallace,,K'Von,Wallace,SAF,34.0,71,205.0,1997-07-25,"Richmond, VA, USA",6,Clemson,Highland Springs (VA),2020.0,4.0,,"{'id': '386bdbf9-9eea-4869-bb9a-274b0bc66e80', 'name': 'Eagles', 'market': 'Philadelphia', 'alias': 'PHI', 'sr_id': 'sr:competitor:4428'}",ACT,,,04aa1c9d-66da-489d-b16a-1dee3f2eec4d,Giants,NYG,New York,,2025-08-06T22:13:18.423388
85f39de0-247e-11f0-af0b-450704afaebc,Da'Quan Felton,,Da'Quan,Felton,WR,9.0,77,216.0,2001-01-13,"Portsmouth, VA, USA",0,Virginia Tech,Churchland (VA),,,,,ACT,,,04aa1c9d-66da-489d-b16a-1dee3f2eec4d,Giants,NYG,New York,,2025-08-06T22:13:18.423418
949380c5-009e-4e7c-944d-3148af2dce58,Joshua Ezeudu,,Joshua,Ezeudu,OL,75.0,76,310.0,1999-09-19,"Lawrenceville, GA, USA",4,North Carolina,Archer (GA),2022.0,3.0,,"{'id': '04aa1c9d-66da-489d-b16a-1dee3f2eec4d', 'name': 'Giants', 'market': 'New York', 'alias': 'NYG', 'sr_id': 'sr:competitor:4426'}",ACT,,,04aa1c9d-66da-489d-b16a-1dee3f2eec4d,Giants,NYG,New York,,2025-08-06T22:13:18.423427
952ea340-2631-11f0-b970-f9dc57e5e71d,Jermaine Terry II,,Jermaine,Terry,TE,48.0,76,245.0,,"Richmond, CA, USA",0,Oregon State,Kennedy (CA),,,,,ACT,,,04aa1c9d-66da-489d-b16a-1dee3f2eec4d,Giants,NYG,New York,,2025-08-06T22:13:18.423431
95fa8be3-3be8-45bb-9475-60a444e1af74,Abdul Carter,,Abdul,Carter,LB,51.0,75,252.0,2004-01-02,"Philadelphia, PA, USA",0,Penn State,La Salle (PA),2025.0,1.0,,"{'id': '04aa1c9d-66da-489d-b16a-1dee3f2eec4d', 'name': 'Giants', 'market': 'New York', 'alias': 'NYG', 'sr_id': 'sr:competitor:4426'}",ACT,,,04aa1c9d-66da-489d-b16a-1dee3f2eec4d,Giants,NYG,New York,,2025-08-06T22:13:18.423436
9880c110-d3bc-11ec-96a0-c3471a31202c,Tomon Fox,,Tomon,Fox,OLB,45.0,74,245.0,1998-03-16,"Lawrenceville, GA, USA",3,North Carolina,Collins Hill (GA),,,,,ACT,,,04aa1c9d-66da-489d-b16a-1dee3f2eec4d,Giants,NYG,New York,,2025-08-06T22:13:18.423440
99228610-2f6e-11f0-99f1-f9d1797386ce,TJ Moore,,TJ,Moore,CB,30.0,72,187.0,,"Riverdale, GA, USA",0,Mercer,Riverdale (GA),,,,,ACT,,,04aa1c9d-66da-489d-b16a-1dee3f2eec4d,Giants,NYG,New York,,2025-08-06T22:13:18.423445
9a147206-ba5e-49b9-801c-a7f6832be2c5,James Hudson III,,James,Hudson,T,55.0,77,313.0,1999-05-13,"Toledo, OH, USA",5,Cincinnati,Central Catholic (OH),2021.0,4.0,,"{'id': 'd5a2eb42-8065-4174-ab79-0a6fa820e35e', 'name': 'Browns', 'market': 'Cleveland', 'alias': 'CLE', 'sr_id': 'sr:competitor:4417'}",ACT,,,04aa1c9d-66da-489d-b16a-1dee3f2eec4d,Giants,NYG,New York,,2025-08-06T22:13:18.423449
9ed90b2b-c650-41c0-9cee-2fbd8fc95546,Darius Muasau,,Darius,Muasau,LB,53.0,72,234.0,2001-02-10,"Ewa Beach, HI, USA",2,UCLA,Mililani (HI),2024.0,6.0,,"{'id': '04aa1c9d-66da-489d-b16a-1dee3f2eec4d', 'name': 'Giants', 'market': 'New York', 'alias': 'NYG', 'sr_id': 'sr:competitor:4426'}",ACT,,,04aa1c9d-66da-489d-b16a-1dee3f2eec4d,Giants,NYG,New York,,2025-08-06T22:13:18.423454
a1c5aca4-a0ba-4438-9101-7f85d3af488a,Jordon Riley,,Jordon,Riley,DL,99.0,77,315.0,1998-05-19,"Durham, NC, USA",3,Oregon,Riverside (NC),2023.0,7.0,,"{'id': '04aa1c9d-66da-489d-b16a-1dee3f2eec4d', 'name': 'Giants', 'market': 'New York', 'alias': 'NYG', 'sr_id': 'sr:competitor:4426'}",ACT,,,04aa1c9d-66da-489d-b16a-1dee3f2eec4d,Giants,NYG,New York,,2025-08-06T22:13:18.423463
a700ea66-61d3-4ca3-bdd5-c537fb2d6ff6,Tre Hawkins III,,Tre,Hawkins,CB,37.0,75,195.0,2000-08-01,"Temple, TX, USA",3,Old Dominion,Temple (TX),2023.0,6.0,,"{'id': '04aa1c9d-66da-489d-b16a-1dee3f2eec4d', 'name': 'Giants', 'market': 'New York', 'alias': 'NYG', 'sr_id': 'sr:competitor:4426'}",ACT,,,04aa1c9d-66da-489d-b16a-1dee3f2eec4d,Giants,NYG,New York,,2025-08-06T22:13:18.423472
acfda840-eb96-11ed-8278-218e0ede5943,Dyontae Johnson,,Dyontae,Johnson,LB,54.0,74,230.0,2000-09-28,"Detroit, MI, USA",2,Toledo,Cass Tech (MI),,,,,ACT,,,04aa1c9d-66da-489d-b16a-1dee3f2eec4d,Giants,NYG,New York,,2025-08-06T22:13:18.423481
ad2c13a0-d062-4c5a-a54e-065be6e9b0d7,Marcus Mbow,,Marcus,Mbow,OL,71.0,77,300.0,2003-04-02,"Wauwatosa, WI, USA",0,Purdue,Wauwatosa (WI),2025.0,5.0,,"{'id': '04aa1c9d-66da-489d-b16a-1dee3f2eec4d', 'name': 'Giants', 'market': 'New York', 'alias': 'NYG', 'sr_id': 'sr:competitor:4426'}",ACT,,,04aa1c9d-66da-489d-b16a-1dee3f2eec4d,Giants,NYG,New York,,2025-08-06T22:13:18.423485
af0644a7-0d19-462d-85e6-36aac0d39f8b,Korie Black,,Korie,Black,CB,25.0,72,190.0,,"Waco, TX, USA",0,Oklahoma State,Connally,2025.0,7.0,,"{'id': '04aa1c9d-66da-489d-b16a-1dee3f2eec4d', 'name': 'Giants', 'market': 'New York', 'alias': 'NYG', 'sr_id': 'sr:competitor:4426'}",ACT,,,04aa1c9d-66da-489d-b16a-1dee3f2eec4d,Giants,NYG,New York,,2025-08-06T22:13:18.423490
be2b6a6f-0e18-4394-a681-d414a3a306b8,Tyler Nubin,,Tyler,Nubin,SAF,27.0,74,210.0,2001-06-14,"St. Charles, IL, USA",2,Minnesota,St. Charles North (IL),2024.0,2.0,,"{'id': '04aa1c9d-66da-489d-b16a-1dee3f2eec4d', 'name': 'Giants', 'market': 'New York', 'alias': 'NYG', 'sr_id': 'sr:competitor:4426'}",ACT,,,04aa1c9d-66da-489d-b16a-1dee3f2eec4d,Giants,NYG,New York,,2025-08-06T22:13:18.423517
c5175598-1392-4eaa-ae62-d99811a0c477,Demetrius Flannigan-Fowles,,Demetrius,Flannigan-Fowles,LB,44.0,74,210.0,1996-09-04,"Tucson, AZ, USA",6,Arizona,Mountain View (AZ),,,,,ACT,,,04aa1c9d-66da-489d-b16a-1dee3f2eec4d,Giants,NYG,New York,,2025-08-06T22:13:18.423521
d208a050-29dc-11f0-ac45-95731db72366,O'Donnell Fortune,,O'Donnell,Fortune,CB,39.0,73,185.0,2001-09-08,"Sumter, SC, USA",0,South Carolina,Sumter (SC),,,,,ACT,,,04aa1c9d-66da-489d-b16a-1dee3f2eec4d,Giants,NYG,New York,,2025-08-06T22:13:18.423525
d6ce0b64-9526-4983-8c3c-7f14f2918f8e,Rakeem Nunez-Roches,,Rakeem,Nunez-Roches,DL,93.0,74,305.0,1993-07-03,"Phenix City, AL, USA",11,Southern Miss,Central (AL),2015.0,6.0,,"{'id': '6680d28d-d4d2-49f6-aace-5292d3ec02c2', 'name': 'Chiefs', 'market': 'Kansas City', 'alias': 'KC', 'sr_id': 'sr:competitor:4422'}",ACT,,,04aa1c9d-66da-489d-b16a-1dee3f2eec4d,Giants,NYG,New York,,2025-08-06T22:13:18.423530
d7ee8af0-247a-11f0-a1a6-433496d7f7d4,Makari Paige,,Makari,Paige,SAF,38.0,76,208.0,2002-01-11,"West Bloomfield, MI, USA",0,Michigan,West Bloomfield (MI),,,,,ACT,,,04aa1c9d-66da-489d-b16a-1dee3f2eec4d,Giants,NYG,New York,,2025-08-06T22:13:18.423534
d86d53af-2eb8-425c-90ab-851122cc633f,Casey Kreiter,,Casey,Kreiter,LS,59.0,73,250.0,1990-08-13,"DeWitt, IA, USA",10,Iowa,Central (IA),,,,,ACT,,,04aa1c9d-66da-489d-b16a-1dee3f2eec4d,Giants,NYG,New York,,2025-08-06T22:13:18.423538
d9ec3990-057e-11ef-a320-550810f78433,K.J. Cloyd,,K.J.,Cloyd,LB,48.0,74,228.0,2001-02-19,"Columbia, MS, USA",0,Miami (FL),Columbia (MS),,,,,ACT,,,04aa1c9d-66da-489d-b16a-1dee3f2eec4d,Giants,NYG,New York,,2025-08-06T22:13:18.423542
dbed6759-8ce2-4f1b-8757-aab4ec66dcc9,Austin Schlottmann,,Austin,Schlottmann,OL,65.0,78,300.0,1995-09-18,"Brenham, TX, USA",7,TCU,Brenham (TX),,,,,ACT,,,04aa1c9d-66da-489d-b16a-1dee3f2eec4d,Giants,NYG,New York,,2025-08-06T22:13:18.423546
dbf199a9-542e-4279-8764-3341b9f80910,Brian Burns,,Brian,Burns,OLB,0.0,77,250.0,1998-04-23,"Fort Lauderdale, FL, USA",7,Florida State,American Heritage (FL),2019.0,1.0,,"{'id': 'f14bf5cc-9a82-4a38-bc15-d39f75ed5314', 'name': 'Panthers', 'market': 'Carolina', 'alias': 'CAR', 'sr_id': 'sr:competitor:4415'}",ACT,,,04aa1c9d-66da-489d-b16a-1dee3f2eec4d,Giants,NYG,New York,,2025-08-06T22:13:18.423551
df6f0e80-0720-11ef-a8c3-23b7b64398c0,Dee Williams,,Dee,Williams,CB,33.0,70,190.0,1999-12-06,"Forsyth, GA, USA",2,Tennessee,Mary Persons (GA),,,,,ACT,,,04aa1c9d-66da-489d-b16a-1dee3f2eec4d,Giants,NYG,New York,,2025-08-06T22:13:18.423560
df94ce97-af26-4f12-be2d-14779270e670,Jermaine Eluemunor,,Jermaine,Eluemunor,OL,72.0,76,338.0,1994-12-13,"Denville, NJ, USA",9,Texas A&M,Morris Knolls (NJ),2017.0,5.0,,"{'id': 'ebd87119-b331-4469-9ea6-d51fe3ce2f1c', 'name': 'Ravens', 'market': 'Baltimore', 'alias': 'BAL', 'sr_id': 'sr:competitor:4413'}",ACT,,,04aa1c9d-66da-489d-b16a-1dee3f2eec4d,Giants,NYG,New York,,2025-08-06T22:13:18.423564
e190fe08-2f57-49fe-858d-9762dfe1ee7b,Jimmy Morrissey,,Jimmy,Morrissey,C,67.0,76,305.0,1998-06-09,"Huntingdon Valley, PA, USA",3,Pittsburgh,La Salle College (PA),2021.0,7.0,,"{'id': '7d4fcc64-9cb5-4d1b-8e75-8a906d1e1576', 'name': 'Raiders', 'market': 'Las Vegas', 'alias': 'LV', 'sr_id': 'sr:competitor:4390'}",ACT,,,04aa1c9d-66da-489d-b16a-1dee3f2eec4d,Giants,NYG,New York,,2025-08-06T22:13:18.423569
e1f0c72d-f4d0-4c24-93a4-8a12b9a2efd2,Cam Skattebo,,Cam,Skattebo,RB,44.0,71,215.0,2002-02-05,"Rio Linda, CA, USA",0,Arizona State,Rio Linda (CA),2025.0,4.0,,"{'id': '04aa1c9d-66da-489d-b16a-1dee3f2eec4d', 'name': 'Giants', 'market': 'New York', 'alias': 'NYG', 'sr_id': 'sr:competitor:4426'}",ACT,,,04aa1c9d-66da-489d-b16a-1dee3f2eec4d,Giants,NYG,New York,,2025-08-06T22:13:18.423573
e905a38b-bf94-4d46-b9e3-a7b534258a20,Deonte Banks,,Deonte,Banks,CB,2.0,74,200.0,2001-03-03,"Baltimore, MD, USA",3,Maryland,Edgewood (MD),2023.0,1.0,,"{'id': '04aa1c9d-66da-489d-b16a-1dee3f2eec4d', 'name': 'Giants', 'market': 'New York', 'alias': 'NYG', 'sr_id': 'sr:competitor:4426'}",ACT,,,04aa1c9d-66da-489d-b16a-1dee3f2eec4d,Giants,NYG,New York,,2025-08-06T22:13:18.423582
e92bd7c0-07be-11ef-8acd-b170ddeb1ce6,Bryan Hudson,,Bryan,Hudson,C,60.0,77,305.0,2001-01-11,"Georgetown, KY, USA",1,Louisville,Scott County (KY),,,,,ACT,,,04aa1c9d-66da-489d-b16a-1dee3f2eec4d,Giants,NYG,New York,,2025-08-06T22:13:18.423586
f2829cb9-5719-447c-848a-db04af5cee02,D.J. Davidson,,D.J.,Davidson,DL,98.0,77,320.0,1997-09-19,"Mesa, AZ, USA",4,Arizona State,Desert Ridge (AZ),2022.0,5.0,,"{'id': '04aa1c9d-66da-489d-b16a-1dee3f2eec4d', 'name': 'Giants', 'market': 'New York', 'alias': 'NYG', 'sr_id': 'sr:competitor:4426'}",ACT,,,04aa1c9d-66da-489d-b16a-1dee3f2eec4d,Giants,NYG,New York,,2025-08-06T22:13:18.423595
f7bc36e8-7fb8-4d91-8216-f6a3a669f069,Anthony Johnson Jr.,,Anthony,Johnson,SAF,,72,205.0,1999-12-02,"St. Petersburg, FL, USA",3,Iowa State,St. Petersburg (FL),2023.0,7.0,,"{'id': 'a20471b4-a8d9-40c7-95ad-90cc30e46932', 'name': 'Packers', 'market': 'Green Bay', 'alias': 'GB', 'sr_id': 'sr:competitor:4420'}",PUP,,,04aa1c9d-66da-489d-b16a-1dee3f2eec4d,Giants,NYG,New York,,2025-08-06T22:13:18.423600
fd133ca5-a014-4f5d-9e2f-14882da45cc2,Nic Jones,,Nic,Jones,CB,31.0,72,189.0,2001-10-15,"Detroit, MI, USA",2,Ball State,Southfield (MI),2023.0,7.0,,"{'id': '6680d28d-d4d2-49f6-aace-5292d3ec02c2', 'name': 'Chiefs', 'market': 'Kansas City', 'alias': 'KC', 'sr_id': 'sr:competitor:4422'}",ACT,,,04aa1c9d-66da-489d-b16a-1dee3f2eec4d,Giants,NYG,New York,,2025-08-06T22:13:18.423614
014038bd-e9b7-476f-b7bd-bd78a46a9a57,Austin Johnson,,Austin,Johnson,DT,69.0,76,314.0,1994-05-08,"Galloway, NJ, USA",8,Penn State,St. Augustine Prep (NJ),2016.0,2.0,,"{'id': 'd26a1ca5-722d-4274-8f97-c92e49c96315', 'name': 'Titans', 'market': 'Tennessee', 'alias': 'TEN', 'sr_id': 'sr:competitor:367364'}",ACT,,,f7ddd7fa-0bae-4f90-bc8e-669e4d6cf2de,Jaguars,JAC,Jacksonville,,2025-08-06T22:13:19.996101
03be50ca-2498-4190-b772-7c47e351c4ab,Luke Fortner,,Luke,Fortner,OL,79.0,76,307.0,1998-05-15,"Sylvania, OH, USA",4,Kentucky,Sylvania Northview (OH),2022.0,3.0,,"{'id': 'f7ddd7fa-0bae-4f90-bc8e-669e4d6cf2de', 'name': 'Jaguars', 'market': 'Jacksonville', 'alias': 'JAC', 'sr_id': 'sr:competitor:4386'}",ACT,,,f7ddd7fa-0bae-4f90-bc8e-669e4d6cf2de,Jaguars,JAC,Jacksonville,,2025-08-06T22:13:19.996120
05125990-248e-11f0-b86d-cf6af77e85f8,Seth Henigan,,Seth,Henigan,QB,19.0,75,215.0,2003-03-10,"Denton, TX, USA",0,Memphis,Denton Ryan (TX),,,,,ACT,,,f7ddd7fa-0bae-4f90-bc8e-669e4d6cf2de,Jaguars,JAC,Jacksonville,,2025-08-06T22:13:19.996125
078c2a41-ec84-4425-b64e-8d92cee16305,Antonio Johnson,,Antonio,Johnson,SAF,26.0,74,198.0,2001-10-29,"East St. Louis, IL, USA",3,Texas A&M,East St. Louis (IL),2023.0,5.0,,"{'id': 'f7ddd7fa-0bae-4f90-bc8e-669e4d6cf2de', 'name': 'Jaguars', 'market': 'Jacksonville', 'alias': 'JAC', 'sr_id': 'sr:competitor:4386'}",ACT,,,f7ddd7fa-0bae-4f90-bc8e-669e4d6cf2de,Jaguars,JAC,Jacksonville,,2025-08-06T22:13:19.996131
0a415a08-ea30-40b2-aac9-42689e3e996a,Foyesade Oluokun,,Foyesade,Oluokun,LB,23.0,74,230.0,1995-08-02,"St. Louis, MO, USA",8,Yale,John Burroughs (MO),2018.0,6.0,,"{'id': 'e6aa13a4-0055-48a9-bc41-be28dc106929', 'name': 'Falcons', 'market': 'Atlanta', 'alias': 'ATL', 'sr_id': 'sr:competitor:4393'}",ACT,,,f7ddd7fa-0bae-4f90-bc8e-669e4d6cf2de,Jaguars,JAC,Jacksonville,,2025-08-06T22:13:19.996136
0b435250-248f-11f0-8214-55b85fca5661,Doneiko Slaughter,,Doneiko,Slaughter,DB,35.0,72,190.0,,"Roswell, GA, USA",0,Arkansas,Roswell (GA),,,,,ACT,,,f7ddd7fa-0bae-4f90-bc8e-669e4d6cf2de,Jaguars,JAC,Jacksonville,,2025-08-06T22:13:19.996143
0d50064b-8915-46b2-bdc8-7582a1a17f8b,Myles Cole,,Myles,Cole,DE,59.0,78,278.0,2000-04-29,"Shreveport, LA, USA",2,Texas Tech,Evangel Christian Academy (LA),2024.0,7.0,,"{'id': 'f7ddd7fa-0bae-4f90-bc8e-669e4d6cf2de', 'name': 'Jaguars', 'market': 'Jacksonville', 'alias': 'JAC', 'sr_id': 'sr:competitor:4386'}",ACT,,,f7ddd7fa-0bae-4f90-bc8e-669e4d6cf2de,Jaguars,JAC,Jacksonville,,2025-08-06T22:13:19.996149
12a65657-e762-4238-a080-147f21e6a962,Caleb Ransaw,,Caleb,Ransaw,DB,27.0,72,196.0,2002-12-22,"Harvest, AL, USA",0,Tulane,Sparkman (AL),2025.0,3.0,,"{'id': 'f7ddd7fa-0bae-4f90-bc8e-669e4d6cf2de', 'name': 'Jaguars', 'market': 'Jacksonville', 'alias': 'JAC', 'sr_id': 'sr:competitor:4386'}",ACT,,,f7ddd7fa-0bae-4f90-bc8e-669e4d6cf2de,Jaguars,JAC,Jacksonville,,2025-08-06T22:13:19.996159
14ab97c3-4ace-4bb6-99de-3b22dcf610fe,Tremayne Anchrum,,Tremayne,Anchrum,G,78.0,74,314.0,1998-06-24,"Powder Springs, GA, USA",5,Clemson,McEachern (GA),2020.0,7.0,,"{'id': '2eff2a03-54d4-46ba-890e-2bc3925548f3', 'name': 'Rams', 'market': 'Los Angeles', 'alias': 'LA', 'sr_id': 'sr:competitor:4387'}",ACT,,,f7ddd7fa-0bae-4f90-bc8e-669e4d6cf2de,Jaguars,JAC,Jacksonville,,2025-08-06T22:13:19.996165
14aedd06-41a6-41db-8c5e-05483f91570d,LeQuint Allen Jr.,,LeQuint,Allen,RB,36.0,72,201.0,2004-08-05,"Millville, NJ, USA",0,Syracuse,Millville (NJ),2025.0,7.0,,"{'id': 'f7ddd7fa-0bae-4f90-bc8e-669e4d6cf2de', 'name': 'Jaguars', 'market': 'Jacksonville', 'alias': 'JAC', 'sr_id': 'sr:competitor:4386'}",ACT,,,f7ddd7fa-0bae-4f90-bc8e-669e4d6cf2de,Jaguars,JAC,Jacksonville,,2025-08-06T22:13:19.996170
16e4ffec-959d-4210-8702-36c0bf20dda5,Eric Murray,,Eric,Murray,SAF,29.0,71,199.0,1994-01-07,"Milwaukee, WI, USA",10,Minnesota,Riverside (WI),2016.0,4.0,,"{'id': '6680d28d-d4d2-49f6-aace-5292d3ec02c2', 'name': 'Chiefs', 'market': 'Kansas City', 'alias': 'KC', 'sr_id': 'sr:competitor:4422'}",ACT,,,f7ddd7fa-0bae-4f90-bc8e-669e4d6cf2de,Jaguars,JAC,Jacksonville,,2025-08-06T22:13:19.996180
17093231-3e82-42fb-bec7-75160d097538,Christian Braswell,,Christian,Braswell,CB,21.0,71,185.0,1999-09-27,"Washington, DC, USA",2,Rutgers,Friendship College Academy (DC),2023.0,6.0,,"{'id': 'f7ddd7fa-0bae-4f90-bc8e-669e4d6cf2de', 'name': 'Jaguars', 'market': 'Jacksonville', 'alias': 'JAC', 'sr_id': 'sr:competitor:4386'}",ACT,,,f7ddd7fa-0bae-4f90-bc8e-669e4d6cf2de,Jaguars,JAC,Jacksonville,,2025-08-06T22:13:19.996186
1aaa7e70-249a-11f0-911c-335182558d13,Chandler Brayboy,,Chandler,Brayboy,WR,15.0,73,199.0,,"Pembroke, NC, USA",0,Elon,Purnell Swett (NC),,,,,ACT,,,f7ddd7fa-0bae-4f90-bc8e-669e4d6cf2de,Jaguars,JAC,Jacksonville,,2025-08-06T22:13:19.996191
2300fe3b-c81f-4786-ae0c-0c229644239d,Emmanuel Ogbah,,Emmanuel,Ogbah,DL,90.0,76,275.0,1993-11-06,"Lagos,, NGA",10,Oklahoma State,George Bush (TX),2016.0,2.0,,"{'id': 'd5a2eb42-8065-4174-ab79-0a6fa820e35e', 'name': 'Browns', 'market': 'Cleveland', 'alias': 'CLE', 'sr_id': 'sr:competitor:4417'}",ACT,,,f7ddd7fa-0bae-4f90-bc8e-669e4d6cf2de,Jaguars,JAC,Jacksonville,,2025-08-06T22:13:19.996202
23664980-63a6-4a63-b662-807fcd886f6f,Travon Walker,,Travon,Walker,DE,44.0,77,272.0,2000-12-18,"Thomaston, GA, USA",4,Georgia,Upson-Lee (GA),2022.0,1.0,,"{'id': 'f7ddd7fa-0bae-4f90-bc8e-669e4d6cf2de', 'name': 'Jaguars', 'market': 'Jacksonville', 'alias': 'JAC', 'sr_id': 'sr:competitor:4386'}",ACT,,,f7ddd7fa-0bae-4f90-bc8e-669e4d6cf2de,Jaguars,JAC,Jacksonville,,2025-08-06T22:13:19.996207
23a816a0-2499-11f0-a5c3-b5e571d28549,John Copenhaver,,John,Copenhaver,TE,43.0,75,240.0,,"Roswell, GA, USA",0,North Carolina,Roswell (GA),,,,,ACT,,,f7ddd7fa-0bae-4f90-bc8e-669e4d6cf2de,Jaguars,JAC,Jacksonville,,2025-08-06T22:13:19.996211
26d4b13e-a555-4519-9356-cd16c65384e7,Bhayshul Tuten,,Bhayshul,Tuten,RB,33.0,69,209.0,2002-02-14,"Paulsboro, NJ, USA",0,Virginia Tech,Paulsboro (NJ),2025.0,4.0,,"{'id': 'f7ddd7fa-0bae-4f90-bc8e-669e4d6cf2de', 'name': 'Jaguars', 'market': 'Jacksonville', 'alias': 'JAC', 'sr_id': 'sr:competitor:4386'}",ACT,,,f7ddd7fa-0bae-4f90-bc8e-669e4d6cf2de,Jaguars,JAC,Jacksonville,,2025-08-06T22:13:19.996217
2b89f6e0-249e-11f0-8ecb-33c8d222dbba,Eli Pancol,,Eli,Pancol,WR,10.0,75,205.0,,"Pendleton, IN, USA",0,Duke,Pendleton Heights (IN),,,,,ACT,,,f7ddd7fa-0bae-4f90-bc8e-669e4d6cf2de,Jaguars,JAC,Jacksonville,,2025-08-06T22:13:19.996231
32f98e05-a998-4e0c-8131-0e4b17cb7dd5,Maason Smith,,Maason,Smith,DT,94.0,77,306.0,2002-10-13,"Houma, LA, USA",2,LSU,Terrebonne (LA),2024.0,2.0,,"{'id': 'f7ddd7fa-0bae-4f90-bc8e-669e4d6cf2de', 'name': 'Jaguars', 'market': 'Jacksonville', 'alias': 'JAC', 'sr_id': 'sr:competitor:4386'}",PUP,,,f7ddd7fa-0bae-4f90-bc8e-669e4d6cf2de,Jaguars,JAC,Jacksonville,,2025-08-06T22:13:19.996236
34443a84-e648-4e8c-8ec8-af2a6e76d64f,Jonah Monheim,,Jonah,Monheim,C,60.0,77,310.0,2002-06-07,"Moorpark, CA, USA",0,USC,Moorpark (CA),2025.0,7.0,,"{'id': 'f7ddd7fa-0bae-4f90-bc8e-669e4d6cf2de', 'name': 'Jaguars', 'market': 'Jacksonville', 'alias': 'JAC', 'sr_id': 'sr:competitor:4386'}",ACT,,,f7ddd7fa-0bae-4f90-bc8e-669e4d6cf2de,Jaguars,JAC,Jacksonville,,2025-08-06T22:13:19.996241
34786359-962b-44e4-8882-d387d1a8ed42,Zechariah McPhearson,,Zechariah,McPhearson,CB,34.0,71,191.0,1998-03-21,"Baltimore, MD, USA",4,Texas Tech,Riverdale Baptist (MD),2021.0,4.0,,"{'id': '386bdbf9-9eea-4869-bb9a-274b0bc66e80', 'name': 'Eagles', 'market': 'Philadelphia', 'alias': 'PHI', 'sr_id': 'sr:competitor:4428'}",ACT,,,f7ddd7fa-0bae-4f90-bc8e-669e4d6cf2de,Jaguars,JAC,Jacksonville,,2025-08-06T22:13:19.996246
385d2f98-5674-4bcc-86d7-0358ce23798f,Cooper Hodges,,Cooper,Hodges,OL,75.0,76,305.0,2000-07-13,"Glen St. Mary, FL, USA",3,Appalachian State,Baker County (FL),2023.0,7.0,,"{'id': 'f7ddd7fa-0bae-4f90-bc8e-669e4d6cf2de', 'name': 'Jaguars', 'market': 'Jacksonville', 'alias': 'JAC', 'sr_id': 'sr:competitor:4386'}",PUP,,,f7ddd7fa-0bae-4f90-bc8e-669e4d6cf2de,Jaguars,JAC,Jacksonville,,2025-08-06T22:13:19.996251
3cd88d26-6c80-47a1-a044-9164fa96459a,Levi Wallace,,Levi,Wallace,CB,,72,179.0,1995-06-12,"Tucson, AZ, USA",7,Alabama,Tucson (AZ),,,,,ACT,,,f7ddd7fa-0bae-4f90-bc8e-669e4d6cf2de,Jaguars,JAC,Jacksonville,,2025-08-06T22:13:19.996255
42d90cdf-5494-4576-bc1e-4b5d3de99f5f,Cam Little,,Cam,Little,K,39.0,73,172.0,2003-08-17,"Moore, OK, USA",2,Arkansas,Southmoore (OK),2024.0,6.0,,"{'id': 'f7ddd7fa-0bae-4f90-bc8e-669e4d6cf2de', 'name': 'Jaguars', 'market': 'Jacksonville', 'alias': 'JAC', 'sr_id': 'sr:competitor:4386'}",ACT,,,f7ddd7fa-0bae-4f90-bc8e-669e4d6cf2de,Jaguars,JAC,Jacksonville,,2025-08-06T22:13:19.996260
4704e820-0740-11ef-969f-ef7a39469df5,Joshua Cephus,,Joshua,Cephus,WR,80.0,74,193.0,2001-03-05,"Houston, TX, USA",1,UTSA,Dekaney (TX),,,,,ACT,,,f7ddd7fa-0bae-4f90-bc8e-669e4d6cf2de,Jaguars,JAC,Jacksonville,,2025-08-06T22:13:19.996264
4a975d4c-d7cd-45ef-b258-db45187140eb,Travis Hunter,,Travis,Hunter,WR,12.0,73,185.0,2003-05-18,"West Palm Beach, FL, USA",0,Colorado,Collins Hill (GA),2025.0,1.0,,"{'id': 'f7ddd7fa-0bae-4f90-bc8e-669e4d6cf2de', 'name': 'Jaguars', 'market': 'Jacksonville', 'alias': 'JAC', 'sr_id': 'sr:competitor:4386'}",ACT,,,f7ddd7fa-0bae-4f90-bc8e-669e4d6cf2de,Jaguars,JAC,Jacksonville,,2025-08-06T22:13:19.996273
514c5db0-249d-11f0-9b4f-d5662bbb2887,B.J. Green II,,B.J.,Green,DL,95.0,73,270.0,,"Atlanta, GA, USA",0,Colorado,Prince Avenue Christian (GA),,,,,ACT,,,f7ddd7fa-0bae-4f90-bc8e-669e4d6cf2de,Jaguars,JAC,Jacksonville,,2025-08-06T22:13:19.996278
590c9b25-25d4-447e-afa2-1284c95e17a9,Walker Little,,Walker,Little,OL,72.0,79,325.0,1999-04-01,"Houston, TX, USA",5,Stanford,Episcopal (TX),2021.0,2.0,,"{'id': 'f7ddd7fa-0bae-4f90-bc8e-669e4d6cf2de', 'name': 'Jaguars', 'market': 'Jacksonville', 'alias': 'JAC', 'sr_id': 'sr:competitor:4386'}",ACT,,,f7ddd7fa-0bae-4f90-bc8e-669e4d6cf2de,Jaguars,JAC,Jacksonville,,2025-08-06T22:13:19.996283
5d109065-9f5c-4f09-b2b5-87d99920aaaf,Robert Hainsey,,Robert,Hainsey,C,73.0,76,306.0,1998-08-12,"Pittsburgh, PA, USA",5,Notre Dame,IMG Academy (FL),2021.0,3.0,,"{'id': '4254d319-1bc7-4f81-b4ab-b5e6f3402b69', 'name': 'Buccaneers', 'market': 'Tampa Bay', 'alias': 'TB', 'sr_id': 'sr:competitor:4388'}",ACT,,,f7ddd7fa-0bae-4f90-bc8e-669e4d6cf2de,Jaguars,JAC,Jacksonville,,2025-08-06T22:13:19.996287
5d1dcbd0-249b-11f0-9d05-2f208fd62ab5,Keivie Rose,,Keivie,Rose,DL,97.0,75,314.0,2000-12-14,"Henderson, TX, USA",0,Arkansas,Henderson (TX),,,,,ACT,,,f7ddd7fa-0bae-4f90-bc8e-669e4d6cf2de,Jaguars,JAC,Jacksonville,,2025-08-06T22:13:19.996291
5e0ccf70-248a-11f0-9af8-5551b3d63edf,Danny Striggow,,Danny,Striggow,DL,92.0,77,255.0,,"Long Lake, MN, USA",0,Minnesota,Orono (MN),,,,,ACT,,,f7ddd7fa-0bae-4f90-bc8e-669e4d6cf2de,Jaguars,JAC,Jacksonville,,2025-08-06T22:13:19.996296
63fb1c30-07de-11ef-ab84-b199233567e8,Shawn Bowman,,Shawn,Bowman,TE,49.0,76,249.0,2000-05-16,"Bear, DE, USA",1,Rutgers,Howard (DE),,,,,ACT,,,f7ddd7fa-0bae-4f90-bc8e-669e4d6cf2de,Jaguars,JAC,Jacksonville,,2025-08-06T22:13:19.996300
668bbc04-3346-4ba5-b038-9b5485f79d1c,Chuma Edoga,,Chuma,Edoga,G,55.0,76,315.0,1997-05-25,"Atlanta, GA, USA",7,USC,McEachern (GA),2019.0,3.0,,"{'id': '5fee86ae-74ab-4bdd-8416-42a9dd9964f3', 'name': 'Jets', 'market': 'New York', 'alias': 'NYJ', 'sr_id': 'sr:competitor:4427'}",ACT,,,f7ddd7fa-0bae-4f90-bc8e-669e4d6cf2de,Jaguars,JAC,Jacksonville,,2025-08-06T22:13:19.996313
67a075f3-e687-47f5-a153-a0eda2a26fd6,De'Antre Prince,,De'Antre,Prince,CB,24.0,72,183.0,2000-10-12,"Charleston, MS, USA",2,Ole Miss,Charleston (MS),2024.0,5.0,,"{'id': 'f7ddd7fa-0bae-4f90-bc8e-669e4d6cf2de', 'name': 'Jaguars', 'market': 'Jacksonville', 'alias': 'JAC', 'sr_id': 'sr:competitor:4386'}",ACT,,,f7ddd7fa-0bae-4f90-bc8e-669e4d6cf2de,Jaguars,JAC,Jacksonville,,2025-08-06T22:13:19.996318
6cb523f0-248b-11f0-a52e-eb5362e96484,Patrick Herbert,,Patrick,Herbert,TE,47.0,77,255.0,,"Eugene, OR, USA",0,Oregon,Sheldon (OR),,,,,ACT,,,f7ddd7fa-0bae-4f90-bc8e-669e4d6cf2de,Jaguars,JAC,Jacksonville,,2025-08-06T22:13:19.996322
6eef8572-d9b4-4518-a759-19569e381e06,Yasir Abdullah,,Yasir,Abdullah,LB,56.0,73,240.0,2000-04-12,"Miami, FL, USA",3,Louisville,Miami Carol City Senior (FL),2023.0,5.0,,"{'id': 'f7ddd7fa-0bae-4f90-bc8e-669e4d6cf2de', 'name': 'Jaguars', 'market': 'Jacksonville', 'alias': 'JAC', 'sr_id': 'sr:competitor:4386'}",ACT,,,f7ddd7fa-0bae-4f90-bc8e-669e4d6cf2de,Jaguars,JAC,Jacksonville,,2025-08-06T22:13:19.996327
6f511f3c-2288-4726-8fff-39cd874907dd,Rayuan Lane III,,Rayuan,Lane,SAF,25.0,71,197.0,2003-07-21,"Jessup, MD, USA",0,Navy,Gilman (MD),2025.0,6.0,,"{'id': 'f7ddd7fa-0bae-4f90-bc8e-669e4d6cf2de', 'name': 'Jaguars', 'market': 'Jacksonville', 'alias': 'JAC', 'sr_id': 'sr:competitor:4386'}",ACT,,,f7ddd7fa-0bae-4f90-bc8e-669e4d6cf2de,Jaguars,JAC,Jacksonville,,2025-08-06T22:13:19.996332
7a6204a0-2490-11f0-84cb-1f27379fd896,Ethan Downs,,Ethan,Downs,DL,96.0,76,263.0,2002-10-13,"Weatherford, OK, USA",0,Oklahoma,Weatherford (OK),,,,,ACT,,,f7ddd7fa-0bae-4f90-bc8e-669e4d6cf2de,Jaguars,JAC,Jacksonville,,2025-08-06T22:13:19.996340
826620a0-249a-11f0-9302-cb167d81eff7,Ja'Quinden Jackson,,Ja'Quinden,Jackson,RB,38.0,74,233.0,2001-09-12,"Dallas, TX, USA",0,Arkansas,Duncanville (TX),,,,,ACT,,,f7ddd7fa-0bae-4f90-bc8e-669e4d6cf2de,Jaguars,JAC,Jacksonville,,2025-08-06T22:13:19.996349
83b67190-249e-11f0-9bac-31f52badb781,Cam'Ron Silmon-Craig,,Cam'Ron,Silmon-Craig,DB,32.0,70,185.0,,"Birmingham, AL, USA",0,Colorado,Trinity Christian (TX),,,,,ACT,,,f7ddd7fa-0bae-4f90-bc8e-669e4d6cf2de,Jaguars,JAC,Jacksonville,,2025-08-06T22:13:19.996358
870b148e-5abc-4dcf-a70c-db0df4b4dd75,Jack Kiser,,Jack,Kiser,LB,54.0,74,231.0,2000-09-10,"Royal Center, IN, USA",0,Notre Dame,Pioneer (IN),2025.0,4.0,,"{'id': 'f7ddd7fa-0bae-4f90-bc8e-669e4d6cf2de', 'name': 'Jaguars', 'market': 'Jacksonville', 'alias': 'JAC', 'sr_id': 'sr:competitor:4386'}",ACT,,,f7ddd7fa-0bae-4f90-bc8e-669e4d6cf2de,Jaguars,JAC,Jacksonville,,2025-08-06T22:13:19.996363
887dc7b2-fb32-4126-be14-509b40424d34,Dawuane Smoot,,Dawuane,Smoot,DE,58.0,75,275.0,1995-03-02,"Groveport, OH, USA",9,Illinois,Groveport Madison (OH),2017.0,3.0,,"{'id': 'f7ddd7fa-0bae-4f90-bc8e-669e4d6cf2de', 'name': 'Jaguars', 'market': 'Jacksonville', 'alias': 'JAC', 'sr_id': 'sr:competitor:4386'}",ACT,,,f7ddd7fa-0bae-4f90-bc8e-669e4d6cf2de,Jaguars,JAC,Jacksonville,,2025-08-06T22:13:19.996368
89c2a23b-613c-4131-986a-2c274340847a,Jalen McLeod,,Jalen,McLeod,LB,53.0,73,236.0,2002-06-05,"Washington, DC, USA",0,Auburn,Friendship (DC),2025.0,6.0,,"{'id': 'f7ddd7fa-0bae-4f90-bc8e-669e4d6cf2de', 'name': 'Jaguars', 'market': 'Jacksonville', 'alias': 'JAC', 'sr_id': 'sr:competitor:4386'}",ACT,,,f7ddd7fa-0bae-4f90-bc8e-669e4d6cf2de,Jaguars,JAC,Jacksonville,,2025-08-06T22:13:19.996372
95490459-68e2-4c72-bb60-eae1aab0ecb3,Devin Lloyd,,Devin,Lloyd,LB,0.0,75,235.0,1998-09-30,"Chula Vista, CA, USA",4,Utah,Otay Ranch (CA),2022.0,1.0,,"{'id': 'f7ddd7fa-0bae-4f90-bc8e-669e4d6cf2de', 'name': 'Jaguars', 'market': 'Jacksonville', 'alias': 'JAC', 'sr_id': 'sr:competitor:4386'}",ACT,,,f7ddd7fa-0bae-4f90-bc8e-669e4d6cf2de,Jaguars,JAC,Jacksonville,,2025-08-06T22:13:19.996382
95cd7ce9-e92a-40d9-997f-c7b16d0efd83,Fred Johnson,,Fred,Johnson,T,74.0,79,326.0,1997-06-05,"West Palm Beach, FL, USA",7,Florida,Royal Palm Beach (FL),,,,,ACT,,,f7ddd7fa-0bae-4f90-bc8e-669e4d6cf2de,Jaguars,JAC,Jacksonville,,2025-08-06T22:13:19.996386
9cf316c7-3850-4dc6-b094-2ed11737ebdb,Chad Muma,,Chad,Muma,LB,48.0,75,239.0,1999-08-18,"Lone Tree, CO, USA",4,Wyoming,Legend (CO),2022.0,3.0,,"{'id': 'f7ddd7fa-0bae-4f90-bc8e-669e4d6cf2de', 'name': 'Jaguars', 'market': 'Jacksonville', 'alias': 'JAC', 'sr_id': 'sr:competitor:4386'}",ACT,,,f7ddd7fa-0bae-4f90-bc8e-669e4d6cf2de,Jaguars,JAC,Jacksonville,,2025-08-06T22:13:19.996395
9e6926a1-830d-4051-87a4-64c06a1e6d5d,Anton Harrison,,Anton,Harrison,OL,77.0,76,315.0,2002-02-02,"Washington, DC, USA",3,Oklahoma,Archbishop Carroll (DC),2023.0,1.0,,"{'id': 'f7ddd7fa-0bae-4f90-bc8e-669e4d6cf2de', 'name': 'Jaguars', 'market': 'Jacksonville', 'alias': 'JAC', 'sr_id': 'sr:competitor:4386'}",ACT,,,f7ddd7fa-0bae-4f90-bc8e-669e4d6cf2de,Jaguars,JAC,Jacksonville,,2025-08-06T22:13:19.996399
9ebb0770-ec66-11ed-bb27-31248312f668,Ricky Lee,,Ricky,Lee,T,66.0,77,289.0,1999-11-16,"Jacksonville, FL, USA",2,North Carolina A&T,Robert E. Lee (FL),,,,,ACT,,,f7ddd7fa-0bae-4f90-bc8e-669e4d6cf2de,Jaguars,JAC,Jacksonville,,2025-08-06T22:13:19.996403
a18c5450-2499-11f0-a4b6-a99558c73b4d,Cam Camper,,Cam,Camper,WR,17.0,75,197.0,2001-08-21,"Lancaster, TX, USA",0,Boise State,Lancaster (TX),,,,,ACT,,,f7ddd7fa-0bae-4f90-bc8e-669e4d6cf2de,Jaguars,JAC,Jacksonville,,2025-08-06T22:13:19.996408
a7741ff0-2567-11f0-831d-a5b6ed781dda,Darius Lassiter,,Darius,Lassiter,WR,88.0,74,205.0,,"Chandler, AZ, USA",0,BYU,Lawrence (AZ),,,,,ACT,,,f7ddd7fa-0bae-4f90-bc8e-669e4d6cf2de,Jaguars,JAC,Jacksonville,,2025-08-06T22:13:19.996412
a887ad59-0e4b-4a9a-a7e4-cfd9f42fe7fb,Tyson Campbell,,Tyson,Campbell,CB,3.0,73,195.0,2000-03-17,"Plantation, FL, USA",5,Georgia,American Heritage (FL),2021.0,2.0,,"{'id': 'f7ddd7fa-0bae-4f90-bc8e-669e4d6cf2de', 'name': 'Jaguars', 'market': 'Jacksonville', 'alias': 'JAC', 'sr_id': 'sr:competitor:4386'}",ACT,,,f7ddd7fa-0bae-4f90-bc8e-669e4d6cf2de,Jaguars,JAC,Jacksonville,,2025-08-06T22:13:19.996416
a94f0507-44b0-4fb5-9e8c-fd21157ec1a6,DaVon Hamilton,,DaVon,Hamilton,DT,52.0,76,335.0,1997-02-01,"Pickerington, OH, USA",6,Ohio State,Pickerington Central (OH),2020.0,3.0,,"{'id': 'f7ddd7fa-0bae-4f90-bc8e-669e4d6cf2de', 'name': 'Jaguars', 'market': 'Jacksonville', 'alias': 'JAC', 'sr_id': 'sr:competitor:4386'}",ACT,,,f7ddd7fa-0bae-4f90-bc8e-669e4d6cf2de,Jaguars,JAC,Jacksonville,,2025-08-06T22:13:19.996421
acb7169f-3ffa-4386-9866-e06af6ed7fef,Arik Armstead,,Arik,Armstead,DT,91.0,79,290.0,1993-11-15,"Sacramento, CA, USA",11,Oregon,Pleasant Grove (CA),2015.0,1.0,,"{'id': 'f0e724b0-4cbf-495a-be47-013907608da9', 'name': '49ers', 'market': 'San Francisco', 'alias': 'SF', 'sr_id': 'sr:competitor:4389'}",ACT,,,f7ddd7fa-0bae-4f90-bc8e-669e4d6cf2de,Jaguars,JAC,Jacksonville,,2025-08-06T22:13:19.996430
accf49a0-248d-11f0-bb82-6bdcc18364fa,Eli Mostaert,,Eli,Mostaert,DL,67.0,75,289.0,,"Lakeville, MN, USA",0,North Dakota State,Lakeville North (MN),,,,,ACT,,,f7ddd7fa-0bae-4f90-bc8e-669e4d6cf2de,Jaguars,JAC,Jacksonville,,2025-08-06T22:13:19.996434
adcc651b-c635-4d09-a411-63452f8192fa,Ventrell Miller,,Ventrell,Miller,LB,51.0,72,232.0,1999-01-15,"Lakeland, FL, USA",3,Florida,Kathleen (FL),2023.0,4.0,,"{'id': 'f7ddd7fa-0bae-4f90-bc8e-669e4d6cf2de', 'name': 'Jaguars', 'market': 'Jacksonville', 'alias': 'JAC', 'sr_id': 'sr:competitor:4386'}",ACT,,,f7ddd7fa-0bae-4f90-bc8e-669e4d6cf2de,Jaguars,JAC,Jacksonville,,2025-08-06T22:13:19.996438
bcf06d60-248c-11f0-b375-ffb29ba5b2e3,Sal Wormley,,Sal,Wormley,OL,61.0,75,327.0,,"Newark, NJ, USA",0,Penn State,Smyrna (NJ),,,,,ACT,,,f7ddd7fa-0bae-4f90-bc8e-669e4d6cf2de,Jaguars,JAC,Jacksonville,,2025-08-06T22:13:19.996443
bd460ff0-2567-11f0-831d-a5b6ed781dda,Dorian Singer,,Dorian,Singer,WR,13.0,72,181.0,2002-10-16,"St. Paul, MN, USA",0,Utah,Pinnacle (MN),,,,,ACT,,,f7ddd7fa-0bae-4f90-bc8e-669e4d6cf2de,Jaguars,JAC,Jacksonville,,2025-08-06T22:13:19.996447
c410eacd-2692-41cd-97c4-4d7a0eaf1dd5,Ezra Cleveland,,Ezra,Cleveland,OL,76.0,78,312.0,1998-05-08,"Spanaway, WA, USA",6,Boise State,Bethel (WA),2020.0,2.0,,"{'id': '33405046-04ee-4058-a950-d606f8c30852', 'name': 'Vikings', 'market': 'Minnesota', 'alias': 'MIN', 'sr_id': 'sr:competitor:4423'}",ACT,,,f7ddd7fa-0bae-4f90-bc8e-669e4d6cf2de,Jaguars,JAC,Jacksonville,,2025-08-06T22:13:19.996460
ce4e14db-c509-4a67-9898-ecf64b5ef795,Montaric Brown,,Montaric,Brown,CB,30.0,72,190.0,1999-08-24,"Ashdown, AR, USA",4,Arkansas,Ashdown (AR),2022.0,7.0,,"{'id': 'f7ddd7fa-0bae-4f90-bc8e-669e4d6cf2de', 'name': 'Jaguars', 'market': 'Jacksonville', 'alias': 'JAC', 'sr_id': 'sr:competitor:4386'}",ACT,,,f7ddd7fa-0bae-4f90-bc8e-669e4d6cf2de,Jaguars,JAC,Jacksonville,,2025-08-06T22:13:19.996464
d027528c-6fb1-41bb-9ede-4f45ec731fdd,Patrick Mekari,,Patrick,Mekari,OL,65.0,76,305.0,1997-08-13,"Westlake Village, CA, USA",7,California,Westlake (CA),,,,,ACT,,,f7ddd7fa-0bae-4f90-bc8e-669e4d6cf2de,Jaguars,JAC,Jacksonville,,2025-08-06T22:13:19.996469
d525b4a5-5207-4c1c-8647-7560a151e602,Cole Van Lanen,,Cole,Van Lanen,OL,70.0,77,312.0,1998-04-23,"Green Bay, WI, USA",5,Wisconsin,Bay Port (WI),2021.0,6.0,,"{'id': 'a20471b4-a8d9-40c7-95ad-90cc30e46932', 'name': 'Packers', 'market': 'Green Bay', 'alias': 'GB', 'sr_id': 'sr:competitor:4420'}",ACT,,,f7ddd7fa-0bae-4f90-bc8e-669e4d6cf2de,Jaguars,JAC,Jacksonville,,2025-08-06T22:13:19.996473
dd7be5f3-c615-4621-92e1-2434519cb1f9,Josh Hines-Allen,,Josh,Hines-Allen,DE,41.0,77,255.0,1997-07-13,"Cumberland County, VA, USA",7,Kentucky,Montclair (NJ),2019.0,1.0,,"{'id': 'f7ddd7fa-0bae-4f90-bc8e-669e4d6cf2de', 'name': 'Jaguars', 'market': 'Jacksonville', 'alias': 'JAC', 'sr_id': 'sr:competitor:4386'}",ACT,,,f7ddd7fa-0bae-4f90-bc8e-669e4d6cf2de,Jaguars,JAC,Jacksonville,,2025-08-06T22:13:19.996478
e1b066fb-d077-42a3-9f5d-4ed560c9d777,Darnell Savage,,Darnell,Savage,SAF,6.0,71,198.0,1997-07-30,"Newark, DE, USA",7,Maryland,Caravel Academy (DE),2019.0,1.0,,"{'id': 'a20471b4-a8d9-40c7-95ad-90cc30e46932', 'name': 'Packers', 'market': 'Green Bay', 'alias': 'GB', 'sr_id': 'sr:competitor:4420'}",ACT,,,f7ddd7fa-0bae-4f90-bc8e-669e4d6cf2de,Jaguars,JAC,Jacksonville,,2025-08-06T22:13:19.996482
e21d11de-78f9-47a9-b69a-ae18207ab2c7,Tyler Lacy,,Tyler,Lacy,DT,93.0,76,279.0,1999-11-10,"Sachse, TX, USA",3,Oklahoma State,Sachse (TX),2023.0,4.0,,"{'id': 'f7ddd7fa-0bae-4f90-bc8e-669e4d6cf2de', 'name': 'Jaguars', 'market': 'Jacksonville', 'alias': 'JAC', 'sr_id': 'sr:competitor:4386'}",ACT,,,f7ddd7fa-0bae-4f90-bc8e-669e4d6cf2de,Jaguars,JAC,Jacksonville,,2025-08-06T22:13:19.996487
e98ba7e0-249b-11f0-8742-035980340b41,James Carpenter,,James,Carpenter,DL,99.0,74,288.0,,"Roanoke, VA, USA",0,Indiana,Roanoke Catholic (VA),,,,,ACT,,,f7ddd7fa-0bae-4f90-bc8e-669e4d6cf2de,Jaguars,JAC,Jacksonville,,2025-08-06T22:13:19.996491
ea1deae0-249d-11f0-bfee-1b4de76fc49e,Jabbar Muhammad,,Jabbar,Muhammad,DB,37.0,70,185.0,2001-12-28,"DeSoto, TX, USA",0,Oregon,DeSoto (TX),,,,,ACT,,,f7ddd7fa-0bae-4f90-bc8e-669e4d6cf2de,Jaguars,JAC,Jacksonville,,2025-08-06T22:13:19.996495
fac7a140-ee4e-4328-bc1a-dad500b1acfe,Jordan Jefferson,,Jordan,Jefferson,DT,98.0,74,316.0,2001-09-24,"Navarre, FL, USA",2,LSU,Navarre (FL),2024.0,4.0,,"{'id': 'f7ddd7fa-0bae-4f90-bc8e-669e4d6cf2de', 'name': 'Jaguars', 'market': 'Jacksonville', 'alias': 'JAC', 'sr_id': 'sr:competitor:4386'}",ACT,,,f7ddd7fa-0bae-4f90-bc8e-669e4d6cf2de,Jaguars,JAC,Jacksonville,,2025-08-06T22:13:19.996513
fb18e325-eab9-459f-a559-b482894eb0f5,Ross Matiscik,,Ross,Matiscik,LS,46.0,72,240.0,1996-09-13,"McKinney, TX, USA",6,Baylor,McKinney Boyd (TX),,,,,ACT,,,f7ddd7fa-0bae-4f90-bc8e-669e4d6cf2de,Jaguars,JAC,Jacksonville,,2025-08-06T22:13:19.996517
fb2dac4a-ee97-458c-856e-702d2fea5c64,Wyatt Milum,,Wyatt,Milum,OL,64.0,78,317.0,2002-12-27,"Kenova, WV, USA",0,West Virginia,Spring Valley (WV),2025.0,3.0,,"{'id': 'f7ddd7fa-0bae-4f90-bc8e-669e4d6cf2de', 'name': 'Jaguars', 'market': 'Jacksonville', 'alias': 'JAC', 'sr_id': 'sr:competitor:4386'}",ACT,,,f7ddd7fa-0bae-4f90-bc8e-669e4d6cf2de,Jaguars,JAC,Jacksonville,,2025-08-06T22:13:19.996521
fc21a61f-75aa-4398-973f-7ff1058e6a9e,Jarrian Jones,,Jarrian,Jones,CB,22.0,71,190.0,2001-05-08,"Magee, MS, USA",2,Florida State,Northwest Rankin (MS),2024.0,3.0,,"{'id': 'f7ddd7fa-0bae-4f90-bc8e-669e4d6cf2de', 'name': 'Jaguars', 'market': 'Jacksonville', 'alias': 'JAC', 'sr_id': 'sr:competitor:4386'}",ACT,,,f7ddd7fa-0bae-4f90-bc8e-669e4d6cf2de,Jaguars,JAC,Jacksonville,,2025-08-06T22:13:19.996526
fdba4859-95e2-40c5-8337-4aeb13e5b886,Javon Foster,,Javon,Foster,OL,62.0,77,313.0,2000-03-31,"Detroit, MI, USA",2,Missouri,West Bloomfield (MI),2024.0,4.0,,"{'id': 'f7ddd7fa-0bae-4f90-bc8e-669e4d6cf2de', 'name': 'Jaguars', 'market': 'Jacksonville', 'alias': 'JAC', 'sr_id': 'sr:competitor:4386'}",ACT,,,f7ddd7fa-0bae-4f90-bc8e-669e4d6cf2de,Jaguars,JAC,Jacksonville,,2025-08-06T22:13:19.996530
ff9ef130-249c-11f0-8c08-114b3355c43b,Branson Combs,,Branson,Combs,LB,50.0,75,228.0,2000-07-14,"Evansville, IN, USA",0,Wake Forest,Reitz Memorial (IN),,,,,ACT,,,f7ddd7fa-0bae-4f90-bc8e-669e4d6cf2de,Jaguars,JAC,Jacksonville,,2025-08-06T22:13:19.996534
04ae0bca-f5c5-483b-bf55-967f1423cb45,Thomas Hennessy,,Thomas,Hennessy,LS,42.0,74,246.0,1994-06-11,"Bardonia, NY, USA",9,Duke,Don Bosco Prep (NJ),,,,,ACT,,,5fee86ae-74ab-4bdd-8416-42a9dd9964f3,Jets,NYJ,New York,,2025-08-06T22:13:21.630034
07d2be51-73c2-4f26-81d5-bc6e9b88bff2,Mason Taylor,,Mason,Taylor,TE,85.0,77,251.0,2004-05-08,"Plantation, FL, USA",0,LSU,St. Thomas Aquinas (FL),2025.0,2.0,,"{'id': '5fee86ae-74ab-4bdd-8416-42a9dd9964f3', 'name': 'Jets', 'market': 'New York', 'alias': 'NYJ', 'sr_id': 'sr:competitor:4427'}",ACT,,,5fee86ae-74ab-4bdd-8416-42a9dd9964f3,Jets,NYJ,New York,,2025-08-06T22:13:21.630066
0954be40-263b-11f0-be24-09e61e8cea0d,Dymere Miller,,Dymere,Miller,WR,35.0,71,184.0,,"Coatesville, PA, USA",0,Rutgers,Coatesville (PA),,,,,ACT,,,5fee86ae-74ab-4bdd-8416-42a9dd9964f3,Jets,NYJ,New York,,2025-08-06T22:13:21.630078
09db6210-d2ec-11ec-96a0-c3471a31202c,Kingsley Jonathan,,Kingsley,Jonathan,DE,57.0,76,260.0,1998-04-28,"Baltimore, MD, USA",3,Syracuse,St. Frances Academy (MD),,,,,ACT,,,5fee86ae-74ab-4bdd-8416-42a9dd9964f3,Jets,NYJ,New York,,2025-08-06T22:13:21.630090
0c0b4831-15c3-4724-bb26-928a9784a179,Max Mitchell,,Max,Mitchell,OL,61.0,78,307.0,1999-10-12,"Monroe, LA, USA",4,Louisiana,Neville (LA),2022.0,4.0,,"{'id': '5fee86ae-74ab-4bdd-8416-42a9dd9964f3', 'name': 'Jets', 'market': 'New York', 'alias': 'NYJ', 'sr_id': 'sr:competitor:4427'}",ACT,,,5fee86ae-74ab-4bdd-8416-42a9dd9964f3,Jets,NYJ,New York,,2025-08-06T22:13:21.630101
0e9ea316-700d-4368-86c1-d1181fc64f52,Jamien Sherwood,,Jamien,Sherwood,LB,44.0,74,216.0,2000-01-12,"Jensen Beach, FL, USA",5,Auburn,Jensen Beach (FL),2021.0,5.0,,"{'id': '5fee86ae-74ab-4bdd-8416-42a9dd9964f3', 'name': 'Jets', 'market': 'New York', 'alias': 'NYJ', 'sr_id': 'sr:competitor:4427'}",ACT,,,5fee86ae-74ab-4bdd-8416-42a9dd9964f3,Jets,NYJ,New York,,2025-08-06T22:13:21.630113
0fff38c0-6c85-11f0-bc0e-4ba8054abf12,Lawrance Toafili,,Lawrance,Toafili,RB,38.0,72,185.0,,"St. Petersburg, FL, USA",0,Florida State,Pinellas Park (FL),,,,,ACT,,,5fee86ae-74ab-4bdd-8416-42a9dd9964f3,Jets,NYJ,New York,,2025-08-06T22:13:21.630123
117d2769-60b3-47f0-be7f-f47fe36e0ac9,Michael Carter II,,Michael,Carter,CB,30.0,70,184.0,1999-03-08,"Douglasville, GA, USA",5,Duke,South Paulding (GA),2021.0,5.0,,"{'id': '5fee86ae-74ab-4bdd-8416-42a9dd9964f3', 'name': 'Jets', 'market': 'New York', 'alias': 'NYJ', 'sr_id': 'sr:competitor:4427'}",ACT,,,5fee86ae-74ab-4bdd-8416-42a9dd9964f3,Jets,NYJ,New York,,2025-08-06T22:13:21.630135
162f3110-24fe-11f0-9c33-270dfe4c58dc,Donovan Edwards,,Donovan,Edwards,RB,40.0,73,212.0,2003-02-25,"West Bloomfield, MI, USA",0,Michigan,West Bloomfield (MI),,,,,ACT,,,5fee86ae-74ab-4bdd-8416-42a9dd9964f3,Jets,NYJ,New York,,2025-08-06T22:13:21.630145
177cbd40-2ce1-11f0-9704-05df0b0bc434,Payton Page,,Payton,Page,DT,69.0,76,300.0,,"Greensboro, NC, USA",0,Clemson,Dudley (NC),,,,,ACT,,,5fee86ae-74ab-4bdd-8416-42a9dd9964f3,Jets,NYJ,New York,,2025-08-06T22:13:21.630155
1e5595fd-5488-4762-9987-f568eeadecc9,Josh Myers,,Josh,Myers,C,71.0,77,310.0,1998-07-16,"Miamisburg, OH, USA",5,Ohio State,Miamisburg (OH),2021.0,2.0,,"{'id': 'a20471b4-a8d9-40c7-95ad-90cc30e46932', 'name': 'Packers', 'market': 'Green Bay', 'alias': 'GB', 'sr_id': 'sr:competitor:4420'}",ACT,,,5fee86ae-74ab-4bdd-8416-42a9dd9964f3,Jets,NYJ,New York,,2025-08-06T22:13:21.630166
21792a74-7864-4234-bc47-891d5f9e7024,Will McDonald IV,,Will,McDonald,DE,9.0,76,245.0,1999-06-04,"Pewaukee, WI, USA",3,Iowa State,Waukesha North (WI),2023.0,1.0,,"{'id': '5fee86ae-74ab-4bdd-8416-42a9dd9964f3', 'name': 'Jets', 'market': 'New York', 'alias': 'NYJ', 'sr_id': 'sr:competitor:4427'}",ACT,,,5fee86ae-74ab-4bdd-8416-42a9dd9964f3,Jets,NYJ,New York,,2025-08-06T22:13:21.630178
250da6c8-2222-4438-9800-60d7bbb449d7,Andre Cisco,,Andre,Cisco,SAF,8.0,72,210.0,2000-03-23,"Queens, NY, USA",5,Syracuse,IMG Academy (FL),2021.0,3.0,,"{'id': 'f7ddd7fa-0bae-4f90-bc8e-669e4d6cf2de', 'name': 'Jaguars', 'market': 'Jacksonville', 'alias': 'JAC', 'sr_id': 'sr:competitor:4386'}",ACT,,,5fee86ae-74ab-4bdd-8416-42a9dd9964f3,Jets,NYJ,New York,,2025-08-06T22:13:21.630189
28558bf5-c09f-49ec-8cad-0154971728a0,Rashad Weaver,,Rashad,Weaver,DL,99.0,76,259.0,1997-11-10,"Fort Lauderdale, FL, USA",5,Pittsburgh,Cooper City (FL),2021.0,4.0,,"{'id': 'd26a1ca5-722d-4274-8f97-c92e49c96315', 'name': 'Titans', 'market': 'Tennessee', 'alias': 'TEN', 'sr_id': 'sr:competitor:367364'}",ACT,,,5fee86ae-74ab-4bdd-8416-42a9dd9964f3,Jets,NYJ,New York,,2025-08-06T22:13:21.630201
2fdc48c0-ce1a-11ec-bebb-4fec1e38b0e5,Mario Goodrich,,Mario,Goodrich,DB,43.0,72,186.0,2000-01-12,"Kansas City, MO, USA",2,Clemson,Lee's Summit West (MO),,,,,ACT,,,5fee86ae-74ab-4bdd-8416-42a9dd9964f3,Jets,NYJ,New York,,2025-08-06T22:13:21.630222
33de9480-2503-11f0-8a51-f162e3f98ebd,Leander Wiegand,,Leander,Wiegand,OL,64.0,77,291.0,1999-08-24,"Berlin,, DEU",0,UCF,,,,,,ACT,,,5fee86ae-74ab-4bdd-8416-42a9dd9964f3,Jets,NYJ,New York,,2025-08-06T22:13:21.630232
35128270-0723-11ef-a052-d3a99c461986,Jackson Sirmon,,Jackson,Sirmon,LB,49.0,74,240.0,2000-04-15,"Brentwood, TN, USA",1,California,Loyola (CA),,,,,ACT,,,5fee86ae-74ab-4bdd-8416-42a9dd9964f3,Jets,NYJ,New York,,2025-08-06T22:13:21.630242
3c69c44b-9d3c-478d-82a5-42852df8ddd7,Qwan'tez Stiggers,,Qwan'tez,Stiggers,CB,37.0,72,197.0,2002-01-08,"Atlanta, GA, USA",2,,B.E.S.T Academy (GA),2024.0,5.0,,"{'id': '5fee86ae-74ab-4bdd-8416-42a9dd9964f3', 'name': 'Jets', 'market': 'New York', 'alias': 'NYJ', 'sr_id': 'sr:competitor:4427'}",ACT,,,5fee86ae-74ab-4bdd-8416-42a9dd9964f3,Jets,NYJ,New York,,2025-08-06T22:13:21.630253
3ef47770-09a4-11ef-a906-496bfb9579df,Ryan Cooper,,Bump,Cooper,CB,46.0,71,192.0,2001-08-31,"San Jose, CA, USA",1,Oregon State,Wilcox (CA),,,,,ACT,,,5fee86ae-74ab-4bdd-8416-42a9dd9964f3,Jets,NYJ,New York,,2025-08-06T22:13:21.630263
3fa97e08-13d9-47a8-b155-39f975964d47,Byron Cowart,,Byron,Cowart,DT,93.0,75,300.0,1996-05-20,"Seffner, FL, USA",5,Maryland,Armwood (FL),2019.0,5.0,,"{'id': '97354895-8c77-4fd4-a860-32e62ea7382a', 'name': 'Patriots', 'market': 'New England', 'alias': 'NE', 'sr_id': 'sr:competitor:4424'}",ACT,,,5fee86ae-74ab-4bdd-8416-42a9dd9964f3,Jets,NYJ,New York,,2025-08-06T22:13:21.630275
40b40970-ca83-11ec-97ae-e1573849d1a6,Marcelino McCrary-Ball,,Marcelino,McCrary-Ball,LB,41.0,72,214.0,1999-03-23,"Roswell, GA, USA",2,Indiana,Roswell (GA),,,,,ACT,,,5fee86ae-74ab-4bdd-8416-42a9dd9964f3,Jets,NYJ,New York,,2025-08-06T22:13:21.630285
44a26690-2d1d-11ef-9680-b58149eaa8c4,Liam Fornadel,,Liam,Fornadel,G,50.0,76,312.0,1999-06-17,"Wyckoff, NJ, USA",1,James Madison,Don Bosco Prep (NJ),,,,,ACT,,,5fee86ae-74ab-4bdd-8416-42a9dd9964f3,Jets,NYJ,New York,,2025-08-06T22:13:21.630295
469e4a2a-d6f0-49fc-bd82-42e88356530a,Malachi Moore,,Malachi,Moore,DB,27.0,71,196.0,2001-09-13,"Trussville, AL, USA",0,Alabama,Hewitt-Trussville (AL),2025.0,4.0,,"{'id': '5fee86ae-74ab-4bdd-8416-42a9dd9964f3', 'name': 'Jets', 'market': 'New York', 'alias': 'NYJ', 'sr_id': 'sr:competitor:4427'}",ACT,,,5fee86ae-74ab-4bdd-8416-42a9dd9964f3,Jets,NYJ,New York,,2025-08-06T22:13:21.630307
4739afd8-0aa4-4b23-a417-41d15e8094be,Carter Warren,,Carter,Warren,T,67.0,77,311.0,1999-01-19,"Paterson, NJ, USA",3,Pittsburgh,Passaic Tech (NJ),2023.0,4.0,,"{'id': '5fee86ae-74ab-4bdd-8416-42a9dd9964f3', 'name': 'Jets', 'market': 'New York', 'alias': 'NYJ', 'sr_id': 'sr:competitor:4427'}",ACT,,,5fee86ae-74ab-4bdd-8416-42a9dd9964f3,Jets,NYJ,New York,,2025-08-06T22:13:21.630318
4916c770-2501-11f0-aed8-c154e65d4269,Brady Cook,,Brady,Cook,QB,4.0,74,215.0,2001-10-12,"St. Louis, MO, USA",0,Missouri,Chaminade (MO),,,,,ACT,,,5fee86ae-74ab-4bdd-8416-42a9dd9964f3,Jets,NYJ,New York,,2025-08-06T22:13:21.630339
4c20ddb0-2502-11f0-b516-a98458eeb2a7,Ja'Markis Weston,,Ja'Markis,Weston,LB,54.0,74,235.0,,"Clewiston, FL, USA",0,Florida,Clewiston (FL),,,,,ACT,,,5fee86ae-74ab-4bdd-8416-42a9dd9964f3,Jets,NYJ,New York,,2025-08-06T22:13:21.630349
50b0d800-2500-11f0-8ae1-fb7a38cec501,Jordan Clark,,Jordan,Clark,CB,33.0,69,184.0,2001-04-22,"Baton Rouge, LA, USA",0,Notre Dame,University Lab (LA),,,,,ACT,,,5fee86ae-74ab-4bdd-8416-42a9dd9964f3,Jets,NYJ,New York,,2025-08-06T22:13:21.630359
55fe8587-9190-4ad9-8517-fcb330341ed3,John Simpson,,John,Simpson,OL,76.0,76,330.0,1997-08-19,"North Charleston, SC, USA",6,Clemson,Fort Dorchester (SC),2020.0,4.0,,"{'id': '7d4fcc64-9cb5-4d1b-8e75-8a906d1e1576', 'name': 'Raiders', 'market': 'Las Vegas', 'alias': 'LV', 'sr_id': 'sr:competitor:4390'}",ACT,,,5fee86ae-74ab-4bdd-8416-42a9dd9964f3,Jets,NYJ,New York,,2025-08-06T22:13:21.630371
5c1f81ec-ddb5-4a75-9451-a2933ed5055d,Micheal Clemons,,Micheal,Clemons,DL,72.0,77,263.0,1997-08-21,"Garland, TX, USA",4,Texas A&M,Sachse (TX),2022.0,4.0,,"{'id': '5fee86ae-74ab-4bdd-8416-42a9dd9964f3', 'name': 'Jets', 'market': 'New York', 'alias': 'NYJ', 'sr_id': 'sr:competitor:4427'}",ACT,,,5fee86ae-74ab-4bdd-8416-42a9dd9964f3,Jets,NYJ,New York,,2025-08-06T22:13:21.630382
5c88dfe0-263d-11f0-bc05-35688843c4e0,Gus Hartwig,,Gus,Hartwig,C,,77,312.0,2002-01-21,"Zionsville, IN, USA",0,Purdue,Zionsville (IN),,,,,IR,,,5fee86ae-74ab-4bdd-8416-42a9dd9964f3,Jets,NYJ,New York,,2025-08-06T22:13:21.630392
5fce55c0-097b-11ef-82af-530a0ea88666,Eric Watts,,Eric,Watts,DL,58.0,77,277.0,2000-10-01,"Sumter, SC, USA",2,UConn,Sumter (SC),,,,,ACT,,,5fee86ae-74ab-4bdd-8416-42a9dd9964f3,Jets,NYJ,New York,,2025-08-06T22:13:21.630402
6484ba1b-2145-46fb-83f7-c38baa3080c0,Jamin Davis,,Jamin,Davis,LB,52.0,76,234.0,1998-12-12,"Honolulu, HI, USA",5,Kentucky,Long County (GA),2021.0,1.0,,"{'id': '22052ff7-c065-42ee-bc8f-c4691c50e624', 'name': 'Commanders', 'market': 'Washington', 'alias': 'WAS', 'sr_id': 'sr:competitor:4432'}",ACT,,,5fee86ae-74ab-4bdd-8416-42a9dd9964f3,Jets,NYJ,New York,,2025-08-06T22:13:21.630414
66394a78-5537-4a12-a876-4a887f780aba,Zack Kuntz,,Zack,Kuntz,TE,88.0,80,251.0,1999-06-06,"Harrisburg, PA, USA",1,Old Dominion,Camp Hill (PA),2023.0,7.0,,"{'id': '5fee86ae-74ab-4bdd-8416-42a9dd9964f3', 'name': 'Jets', 'market': 'New York', 'alias': 'NYJ', 'sr_id': 'sr:competitor:4427'}",ACT,,,5fee86ae-74ab-4bdd-8416-42a9dd9964f3,Jets,NYJ,New York,,2025-08-06T22:13:21.630425
663ada70-0717-11ef-94de-1b2fbd1e412b,Harrison Mevis,,Harrison,Mevis,K,45.0,71,243.0,2002-03-27,"Warsaw, IN, USA",1,Missouri,Warsaw (IN),,,,,ACT,,,5fee86ae-74ab-4bdd-8416-42a9dd9964f3,Jets,NYJ,New York,,2025-08-06T22:13:21.630435
6aa62324-5bbb-4059-bd22-65ad7a8cdb74,Azareye'h Thomas,,Azareye'h,Thomas,CB,23.0,73,197.0,2004-07-06,"Niceville, FL, USA",0,Florida State,Niceville (FL),2025.0,3.0,,"{'id': '5fee86ae-74ab-4bdd-8416-42a9dd9964f3', 'name': 'Jets', 'market': 'New York', 'alias': 'NYJ', 'sr_id': 'sr:competitor:4427'}",ACT,,,5fee86ae-74ab-4bdd-8416-42a9dd9964f3,Jets,NYJ,New York,,2025-08-06T22:13:21.630479
73b4df80-07c5-11ef-aea8-e38ca6138631,Neal Johnson,,Neal,Johnson,TE,86.0,76,250.0,2001-08-03,"Mesquite, TX, USA",1,Louisiana,West Mesquite (TX),,,,,ACT,,,5fee86ae-74ab-4bdd-8416-42a9dd9964f3,Jets,NYJ,New York,,2025-08-06T22:13:21.630499
79a2bcb9-b390-4486-b64a-db81b246bf68,Jay Tufele,,Jay,Tufele,DT,78.0,75,305.0,1999-07-25,"Salt Lake City, UT, USA",5,USC,Bingham (UT),2021.0,4.0,,"{'id': 'f7ddd7fa-0bae-4f90-bc8e-669e4d6cf2de', 'name': 'Jaguars', 'market': 'Jacksonville', 'alias': 'JAC', 'sr_id': 'sr:competitor:4386'}",ACT,,,5fee86ae-74ab-4bdd-8416-42a9dd9964f3,Jets,NYJ,New York,,2025-08-06T22:13:21.630511
8227621d-ad2e-4dea-aef5-64d4f154adb2,Quincy Williams,,Quincy,Williams,LB,56.0,71,230.0,1996-08-28,"Birmingham, AL, USA",7,Murray State,Wenonah (AL),2019.0,3.0,,"{'id': 'f7ddd7fa-0bae-4f90-bc8e-669e4d6cf2de', 'name': 'Jaguars', 'market': 'Jacksonville', 'alias': 'JAC', 'sr_id': 'sr:competitor:4386'}",ACT,,,5fee86ae-74ab-4bdd-8416-42a9dd9964f3,Jets,NYJ,New York,,2025-08-06T22:13:21.630533
83d45661-2687-4ca9-ac45-91beac7b7082,Isaiah Oliver,,Isaiah,Oliver,CB,26.0,72,202.0,1996-09-30,"Phoenix, AZ, USA",8,Colorado,Brophy (AZ),2018.0,2.0,,"{'id': 'e6aa13a4-0055-48a9-bc41-be28dc106929', 'name': 'Falcons', 'market': 'Atlanta', 'alias': 'ATL', 'sr_id': 'sr:competitor:4393'}",ACT,,,5fee86ae-74ab-4bdd-8416-42a9dd9964f3,Jets,NYJ,New York,,2025-08-06T22:13:21.630544
8774aba0-d3be-11ec-96a0-c3471a31202c,Tony Adams,,Tony,Adams,SAF,22.0,71,203.0,1999-01-24,"Belleville, IL, USA",4,Illinois,St. Louis University (MO),,,,,ACT,,,5fee86ae-74ab-4bdd-8416-42a9dd9964f3,Jets,NYJ,New York,,2025-08-06T22:13:21.630575
8b7b163e-d0a7-4dde-b7b5-8da96d220e5d,Francisco Mauigoa,,Francisco,Mauigoa,LB,51.0,74,233.0,2003-03-17,"ili'ili,, ASM",0,Miami (FL),Aquinas (CA),2025.0,5.0,,"{'id': '5fee86ae-74ab-4bdd-8416-42a9dd9964f3', 'name': 'Jets', 'market': 'New York', 'alias': 'NYJ', 'sr_id': 'sr:competitor:4427'}",ACT,,,5fee86ae-74ab-4bdd-8416-42a9dd9964f3,Jets,NYJ,New York,,2025-08-06T22:13:21.630587
8c7c7f4c-f8cc-4e02-aa0f-f794a1afd6ae,Arian Smith,,Arian,Smith,WR,82.0,72,179.0,2001-10-11,"Bradley, FL, USA",0,Georgia,Mulberry (FL),2025.0,4.0,,"{'id': '5fee86ae-74ab-4bdd-8416-42a9dd9964f3', 'name': 'Jets', 'market': 'New York', 'alias': 'NYJ', 'sr_id': 'sr:competitor:4427'}",ACT,,,5fee86ae-74ab-4bdd-8416-42a9dd9964f3,Jets,NYJ,New York,,2025-08-06T22:13:21.630598
8dcb1e01-e200-4ba0-be45-1dc8871d9838,Tyler Baron,,Tyler,Baron,DL,94.0,76,258.0,2001-10-22,"Knoxville, TN, USA",0,Miami (FL),Knoxville Catholic (TN),2025.0,5.0,,"{'id': '5fee86ae-74ab-4bdd-8416-42a9dd9964f3', 'name': 'Jets', 'market': 'New York', 'alias': 'NYJ', 'sr_id': 'sr:competitor:4427'}",ACT,,,5fee86ae-74ab-4bdd-8416-42a9dd9964f3,Jets,NYJ,New York,,2025-08-06T22:13:21.630609
8eae21b0-071c-11ef-a3c0-935b79634141,Braiden McGregor,,Braiden,McGregor,DE,55.0,78,267.0,2001-07-12,"Port Huron, MI, USA",2,Michigan,Port Huron Northern (MI),,,,,ACT,,,5fee86ae-74ab-4bdd-8416-42a9dd9964f3,Jets,NYJ,New York,,2025-08-06T22:13:21.630619
96fdd2ed-d54e-40f5-beb1-40c5b3fd4bfb,Kris Boyd,,Kris,Boyd,CB,17.0,71,201.0,1996-09-12,"Gilmer, TX, USA",7,Texas,Gilmer (TX),2019.0,7.0,,"{'id': '33405046-04ee-4058-a950-d606f8c30852', 'name': 'Vikings', 'market': 'Minnesota', 'alias': 'MIN', 'sr_id': 'sr:competitor:4423'}",ACT,,,5fee86ae-74ab-4bdd-8416-42a9dd9964f3,Jets,NYJ,New York,,2025-08-06T22:13:21.630642
9c32f8cb-807a-4864-bc0b-b846d279606d,Sauce Gardner,,Sauce,Gardner,CB,1.0,75,190.0,2000-08-31,"Detroit, MI, USA",4,Cincinnati,Martin Luther King (MI),2022.0,1.0,,"{'id': '5fee86ae-74ab-4bdd-8416-42a9dd9964f3', 'name': 'Jets', 'market': 'New York', 'alias': 'NYJ', 'sr_id': 'sr:competitor:4427'}",ACT,,,5fee86ae-74ab-4bdd-8416-42a9dd9964f3,Jets,NYJ,New York,,2025-08-06T22:13:21.630653
a1182eb3-26cb-4d34-b29a-df673973f08b,Derrick Nnadi,,Derrick,Nnadi,DT,91.0,73,317.0,1996-05-09,"Virginia Beach, VA, USA",8,Florida State,Ocean Lakes (VA),2018.0,3.0,,"{'id': '6680d28d-d4d2-49f6-aace-5292d3ec02c2', 'name': 'Chiefs', 'market': 'Kansas City', 'alias': 'KC', 'sr_id': 'sr:competitor:4422'}",ACT,,,5fee86ae-74ab-4bdd-8416-42a9dd9964f3,Jets,NYJ,New York,,2025-08-06T22:13:21.630664
a1aa3c7c-7043-41a3-a522-a34a8ae3f085,Phidarian Mathis,,Phidarian,Mathis,DT,98.0,76,312.0,1998-04-26,"Wisner, LA, USA",4,Alabama,Neville (LA),2022.0,2.0,,"{'id': '22052ff7-c065-42ee-bc8f-c4691c50e624', 'name': 'Commanders', 'market': 'Washington', 'alias': 'WAS', 'sr_id': 'sr:competitor:4432'}",ACT,,,5fee86ae-74ab-4bdd-8416-42a9dd9964f3,Jets,NYJ,New York,,2025-08-06T22:13:21.630676
a4e669b3-32f3-4762-8b01-df6ef8dd0e51,Chukwuma Okorafor,,Chukwuma,Okorafor,T,79.0,78,320.0,1997-08-08,"Southfield, MI, USA",7,Western Michigan,Southfield (MI),2018.0,3.0,,"{'id': 'cb2f9f1f-ac67-424e-9e72-1475cb0ed398', 'name': 'Steelers', 'market': 'Pittsburgh', 'alias': 'PIT', 'sr_id': 'sr:competitor:4345'}",ACT,,,5fee86ae-74ab-4bdd-8416-42a9dd9964f3,Jets,NYJ,New York,,2025-08-06T22:13:21.630687
b3161f70-24fe-11f0-95dd-439d3ee090de,Dean Clark,,Dean,Clark,SAF,35.0,73,206.0,,"Massillon, OH, USA",0,Fresno State,Massillon Washington (OH),,,,,ACT,,,5fee86ae-74ab-4bdd-8416-42a9dd9964f3,Jets,NYJ,New York,,2025-08-06T22:13:21.630697
b37c621e-1125-4c35-bea0-fcabb1527060,Nick Folk,,Nick,Folk,K,18.0,73,222.0,1984-11-05,"Hollywood, CA, USA",18,Arizona,Notre Dame (CA),2007.0,6.0,,"{'id': 'e627eec7-bbae-4fa4-8e73-8e1d6bc5c060', 'name': 'Cowboys', 'market': 'Dallas', 'alias': 'DAL', 'sr_id': 'sr:competitor:4392'}",ACT,,,5fee86ae-74ab-4bdd-8416-42a9dd9964f3,Jets,NYJ,New York,,2025-08-06T22:13:21.630708
b5fdb5c0-ec77-11ed-8372-71b34770f6bc,Tanner McCalister,,Tanner,McCalister,DB,31.0,71,191.0,2000-01-27,"Rockwall, TX, USA",1,Ohio State,Rockwall-Heath (TX),,,,,ACT,,,5fee86ae-74ab-4bdd-8416-42a9dd9964f3,Jets,NYJ,New York,,2025-08-06T22:13:21.630729
b7460ba0-e842-11ed-98b5-8b2286b14fb8,Samuel Jackson,,Samuel,Jackson,OL,68.0,77,325.0,1998-12-29,"Bradenton, FL, USA",1,UCF,Lakewood Ranch (FL),,,,,ACT,,,5fee86ae-74ab-4bdd-8416-42a9dd9964f3,Jets,NYJ,New York,,2025-08-06T22:13:21.630739
b8e0fa49-1122-4e97-9fe2-d90f6b7cb444,Quinnen Williams,,Quinnen,Williams,DL,95.0,75,303.0,1997-12-05,"Birmingham, AL, USA",7,Alabama,Wenonah (AL),2019.0,1.0,,"{'id': '5fee86ae-74ab-4bdd-8416-42a9dd9964f3', 'name': 'Jets', 'market': 'New York', 'alias': 'NYJ', 'sr_id': 'sr:competitor:4427'}",ACT,,,5fee86ae-74ab-4bdd-8416-42a9dd9964f3,Jets,NYJ,New York,,2025-08-06T22:13:21.630750
b96ba3c0-327f-11f0-afe9-4f1211e8b65c,Michael Fletcher,,Michael,Fletcher,DE,97.0,78,275.0,,"Flint, MI, USA",0,Appalachian State,Carman-Ainsworth (MI),,,,,ACT,,,5fee86ae-74ab-4bdd-8416-42a9dd9964f3,Jets,NYJ,New York,,2025-08-06T22:13:21.630760
ba2d2783-654f-4621-9160-06ebb4bafd77,Zaire Barnes,,Zaire,Barnes,LB,53.0,73,227.0,1999-09-03,"Mundelein, IL, USA",3,Western Michigan,Carmel Catholic (IL),2023.0,6.0,,"{'id': '5fee86ae-74ab-4bdd-8416-42a9dd9964f3', 'name': 'Jets', 'market': 'New York', 'alias': 'NYJ', 'sr_id': 'sr:competitor:4427'}",ACT,,,5fee86ae-74ab-4bdd-8416-42a9dd9964f3,Jets,NYJ,New York,,2025-08-06T22:13:21.630771
c30da9e4-f0d5-472f-9c20-45f2bc7eaa54,Brandon Stephens,,Brandon,Stephens,CB,21.0,73,215.0,1997-12-29,"Plano, TX, USA",5,SMU,Plano (TX),2021.0,3.0,,"{'id': 'ebd87119-b331-4469-9ea6-d51fe3ce2f1c', 'name': 'Ravens', 'market': 'Baltimore', 'alias': 'BAL', 'sr_id': 'sr:competitor:4413'}",ACT,,,5fee86ae-74ab-4bdd-8416-42a9dd9964f3,Jets,NYJ,New York,,2025-08-06T22:13:21.630794
c506285e-abfb-4503-b981-20aaa0bf49a0,Jarrick Bernard-Converse,,Jarrick,Bernard-Converse,CB,29.0,73,205.0,2000-04-29,"Shreveport, LA, USA",3,LSU,Evangel Christian Academy (LA),2023.0,6.0,,"{'id': '5fee86ae-74ab-4bdd-8416-42a9dd9964f3', 'name': 'Jets', 'market': 'New York', 'alias': 'NYJ', 'sr_id': 'sr:competitor:4427'}",ACT,,,5fee86ae-74ab-4bdd-8416-42a9dd9964f3,Jets,NYJ,New York,,2025-08-06T22:13:21.630805
c5b6d4e6-6fbe-4db1-968e-16e15e3db099,Joe Tippmann,,Joe,Tippmann,C,66.0,78,313.0,2001-03-24,"Fort Wayne, IN, USA",3,Wisconsin,Bishop Dwenger (IN),2023.0,2.0,,"{'id': '5fee86ae-74ab-4bdd-8416-42a9dd9964f3', 'name': 'Jets', 'market': 'New York', 'alias': 'NYJ', 'sr_id': 'sr:competitor:4427'}",ACT,,,5fee86ae-74ab-4bdd-8416-42a9dd9964f3,Jets,NYJ,New York,,2025-08-06T22:13:21.630816
c75ff2e0-263d-11f0-a940-330e05bc8658,Aaron Smith,,Boog,Smith,LB,48.0,74,230.0,,"Manning, SC, USA",0,South Carolina State,Manning (SC),,,,,ACT,,,5fee86ae-74ab-4bdd-8416-42a9dd9964f3,Jets,NYJ,New York,,2025-08-06T22:13:21.630826
c76beac1-4908-42a9-8f1b-052aabe1eb61,Alijah Vera-Tucker,,Alijah,Vera-Tucker,G,75.0,77,308.0,1999-06-17,"Oakland, CA, USA",5,USC,Bishop O'Dowd (CA),2021.0,1.0,,"{'id': '5fee86ae-74ab-4bdd-8416-42a9dd9964f3', 'name': 'Jets', 'market': 'New York', 'alias': 'NYJ', 'sr_id': 'sr:competitor:4427'}",ACT,,,5fee86ae-74ab-4bdd-8416-42a9dd9964f3,Jets,NYJ,New York,,2025-08-06T22:13:21.630838
c9ef678b-959b-445b-b32a-81c767c8ad65,Brandon Smith,,Brandon,Smith,WR,87.0,73,218.0,1998-12-10,"Lake Cormorant, MS, USA",1,Iowa,Lake Cormorant (MS),,,,,ACT,,,5fee86ae-74ab-4bdd-8416-42a9dd9964f3,Jets,NYJ,New York,,2025-08-06T22:13:21.630848
ca361691-b2ce-410f-9d96-2d18b8b48b4b,Jermaine Johnson,,Jermaine,Johnson,LB,11.0,77,254.0,1999-01-07,"Eden Prairie, MN, USA",4,Florida State,Eden Prairie (MN),2022.0,1.0,,"{'id': '5fee86ae-74ab-4bdd-8416-42a9dd9964f3', 'name': 'Jets', 'market': 'New York', 'alias': 'NYJ', 'sr_id': 'sr:competitor:4427'}",PUP,,,5fee86ae-74ab-4bdd-8416-42a9dd9964f3,Jets,NYJ,New York,,2025-08-06T22:13:21.630859
cad27c20-071e-11ef-9fb1-eb76adac1fa7,Leonard Taylor III,,Leonard,Taylor,DL,96.0,75,305.0,2002-05-29,"Miami, FL, USA",2,Miami (FL),Miami Palmetto (FL),,,,,ACT,,,5fee86ae-74ab-4bdd-8416-42a9dd9964f3,Jets,NYJ,New York,,2025-08-06T22:13:21.630869
d3b72bf0-2500-11f0-9ac6-018f8b86e35f,Fatorma Mulbah,,Fatorma,Mulbah,DL,62.0,76,306.0,,"Harrisburg, PA, USA",0,West Virginia,Susquehanna (PA),,,,,ACT,,,5fee86ae-74ab-4bdd-8416-42a9dd9964f3,Jets,NYJ,New York,,2025-08-06T22:13:21.630890
d9981370-2502-11f0-8ac8-c31e8098aeb4,Jamaal Pritchett,,Jamaal,Pritchett,WR,36.0,68,175.0,,"Jackson, AL, USA",0,South Alabama,Jackson (AL),,,,,ACT,,,5fee86ae-74ab-4bdd-8416-42a9dd9964f3,Jets,NYJ,New York,,2025-08-06T22:13:21.630911
de97d7e0-6d23-4088-b3d2-94d4166f532c,Armand Membou,,Armand,Membou,OT,70.0,76,332.0,2004-03-27,"Lee's Summit, MO, USA",0,Missouri,Lee's Summit North (MO),2025.0,1.0,,"{'id': '5fee86ae-74ab-4bdd-8416-42a9dd9964f3', 'name': 'Jets', 'market': 'New York', 'alias': 'NYJ', 'sr_id': 'sr:competitor:4427'}",ACT,,,5fee86ae-74ab-4bdd-8416-42a9dd9964f3,Jets,NYJ,New York,,2025-08-06T22:13:21.630943
dedc98e0-0728-11ef-95cc-fb98346370c2,Austin McNamara,,Austin,McNamara,P,14.0,76,204.0,2001-02-24,"Gilbert, AZ, USA",1,Texas Tech,Highland (UT),,,,,ACT,,,5fee86ae-74ab-4bdd-8416-42a9dd9964f3,Jets,NYJ,New York,,2025-08-06T22:13:21.630954
e12dc6c0-0726-11ef-9140-5d66d58415b8,Jarius Monroe,,Jarius,Monroe,SAF,25.0,74,205.0,2000-10-06,"LaPlace, LA, USA",1,Tulane,East St. John (LA),,,,,ACT,,,5fee86ae-74ab-4bdd-8416-42a9dd9964f3,Jets,NYJ,New York,,2025-08-06T22:13:21.630964
e8310130-133a-11ed-b19a-5369730dd1a9,Xavier Newman,,Xavier,Newman,OL,65.0,74,297.0,1999-08-04,"DeSoto, TX, USA",3,Baylor,DeSoto (TX),,,,,ACT,,,5fee86ae-74ab-4bdd-8416-42a9dd9964f3,Jets,NYJ,New York,,2025-08-06T22:13:21.630975
e85b075a-5ca5-4ebe-b5d7-c14149b07ca5,Olu Fashanu,,Olu,Fashanu,OL,74.0,78,312.0,2002-12-09,"Waldorf, MD, USA",2,Penn State,Gonzaga College (DC),2024.0,1.0,,"{'id': '5fee86ae-74ab-4bdd-8416-42a9dd9964f3', 'name': 'Jets', 'market': 'New York', 'alias': 'NYJ', 'sr_id': 'sr:competitor:4427'}",ACT,,,5fee86ae-74ab-4bdd-8416-42a9dd9964f3,Jets,NYJ,New York,,2025-08-06T22:13:21.630986
e95a83c0-e6f6-11ed-88d6-7977d3a68019,Adrian Martinez,,Adrian,Martinez,QB,15.0,74,220.0,2000-01-07,"Fresno, CA, USA",1,Kansas State,Clovis West (CA),,,,,ACT,,,5fee86ae-74ab-4bdd-8416-42a9dd9964f3,Jets,NYJ,New York,,2025-08-06T22:13:21.630996
ee038220-24a0-11f0-a252-fd4c4ee58846,Quentin Skinner,,Quentin,Skinner,WR,39.0,77,195.0,,"Claremore, OK, USA",0,Kansas,Claremore (OK),,,,,ACT,,,5fee86ae-74ab-4bdd-8416-42a9dd9964f3,Jets,NYJ,New York,,2025-08-06T22:13:21.631006
ee9ced10-2e39-11ef-98c9-23002ceb2ccc,Kohl Levao,,Kohl,Levao,OL,60.0,78,350.0,1998-02-21,"Aberdeen, WA, USA",1,Hawai'i,Aberdeen (WA),,,,,ACT,,,5fee86ae-74ab-4bdd-8416-42a9dd9964f3,Jets,NYJ,New York,,2025-08-06T22:13:21.631016
faa35362-90d3-41a2-a871-21df36acb7a5,Marquis Hayes,,Marquis,Hayes,OG,77.0,77,318.0,1999-02-14,"Maryland Heights, MO, USA",2,Oklahoma,Pattonville (MO),2022.0,7.0,,"{'id': 'de760528-1dc0-416a-a978-b510d20692ff', 'name': 'Cardinals', 'market': 'Arizona', 'alias': 'ARI', 'sr_id': 'sr:competitor:4412'}",ACT,,,5fee86ae-74ab-4bdd-8416-42a9dd9964f3,Jets,NYJ,New York,,2025-08-06T22:13:21.631038
ff179350-e792-11ed-a48d-cfb30084e6b5,Ontaria Wilson,,Pokey,Wilson,WR,81.0,72,175.0,1999-08-12,"Ashburn, GA, USA",1,Florida State,Turner County (GA),,,,,ACT,,,5fee86ae-74ab-4bdd-8416-42a9dd9964f3,Jets,NYJ,New York,,2025-08-06T22:13:21.631048
02f4a8d3-3236-4e3b-a760-960bef3d3714,Ahmed Hassanein,,Ahmed,Hassanein,DE,61.0,74,275.0,2002-07-09,"Cairo,, EGY",0,Boise State,Loara (CA),2025.0,6.0,,"{'id': 'c5a59daa-53a7-4de0-851f-fb12be893e9e', 'name': 'Lions', 'market': 'Detroit', 'alias': 'DET', 'sr_id': 'sr:competitor:4419'}",ACT,,,c5a59daa-53a7-4de0-851f-fb12be893e9e,Lions,DET,Detroit,,2025-08-06T22:13:23.150695
0670801f-0ef3-46b6-ad6b-62475db6b787,Levi Onwuzurike,,Levi,Onwuzurike,DL,78.0,75,304.0,1998-03-02,"Allen, TX, USA",5,Washington,Allen (TX),2021.0,2.0,,"{'id': 'c5a59daa-53a7-4de0-851f-fb12be893e9e', 'name': 'Lions', 'market': 'Detroit', 'alias': 'DET', 'sr_id': 'sr:competitor:4419'}",PUP,,,c5a59daa-53a7-4de0-851f-fb12be893e9e,Lions,DET,Detroit,,2025-08-06T22:13:23.150712
08875a0a-0a3c-4fc1-b5f7-41d510503628,Al-Quadin Muhammad,,Al-Quadin,Muhammad,DE,96.0,75,250.0,1995-03-28,"Irvington, NJ, USA",8,Miami (FL),Don Bosco Prep (NJ),2017.0,6.0,,"{'id': '0d855753-ea21-4953-89f9-0e20aff9eb73', 'name': 'Saints', 'market': 'New Orleans', 'alias': 'NO', 'sr_id': 'sr:competitor:4425'}",ACT,,,c5a59daa-53a7-4de0-851f-fb12be893e9e,Lions,DET,Detroit,,2025-08-06T22:13:23.150718
16c53e66-de15-43da-931c-bf3a3e056505,Derrick Barnes,,Derrick,Barnes,LB,55.0,72,240.0,1999-05-29,"Covington, KY, USA",5,Purdue,Holy Cross (KY),2021.0,4.0,,"{'id': 'c5a59daa-53a7-4de0-851f-fb12be893e9e', 'name': 'Lions', 'market': 'Detroit', 'alias': 'DET', 'sr_id': 'sr:competitor:4419'}",ACT,,,c5a59daa-53a7-4de0-851f-fb12be893e9e,Lions,DET,Detroit,,2025-08-06T22:13:23.150732
17664e93-8236-4eb0-9505-4e71f43b5a7d,D.J. Reed,,D.J.,Reed,CB,4.0,69,190.0,1996-11-11,"Bakersfield, CA, USA",8,Kansas State,Independence (CA),2018.0,5.0,,"{'id': 'f0e724b0-4cbf-495a-be47-013907608da9', 'name': '49ers', 'market': 'San Francisco', 'alias': 'SF', 'sr_id': 'sr:competitor:4389'}",ACT,,,c5a59daa-53a7-4de0-851f-fb12be893e9e,Lions,DET,Detroit,,2025-08-06T22:13:23.150736
1b2c2360-250f-11f0-a5ff-67d677fc4b78,Kye Robichaux,,Kye,Robichaux,RB,,72,213.0,,"Columbus, GA, USA",0,Boston College,Glenwood (IL),,,,,IR,,,c5a59daa-53a7-4de0-851f-fb12be893e9e,Lions,DET,Detroit,,2025-08-06T22:13:23.150745
1f7ce27f-61ef-47e5-bd48-eac4b1c0228f,Jack Campbell,,Jack,Campbell,LB,46.0,77,246.0,2000-08-22,"Cedar Falls, IA, USA",3,Iowa,Cedar Falls (IA),2023.0,1.0,,"{'id': 'c5a59daa-53a7-4de0-851f-fb12be893e9e', 'name': 'Lions', 'market': 'Detroit', 'alias': 'DET', 'sr_id': 'sr:competitor:4419'}",ACT,,,c5a59daa-53a7-4de0-851f-fb12be893e9e,Lions,DET,Detroit,,2025-08-06T22:13:23.150754
2157df58-ca82-46cd-9897-261a80060292,Pat O'Connor,,Pat,O'Connor,DL,95.0,76,300.0,1993-11-01,"Chicago, IL, USA",7,Eastern Michigan,St. Rita (IL),2017.0,7.0,,"{'id': 'c5a59daa-53a7-4de0-851f-fb12be893e9e', 'name': 'Lions', 'market': 'Detroit', 'alias': 'DET', 'sr_id': 'sr:competitor:4419'}",ACT,,,c5a59daa-53a7-4de0-851f-fb12be893e9e,Lions,DET,Detroit,,2025-08-06T22:13:23.150759
22b2030e-ec57-4f96-b722-57b3e495c83d,Graham Glasgow,,Graham,Glasgow,OL,60.0,78,315.0,1992-08-19,"Aurora, IL, USA",10,Michigan,Marmion Academy (IL),2016.0,3.0,,"{'id': 'c5a59daa-53a7-4de0-851f-fb12be893e9e', 'name': 'Lions', 'market': 'Detroit', 'alias': 'DET', 'sr_id': 'sr:competitor:4419'}",ACT,,,c5a59daa-53a7-4de0-851f-fb12be893e9e,Lions,DET,Detroit,,2025-08-06T22:13:23.150768
23525664-b547-413b-9221-b09091b90edf,Amik Robertson,,Amik,Robertson,CB,21.0,69,183.0,1998-07-06,"Thibodaux, LA, USA",6,Louisiana Tech,Thibodaux (LA),2020.0,4.0,,"{'id': '7d4fcc64-9cb5-4d1b-8e75-8a906d1e1576', 'name': 'Raiders', 'market': 'Las Vegas', 'alias': 'LV', 'sr_id': 'sr:competitor:4390'}",ACT,,,c5a59daa-53a7-4de0-851f-fb12be893e9e,Lions,DET,Detroit,,2025-08-06T22:13:23.150772
23a30b80-1549-4ae8-afac-0fa99636c71e,Roy Lopez,,Roy,Lopez,DT,51.0,74,312.0,1997-08-07,"Tempe, AZ, USA",5,Arizona,Mesquite (AZ),2021.0,6.0,,"{'id': '82d2d380-3834-4938-835f-aec541e5ece7', 'name': 'Texans', 'market': 'Houston', 'alias': 'HOU', 'sr_id': 'sr:competitor:4324'}",ACT,,,c5a59daa-53a7-4de0-851f-fb12be893e9e,Lions,DET,Detroit,,2025-08-06T22:13:23.150777
23df1eb7-f589-4e49-bb31-0b4ce983fe32,Anthony Pittman,,Anthony,Pittman,LB,41.0,75,236.0,1996-11-24,"Beverly Hills, MI, USA",4,Wayne State (MI),Birmingham Groves (MI),,,,,ACT,,,c5a59daa-53a7-4de0-851f-fb12be893e9e,Lions,DET,Detroit,,2025-08-06T22:13:23.150782
2c426f80-d254-11ec-b16e-cf7159baf83d,Michael Niese,,Michael,Niese,OL,62.0,77,300.0,1998-01-13,"Chesterfield, MO, USA",2,Temple,St. Louis University (MO),,,,,ACT,,,c5a59daa-53a7-4de0-851f-fb12be893e9e,Lions,DET,Detroit,,2025-08-06T22:13:23.150800
2e49dfd3-44e3-4554-a81c-de2f53460cc7,Kerby Joseph,,Kerby,Joseph,SAF,31.0,72,200.0,2000-11-14,"Orlando, FL, USA",4,Illinois,Jones (FL),2022.0,3.0,,"{'id': 'c5a59daa-53a7-4de0-851f-fb12be893e9e', 'name': 'Lions', 'market': 'Detroit', 'alias': 'DET', 'sr_id': 'sr:competitor:4419'}",ACT,,,c5a59daa-53a7-4de0-851f-fb12be893e9e,Lions,DET,Detroit,,2025-08-06T22:13:23.150805
3070c6e0-07bf-11ef-8bb9-7f20e273da10,Nate Lynn,,Nate,Lynn,DE,57.0,75,252.0,2002-07-06,"Charlotte, NC, USA",2,William & Mary,Zebulon B. Vance (NC),,,,,ACT,,,c5a59daa-53a7-4de0-851f-fb12be893e9e,Lions,DET,Detroit,,2025-08-06T22:13:23.150814
308b4b49-5159-48c1-8da6-5d559a3efedd,Erick Hallett,,Erick,Hallett,SAF,36.0,71,200.0,2000-04-24,"Cypress, TX, USA",1,Pittsburgh,Cy-Fair (TX),2023.0,6.0,,"{'id': 'f7ddd7fa-0bae-4f90-bc8e-669e4d6cf2de', 'name': 'Jaguars', 'market': 'Jacksonville', 'alias': 'JAC', 'sr_id': 'sr:competitor:4386'}",ACT,,,c5a59daa-53a7-4de0-851f-fb12be893e9e,Lions,DET,Detroit,,2025-08-06T22:13:23.150819
37c4c213-f714-4624-a9f7-17f7d1b80343,Colby Sorsdal,,Colby,Sorsdal,OL,75.0,78,315.0,2000-03-01,"Pittsburgh, PA, USA",3,William & Mary,Mount Lebanon (PA),2023.0,5.0,,"{'id': 'c5a59daa-53a7-4de0-851f-fb12be893e9e', 'name': 'Lions', 'market': 'Detroit', 'alias': 'DET', 'sr_id': 'sr:competitor:4419'}",ACT,,,c5a59daa-53a7-4de0-851f-fb12be893e9e,Lions,DET,Detroit,,2025-08-06T22:13:23.150824
3a724be0-3075-11ee-bdab-4565792ee2a3,Jake Bates,,Jake,Bates,K,39.0,70,202.0,1999-03-03,"Tomball, TX, USA",2,Arkansas,Tomball (TX),,,,,ACT,,,c5a59daa-53a7-4de0-851f-fb12be893e9e,Lions,DET,Detroit,,2025-08-06T22:13:23.150830
3e01cc5d-ca6c-4604-a6c1-249a1aa9df3a,Brian Branch,,Brian,Branch,DB,32.0,72,203.0,2001-10-22,"Fayetteville, GA, USA",3,Alabama,Sandy Creek (GA),2023.0,2.0,,"{'id': 'c5a59daa-53a7-4de0-851f-fb12be893e9e', 'name': 'Lions', 'market': 'Detroit', 'alias': 'DET', 'sr_id': 'sr:competitor:4419'}",ACT,,,c5a59daa-53a7-4de0-851f-fb12be893e9e,Lions,DET,Detroit,,2025-08-06T22:13:23.150836
3efcc497-81cd-44be-8bc3-8930d13868b0,Dan Jackson,,Dan,Jackson,SAF,28.0,73,195.0,2000-11-30,"Gainesville, GA, USA",0,Georgia,North Hall (GA),2025.0,7.0,,"{'id': 'c5a59daa-53a7-4de0-851f-fb12be893e9e', 'name': 'Lions', 'market': 'Detroit', 'alias': 'DET', 'sr_id': 'sr:competitor:4419'}",IR,,,c5a59daa-53a7-4de0-851f-fb12be893e9e,Lions,DET,Detroit,,2025-08-06T22:13:23.150844
4034f43e-26fb-443a-9ea7-35cee7a1d250,Kayode Awosika,,Kayode,Awosika,G,74.0,75,322.0,1998-10-27,"Plymouth, MN, USA",4,Buffalo,Maple Grove (MN),,,,,ACT,,,c5a59daa-53a7-4de0-851f-fb12be893e9e,Lions,DET,Detroit,,2025-08-06T22:13:23.150850
41e5e4a9-f04c-462e-a1d1-e35a8115b974,Isaac TeSlaa,,Isaac,TeSlaa,WR,18.0,76,214.0,2002-02-20,"Hudsonville, MI, USA",0,Arkansas,Unity Christian (MI),2025.0,3.0,,"{'id': 'c5a59daa-53a7-4de0-851f-fb12be893e9e', 'name': 'Lions', 'market': 'Detroit', 'alias': 'DET', 'sr_id': 'sr:competitor:4419'}",ACT,,,c5a59daa-53a7-4de0-851f-fb12be893e9e,Lions,DET,Detroit,,2025-08-06T22:13:23.150856
42bb4895-bdfb-40e2-8119-f5b06611bf1b,DJ Reader,,DJ,Reader,DL,98.0,75,330.0,1994-07-01,"Greensboro, NC, USA",10,Clemson,Grimsley (NC),2016.0,5.0,,"{'id': '82d2d380-3834-4938-835f-aec541e5ece7', 'name': 'Texans', 'market': 'Houston', 'alias': 'HOU', 'sr_id': 'sr:competitor:4324'}",ACT,,,c5a59daa-53a7-4de0-851f-fb12be893e9e,Lions,DET,Detroit,,2025-08-06T22:13:23.150863
475db95a-f1d0-4bd2-8974-9e5d71d91412,Dicaprio Bootle,,Dicaprio,Bootle,CB,17.0,70,195.0,1997-09-17,"Miami, FL, USA",3,Nebraska,Southridge (ML),,,,,ACT,,,c5a59daa-53a7-4de0-851f-fb12be893e9e,Lions,DET,Detroit,,2025-08-06T22:13:23.150869
52756a60-250b-11f0-acc1-3f8345449ac3,Ian Kennelly,,Ian,Kennelly,SAF,27.0,74,205.0,,"Macomb, MI, USA",0,Grand Valley State,Utica Eisenhower (MI),,,,,ACT,,,c5a59daa-53a7-4de0-851f-fb12be893e9e,Lions,DET,Detroit,,2025-08-06T22:13:23.150874
544fef60-250e-11f0-857f-bb5e18a396f3,Jakobie Keeney-James,,Jakobie,Keeney-James,WR,80.0,73,195.0,,"Redlands, CA, USA",0,UMass,Redlands (CA),,,,,ACT,,,c5a59daa-53a7-4de0-851f-fb12be893e9e,Lions,DET,Detroit,,2025-08-06T22:13:23.150880
56c6f020-0a59-11ef-90dd-ef770e313af6,D.J. Miller,,D.J.,Miller,CB,42.0,70,185.0,2000-08-11,"O'Fallon, MO, USA",0,Kent State,John Burroughs (IA),,,,,ACT,,,c5a59daa-53a7-4de0-851f-fb12be893e9e,Lions,DET,Detroit,,2025-08-06T22:13:23.150886
56d8015b-aed7-4a46-868e-a85672cde790,Luq Barcoo,,Luq,Barcoo,CB,40.0,73,175.0,1998-07-27,"San Diego, CA, USA",2,San Diego State,Castle Park (CA),,,,,ACT,,,c5a59daa-53a7-4de0-851f-fb12be893e9e,Lions,DET,Detroit,,2025-08-06T22:13:23.150892
5c040fa0-07c0-11ef-b154-73dbcd18949d,DaRon Gilbert,,DaRon,Gilbert,LB,43.0,73,231.0,2001-05-26,"Detroit, MI, USA",1,Northern Illinois,Brother Rice (MI)_,,,,,ACT,,,c5a59daa-53a7-4de0-851f-fb12be893e9e,Lions,DET,Detroit,,2025-08-06T22:13:23.150906
62c1edd0-07bb-11ef-b652-d170f32aa0ff,Isaac Ukwu,,Isaac,Ukwu,DE,45.0,75,270.0,1999-01-14,"Upper Marlboro, MD, USA",1,Ole Miss,Wise (MD),,,,,ACT,,,c5a59daa-53a7-4de0-851f-fb12be893e9e,Lions,DET,Detroit,,2025-08-06T22:13:23.150912
64321852-52e3-4ac0-9b3e-898f0b1e500c,Netane Muti,,Netane,Muti,G,52.0,75,325.0,1999-03-27,"Wahiawa, HI, USA",5,Fresno State,Leilehua (HI),2020.0,6.0,,"{'id': 'ce92bd47-93d5-4fe9-ada4-0fc681e6caa0', 'name': 'Broncos', 'market': 'Denver', 'alias': 'DEN', 'sr_id': 'sr:competitor:4418'}",ACT,,,c5a59daa-53a7-4de0-851f-fb12be893e9e,Lions,DET,Detroit,,2025-08-06T22:13:23.150920
6aa78083-655c-4855-b22b-b4e4f77b5dab,Josh Paschal,,Josh,Paschal,DE,93.0,75,275.0,1999-12-17,"Washington, DC, USA",4,Kentucky,Our Lady of Good Counsel (MD),2022.0,2.0,,"{'id': 'c5a59daa-53a7-4de0-851f-fb12be893e9e', 'name': 'Lions', 'market': 'Detroit', 'alias': 'DET', 'sr_id': 'sr:competitor:4419'}",NON,,,c5a59daa-53a7-4de0-851f-fb12be893e9e,Lions,DET,Detroit,,2025-08-06T22:13:23.150930
746c9640-e8ed-11ed-af6f-21e65a511f8c,Nick Whiteside,,Nick,Whiteside,CB,38.0,73,200.0,2000-05-01,"Auburn Hills, MI, USA",1,Saginaw Valley State,Avondale (MI),,,,,ACT,,,c5a59daa-53a7-4de0-851f-fb12be893e9e,Lions,DET,Detroit,,2025-08-06T22:13:23.150946
7981290b-8045-4714-b19b-caffc04edc2c,Tyleik Williams,,Tyleik,Williams,DL,91.0,75,328.0,2003-02-25,"Manassas, VA, USA",0,Ohio State,Unity Reed (VA),2025.0,1.0,,"{'id': 'c5a59daa-53a7-4de0-851f-fb12be893e9e', 'name': 'Lions', 'market': 'Detroit', 'alias': 'DET', 'sr_id': 'sr:competitor:4419'}",ACT,,,c5a59daa-53a7-4de0-851f-fb12be893e9e,Lions,DET,Detroit,,2025-08-06T22:13:23.150951
7a987980-0ee4-11ef-b6e8-1b17def0576e,Kingsley Eguakun,,Kingsley,Eguakun,C,65.0,75,305.0,2001-03-23,"Jacksonville, FL, USA",1,Florida,Sandalwood (FL),,,,,ACT,,,c5a59daa-53a7-4de0-851f-fb12be893e9e,Lions,DET,Detroit,,2025-08-06T22:13:23.150954
7c84bbbd-6bc1-4d3a-8fe9-263b807a08b2,Jamarco Jones,,Jamarco,Jones,T,72.0,76,315.0,1996-06-04,"Chicago, IL, USA",6,Ohio State,De La Salle (IL),2018.0,5.0,,"{'id': '3d08af9e-c767-4f88-a7dc-b920c6d2b4a8', 'name': 'Seahawks', 'market': 'Seattle', 'alias': 'SEA', 'sr_id': 'sr:competitor:4430'}",ACT,,,c5a59daa-53a7-4de0-851f-fb12be893e9e,Lions,DET,Detroit,,2025-08-06T22:13:23.150962
7d380ef0-2507-11f0-954c-2da53c594974,Mason Miller,,Mason,Miller,OL,63.0,79,310.0,,"Ada, MN, USA",0,North Dakota State,Ada-Borup (MN),,,,,ACT,,,c5a59daa-53a7-4de0-851f-fb12be893e9e,Lions,DET,Detroit,,2025-08-06T22:13:23.150968
865d4bf9-5d13-42a6-a8f9-a4e9a93c7375,Alim McNeill,,Alim,McNeill,DL,54.0,74,310.0,2000-05-11,"Raleigh, NC, USA",5,North Carolina State,Sanderson (NC),2021.0,3.0,,"{'id': 'c5a59daa-53a7-4de0-851f-fb12be893e9e', 'name': 'Lions', 'market': 'Detroit', 'alias': 'DET', 'sr_id': 'sr:competitor:4419'}",PUP,,,c5a59daa-53a7-4de0-851f-fb12be893e9e,Lions,DET,Detroit,,2025-08-06T22:13:23.150987
8ba82150-ec6f-11ed-9d9c-457422097a88,Chris Smith,,Chris,Smith,DL,90.0,73,316.0,1999-12-15,"Detroit, MI, USA",2,Notre Dame,Cranbrook Kingswood (MI),,,,,ACT,,,c5a59daa-53a7-4de0-851f-fb12be893e9e,Lions,DET,Detroit,,2025-08-06T22:13:23.150991
8bb2d40a-6dd2-4108-9810-5def1b45f192,Alex Anzalone,,Alex,Anzalone,LB,34.0,75,234.0,1994-09-22,"Wyomissing, PA, USA",9,Florida,Wyomissing (PA),2017.0,3.0,,"{'id': '0d855753-ea21-4953-89f9-0e20aff9eb73', 'name': 'Saints', 'market': 'New Orleans', 'alias': 'NO', 'sr_id': 'sr:competitor:4425'}",ACT,,,c5a59daa-53a7-4de0-851f-fb12be893e9e,Lions,DET,Detroit,,2025-08-06T22:13:23.150995
8cb76d80-0326-474f-86c8-869a86405777,Zach Cunningham,,Zach,Cunningham,LB,52.0,75,230.0,1994-12-02,"Pinson, AL, USA",9,Vanderbilt,Pinson Valley (AL),2017.0,2.0,,"{'id': '82d2d380-3834-4938-835f-aec541e5ece7', 'name': 'Texans', 'market': 'Houston', 'alias': 'HOU', 'sr_id': 'sr:competitor:4324'}",ACT,,,c5a59daa-53a7-4de0-851f-fb12be893e9e,Lions,DET,Detroit,,2025-08-06T22:13:23.151000
8d8e7c70-07c2-11ef-a271-15abc56f35fa,Hogan Hatten,,Hogan,Hatten,LS,49.0,74,239.0,2000-08-06,"Scottsdale, AZ, USA",2,Idaho,Saguaro (AZ),,,,,ACT,,,c5a59daa-53a7-4de0-851f-fb12be893e9e,Lions,DET,Detroit,,2025-08-06T22:13:23.151003
9186aec0-6238-423f-aaa6-72a9e5fe2e89,Tate Ratledge,,Tate,Ratledge,OL,69.0,78,315.0,2001-04-26,"Rome, GA, USA",0,Georgia,Darlington (GA),2025.0,2.0,,"{'id': 'c5a59daa-53a7-4de0-851f-fb12be893e9e', 'name': 'Lions', 'market': 'Detroit', 'alias': 'DET', 'sr_id': 'sr:competitor:4419'}",ACT,,,c5a59daa-53a7-4de0-851f-fb12be893e9e,Lions,DET,Detroit,,2025-08-06T22:13:23.151011
942b9da8-e0c6-4087-886b-370fe357f5f3,Avonte Maddox,,Avonte,Maddox,CB,29.0,69,191.0,1996-03-31,"Detroit, MI, USA",8,Pittsburgh,Martin Luther King (MI),2018.0,4.0,,"{'id': '386bdbf9-9eea-4869-bb9a-274b0bc66e80', 'name': 'Eagles', 'market': 'Philadelphia', 'alias': 'PHI', 'sr_id': 'sr:competitor:4428'}",ACT,,,c5a59daa-53a7-4de0-851f-fb12be893e9e,Lions,DET,Detroit,,2025-08-06T22:13:23.151016
99a7f770-ea18-11ed-a93b-a93886fe0bfd,Jacob Saylors,,Jacob,Saylors,RB,48.0,71,195.0,2001-03-08,"Jasper, TN, USA",1,East Tennessee State,Marion County (IN),,,,,ACT,,,c5a59daa-53a7-4de0-851f-fb12be893e9e,Lions,DET,Detroit,,2025-08-06T22:13:23.151023
9ab1bdad-1be3-4d08-b982-c9e173192a66,Miles Frazier,,Miles,Frazier,OG,71.0,78,325.0,2001-09-12,"Camden, NJ, USA",0,LSU,Milford Academy (CT),2025.0,5.0,,"{'id': 'c5a59daa-53a7-4de0-851f-fb12be893e9e', 'name': 'Lions', 'market': 'Detroit', 'alias': 'DET', 'sr_id': 'sr:competitor:4419'}",PUP,,,c5a59daa-53a7-4de0-851f-fb12be893e9e,Lions,DET,Detroit,,2025-08-06T22:13:23.151027
9c2c9c29-516a-4e0f-8dcd-319291823370,Marcus Davenport,,Marcus,Davenport,DE,92.0,78,285.0,1996-09-04,"San Antonio, TX, USA",8,UTSA,John Paul Stevens (TX),2018.0,1.0,,"{'id': '0d855753-ea21-4953-89f9-0e20aff9eb73', 'name': 'Saints', 'market': 'New Orleans', 'alias': 'NO', 'sr_id': 'sr:competitor:4425'}",ACT,,,c5a59daa-53a7-4de0-851f-fb12be893e9e,Lions,DET,Detroit,,2025-08-06T22:13:23.151032
9c616fe0-2617-11f0-99ad-71dad835e87c,Zach Horton,,Zach,Horton,TE,40.0,76,252.0,,"Roanoke, VA, USA",0,Indiana,Lord Botetourt (VA),,,,,ACT,,,c5a59daa-53a7-4de0-851f-fb12be893e9e,Lions,DET,Detroit,,2025-08-06T22:13:23.151035
a3f67680-66f1-4efc-b21b-badd19467cc9,Trystan Colon,,Trystan,Colon,C,67.0,75,317.0,1998-03-23,"Webb City, MO, USA",6,Missouri,Webb City (MO),,,,,ACT,,,c5a59daa-53a7-4de0-851f-fb12be893e9e,Lions,DET,Detroit,,2025-08-06T22:13:23.151039
a756f0c5-c0c3-4d95-9a77-4fe1ef9baf93,Justin Herron,,Justin,Herron,OT,76.0,77,305.0,1995-11-27,"Silver Spring, MD, USA",6,Wake Forest,Bullis (MD),2020.0,6.0,,"{'id': '97354895-8c77-4fd4-a860-32e62ea7382a', 'name': 'Patriots', 'market': 'New England', 'alias': 'NE', 'sr_id': 'sr:competitor:4424'}",ACT,,,c5a59daa-53a7-4de0-851f-fb12be893e9e,Lions,DET,Detroit,,2025-08-06T22:13:23.151044
b1212770-07c0-11ef-ba3a-83e795e0f126,Morice Norris,,Morice,Norris,SAF,26.0,71,208.0,2000-09-27,"Fresno, CA, USA",1,Fresno State,Sanger (CA),,,,,ACT,,,c5a59daa-53a7-4de0-851f-fb12be893e9e,Lions,DET,Detroit,,2025-08-06T22:13:23.151056
b1927260-250e-11f0-9b43-3d8a3c00ab89,Keith Cooper Jr.,,Keith,Cooper,DL,64.0,77,280.0,,"Dickinson, TX, USA",0,Houston,Dickinson (TX),,,,,ACT,,,c5a59daa-53a7-4de0-851f-fb12be893e9e,Lions,DET,Detroit,,2025-08-06T22:13:23.151059
bb52aa90-ec71-11ed-a9ce-551f11053e13,Trevor Nowaske,,Trevor,Nowaske,LB,53.0,75,237.0,1998-11-07,"Canton, MI, USA",3,Saginaw Valley State,Salem (MI),,,,,ACT,,,c5a59daa-53a7-4de0-851f-fb12be893e9e,Lions,DET,Detroit,,2025-08-06T22:13:23.151068
bbeb74ae-87d4-417d-ba57-670391baf8ca,Rock Ya-Sin,,Rock,Ya-Sin,CB,23.0,71,195.0,1996-05-23,"Decatur, GA, USA",7,Temple,Southwest DeKalb (GA),2019.0,2.0,,"{'id': '82cf9565-6eb9-4f01-bdbd-5aa0d472fcd9', 'name': 'Colts', 'market': 'Indianapolis', 'alias': 'IND', 'sr_id': 'sr:competitor:4421'}",ACT,,,c5a59daa-53a7-4de0-851f-fb12be893e9e,Lions,DET,Detroit,,2025-08-06T22:13:23.151072
bd14f200-0c9d-11ef-b4ed-99c2e96904b1,Jabari Small,,Jabari,Small,RB,42.0,71,213.0,2001-01-31,"Memphis, TN, USA",1,Tennessee,Briarcrest Christian (TN),,,,,ACT,,,c5a59daa-53a7-4de0-851f-fb12be893e9e,Lions,DET,Detroit,,2025-08-06T22:13:23.151076
be223960-250a-11f0-8c61-8d480134500e,Jackson Meeks,,Jackson,Meeks,WR,83.0,74,218.0,2003-03-24,"Phenix City, AL, USA",0,Syracuse,,,,,,ACT,,,c5a59daa-53a7-4de0-851f-fb12be893e9e,Lions,DET,Detroit,,2025-08-06T22:13:23.151079
bee08d8d-3b1a-4375-9ea3-e627da925807,Terrion Arnold,,Terrion,Arnold,CB,6.0,72,195.0,2003-03-22,"Tallahassee, FL, USA",2,Alabama,John Paul II Catholic (FL),2024.0,1.0,,"{'id': 'c5a59daa-53a7-4de0-851f-fb12be893e9e', 'name': 'Lions', 'market': 'Detroit', 'alias': 'DET', 'sr_id': 'sr:competitor:4419'}",ACT,,,c5a59daa-53a7-4de0-851f-fb12be893e9e,Lions,DET,Detroit,,2025-08-06T22:13:23.151084
c0c6761c-081c-426a-b186-26ff20791e70,Brodric Martin,,Brodric,Martin,DL,99.0,77,326.0,1999-05-24,"Tuscaloosa, AL, USA",3,Western Kentucky,Northridge (AL),2023.0,3.0,,"{'id': 'c5a59daa-53a7-4de0-851f-fb12be893e9e', 'name': 'Lions', 'market': 'Detroit', 'alias': 'DET', 'sr_id': 'sr:competitor:4419'}",ACT,,,c5a59daa-53a7-4de0-851f-fb12be893e9e,Lions,DET,Detroit,,2025-08-06T22:13:23.151088
c4da8885-d3f7-4593-b325-3e3dc408d1b6,Ennis Rakestraw Jr.,,Ennis,Rakestraw,CB,9.0,71,188.0,2002-06-05,"Dallas, TX, USA",2,Missouri,Duncanville (TX),2024.0,2.0,,"{'id': 'c5a59daa-53a7-4de0-851f-fb12be893e9e', 'name': 'Lions', 'market': 'Detroit', 'alias': 'DET', 'sr_id': 'sr:competitor:4419'}",ACT,,,c5a59daa-53a7-4de0-851f-fb12be893e9e,Lions,DET,Detroit,,2025-08-06T22:13:23.151092
d50c4700-63fe-11f0-989d-53f4a2d4a203,Tyson Russell,,Tyson,Russell,CB,35.0,71,185.0,,"Plantation, FL, USA",0,Vanderbilt,St. Thomas Aquinas (FL),,,,,ACT,,,c5a59daa-53a7-4de0-851f-fb12be893e9e,Lions,DET,Detroit,,2025-08-06T22:13:23.151100
db5f18c9-6f07-47a7-ba44-ff59a10e7651,Giovanni Manu,,Giovanni,Manu,OL,59.0,79,350.0,2001-01-26,",, TON",2,British Columbia (CAN),Pitt Meadows Secondary (CAN),2024.0,4.0,,"{'id': 'c5a59daa-53a7-4de0-851f-fb12be893e9e', 'name': 'Lions', 'market': 'Detroit', 'alias': 'DET', 'sr_id': 'sr:competitor:4419'}",ACT,,,c5a59daa-53a7-4de0-851f-fb12be893e9e,Lions,DET,Detroit,,2025-08-06T22:13:23.151104
e24c79c0-07c1-11ef-8750-a30ae2a12558,Loren Strickland,,Loren,Strickland,SAF,24.0,70,202.0,2000-05-31,"Carpentersville, IL, USA",2,Ball State,Jacobs (IL),,,,,ACT,,,c5a59daa-53a7-4de0-851f-fb12be893e9e,Lions,DET,Detroit,,2025-08-06T22:13:23.151116
e6d6138f-1081-457b-9d89-dc9cd0ab9598,Myles Adams,,Myles,Adams,DL,66.0,74,299.0,1998-03-09,"Arlington, TX, USA",4,Rice,Mansfield Summit (TX),,,,,ACT,,,c5a59daa-53a7-4de0-851f-fb12be893e9e,Lions,DET,Detroit,,2025-08-06T22:13:23.151120
f1011a22-4fd9-42a4-bbbe-f6d7f829db35,Christian Mahogany,,Christian,Mahogany,OL,73.0,75,327.0,2000-10-11,"Elmwood Park, NJ, USA",2,Boston College,Paramus Catholic (NJ),2024.0,6.0,,"{'id': 'c5a59daa-53a7-4de0-851f-fb12be893e9e', 'name': 'Lions', 'market': 'Detroit', 'alias': 'DET', 'sr_id': 'sr:competitor:4419'}",ACT,,,c5a59daa-53a7-4de0-851f-fb12be893e9e,Lions,DET,Detroit,,2025-08-06T22:13:23.151128
f2083e8e-df1e-4365-a5d1-235887841f42,Aidan Hutchinson,,Aidan,Hutchinson,DE,97.0,79,268.0,2000-08-09,"Plymouth, MI, USA",4,Michigan,Divine Child (MI),2022.0,1.0,,"{'id': 'c5a59daa-53a7-4de0-851f-fb12be893e9e', 'name': 'Lions', 'market': 'Detroit', 'alias': 'DET', 'sr_id': 'sr:competitor:4419'}",ACT,,,c5a59daa-53a7-4de0-851f-fb12be893e9e,Lions,DET,Detroit,,2025-08-06T22:13:23.151132
f6f39738-d9ec-45bb-8d6c-e64dfccdf3e4,Mekhi Wingo,,Mekhi,Wingo,DL,94.0,72,288.0,2003-04-17,"St. Louis, MO, USA",2,LSU,De Smet Jesuit (MO),2024.0,6.0,,"{'id': 'c5a59daa-53a7-4de0-851f-fb12be893e9e', 'name': 'Lions', 'market': 'Detroit', 'alias': 'DET', 'sr_id': 'sr:competitor:4419'}",PUP,,,c5a59daa-53a7-4de0-851f-fb12be893e9e,Lions,DET,Detroit,,2025-08-06T22:13:23.151140
fb855b6b-16ca-4224-8e05-bcd9e51e7230,Dominic Lovett,,Dominic,Lovett,WR,19.0,70,185.0,2002-11-08,"Belleville, IL, USA",0,Georgia,East St. Louis (IL),2025.0,7.0,,"{'id': 'c5a59daa-53a7-4de0-851f-fb12be893e9e', 'name': 'Lions', 'market': 'Detroit', 'alias': 'DET', 'sr_id': 'sr:competitor:4419'}",ACT,,,c5a59daa-53a7-4de0-851f-fb12be893e9e,Lions,DET,Detroit,,2025-08-06T22:13:23.151149
fbf61e90-f0d3-11ed-8009-87febfbad4f0,Mitchell Agude,,Mitchell,Agude,DE,50.0,76,262.0,1999-03-10,"Corona, CA, USA",1,Miami (FL),Santiago (CA),,,,,ACT,,,c5a59daa-53a7-4de0-851f-fb12be893e9e,Lions,DET,Detroit,,2025-08-06T22:13:23.151153
06b22647-5eb6-4e2b-9943-cda9758305c8,Collin Oliver,,Collin,Oliver,DL,45.0,74,240.0,2002-09-23,"Oklahoma City, OK, USA",0,Oklahoma State,Edmond Santa Fe (OK),2025.0,5.0,,"{'id': 'a20471b4-a8d9-40c7-95ad-90cc30e46932', 'name': 'Packers', 'market': 'Green Bay', 'alias': 'GB', 'sr_id': 'sr:competitor:4420'}",PUP,,,a20471b4-a8d9-40c7-95ad-90cc30e46932,Packers,GB,Green Bay,,2025-08-06T22:13:24.865505
06fb642c-b10b-4b23-966a-13668a7c4426,Savion Williams,,Savion,Williams,WR,83.0,76,222.0,2001-11-22,"Marshall, TX, USA",0,TCU,Marshall (TX),2025.0,3.0,,"{'id': 'a20471b4-a8d9-40c7-95ad-90cc30e46932', 'name': 'Packers', 'market': 'Green Bay', 'alias': 'GB', 'sr_id': 'sr:competitor:4420'}",ACT,,,a20471b4-a8d9-40c7-95ad-90cc30e46932,Packers,GB,Green Bay,,2025-08-06T22:13:24.865516
0782b3a2-9693-40f6-aff2-a21bc8fa4c5d,Kristian Welch,,Kristian,Welch,LB,54.0,75,240.0,1998-05-24,"Iola, WI, USA",6,Iowa,Iola-Scandinavia (WI),,,,,ACT,,,a20471b4-a8d9-40c7-95ad-90cc30e46932,Packers,GB,Green Bay,,2025-08-06T22:13:24.865534
0bf54af0-cd8f-48ac-96b9-b742562a3e53,Javon Bullard,,Javon,Bullard,SAF,20.0,70,198.0,2002-09-05,"Eatonton, GA, USA",2,Georgia,Baldwin (GA),2024.0,2.0,,"{'id': 'a20471b4-a8d9-40c7-95ad-90cc30e46932', 'name': 'Packers', 'market': 'Green Bay', 'alias': 'GB', 'sr_id': 'sr:competitor:4420'}",ACT,,,a20471b4-a8d9-40c7-95ad-90cc30e46932,Packers,GB,Green Bay,,2025-08-06T22:13:24.865544
0dd9d3e0-250c-11f0-8fb6-cb407e763387,Nazir Stackhouse,,Nazir,Stackhouse,DT,93.0,76,327.0,2002-04-18,"Stone Mountain, GA, USA",0,Georgia,Columbia (GA),,,,,ACT,,,a20471b4-a8d9-40c7-95ad-90cc30e46932,Packers,GB,Green Bay,,2025-08-06T22:13:24.865553
1a7b6176-ef99-4566-a38c-14abe051b899,Colby Wooden,,Colby,Wooden,DL,96.0,76,273.0,2000-12-21,"Lawrenceville, GA, USA",3,Auburn,Archer (GA),2023.0,4.0,,"{'id': 'a20471b4-a8d9-40c7-95ad-90cc30e46932', 'name': 'Packers', 'market': 'Green Bay', 'alias': 'GB', 'sr_id': 'sr:competitor:4420'}",ACT,,,a20471b4-a8d9-40c7-95ad-90cc30e46932,Packers,GB,Green Bay,,2025-08-06T22:13:24.865562
1f8b4936-d0f8-4e9e-9f6f-5f4138180d7d,Lukas Van Ness,,Lukas,Van Ness,DL,90.0,77,272.0,2001-07-06,"Barrington, IL, USA",3,Iowa,Barrington (IL),2023.0,1.0,,"{'id': 'a20471b4-a8d9-40c7-95ad-90cc30e46932', 'name': 'Packers', 'market': 'Green Bay', 'alias': 'GB', 'sr_id': 'sr:competitor:4420'}",ACT,,,a20471b4-a8d9-40c7-95ad-90cc30e46932,Packers,GB,Green Bay,,2025-08-06T22:13:24.865570
207784e0-e907-11ed-b8d0-4360e868e2f2,Brenton Cox Jr.,,Brenton,Cox,DL,57.0,76,250.0,2000-01-30,"Stockbridge, GA, USA",3,Florida,Stockbridge (GA),,,,,ACT,,,a20471b4-a8d9-40c7-95ad-90cc30e46932,Packers,GB,Green Bay,,2025-08-06T22:13:24.865578
20fbe140-262c-11f0-b60d-5dffc68a5b49,Garnett Hollis Jr.,,Garnett,Hollis,CB,41.0,72,199.0,,"Nashville, TN, USA",0,West Virginia,Battle Ground Academy (TN),,,,,ACT,,,a20471b4-a8d9-40c7-95ad-90cc30e46932,Packers,GB,Green Bay,,2025-08-06T22:13:24.865586
36953df8-fbc3-4505-b5b3-dec8433620dc,Bo Melton,,Bo,Melton,CB,16.0,71,189.0,1999-05-18,"Mays Landing, NJ, USA",2,Rutgers,Cedar Creek (NJ),2022.0,7.0,,"{'id': '3d08af9e-c767-4f88-a7dc-b920c6d2b4a8', 'name': 'Seahawks', 'market': 'Seattle', 'alias': 'SEA', 'sr_id': 'sr:competitor:4430'}",ACT,,,a20471b4-a8d9-40c7-95ad-90cc30e46932,Packers,GB,Green Bay,,2025-08-06T22:13:24.865620
3759b970-07ca-11ef-b898-a784ac1da012,James Ester,,James,Ester,DL,98.0,75,289.0,2001-08-30,"Detroit, MI, USA",1,Northern Illinois,Cass Technical (MI),,,,,ACT,,,a20471b4-a8d9-40c7-95ad-90cc30e46932,Packers,GB,Green Bay,,2025-08-06T22:13:24.865628
416e4960-263e-11f0-9935-a306441400b5,Jared Bartlett,,Jared,Bartlett,LB,51.0,74,238.0,,"Miami, FL, USA",0,Cincinnati,Collins Hill (FL),,,,,ACT,,,a20471b4-a8d9-40c7-95ad-90cc30e46932,Packers,GB,Green Bay,,2025-08-06T22:13:24.865645
43786378-9086-4abd-9757-e62617570dc8,Jordan Morgan,,Jordan,Morgan,OT,77.0,77,311.0,2001-08-04,"Marana, AZ, USA",2,Arizona,Marana (AZ),2024.0,1.0,,"{'id': 'a20471b4-a8d9-40c7-95ad-90cc30e46932', 'name': 'Packers', 'market': 'Green Bay', 'alias': 'GB', 'sr_id': 'sr:competitor:4420'}",ACT,,,a20471b4-a8d9-40c7-95ad-90cc30e46932,Packers,GB,Green Bay,,2025-08-06T22:13:24.865654
4a6fd480-8a81-41f1-a0ba-1dd2e02e6c44,Jacob Monk,,Jacob,Monk,OL,62.0,75,308.0,2001-06-04,"Clayton, NC, USA",2,Duke,Corinth Holders (NC),2024.0,5.0,,"{'id': 'a20471b4-a8d9-40c7-95ad-90cc30e46932', 'name': 'Packers', 'market': 'Green Bay', 'alias': 'GB', 'sr_id': 'sr:competitor:4420'}",ACT,,,a20471b4-a8d9-40c7-95ad-90cc30e46932,Packers,GB,Green Bay,,2025-08-06T22:13:24.865673
5250f409-d4d7-48ac-adf4-35c3561ffad1,Devonte Wyatt,,Devonte,Wyatt,DL,95.0,75,304.0,1998-03-31,"Decatur, GA, USA",4,Georgia,Towers (GA),2022.0,1.0,,"{'id': 'a20471b4-a8d9-40c7-95ad-90cc30e46932', 'name': 'Packers', 'market': 'Green Bay', 'alias': 'GB', 'sr_id': 'sr:competitor:4420'}",ACT,,,a20471b4-a8d9-40c7-95ad-90cc30e46932,Packers,GB,Green Bay,,2025-08-06T22:13:24.865682
5424462c-3f8e-4e2a-832d-c29916d395cb,Edgerrin Cooper,,Edgerrin,Cooper,LB,56.0,74,229.0,2001-11-17,"Covington, LA, USA",2,Texas A&M,Covington (LA),2024.0,2.0,,"{'id': 'a20471b4-a8d9-40c7-95ad-90cc30e46932', 'name': 'Packers', 'market': 'Green Bay', 'alias': 'GB', 'sr_id': 'sr:competitor:4420'}",ACT,,,a20471b4-a8d9-40c7-95ad-90cc30e46932,Packers,GB,Green Bay,,2025-08-06T22:13:24.865691
550faa56-ac7d-45ca-b4f4-23f98cfce035,John Williams,,John,Williams,G,73.0,76,322.0,,"Bolingbrook, IL, USA",0,Cincinnati,Bolingbrook (IL),2025.0,7.0,,"{'id': 'a20471b4-a8d9-40c7-95ad-90cc30e46932', 'name': 'Packers', 'market': 'Green Bay', 'alias': 'GB', 'sr_id': 'sr:competitor:4420'}",PUP,,,a20471b4-a8d9-40c7-95ad-90cc30e46932,Packers,GB,Green Bay,,2025-08-06T22:13:24.865701
56b26b71-8f1e-416c-a7e5-62cd67c98f4b,Matt Orzech,,Matt,Orzech,LS,42.0,75,245.0,1995-04-12,"San Diego, CA, USA",6,Azusa Pacific,Paloma Valley (CA),,,,,ACT,,,a20471b4-a8d9-40c7-95ad-90cc30e46932,Packers,GB,Green Bay,,2025-08-06T22:13:24.865718
573375f0-ca1f-11ec-aeb5-1b91b32ddede,Arron Mosby,,Arron,Mosby,DL,53.0,75,250.0,1999-04-13,"Sanger, CA, USA",3,Fresno State,Sanger (CA),,,,,ACT,,,a20471b4-a8d9-40c7-95ad-90cc30e46932,Packers,GB,Green Bay,,2025-08-06T22:13:24.865727
58ef54b0-08b4-11ef-b5a8-6d7865e57714,Omar Brown,,Omar,Brown,SAF,40.0,73,205.0,2000-10-12,"Minneapolis, MN, USA",1,Nebraska,Minneapolis North (MN),,,,,ACT,,,a20471b4-a8d9-40c7-95ad-90cc30e46932,Packers,GB,Green Bay,,2025-08-06T22:13:24.865734
5fccd65c-cc7c-4e59-97fd-1078d4c868a8,Rasheed Walker,,Rasheed,Walker,T,63.0,78,324.0,2000-02-13,"Washington, DC, USA",4,Penn State,North Point (MD),2022.0,7.0,,"{'id': 'a20471b4-a8d9-40c7-95ad-90cc30e46932', 'name': 'Packers', 'market': 'Green Bay', 'alias': 'GB', 'sr_id': 'sr:competitor:4420'}",ACT,,,a20471b4-a8d9-40c7-95ad-90cc30e46932,Packers,GB,Green Bay,,2025-08-06T22:13:24.865752
6120d1a4-44bb-478d-8911-a7543418f1ad,Barryn Sorrell,,Barryn,Sorrell,DL,99.0,75,256.0,2002-12-22,"New Orleans, LA, USA",0,Texas,Holy Cross (LA),2025.0,4.0,,"{'id': 'a20471b4-a8d9-40c7-95ad-90cc30e46932', 'name': 'Packers', 'market': 'Green Bay', 'alias': 'GB', 'sr_id': 'sr:competitor:4420'}",ACT,,,a20471b4-a8d9-40c7-95ad-90cc30e46932,Packers,GB,Green Bay,,2025-08-06T22:13:24.865761
6444feb1-f5a4-4b45-9a45-79308a4445fd,Brandon McManus,,Brandon,McManus,K,17.0,75,201.0,1991-07-25,"Hatfield, PA, USA",12,Temple,North Penn (PA),,,,,ACT,,,a20471b4-a8d9-40c7-95ad-90cc30e46932,Packers,GB,Green Bay,,2025-08-06T22:13:24.865777
65a10c30-673b-11f0-bdfd-91543468d8c2,Mark McNamee,,Mark,McNamee,K,41.0,76,208.0,1995-10-11,",,IRL",0,,,,,,,ACT,,,a20471b4-a8d9-40c7-95ad-90cc30e46932,Packers,GB,Green Bay,,2025-08-06T22:13:24.865785
67ffa300-250b-11f0-98d3-01166c061cfb,Jamon Johnson,,Jamon,Johnson,LB,48.0,73,236.0,2001-11-28,"Hyattsville, MD, USA",0,Kentucky,Saint Frances Academy (MD),,,,,ACT,,,a20471b4-a8d9-40c7-95ad-90cc30e46932,Packers,GB,Green Bay,,2025-08-06T22:13:24.865793
69325730-2f3e-11f0-85d5-b9c4bfaa75e3,Taylor Elgersma,,Taylor,Elgersma,QB,19.0,77,227.0,2002-03-27,"London, ON, CAN",0,Wilfrid Laurier (CAN),Oakridge (ON),,,,,ACT,,,a20471b4-a8d9-40c7-95ad-90cc30e46932,Packers,GB,Green Bay,,2025-08-06T22:13:24.865801
6a3a2ce0-250f-11f0-a2d7-45cc0042ac58,J.J. Lippe,,J.J.,Lippe,G,61.0,77,302.0,2001-05-24,"Milwaukee, WI, USA",0,Northern Illinois,Whitefish Bay (WI),,,,,ACT,,,a20471b4-a8d9-40c7-95ad-90cc30e46932,Packers,GB,Green Bay,,2025-08-06T22:13:24.865808
6a4c3e31-0fcc-47c6-9022-bdc26b083009,Kingsley Enagbare,,Kingsley,Enagbare,DL,55.0,76,258.0,2000-01-18,"Atlanta, GA, USA",4,South Carolina,Hapeville Charter Academy (GA),2022.0,5.0,,"{'id': 'a20471b4-a8d9-40c7-95ad-90cc30e46932', 'name': 'Packers', 'market': 'Green Bay', 'alias': 'GB', 'sr_id': 'sr:competitor:4420'}",ACT,,,a20471b4-a8d9-40c7-95ad-90cc30e46932,Packers,GB,Green Bay,,2025-08-06T22:13:24.865817
6fd330e6-8cab-4351-b9e8-bc6ffb125b1c,Zayne Anderson,,Zayne,Anderson,SAF,39.0,74,206.0,1997-01-03,"Stansbury Park, UT, USA",3,BYU,Stansbury Park (UT),,,,,ACT,,,a20471b4-a8d9-40c7-95ad-90cc30e46932,Packers,GB,Green Bay,,2025-08-06T22:13:24.865825
71bd62b0-3ccb-11f0-b22b-71ee09ef21d6,Sam Brown Jr.,,Sam,Brown,WR,,74,200.0,2002-08-15,"Savannah, GA, USA",0,Miami (FL),New Hampstead (GA),,,,,IR,,,a20471b4-a8d9-40c7-95ad-90cc30e46932,Packers,GB,Green Bay,,2025-08-06T22:13:24.865833
848e4531-e43d-4ae1-a2d8-e0d258fb2c93,Aaron Banks,,Aaron,Banks,G,65.0,77,325.0,1997-09-03,"Alameda, CA, USA",5,Notre Dame,El Cerrito (CA),2021.0,2.0,,"{'id': 'f0e724b0-4cbf-495a-be47-013907608da9', 'name': '49ers', 'market': 'San Francisco', 'alias': 'SF', 'sr_id': 'sr:competitor:4389'}",ACT,,,a20471b4-a8d9-40c7-95ad-90cc30e46932,Packers,GB,Green Bay,,2025-08-06T22:13:24.865860
8f78ae50-07c4-11ef-a987-1fc365c9c772,Julian Hicks,,Julian,Hicks,WR,81.0,74,201.0,1999-09-29,"Cleveland, OH, USA",1,University at Albany,Mayfield (OH),,,,,ACT,,,a20471b4-a8d9-40c7-95ad-90cc30e46932,Packers,GB,Green Bay,,2025-08-06T22:13:24.865867
8fbc9bcf-c367-46bc-8017-ce87e84aeaff,Evan Williams,,Evan,Williams,SAF,33.0,71,200.0,2001-07-28,"Los Gatos, CA, USA",2,Oregon,Saint Francis (CA),2024.0,4.0,,"{'id': 'a20471b4-a8d9-40c7-95ad-90cc30e46932', 'name': 'Packers', 'market': 'Green Bay', 'alias': 'GB', 'sr_id': 'sr:competitor:4420'}",ACT,,,a20471b4-a8d9-40c7-95ad-90cc30e46932,Packers,GB,Green Bay,,2025-08-06T22:13:24.865876
8ffe9816-bbce-463e-a860-937253af6497,Trey Hill,,Trey,Hill,C,64.0,76,319.0,2000-01-23,"Warner Robins, GA, USA",4,Georgia,Houston County (GA),2021.0,6.0,,"{'id': 'ad4ae08f-d808-42d5-a1e6-e9bc4e34d123', 'name': 'Bengals', 'market': 'Cincinnati', 'alias': 'CIN', 'sr_id': 'sr:competitor:4416'}",ACT,,,a20471b4-a8d9-40c7-95ad-90cc30e46932,Packers,GB,Green Bay,,2025-08-06T22:13:24.865885
92e24ebb-25e5-413a-95d4-26936bdb6a70,Isaiah McDuffie,,Isaiah,McDuffie,LB,58.0,73,227.0,1999-07-21,"Buffalo, NY, USA",5,Boston College,Bennett (NY),2021.0,6.0,,"{'id': 'a20471b4-a8d9-40c7-95ad-90cc30e46932', 'name': 'Packers', 'market': 'Green Bay', 'alias': 'GB', 'sr_id': 'sr:competitor:4420'}",ACT,,,a20471b4-a8d9-40c7-95ad-90cc30e46932,Packers,GB,Green Bay,,2025-08-06T22:13:24.865894
93246c54-f4ab-43bf-8666-bb7c1895b544,Warren Brinson,,Warren,Brinson,DL,91.0,77,315.0,2002-02-04,"Savannah, GA, USA",0,Georgia,IMG Academy (GA),2025.0,6.0,,"{'id': 'a20471b4-a8d9-40c7-95ad-90cc30e46932', 'name': 'Packers', 'market': 'Green Bay', 'alias': 'GB', 'sr_id': 'sr:competitor:4420'}",ACT,,,a20471b4-a8d9-40c7-95ad-90cc30e46932,Packers,GB,Green Bay,,2025-08-06T22:13:24.865902
9362edb6-b774-4f56-be92-234da2567364,Micah Robinson,,Micah,Robinson,CB,26.0,71,185.0,2002-02-05,"Atlanta, GA, USA",0,Tulane,Westlake (WA),2025.0,7.0,,"{'id': 'a20471b4-a8d9-40c7-95ad-90cc30e46932', 'name': 'Packers', 'market': 'Green Bay', 'alias': 'GB', 'sr_id': 'sr:competitor:4420'}",ACT,,,a20471b4-a8d9-40c7-95ad-90cc30e46932,Packers,GB,Green Bay,,2025-08-06T22:13:24.865910
97357c21-9d25-4a8a-a066-be6dad0e8a7f,Isaiah Dunn,,Isaiah,Dunn,CB,47.0,72,189.0,1999-01-31,"Oakland, CA, USA",3,Oregon State,Antioch (CA),,,,,ACT,,,a20471b4-a8d9-40c7-95ad-90cc30e46932,Packers,GB,Green Bay,,2025-08-06T22:13:24.865917
99847f76-5bf2-4cbe-8573-9a477f7fb472,Rashan Gary,,Rashan,Gary,DL,52.0,77,277.0,1997-12-03,"Plainfield, NJ, USA",7,Michigan,Paramus Catholic (NJ),2019.0,1.0,,"{'id': 'a20471b4-a8d9-40c7-95ad-90cc30e46932', 'name': 'Packers', 'market': 'Green Bay', 'alias': 'GB', 'sr_id': 'sr:competitor:4420'}",ACT,,,a20471b4-a8d9-40c7-95ad-90cc30e46932,Packers,GB,Green Bay,,2025-08-06T22:13:24.865926
99979d00-2510-11f0-afbc-3796713e15e7,Jalen White,,Jalen,White,RB,35.0,72,205.0,2002-06-05,"Daleville, AL, USA",0,Georgia Southern,Daleville (AL),,,,,ACT,,,a20471b4-a8d9-40c7-95ad-90cc30e46932,Packers,GB,Green Bay,,2025-08-06T22:13:24.865940
9bc78270-07c5-11ef-8be9-35641d847530,Donovan Jennings,,Donovan,Jennings,OL,67.0,76,323.0,1999-11-24,"Tampa, FL, USA",1,South Florida,Gaither (FL),,,,,ACT,,,a20471b4-a8d9-40c7-95ad-90cc30e46932,Packers,GB,Green Bay,,2025-08-06T22:13:24.865949
9c77c0a2-ce84-4b16-a68a-fe28a8af5c79,Lecitus Smith,,Lecitus,Smith,C,68.0,75,320.0,1998-07-13,"Fitzgerald, GA, USA",2,Virginia Tech,Fitzgerald (GA),2022.0,6.0,,"{'id': 'de760528-1dc0-416a-a978-b510d20692ff', 'name': 'Cardinals', 'market': 'Arizona', 'alias': 'ARI', 'sr_id': 'sr:competitor:4412'}",ACT,,,a20471b4-a8d9-40c7-95ad-90cc30e46932,Packers,GB,Green Bay,,2025-08-06T22:13:24.865958
9ec3d420-250a-11f0-aaad-b190600d09cf,Amar Johnson,,Amar,Johnson,RB,46.0,70,205.0,,"O'Fallon, MO, USA",0,South Dakota State,Chaminade College Prep (CA),,,,,ACT,,,a20471b4-a8d9-40c7-95ad-90cc30e46932,Packers,GB,Green Bay,,2025-08-06T22:13:24.865965
9fb2ac11-8c14-4039-9a3f-32d11343b73d,Ty'Ron Hopper,,Ty'Ron,Hopper,LB,59.0,74,228.0,2001-04-26,"Shelby, NC, USA",2,Missouri,Roswell (GA),2024.0,3.0,,"{'id': 'a20471b4-a8d9-40c7-95ad-90cc30e46932', 'name': 'Packers', 'market': 'Green Bay', 'alias': 'GB', 'sr_id': 'sr:competitor:4420'}",ACT,,,a20471b4-a8d9-40c7-95ad-90cc30e46932,Packers,GB,Green Bay,,2025-08-06T22:13:24.865973
a2b7d4e4-9385-4c49-8ef9-a6a2c83839f6,Zach Tom,,Zach,Tom,OL,50.0,76,304.0,1999-03-26,"Prairieville, LA, USA",4,Wake Forest,Catholic (LA),2022.0,4.0,,"{'id': 'a20471b4-a8d9-40c7-95ad-90cc30e46932', 'name': 'Packers', 'market': 'Green Bay', 'alias': 'GB', 'sr_id': 'sr:competitor:4420'}",ACT,,,a20471b4-a8d9-40c7-95ad-90cc30e46932,Packers,GB,Green Bay,,2025-08-06T22:13:24.865982
aae1ef00-eba8-11ed-906c-29c5e0123ad9,Deslin Alexandre,,Deslin,Alexandre,DL,49.0,75,264.0,1998-06-11,"Pompano Beach, FL, USA",1,Pittsburgh,Deerfield Beach (FL),,,,,ACT,,,a20471b4-a8d9-40c7-95ad-90cc30e46932,Packers,GB,Green Bay,,2025-08-06T22:13:24.865989
abc5dadd-fe68-4a0e-8b64-6b6ca2717858,Kitan Oladapo,,Kitan,Oladapo,SAF,27.0,74,216.0,2000-10-10,"Happy Valley, OR, USA",2,Oregon State,Central Catholic (OR),2024.0,5.0,,"{'id': 'a20471b4-a8d9-40c7-95ad-90cc30e46932', 'name': 'Packers', 'market': 'Green Bay', 'alias': 'GB', 'sr_id': 'sr:competitor:4420'}",ACT,,,a20471b4-a8d9-40c7-95ad-90cc30e46932,Packers,GB,Green Bay,,2025-08-06T22:13:24.865998
ae33b86e-d67d-4b38-87e8-f7c666b4a88b,Kamal Hadden,,Kamal,Hadden,CB,36.0,73,192.0,2001-01-17,"River Rouge, MI, USA",1,Tennessee,River Rouge (MI),2024.0,6.0,,"{'id': '6680d28d-d4d2-49f6-aace-5292d3ec02c2', 'name': 'Chiefs', 'market': 'Kansas City', 'alias': 'KC', 'sr_id': 'sr:competitor:4422'}",ACT,,,a20471b4-a8d9-40c7-95ad-90cc30e46932,Packers,GB,Green Bay,,2025-08-06T22:13:24.866007
aef0e96a-d473-4991-9bb3-a9764d777a36,Cornelius Johnson,,Cornelius,Johnson,WR,84.0,75,212.0,2000-11-29,"Greenwich, CT, USA",1,Michigan,Brunswick (CT),2024.0,7.0,,"{'id': '1f6dcffb-9823-43cd-9ff4-e7a8466749b5', 'name': 'Chargers', 'market': 'Los Angeles', 'alias': 'LAC', 'sr_id': 'sr:competitor:4429'}",ACT,,,a20471b4-a8d9-40c7-95ad-90cc30e46932,Packers,GB,Green Bay,,2025-08-06T22:13:24.866016
b341ea01-741c-4ea8-8d4f-75ae79359d18,Carrington Valentine,,Carrington,Valentine,CB,24.0,72,189.0,2001-09-09,"Cincinnati, OH, USA",3,Kentucky,Moeller (OH),2023.0,7.0,,"{'id': 'a20471b4-a8d9-40c7-95ad-90cc30e46932', 'name': 'Packers', 'market': 'Green Bay', 'alias': 'GB', 'sr_id': 'sr:competitor:4420'}",ACT,,,a20471b4-a8d9-40c7-95ad-90cc30e46932,Packers,GB,Green Bay,,2025-08-06T22:13:24.866035
b34aa9fb-3f93-481b-8f68-7330c39e6e20,Nate Hobbs,,Nate,Hobbs,CB,21.0,72,195.0,1999-06-24,"Louisville, KY, USA",5,Illinois,Louisville Male (KY),2021.0,5.0,,"{'id': '7d4fcc64-9cb5-4d1b-8e75-8a906d1e1576', 'name': 'Raiders', 'market': 'Las Vegas', 'alias': 'LV', 'sr_id': 'sr:competitor:4390'}",ACT,,,a20471b4-a8d9-40c7-95ad-90cc30e46932,Packers,GB,Green Bay,,2025-08-06T22:13:24.866043
b5d116d8-11d4-43b1-8f0b-9a3ba26648c9,Elgton Jenkins,,Elgton,Jenkins,OL,74.0,77,311.0,1995-12-26,"Clarksdale, MS, USA",7,Mississippi State,Clarksdale (MS),2019.0,2.0,,"{'id': 'a20471b4-a8d9-40c7-95ad-90cc30e46932', 'name': 'Packers', 'market': 'Green Bay', 'alias': 'GB', 'sr_id': 'sr:competitor:4420'}",ACT,,,a20471b4-a8d9-40c7-95ad-90cc30e46932,Packers,GB,Green Bay,,2025-08-06T22:13:24.866051
b809737f-48a1-4051-9263-2f060d48c602,Sean Rhyan,,Sean,Rhyan,G,75.0,77,321.0,2000-09-15,"Ladera Ranch, CA, USA",4,UCLA,San Juan Hills (CA),2022.0,3.0,,"{'id': 'a20471b4-a8d9-40c7-95ad-90cc30e46932', 'name': 'Packers', 'market': 'Green Bay', 'alias': 'GB', 'sr_id': 'sr:competitor:4420'}",ACT,,,a20471b4-a8d9-40c7-95ad-90cc30e46932,Packers,GB,Green Bay,,2025-08-06T22:13:24.866060
b87d80b7-f129-4f3d-938a-1272f8122589,Isaiah Simmons,,Isaiah,Simmons,LB,28.0,76,238.0,1998-07-26,"Olathe, KS, USA",6,Clemson,Olathe North (KS),2020.0,1.0,,"{'id': 'de760528-1dc0-416a-a978-b510d20692ff', 'name': 'Cardinals', 'market': 'Arizona', 'alias': 'ARI', 'sr_id': 'sr:competitor:4412'}",ACT,,,a20471b4-a8d9-40c7-95ad-90cc30e46932,Packers,GB,Green Bay,,2025-08-06T22:13:24.866068
bf89ef00-2573-11f0-9c8e-d9b9894b443c,Isaiah Neyor,,Isaiah,Neyor,WR,80.0,76,218.0,2001-06-07,"Fort Worth, TX, USA",0,Nebraska,Lamar (TX),,,,,ACT,,,a20471b4-a8d9-40c7-95ad-90cc30e46932,Packers,GB,Green Bay,,2025-08-06T22:13:24.866075
c76a4bef-3d1f-4326-82bd-81065b5cfb10,Karl Brooks,,Karl,Brooks,DL,94.0,75,296.0,2000-05-08,"Lansing, MI, USA",3,Bowling Green,J.W. Sexton (MI),2023.0,6.0,,"{'id': 'a20471b4-a8d9-40c7-95ad-90cc30e46932', 'name': 'Packers', 'market': 'Green Bay', 'alias': 'GB', 'sr_id': 'sr:competitor:4420'}",ACT,,,a20471b4-a8d9-40c7-95ad-90cc30e46932,Packers,GB,Green Bay,,2025-08-06T22:13:24.866091
c8cf0369-d2bc-47be-b459-360b277e081f,Kalen King,,Kalen,King,CB,34.0,71,190.0,2003-01-28,"Detroit, MI, USA",1,Penn State,Cass Technical (MI),2024.0,7.0,,"{'id': 'a20471b4-a8d9-40c7-95ad-90cc30e46932', 'name': 'Packers', 'market': 'Green Bay', 'alias': 'GB', 'sr_id': 'sr:competitor:4420'}",ACT,,,a20471b4-a8d9-40c7-95ad-90cc30e46932,Packers,GB,Green Bay,,2025-08-06T22:13:24.866099
cd141ff0-cc9e-11ec-952e-a10f2c98fc4d,Daniel Whelan,,Daniel,Whelan,P,19.0,77,216.0,1999-02-10,"Enniskerry,, IRL",3,UC Davis,Rancho Mirage (CA),,,,,ACT,,,a20471b4-a8d9-40c7-95ad-90cc30e46932,Packers,GB,Green Bay,,2025-08-06T22:13:24.866107
cd176370-250d-11f0-9f33-c3cb88364dad,Brant Banks,,Brant,Banks,OT,72.0,79,306.0,2000-05-01,"Houston, TX, USA",0,Rice,Westbury Christian (TX),,,,,ACT,,,a20471b4-a8d9-40c7-95ad-90cc30e46932,Packers,GB,Green Bay,,2025-08-06T22:13:24.866114
d0ee2a70-250c-11f0-9f33-c3cb88364dad,Tyler Cooper,,Tyler,Cooper,G,60.0,77,302.0,,"St. Croix Falls, WI, USA",0,Minnesota,Saint Croix Falls (WI),,,,,ACT,,,a20471b4-a8d9-40c7-95ad-90cc30e46932,Packers,GB,Green Bay,,2025-08-06T22:13:24.866129
d1963360-c011-4764-9a36-9e627073f68f,Matthew Golden,,Matthew,Golden,WR,22.0,71,191.0,2003-08-01,"Houston, TX, USA",0,Texas,Klein Cain (TX),2025.0,1.0,,"{'id': 'a20471b4-a8d9-40c7-95ad-90cc30e46932', 'name': 'Packers', 'market': 'Green Bay', 'alias': 'GB', 'sr_id': 'sr:competitor:4420'}",ACT,,,a20471b4-a8d9-40c7-95ad-90cc30e46932,Packers,GB,Green Bay,,2025-08-06T22:13:24.866138
d5717000-2509-11f0-b726-7de0ae623782,Johnathan Baldwin,,Johnathan,Baldwin,CB,37.0,72,190.0,,"Houston, TX, USA",0,UNLV,Frank Dobie (TX),,,,,ACT,,,a20471b4-a8d9-40c7-95ad-90cc30e46932,Packers,GB,Green Bay,,2025-08-06T22:13:24.866145
d6639a70-e90a-11ed-bc18-5b104fe8cdda,Kadeem Telfort,,Kadeem,Telfort,T,76.0,79,322.0,1998-11-10,"Miami, FL, USA",2,UAB,Booker T. Washington (FL),,,,,ACT,,,a20471b4-a8d9-40c7-95ad-90cc30e46932,Packers,GB,Green Bay,,2025-08-06T22:13:24.866153
d848e4e6-ff3e-421c-9bd3-c2f62a16efd4,Kenny Clark,,Kenny,Clark,DL,97.0,75,314.0,1995-10-04,"San Bernardino, CA, USA",10,UCLA,Wilmer Amina Carter (CA),2016.0,1.0,,"{'id': 'a20471b4-a8d9-40c7-95ad-90cc30e46932', 'name': 'Packers', 'market': 'Green Bay', 'alias': 'GB', 'sr_id': 'sr:competitor:4420'}",ACT,,,a20471b4-a8d9-40c7-95ad-90cc30e46932,Packers,GB,Green Bay,,2025-08-06T22:13:24.866161
dbeff2ee-8d26-48f3-b345-3cd88c374c87,Xavier McKinney,,Xavier,McKinney,SAF,29.0,72,201.0,1998-08-08,"Roswell, GA, USA",6,Alabama,Roswell (GA),2020.0,2.0,,"{'id': '04aa1c9d-66da-489d-b16a-1dee3f2eec4d', 'name': 'Giants', 'market': 'New York', 'alias': 'NYG', 'sr_id': 'sr:competitor:4426'}",ACT,,,a20471b4-a8d9-40c7-95ad-90cc30e46932,Packers,GB,Green Bay,,2025-08-06T22:13:24.866170
de98051f-0e58-4eb7-9b6d-90aaceb95f98,Travis Glover,,Travis,Glover,T,79.0,78,317.0,2000-08-17,"Vienna, GA, USA",2,Georgia State,Dooly County (GA),2024.0,6.0,,"{'id': 'a20471b4-a8d9-40c7-95ad-90cc30e46932', 'name': 'Packers', 'market': 'Green Bay', 'alias': 'GB', 'sr_id': 'sr:competitor:4420'}",IR,,,a20471b4-a8d9-40c7-95ad-90cc30e46932,Packers,GB,Green Bay,,2025-08-06T22:13:24.866179
e3a4104a-ceba-4df2-b265-70843ecf1fb0,Corey Ballentine,,Corey,Ballentine,CB,35.0,72,191.0,1996-04-13,"Montego Bay,, JAM",7,Washburn,Shawnee Heights (KS),2019.0,6.0,,"{'id': '04aa1c9d-66da-489d-b16a-1dee3f2eec4d', 'name': 'Giants', 'market': 'New York', 'alias': 'NYG', 'sr_id': 'sr:competitor:4426'}",ACT,,,a20471b4-a8d9-40c7-95ad-90cc30e46932,Packers,GB,Green Bay,,2025-08-06T22:13:24.866188
e45b8756-f7c9-4c79-8d0b-df8bb71155bd,Anthony Belton,,Anthony,Belton,OT,71.0,78,335.0,2001-02-23,"Tallahassee, FL, USA",0,North Carolina State,Florida (FL),2025.0,2.0,,"{'id': 'a20471b4-a8d9-40c7-95ad-90cc30e46932', 'name': 'Packers', 'market': 'Green Bay', 'alias': 'GB', 'sr_id': 'sr:competitor:4420'}",ACT,,,a20471b4-a8d9-40c7-95ad-90cc30e46932,Packers,GB,Green Bay,,2025-08-06T22:13:24.866197
e706f3e0-f017-11ed-83a5-bb40b4e95990,Johnny Lumpkin,,Johnny,Lumpkin,TE,43.0,77,264.0,1997-09-03,"Atlanta, GA, USA",1,Louisiana,Fredrick Douglass Academy (GA),,,,,ACT,,,a20471b4-a8d9-40c7-95ad-90cc30e46932,Packers,GB,Green Bay,,2025-08-06T22:13:24.866213
e70723a0-250e-11f0-aaf3-252b830cb685,Tyron Herring,,Tyron,Herring,CB,46.0,73,201.0,2001-04-14,"Delray Beach, FL, USA",0,Delaware,Deerfield Beach (FL),,,,,ACT,,,a20471b4-a8d9-40c7-95ad-90cc30e46932,Packers,GB,Green Bay,,2025-08-06T22:13:24.866221
ef78d350-0717-11ef-baae-97a52195ab74,Keith Randolph,,Keith,Randolph,DL,60.0,76,296.0,2001-09-01,"Belleville, IL, USA",1,Illinois,Warsaw (IN),,,,,ACT,,,a20471b4-a8d9-40c7-95ad-90cc30e46932,Packers,GB,Green Bay,,2025-08-06T22:13:24.866244
f05149f9-c13f-4af8-858f-ad1e380961cd,Quay Walker,,Quay,Walker,LB,7.0,76,241.0,2000-05-08,"Cordele, GA, USA",4,Georgia,Crisp County (GA),2022.0,1.0,,"{'id': 'a20471b4-a8d9-40c7-95ad-90cc30e46932', 'name': 'Packers', 'market': 'Green Bay', 'alias': 'GB', 'sr_id': 'sr:competitor:4420'}",ACT,,,a20471b4-a8d9-40c7-95ad-90cc30e46932,Packers,GB,Green Bay,,2025-08-06T22:13:24.866252
f11d3370-231a-11f0-a1dc-9b31b16c65b0,Will Sheppard,,Will,Sheppard,WR,82.0,75,196.0,2002-02-11,"Madisonville, LA, USA",0,Colorado,Mandeville (LA),,,,,ACT,,,a20471b4-a8d9-40c7-95ad-90cc30e46932,Packers,GB,Green Bay,,2025-08-06T22:13:24.866260
ffa96250-07c4-11ef-99fd-53de25c52bd6,Messiah Swinson,,Messiah,Swinson,TE,48.0,79,259.0,2000-04-20,"Bay Shore, NY, USA",1,Arizona State,Lutheran (NY),,,,,ACT,,,a20471b4-a8d9-40c7-95ad-90cc30e46932,Packers,GB,Green Bay,,2025-08-06T22:13:24.866276
00e9c490-25f9-11f0-a029-c7cb2c5d322f,Mapalo Mwansa,,Mapalo,Mwansa,OLB,58.0,74,230.0,,"Peterborough,, GBR",0,,,,,,,ACT,,,f14bf5cc-9a82-4a38-bc15-d39f75ed5314,Panthers,CAR,Carolina,,2025-08-06T22:13:26.396726
01ec2e60-2512-11f0-9a31-bd52e2c1bc10,Bam Martin-Scott,,Bam,Martin-Scott,LB,57.0,74,231.0,2000-07-04,"Fort Wayne, IN, USA",0,South Carolina,Strong Rock (GA),,,,,ACT,,,f14bf5cc-9a82-4a38-bc15-d39f75ed5314,Panthers,CAR,Carolina,,2025-08-06T22:13:26.396745
02c194e0-2514-11f0-a382-97906c339a3b,Corey Thornton,,Corey,Thornton,CB,31.0,73,195.0,,"Miami, FL, USA",0,Louisville,Booker T. Washington (OK),,,,,ACT,,,f14bf5cc-9a82-4a38-bc15-d39f75ed5314,Panthers,CAR,Carolina,,2025-08-06T22:13:26.396751
05179d37-cbaf-4ff1-9a24-c3d9194aab39,Lathan Ransom,,Lathan,Ransom,SAF,22.0,72,206.0,2002-07-16,"Tucson, AZ, USA",0,Ohio State,Salpointe Catholic (AZ),2025.0,4.0,,"{'id': 'f14bf5cc-9a82-4a38-bc15-d39f75ed5314', 'name': 'Panthers', 'market': 'Carolina', 'alias': 'CAR', 'sr_id': 'sr:competitor:4415'}",ACT,,,f14bf5cc-9a82-4a38-bc15-d39f75ed5314,Panthers,CAR,Carolina,,2025-08-06T22:13:26.396757
0cefabe0-2515-11f0-a68f-05e563e4f5c3,Isaac Gifford,,Isaac,Gifford,SAF,25.0,72,203.0,,"Lincoln, NE, USA",0,Nebraska,Lincoln Southeast (NE),,,,,ACT,,,f14bf5cc-9a82-4a38-bc15-d39f75ed5314,Panthers,CAR,Carolina,,2025-08-06T22:13:26.396768
11feb266-14e8-488c-9f7e-f221eaa92df8,DJ Johnson,,DJ,Johnson,OLB,52.0,76,260.0,1998-10-21,"Sacramento, CA, USA",3,Oregon,Luther Burbank (CA),2023.0,3.0,,"{'id': 'f14bf5cc-9a82-4a38-bc15-d39f75ed5314', 'name': 'Panthers', 'market': 'Carolina', 'alias': 'CAR', 'sr_id': 'sr:competitor:4415'}",ACT,,,f14bf5cc-9a82-4a38-bc15-d39f75ed5314,Panthers,CAR,Carolina,,2025-08-06T22:13:26.396773
17bb3390-5232-402b-b229-c478b22dd200,Bobby Brown III,,Bobby,Brown,NT,97.0,76,332.0,2000-08-07,"Arlington, TX, USA",5,Texas A&M,Lamar (TX),2021.0,4.0,,"{'id': '2eff2a03-54d4-46ba-890e-2bc3925548f3', 'name': 'Rams', 'market': 'Los Angeles', 'alias': 'LA', 'sr_id': 'sr:competitor:4387'}",ACT,,,f14bf5cc-9a82-4a38-bc15-d39f75ed5314,Panthers,CAR,Carolina,,2025-08-06T22:13:26.396779
1897f020-070b-11ef-860e-85b981b3a108,Jack Plummer,,Jack,Plummer,QB,16.0,77,215.0,1999-10-21,"Gilbert, AZ, USA",1,Louisville,Gilbert (AZ),,,,,ACT,,,f14bf5cc-9a82-4a38-bc15-d39f75ed5314,Panthers,CAR,Carolina,,2025-08-06T22:13:26.396784
18eae132-a14e-4de6-bae2-77c9ce8f5864,Boogie Basham,,Boogie,Basham,OLB,54.0,75,274.0,1997-12-16,"Roanoke, VA, USA",5,Wake Forest,Northside (VA),2021.0,2.0,,"{'id': '768c92aa-75ff-4a43-bcc0-f2798c2e1724', 'name': 'Bills', 'market': 'Buffalo', 'alias': 'BUF', 'sr_id': 'sr:competitor:4376'}",ACT,,,f14bf5cc-9a82-4a38-bc15-d39f75ed5314,Panthers,CAR,Carolina,,2025-08-06T22:13:26.396789
194fc092-1fd9-4723-9bef-57658a002b76,Cam Jackson,,Cam,Jackson,DT,55.0,78,328.0,2002-08-07,"Haynesville, LA, USA",0,Florida,Haynesville (LA),2025.0,5.0,,"{'id': 'f14bf5cc-9a82-4a38-bc15-d39f75ed5314', 'name': 'Panthers', 'market': 'Carolina', 'alias': 'CAR', 'sr_id': 'sr:competitor:4415'}",ACT,,,f14bf5cc-9a82-4a38-bc15-d39f75ed5314,Panthers,CAR,Carolina,,2025-08-06T22:13:26.396794
21c0c7f0-0713-11ef-adcf-5149ab590667,Popo Aumavae,,Popo,Aumavae,DT,78.0,75,315.0,1999-01-15,"Stockton, CA, USA",2,Oregon,St. Mary (CA),,,,,IR,,,f14bf5cc-9a82-4a38-bc15-d39f75ed5314,Panthers,CAR,Carolina,,2025-08-06T22:13:26.396799
231a38f6-18a4-4875-9b86-bdb26d2d26c4,Sam Roberts,,Sam,Roberts,DT,74.0,77,295.0,1998-04-14,"Waynesville, MO, USA",3,Northwest Missouri State,Waynesville (MO),2022.0,6.0,,"{'id': '97354895-8c77-4fd4-a860-32e62ea7382a', 'name': 'Patriots', 'market': 'New England', 'alias': 'NE', 'sr_id': 'sr:competitor:4424'}",ACT,,,f14bf5cc-9a82-4a38-bc15-d39f75ed5314,Panthers,CAR,Carolina,,2025-08-06T22:13:26.396804
23516350-2516-11f0-9fc8-5769fbfd7cbb,Bryce Pierre,,Bryce,Pierre,TE,45.0,77,255.0,,"Rancho Cucamonga, CA, USA",0,UCLA,Rancho Cucamonga (CA),,,,,ACT,,,f14bf5cc-9a82-4a38-bc15-d39f75ed5314,Panthers,CAR,Carolina,,2025-08-06T22:13:26.396809
25449550-0975-11ef-bde2-2bfe04e0121e,Shemar Bartholomew,,Shemar,Bartholomew,CB,27.0,73,200.0,2000-06-06,"Houston, TX, USA",2,Georgia Southern,Cypress Ranch (TX),,,,,ACT,,,f14bf5cc-9a82-4a38-bc15-d39f75ed5314,Panthers,CAR,Carolina,,2025-08-06T22:13:26.396814
294ee9c0-25f8-11f0-bfc6-ed3716d781ae,Luke Kandra,,Luke,Kandra,OG,67.0,76,319.0,2001-08-08,"Cincinnati, OH, USA",0,Cincinnati,Elder (OH),,,,,ACT,,,f14bf5cc-9a82-4a38-bc15-d39f75ed5314,Panthers,CAR,Carolina,,2025-08-06T22:13:26.396819
29fb962d-cf41-475b-b305-c669aa3e9a8c,Jarrett Kingston,,Jarrett,Kingston,OG,61.0,76,308.0,1999-12-02,"Anderson, CA, USA",2,USC,Anderson (CA),2024.0,6.0,,"{'id': 'f0e724b0-4cbf-495a-be47-013907608da9', 'name': '49ers', 'market': 'San Francisco', 'alias': 'SF', 'sr_id': 'sr:competitor:4389'}",ACT,,,f14bf5cc-9a82-4a38-bc15-d39f75ed5314,Panthers,CAR,Carolina,,2025-08-06T22:13:26.396824
325fd170-0716-11ef-ba1c-2110081547cc,Demani Richardson,,Demani,Richardson,SAF,36.0,73,215.0,2000-10-07,"Waxahachie, TX, USA",2,Texas A&M,Waxahachie (TX),,,,,ACT,,,f14bf5cc-9a82-4a38-bc15-d39f75ed5314,Panthers,CAR,Carolina,,2025-08-06T22:13:26.396844
33d3d9a0-1bac-4a33-b1f5-381f5634c988,Princely Umanmielen,,Princely,Umanmielen,OLB,33.0,76,244.0,2002-04-18,"Austin, TX, USA",0,Ole Miss,Manor (TX),2025.0,3.0,,"{'id': 'f14bf5cc-9a82-4a38-bc15-d39f75ed5314', 'name': 'Panthers', 'market': 'Carolina', 'alias': 'CAR', 'sr_id': 'sr:competitor:4415'}",ACT,,,f14bf5cc-9a82-4a38-bc15-d39f75ed5314,Panthers,CAR,Carolina,,2025-08-06T22:13:26.396849
39e2d13c-0fb7-465f-ad8b-0b4bb73e1124,Trevor Etienne,,Trevor,Etienne,RB,23.0,68,198.0,2004-07-09,"Jennings, LA, USA",0,Georgia,Jennings (LA),2025.0,4.0,,"{'id': 'f14bf5cc-9a82-4a38-bc15-d39f75ed5314', 'name': 'Panthers', 'market': 'Carolina', 'alias': 'CAR', 'sr_id': 'sr:competitor:4415'}",ACT,,,f14bf5cc-9a82-4a38-bc15-d39f75ed5314,Panthers,CAR,Carolina,,2025-08-06T22:13:26.396866
3eba23df-f60c-41da-9094-74c146b017cf,Brady Christensen,,Brady,Christensen,G,70.0,78,300.0,1996-09-27,"Bountiful, UT, USA",5,BYU,Bountiful (UT),2021.0,3.0,,"{'id': 'f14bf5cc-9a82-4a38-bc15-d39f75ed5314', 'name': 'Panthers', 'market': 'Carolina', 'alias': 'CAR', 'sr_id': 'sr:competitor:4415'}",ACT,,,f14bf5cc-9a82-4a38-bc15-d39f75ed5314,Panthers,CAR,Carolina,,2025-08-06T22:13:26.396871
3eebb324-cdd9-4c19-b1b8-1e7649fe0737,Nic Scourton,,Nic,Scourton,OLB,11.0,74,257.0,2004-08-25,"Bryan, TX, USA",0,Texas A&M,Bryant (TX),2025.0,2.0,,"{'id': 'f14bf5cc-9a82-4a38-bc15-d39f75ed5314', 'name': 'Panthers', 'market': 'Carolina', 'alias': 'CAR', 'sr_id': 'sr:competitor:4415'}",ACT,,,f14bf5cc-9a82-4a38-bc15-d39f75ed5314,Panthers,CAR,Carolina,,2025-08-06T22:13:26.396876
3f44e069-a9c7-40dc-bfa9-cd403ee9cdbd,A'Shawn Robinson,,A'Shawn,Robinson,DE,94.0,75,320.0,1995-03-21,"Fort Worth, TX, USA",10,Alabama,Arlington Heights (TX),2016.0,2.0,,"{'id': 'c5a59daa-53a7-4de0-851f-fb12be893e9e', 'name': 'Lions', 'market': 'Detroit', 'alias': 'DET', 'sr_id': 'sr:competitor:4419'}",ACT,,,f14bf5cc-9a82-4a38-bc15-d39f75ed5314,Panthers,CAR,Carolina,,2025-08-06T22:13:26.396881
475aa381-25d7-4d6e-a6ce-bc7601f4b034,Damien Lewis,,Damien,Lewis,G,68.0,74,327.0,1997-03-21,"Canton, MS, USA",6,LSU,Canton (MS),2020.0,3.0,,"{'id': '3d08af9e-c767-4f88-a7dc-b920c6d2b4a8', 'name': 'Seahawks', 'market': 'Seattle', 'alias': 'SEA', 'sr_id': 'sr:competitor:4430'}",ACT,,,f14bf5cc-9a82-4a38-bc15-d39f75ed5314,Panthers,CAR,Carolina,,2025-08-06T22:13:26.396886
49abd11f-fe2b-4d15-99ed-f316d2ec67e1,Christian Rozeboom,,Christian,Rozeboom,LB,56.0,74,230.0,1997-01-30,"Sioux Center, IA, USA",5,South Dakota State,Soiux Center (IA),,,,,ACT,,,f14bf5cc-9a82-4a38-bc15-d39f75ed5314,Panthers,CAR,Carolina,,2025-08-06T22:13:26.396890
52e2caf0-25f7-11f0-a81e-3db0c435920f,Steven Losoya,,Steven,Losoya,OG,66.0,75,324.0,,"Nashville, TN, USA",0,Vanderbilt,Overton (TN),,,,,ACT,,,f14bf5cc-9a82-4a38-bc15-d39f75ed5314,Panthers,CAR,Carolina,,2025-08-06T22:13:26.396900
578f063e-30e5-4a2c-b3cc-09aaaf3d0a7c,Trevin Wallace,,Trevin,Wallace,LB,32.0,73,244.0,2003-02-22,"Jesup, GA, USA",2,Kentucky,Wayne County (GA),2024.0,3.0,,"{'id': 'f14bf5cc-9a82-4a38-bc15-d39f75ed5314', 'name': 'Panthers', 'market': 'Carolina', 'alias': 'CAR', 'sr_id': 'sr:competitor:4415'}",ACT,,,f14bf5cc-9a82-4a38-bc15-d39f75ed5314,Panthers,CAR,Carolina,,2025-08-06T22:13:26.396905
57e09df0-2513-11f0-b5b3-5d14ccc24fa4,Mike Reid,,Mike,Reid,CB,35.0,74,200.0,,"Owings Mills, MD, USA",0,South Dakota,Owings Mills (MD),,,,,ACT,,,f14bf5cc-9a82-4a38-bc15-d39f75ed5314,Panthers,CAR,Carolina,,2025-08-06T22:13:26.396909
5e21c974-4168-4d6d-9b6c-97c16a96fb01,Jon Rhattigan,,Jon,Rhattigan,LB,49.0,72,236.0,1999-02-02,"Naperville, IL, USA",5,Army,Neuqua Valley (IL),,,,,ACT,,,f14bf5cc-9a82-4a38-bc15-d39f75ed5314,Panthers,CAR,Carolina,,2025-08-06T22:13:26.396918
632a8382-27d6-45ae-b3d2-a37157e09ab7,Tershawn Wharton,,Tershawn,Wharton,DT,92.0,73,280.0,1998-06-25,"University City, MO, USA",6,Missouri S&T,University City (MO),,,,,ACT,,,f14bf5cc-9a82-4a38-bc15-d39f75ed5314,Panthers,CAR,Carolina,,2025-08-06T22:13:26.396923
63fd7882-5d20-426e-9834-e85c0ebb4d5b,Mike Jackson,,Mike,Jackson,CB,2.0,73,210.0,1997-01-10,"Birmingham, AL, USA",5,Miami (FL),Spain Park (AL),2019.0,5.0,,"{'id': 'e627eec7-bbae-4fa4-8e73-8e1d6bc5c060', 'name': 'Cowboys', 'market': 'Dallas', 'alias': 'DAL', 'sr_id': 'sr:competitor:4392'}",ACT,,,f14bf5cc-9a82-4a38-bc15-d39f75ed5314,Panthers,CAR,Carolina,,2025-08-06T22:13:26.396927
66f326e1-8188-4fc7-94d2-e98ef07d26be,Ja'Tyre Carter,,Ja'Tyre,Carter,OG,65.0,75,311.0,1999-01-15,"White Castle, LA, USA",3,Southern University,White Castle (LA),2022.0,7.0,,"{'id': '7b112545-38e6-483c-a55c-96cf6ee49cb8', 'name': 'Bears', 'market': 'Chicago', 'alias': 'CHI', 'sr_id': 'sr:competitor:4391'}",ACT,,,f14bf5cc-9a82-4a38-bc15-d39f75ed5314,Panthers,CAR,Carolina,,2025-08-06T22:13:26.396932
68356887-b59e-4210-9726-828ea7f83928,D.J. Wonnum,,D.J.,Wonnum,OLB,98.0,77,258.0,1997-10-31,"Stone Mountain, GA, USA",6,South Carolina,Stephenson (GA),2020.0,4.0,,"{'id': '33405046-04ee-4058-a950-d606f8c30852', 'name': 'Vikings', 'market': 'Minnesota', 'alias': 'MIN', 'sr_id': 'sr:competitor:4423'}",ACT,,,f14bf5cc-9a82-4a38-bc15-d39f75ed5314,Panthers,CAR,Carolina,,2025-08-06T22:13:26.396949
6fccf852-00cf-4c11-b856-8e4d56acc646,Chau Smith-Wade,,Chau,Smith-Wade,CB,26.0,71,176.0,2002-09-17,"Denver, CO, USA",2,Washington State,Simeon Career Academy (IL),2024.0,5.0,,"{'id': 'f14bf5cc-9a82-4a38-bc15-d39f75ed5314', 'name': 'Panthers', 'market': 'Carolina', 'alias': 'CAR', 'sr_id': 'sr:competitor:4415'}",ACT,,,f14bf5cc-9a82-4a38-bc15-d39f75ed5314,Panthers,CAR,Carolina,,2025-08-06T22:13:26.396954
74013f08-f920-4de7-9740-cc461d84beec,Patrick Jones II,,Patrick,Jones,OLB,91.0,76,264.0,1998-09-29,"Yokosuka,, JPN",5,Pittsburgh,Grassfield (VA),2021.0,3.0,,"{'id': '33405046-04ee-4058-a950-d606f8c30852', 'name': 'Vikings', 'market': 'Minnesota', 'alias': 'MIN', 'sr_id': 'sr:competitor:4423'}",ACT,,,f14bf5cc-9a82-4a38-bc15-d39f75ed5314,Panthers,CAR,Carolina,,2025-08-06T22:13:26.396959
74650010-eba9-11ed-aa2f-9b9591ffdf9b,Claudin Cherelus,,Claudin,Cherelus,LB,53.0,74,230.0,1999-02-09,"Golden Gate, FL, USA",3,Alcorn State,Golden Gate (FL),,,,,ACT,,,f14bf5cc-9a82-4a38-bc15-d39f75ed5314,Panthers,CAR,Carolina,,2025-08-06T22:13:26.396963
74aef700-f320-11ed-966f-93e2182ac175,Thomas Incoom,,Thomas,Incoom,OLB,48.0,74,265.0,1999-02-19,"Stone Mountain, GA, USA",3,Central Michigan,Stone Mountain (GA),,,,,ACT,,,f14bf5cc-9a82-4a38-bc15-d39f75ed5314,Panthers,CAR,Carolina,,2025-08-06T22:13:26.396968
788b494d-d624-46ae-a956-81bd10f6a044,Mitchell Evans,,Mitchell,Evans,TE,84.0,77,258.0,2003-03-18,"Wadsworth, OH, USA",0,Notre Dame,Wadsworth (OH),2025.0,5.0,,"{'id': 'f14bf5cc-9a82-4a38-bc15-d39f75ed5314', 'name': 'Panthers', 'market': 'Carolina', 'alias': 'CAR', 'sr_id': 'sr:competitor:4415'}",ACT,,,f14bf5cc-9a82-4a38-bc15-d39f75ed5314,Panthers,CAR,Carolina,,2025-08-06T22:13:26.396973
7bf3acb0-ebad-11ed-85b6-69e78761513a,T.J. Luther,,T.J.,Luther,WR,81.0,73,180.0,2000-05-13,"Arcadia, FL, USA",1,Gardner-Webb,Port Charlotte (FL),,,,,ACT,,,f14bf5cc-9a82-4a38-bc15-d39f75ed5314,Panthers,CAR,Carolina,,2025-08-06T22:13:26.396977
7bf5a2e0-2512-11f0-9825-33176da47896,Ryan Fitzgerald,,Ryan,Fitzgerald,K,35.0,71,193.0,,"Coolidge, GA, USA",0,Florida State,Colquitt County (GA),,,,,ACT,,,f14bf5cc-9a82-4a38-bc15-d39f75ed5314,Panthers,CAR,Carolina,,2025-08-06T22:13:26.396981
7d5f1360-2511-11f0-bc1a-b70baed98a41,Trevian Thomas,,Trevian,Thomas,SAF,42.0,71,196.0,,"Americus, GA, USA",0,Arkansas State,Americus Sumter County South (GA),,,,,ACT,,,f14bf5cc-9a82-4a38-bc15-d39f75ed5314,Panthers,CAR,Carolina,,2025-08-06T22:13:26.396986
7ed2cad0-2515-11f0-a575-0f290c5d2e10,Kayron Lynch-Adams,,Kayron,Lynch-Adams,RB,34.0,70,215.0,,"Warren, OH, USA",0,Michigan State,Warren G. Harding (OH),,,,,ACT,,,f14bf5cc-9a82-4a38-bc15-d39f75ed5314,Panthers,CAR,Carolina,,2025-08-06T22:13:26.396990
827a8f60-2510-11f0-9b6f-83db5f6224db,Michael Tarquin,,Michael,Tarquin,OT,71.0,78,313.0,,"Ocala, FL, USA",0,Oklahoma,North Marion (FL),,,,,ACT,,,f14bf5cc-9a82-4a38-bc15-d39f75ed5314,Panthers,CAR,Carolina,,2025-08-06T22:13:26.397000
874de000-586c-4999-ac12-02766563e200,Tetairoa McMillan,,Tetairoa,McMillan,WR,4.0,77,212.0,2003-04-05,"Waimanalo, HI, USA",0,Arizona,Servite (CA),2025.0,1.0,,"{'id': 'f14bf5cc-9a82-4a38-bc15-d39f75ed5314', 'name': 'Panthers', 'market': 'Carolina', 'alias': 'CAR', 'sr_id': 'sr:competitor:4415'}",ACT,,,f14bf5cc-9a82-4a38-bc15-d39f75ed5314,Panthers,CAR,Carolina,,2025-08-06T22:13:26.397005
90b71985-5235-4d5a-b95a-405129be496f,Jaycee Horn,,Jaycee,Horn,CB,8.0,73,200.0,1999-11-26,"Alpharetta, GA, USA",5,South Carolina,Alpharetta (GA),2021.0,1.0,,"{'id': 'f14bf5cc-9a82-4a38-bc15-d39f75ed5314', 'name': 'Panthers', 'market': 'Carolina', 'alias': 'CAR', 'sr_id': 'sr:competitor:4415'}",ACT,,,f14bf5cc-9a82-4a38-bc15-d39f75ed5314,Panthers,CAR,Carolina,,2025-08-06T22:13:26.397009
9290324b-eb17-423b-8019-e5d26839fd45,Austin Corbett,,Austin,Corbett,C,63.0,76,305.0,1995-09-05,"Sparks, NV, USA",8,Nevada,Edward C. Reed (NV),2018.0,2.0,,"{'id': 'd5a2eb42-8065-4174-ab79-0a6fa820e35e', 'name': 'Browns', 'market': 'Cleveland', 'alias': 'CLE', 'sr_id': 'sr:competitor:4417'}",ACT,,,f14bf5cc-9a82-4a38-bc15-d39f75ed5314,Panthers,CAR,Carolina,,2025-08-06T22:13:26.397019
97434979-830a-4a55-9032-17b00c0b7f2c,Chandler Zavala,,Chandler,Zavala,G,62.0,75,322.0,1999-04-02,"Boynton Beach, FL, USA",3,North Carolina State,Forest Park (VA),2023.0,4.0,,"{'id': 'f14bf5cc-9a82-4a38-bc15-d39f75ed5314', 'name': 'Panthers', 'market': 'Carolina', 'alias': 'CAR', 'sr_id': 'sr:competitor:4415'}",ACT,,,f14bf5cc-9a82-4a38-bc15-d39f75ed5314,Panthers,CAR,Carolina,,2025-08-06T22:13:26.397027
9c8292c7-b406-4a31-a781-7c72aac6b053,Derrick Brown,,Derrick,Brown,DE,95.0,77,320.0,1998-04-15,"Sugar Hill, GA, USA",6,Auburn,Lanier (GA),2020.0,1.0,,"{'id': 'f14bf5cc-9a82-4a38-bc15-d39f75ed5314', 'name': 'Panthers', 'market': 'Carolina', 'alias': 'CAR', 'sr_id': 'sr:competitor:4415'}",ACT,,,f14bf5cc-9a82-4a38-bc15-d39f75ed5314,Panthers,CAR,Carolina,,2025-08-06T22:13:26.397035
a320f05a-2635-4170-95e8-1f91cde6e875,Akayleb Evans,,Akayleb,Evans,CB,29.0,74,198.0,1999-06-22,"McKinney, TX, USA",4,Missouri,McKinney (TX),2022.0,4.0,,"{'id': '33405046-04ee-4058-a950-d606f8c30852', 'name': 'Vikings', 'market': 'Minnesota', 'alias': 'MIN', 'sr_id': 'sr:competitor:4423'}",ACT,,,f14bf5cc-9a82-4a38-bc15-d39f75ed5314,Panthers,CAR,Carolina,,2025-08-06T22:13:26.397043
a6f8abf0-25f7-11f0-8ecb-77a06236c534,Kobe Hudson,,Kobe,Hudson,WR,86.0,72,193.0,,"Pine Mountain, GA, USA",0,UCF,Troup County (GA),,,,,ACT,,,f14bf5cc-9a82-4a38-bc15-d39f75ed5314,Panthers,CAR,Carolina,,2025-08-06T22:13:26.397050
ab636859-ef8d-443e-b2db-b555b21705c8,Jaden Crumedy,,Jaden,Crumedy,DT,96.0,76,309.0,2000-07-30,"Hattiesburg, MS, USA",2,Mississippi State,Oak Grove (MS),2024.0,6.0,,"{'id': 'f14bf5cc-9a82-4a38-bc15-d39f75ed5314', 'name': 'Panthers', 'market': 'Carolina', 'alias': 'CAR', 'sr_id': 'sr:competitor:4415'}",ACT,,,f14bf5cc-9a82-4a38-bc15-d39f75ed5314,Panthers,CAR,Carolina,,2025-08-06T22:13:26.397058
ae8ae070-69a6-11f0-a234-2108354c2e6f,J.J. Weaver,,J.J.,Weaver,OLB,47.0,76,250.0,1999-11-30,"Louisville, KY, USA",0,Kentucky,Moore (KY),,,,,ACT,,,f14bf5cc-9a82-4a38-bc15-d39f75ed5314,Panthers,CAR,Carolina,,2025-08-06T22:13:26.397066
b021e120-c95b-11ec-b1d2-d334745b4f4f,Tre Swilling,,Tre,Swilling,CB,39.0,72,196.0,1999-03-26,"New Orleans, LA, USA",1,Georgia Tech,Brother Martin (LA),,,,,ACT,,,f14bf5cc-9a82-4a38-bc15-d39f75ed5314,Panthers,CAR,Carolina,,2025-08-06T22:13:26.397075
b3407bc0-cfe9-11ec-8762-8dfa2bbad12c,LaBryan Ray,,LaBryan,Ray,DE,93.0,76,290.0,1997-12-05,"Madison, AL, USA",3,Alabama,Madison (AL),,,,,ACT,,,f14bf5cc-9a82-4a38-bc15-d39f75ed5314,Panthers,CAR,Carolina,,2025-08-06T22:13:26.397080
b40712b5-9c7e-4b9c-b7a6-a85bad63c8b0,Ikem Ekwonu,,Ikem,Ekwonu,T,79.0,76,320.0,2000-10-31,"Charlotte, NC, USA",4,North Carolina State,Providence Day (NC),2022.0,1.0,,"{'id': 'f14bf5cc-9a82-4a38-bc15-d39f75ed5314', 'name': 'Panthers', 'market': 'Carolina', 'alias': 'CAR', 'sr_id': 'sr:competitor:4415'}",ACT,,,f14bf5cc-9a82-4a38-bc15-d39f75ed5314,Panthers,CAR,Carolina,,2025-08-06T22:13:26.397084
b46ef910-2548-11f0-ad53-914c63e6a033,Mello Dotson,,Mello,Dotson,CB,28.0,72,192.0,2002-02-19,"Daytona Beach, FL, USA",0,Kansas,Mainland (FL),,,,,ACT,,,f14bf5cc-9a82-4a38-bc15-d39f75ed5314,Panthers,CAR,Carolina,,2025-08-06T22:13:26.397088
c2fa3bf0-2cd9-11f0-a86e-fde592bc08fd,Ja'seem Reed,,Ja'seem,Reed,WR,88.0,74,195.0,,"Thousand Oaks, CA, USA",0,San Diego,Westlake (CA),,,,,ACT,,,f14bf5cc-9a82-4a38-bc15-d39f75ed5314,Panthers,CAR,Carolina,,2025-08-06T22:13:26.397103
c36ccd10-25f8-11f0-a425-c14e95a4d81b,Jared Harrison-Hunte,,Jared,Harrison-Hunte,DE,75.0,76,294.0,2000-07-22,"Middle Village, NY, USA",0,SMU,Christ the King Regional (NY),,,,,ACT,,,f14bf5cc-9a82-4a38-bc15-d39f75ed5314,Panthers,CAR,Carolina,,2025-08-06T22:13:26.397108
c41d07a0-2db6-11f0-8b02-75caba2ce5b7,JaTravis Broughton,,JaTravis,Broughton,CB,43.0,71,195.0,,"Tulsa, OK, USA",0,TCU,Union (OK),,,,,ACT,,,f14bf5cc-9a82-4a38-bc15-d39f75ed5314,Panthers,CAR,Carolina,,2025-08-06T22:13:26.397112
c589d918-f69f-4284-aa85-5f9c30e006a4,Yosh Nijman,,Yosh,Nijman,T,77.0,79,314.0,1996-01-02,"Maplewood, NJ, USA",6,Virginia Tech,Columbia (NJ),,,,,ACT,,,f14bf5cc-9a82-4a38-bc15-d39f75ed5314,Panthers,CAR,Carolina,,2025-08-06T22:13:26.397118
c7ebe543-7fec-4123-bc6e-b0d509af22a2,Robert Hunt,,Robert,Hunt,G,50.0,78,323.0,1996-08-25,"Burkeville, TX, USA",6,Louisiana,Burkeville (TX),2020.0,2.0,,"{'id': '4809ecb0-abd3-451d-9c4a-92a90b83ca06', 'name': 'Dolphins', 'market': 'Miami', 'alias': 'MIA', 'sr_id': 'sr:competitor:4287'}",ACT,,,f14bf5cc-9a82-4a38-bc15-d39f75ed5314,Panthers,CAR,Carolina,,2025-08-06T22:13:26.397127
c8f74b89-065c-4857-be4e-4fcf897a5bc0,Tre'von Moehrig,,Tre'von,Moehrig,SAF,7.0,74,202.0,1999-06-16,"Spring Branch, TX, USA",5,TCU,Smithson Valley (TX),2021.0,2.0,,"{'id': '7d4fcc64-9cb5-4d1b-8e75-8a906d1e1576', 'name': 'Raiders', 'market': 'Las Vegas', 'alias': 'LV', 'sr_id': 'sr:competitor:4390'}",ACT,,,f14bf5cc-9a82-4a38-bc15-d39f75ed5314,Panthers,CAR,Carolina,,2025-08-06T22:13:26.397134
c8fb3887-c2bb-4038-af6f-f9b81aeee0ac,Shy Tuttle,,Shy,Tuttle,DT,99.0,75,300.0,1995-10-20,"Midway, NC, USA",7,Tennessee,North Davidson (NC),,,,,ACT,,,f14bf5cc-9a82-4a38-bc15-d39f75ed5314,Panthers,CAR,Carolina,,2025-08-06T22:13:26.397138
c982ead0-25f9-11f0-8919-337a311ea045,Jack Henderson,,Jack,Henderson,SAF,20.0,74,215.0,,"Mandeville, LA, USA",0,Minnesota,Mandeville (LA),,,,,ACT,,,f14bf5cc-9a82-4a38-bc15-d39f75ed5314,Panthers,CAR,Carolina,,2025-08-06T22:13:26.397142
cbe71aae-2475-487f-a78d-c1d7f021c097,Taylor Moton,,Taylor,Moton,T,72.0,77,325.0,1994-08-18,"Lansing, MI, USA",9,Western Michigan,Okemos (MI),2017.0,2.0,,"{'id': 'f14bf5cc-9a82-4a38-bc15-d39f75ed5314', 'name': 'Panthers', 'market': 'Carolina', 'alias': 'CAR', 'sr_id': 'sr:competitor:4415'}",ACT,,,f14bf5cc-9a82-4a38-bc15-d39f75ed5314,Panthers,CAR,Carolina,,2025-08-06T22:13:26.397147
dc1edb70-0707-11ef-a3d0-77ba0287fd10,Emani Bailey,,Emani,Bailey,RB,39.0,67,202.0,2001-11-28,"Denton, TX, USA",1,TCU,Billy Ryan (TX),,,,,ACT,,,f14bf5cc-9a82-4a38-bc15-d39f75ed5314,Panthers,CAR,Carolina,,2025-08-06T22:13:26.397161
deadda60-04fc-11ef-9cc3-cdbd2d3e65fb,Jacoby Windmon,,Jacoby,Windmon,LB,41.0,74,250.0,2001-08-20,"New Orleans, LA, USA",2,Michigan State,John Ehret (LA),,,,,ACT,,,f14bf5cc-9a82-4a38-bc15-d39f75ed5314,Panthers,CAR,Carolina,,2025-08-06T22:13:26.397165
e2ee3901-8de4-4585-a6ca-b7d77d271d9e,JJ Jansen,,JJ,Jansen,LS,44.0,74,235.0,1986-01-20,"Phoenix, AZ, USA",18,Notre Dame,Brophy Prep (AZ),,,,,ACT,,,f14bf5cc-9a82-4a38-bc15-d39f75ed5314,Panthers,CAR,Carolina,,2025-08-06T22:13:26.397169
e478d39d-29b1-4ede-afd8-a0a3f987a7ca,Cade Mays,,Cade,Mays,C,64.0,78,325.0,1999-04-26,"Knoxville, TN, USA",4,Tennessee,Knoxville (TN),2022.0,6.0,,"{'id': 'f14bf5cc-9a82-4a38-bc15-d39f75ed5314', 'name': 'Panthers', 'market': 'Carolina', 'alias': 'CAR', 'sr_id': 'sr:competitor:4415'}",ACT,,,f14bf5cc-9a82-4a38-bc15-d39f75ed5314,Panthers,CAR,Carolina,,2025-08-06T22:13:26.397174
ef490eec-3c43-47f3-b4a2-ae41c95108b6,Brandon Walton,,Brandon,Walton,OT,73.0,77,300.0,1998-03-18,"Largo, FL, USA",3,Florida Atlantic,Seminole (FL),,,,,ACT,,,f14bf5cc-9a82-4a38-bc15-d39f75ed5314,Panthers,CAR,Carolina,,2025-08-06T22:13:26.397179
f0c7de3c-9e8b-4c3d-b42f-985f29ce163f,Matthew Wright,,Matthew,Wright,K,37.0,71,174.0,1996-03-22,"Lancaster, PA, USA",4,UCF,Lampeter-Strasburg (PA),,,,,ACT,,,f14bf5cc-9a82-4a38-bc15-d39f75ed5314,Panthers,CAR,Carolina,,2025-08-06T22:13:26.397183
f15872a6-7bc1-41e4-a2cd-0a2fbc432bf7,Jimmy Horn Jr.,,Jimmy,Horn,WR,15.0,68,174.0,2002-09-12,"Sanford, FL, USA",0,Colorado,Seminole (FL),2025.0,6.0,,"{'id': 'f14bf5cc-9a82-4a38-bc15-d39f75ed5314', 'name': 'Panthers', 'market': 'Carolina', 'alias': 'CAR', 'sr_id': 'sr:competitor:4415'}",ACT,,,f14bf5cc-9a82-4a38-bc15-d39f75ed5314,Panthers,CAR,Carolina,,2025-08-06T22:13:26.397188
f64aff60-2510-11f0-abe6-9bfe83819280,Jacolby George,,Jacolby,George,WR,80.0,71,172.0,2003-01-25,"Lauderhill, FL, USA",0,Miami (FL),Plantation (FL),,,,,ACT,,,f14bf5cc-9a82-4a38-bc15-d39f75ed5314,Panthers,CAR,Carolina,,2025-08-06T22:13:26.397201
fc081a72-124d-4648-86a4-45aebb95a5ba,Krys Barnes,,Krys,Barnes,LB,40.0,74,229.0,1998-04-02,"Bakersfield, CA, USA",5,UCLA,Liberty (CA),,,,,ACT,,,f14bf5cc-9a82-4a38-bc15-d39f75ed5314,Panthers,CAR,Carolina,,2025-08-06T22:13:26.397206
06f3c6b0-2531-11f0-99d5-ad898e6d4106,Elijah Ponder,,Elijah,Ponder,LB,91.0,75,261.0,,"Pomona, CA, USA",0,Cal Poly,Bishop Amat (CA),,,,,ACT,,,97354895-8c77-4fd4-a860-32e62ea7382a,Patriots,NE,New England,,2025-08-06T22:13:27.921788
0d9788e6-03ee-416d-8ba2-deb57037d209,TreVeyon Henderson,,TreVeyon,Henderson,RB,32.0,70,202.0,2002-10-22,"Hopewell, VA, USA",0,Ohio State,Hopewell (VA),2025.0,2.0,,"{'id': '97354895-8c77-4fd4-a860-32e62ea7382a', 'name': 'Patriots', 'market': 'New England', 'alias': 'NE', 'sr_id': 'sr:competitor:4424'}",ACT,,,97354895-8c77-4fd4-a860-32e62ea7382a,Patriots,NE,New England,,2025-08-06T22:13:27.921803
0eba8690-2572-11f0-841c-6faaaac5712d,Ben Wooldridge,,Ben,Wooldridge,QB,17.0,74,214.0,,"Pleasanton, CA, USA",0,Louisiana,Foothill (CA),,,,,ACT,,,97354895-8c77-4fd4-a860-32e62ea7382a,Patriots,NE,New England,,2025-08-06T22:13:27.921809
14c1358f-13fa-4acf-bf4c-f943d153cdcb,Kobee Minor,,Kobee,Minor,DB,19.0,71,188.0,,"Dallas, TX, USA",0,Memphis,Lake Dallas (TX),2025.0,7.0,,"{'id': '97354895-8c77-4fd4-a860-32e62ea7382a', 'name': 'Patriots', 'market': 'New England', 'alias': 'NE', 'sr_id': 'sr:competitor:4424'}",ACT,,,97354895-8c77-4fd4-a860-32e62ea7382a,Patriots,NE,New England,,2025-08-06T22:13:27.921814
1d8d5c04-15e7-4346-9d1f-f128e4df3adb,Kyle Dugger,,Kyle,Dugger,SAF,23.0,73,216.0,1996-03-22,"Decatur, GA, USA",6,Lenoir-Rhyne,Whitewater (GA),2020.0,2.0,,"{'id': '97354895-8c77-4fd4-a860-32e62ea7382a', 'name': 'Patriots', 'market': 'New England', 'alias': 'NE', 'sr_id': 'sr:competitor:4424'}",ACT,,,97354895-8c77-4fd4-a860-32e62ea7382a,Patriots,NE,New England,,2025-08-06T22:13:27.921822
2159ae20-262b-11f0-9182-89b93f0eaa70,Jeremiah Webb,,Jeremiah,Webb,WR,29.0,71,198.0,,"Chicago, IL, USA",0,South Alabama,Urban Prep (IL),,,,,ACT,,,97354895-8c77-4fd4-a860-32e62ea7382a,Patriots,NE,New England,,2025-08-06T22:13:27.921826
22926aa0-0725-11ef-bcfc-752f39cb55fa,Jack Westover,,Jack,Westover,TE,87.0,74,245.0,1999-06-09,"Bellevue, WA, USA",1,Washington,Mount Si (WA),,,,,ACT,,,97354895-8c77-4fd4-a860-32e62ea7382a,Patriots,NE,New England,,2025-08-06T22:13:27.921830
2401a7e1-9d02-4c0e-b711-debf988905a8,Will Campbell,,Will,Campbell,OT,66.0,78,319.0,2004-01-06,"Monroe, LA, USA",0,LSU,Neville (LA),2025.0,1.0,,"{'id': '97354895-8c77-4fd4-a860-32e62ea7382a', 'name': 'Patriots', 'market': 'New England', 'alias': 'NE', 'sr_id': 'sr:competitor:4424'}",ACT,,,97354895-8c77-4fd4-a860-32e62ea7382a,Patriots,NE,New England,,2025-08-06T22:13:27.921834
253afa4e-a404-41e5-82bc-4c41508498f5,Khyiris Tonga,,Khyiris,Tonga,DL,95.0,74,335.0,1996-07-07,"West Valley, UT, USA",5,BYU,Granger (UT),2021.0,7.0,,"{'id': '7b112545-38e6-483c-a55c-96cf6ee49cb8', 'name': 'Bears', 'market': 'Chicago', 'alias': 'CHI', 'sr_id': 'sr:competitor:4391'}",ACT,,,97354895-8c77-4fd4-a860-32e62ea7382a,Patriots,NE,New England,,2025-08-06T22:13:27.921839
2b18e3fd-9765-4644-9fc8-2f316ceda6d5,Bryce Baringer,,Bryce,Baringer,P,17.0,74,215.0,1999-04-26,"Waterford, MI, USA",3,Michigan State,Notre Dame Preparatory (MI),2023.0,6.0,,"{'id': '97354895-8c77-4fd4-a860-32e62ea7382a', 'name': 'Patriots', 'market': 'New England', 'alias': 'NE', 'sr_id': 'sr:competitor:4424'}",ACT,,,97354895-8c77-4fd4-a860-32e62ea7382a,Patriots,NE,New England,,2025-08-06T22:13:27.921843
2c5c81d9-07bd-40a7-8052-8c2fa1203834,Marcellas Dial Jr.,,Marcellas,Dial,DB,27.0,72,190.0,2000-12-06,"Woodruff, SC, USA",2,South Carolina,Woodruff (SC),2024.0,6.0,,"{'id': '97354895-8c77-4fd4-a860-32e62ea7382a', 'name': 'Patriots', 'market': 'New England', 'alias': 'NE', 'sr_id': 'sr:competitor:4424'}",IR,,,97354895-8c77-4fd4-a860-32e62ea7382a,Patriots,NE,New England,,2025-08-06T22:13:27.921847
2df83b38-7b2b-4aea-91ee-bfc5974486a1,Carlton Davis III,,Carlton,Davis,CB,7.0,73,206.0,1996-12-31,"Miami, FL, USA",7,Auburn,Miami Norland (FL),2018.0,2.0,,"{'id': '4254d319-1bc7-4f81-b4ab-b5e6f3402b69', 'name': 'Buccaneers', 'market': 'Tampa Bay', 'alias': 'TB', 'sr_id': 'sr:competitor:4388'}",ACT,,,97354895-8c77-4fd4-a860-32e62ea7382a,Patriots,NE,New England,,2025-08-06T22:13:27.921851
2ed92c83-4e76-4632-abb8-704a2c6c6a2c,Craig Woodson,,Craig,Woodson,SAF,31.0,72,200.0,2001-02-20,"Nashville, TN, USA",0,California,South Grand Prairie (TX),2025.0,4.0,,"{'id': '97354895-8c77-4fd4-a860-32e62ea7382a', 'name': 'Patriots', 'market': 'New England', 'alias': 'NE', 'sr_id': 'sr:competitor:4424'}",ACT,,,97354895-8c77-4fd4-a860-32e62ea7382a,Patriots,NE,New England,,2025-08-06T22:13:27.921855
329568c0-d311-11ec-8b77-45b1765fd110,Alec Lindstrom,,Alec,Lindstrom,C,61.0,75,300.0,1998-07-07,"Dudley, MA, USA",1,Boston College,Shepherd Hill Regional (MA),,,,,ACT,,,97354895-8c77-4fd4-a860-32e62ea7382a,Patriots,NE,New England,,2025-08-06T22:13:27.921862
34aa53a0-6cba-11f0-974d-117122c4361b,R.J. Moten,,R.J.,Moten,LB,46.0,72,224.0,,"Delran, NJ, USA",0,Florida,Delran (NJ),,,,,ACT,,,97354895-8c77-4fd4-a860-32e62ea7382a,Patriots,NE,New England,,2025-08-06T22:13:27.921866
39017237-0575-4984-b784-954a79c2bba2,Christian Barmore,,Christian,Barmore,DT,90.0,77,315.0,1999-07-28,"Philadelphia, PA, USA",5,Alabama,Neumann Goretti (PA),2021.0,2.0,,"{'id': '97354895-8c77-4fd4-a860-32e62ea7382a', 'name': 'Patriots', 'market': 'New England', 'alias': 'NE', 'sr_id': 'sr:competitor:4424'}",ACT,,,97354895-8c77-4fd4-a860-32e62ea7382a,Patriots,NE,New England,,2025-08-06T22:13:27.921870
3aa9330e-5201-4e99-ba55-0102f76bfe05,Kyle Williams,,Kyle,Williams,WR,18.0,71,190.0,2002-11-13,"Inglewood, CA, USA",0,Washington State,Santa Monica (CA),2025.0,3.0,,"{'id': '97354895-8c77-4fd4-a860-32e62ea7382a', 'name': 'Patriots', 'market': 'New England', 'alias': 'NE', 'sr_id': 'sr:competitor:4424'}",ACT,,,97354895-8c77-4fd4-a860-32e62ea7382a,Patriots,NE,New England,,2025-08-06T22:13:27.921874
3b59e08c-0c3b-42c9-a4e2-9b79103ea715,Robert Spillane,,Robert,Spillane,LB,14.0,73,229.0,1995-12-14,"Oak Park, IL, USA",7,Western Michigan,Fenwick (IL),,,,,ACT,,,97354895-8c77-4fd4-a860-32e62ea7382a,Patriots,NE,New England,,2025-08-06T22:13:27.921877
3ee844af-9408-42d7-ba42-aaa2d5ccc673,Mike Onwenu,,Mike,Onwenu,OL,71.0,75,350.0,1997-12-10,"Detroit, MI, USA",6,Michigan,Cass Tech (MI),2020.0,6.0,,"{'id': '97354895-8c77-4fd4-a860-32e62ea7382a', 'name': 'Patriots', 'market': 'New England', 'alias': 'NE', 'sr_id': 'sr:competitor:4424'}",ACT,,,97354895-8c77-4fd4-a860-32e62ea7382a,Patriots,NE,New England,,2025-08-06T22:13:27.921881
412027d9-c9d2-4f30-a677-fe1804e978ee,DJ James,,DJ,James,CB,30.0,72,184.0,2001-03-05,"Mobile, AL, USA",1,Auburn,Spanish Fort (AL),2024.0,6.0,,"{'id': '3d08af9e-c767-4f88-a7dc-b920c6d2b4a8', 'name': 'Seahawks', 'market': 'Seattle', 'alias': 'SEA', 'sr_id': 'sr:competitor:4430'}",ACT,,,97354895-8c77-4fd4-a860-32e62ea7382a,Patriots,NE,New England,,2025-08-06T22:13:27.921885
45ef2670-2382-434b-8f26-ba13f044236e,Jabrill Peppers,,Jabrill,Peppers,SAF,5.0,71,217.0,1995-10-04,"East Orange, NJ, USA",9,Michigan,Paramus Catholic (NJ),2017.0,1.0,,"{'id': 'd5a2eb42-8065-4174-ab79-0a6fa820e35e', 'name': 'Browns', 'market': 'Cleveland', 'alias': 'CLE', 'sr_id': 'sr:competitor:4417'}",ACT,,,97354895-8c77-4fd4-a860-32e62ea7382a,Patriots,NE,New England,,2025-08-06T22:13:27.921894
484759c0-ec39-11ed-aeaf-cb0dc6206dc5,Truman Jones,,Truman,Jones,DE,54.0,75,255.0,2000-05-13,"Atlanta, GA, USA",1,Harvard,Westminster (GA),,,,,ACT,,,97354895-8c77-4fd4-a860-32e62ea7382a,Patriots,NE,New England,,2025-08-06T22:13:27.921897
4ada9c30-262d-11f0-9ccb-9ba657eeb91f,Bryce Ganious,,Bryce,Ganious,DL,72.0,73,300.0,,"Houston, TX, USA",0,Wake Forest,Second Baptist (TX),,,,,ACT,,,97354895-8c77-4fd4-a860-32e62ea7382a,Patriots,NE,New England,,2025-08-06T22:13:27.921904
4c37a420-07d8-11ef-81cc-1d1360eb1da8,Miles Battle,,Miles,Battle,CB,35.0,75,197.0,2000-01-04,"Houston, TX, USA",1,Utah,Cypress Creek (TX),,,,,ACT,,,97354895-8c77-4fd4-a860-32e62ea7382a,Patriots,NE,New England,,2025-08-06T22:13:27.921908
4dcf9e8a-fc5c-43a2-9b83-4ca295490a9b,Marcus Epps,,Marcus,Epps,SAF,22.0,72,195.0,1996-01-27,"Los Angeles, CA, USA",7,Wyoming,Edison (CA),2019.0,6.0,,"{'id': '33405046-04ee-4058-a950-d606f8c30852', 'name': 'Vikings', 'market': 'Minnesota', 'alias': 'MIN', 'sr_id': 'sr:competitor:4423'}",ACT,,,97354895-8c77-4fd4-a860-32e62ea7382a,Patriots,NE,New England,,2025-08-06T22:13:27.921912
4e322bc0-0700-11ef-94ae-451c7174095a,Isaiah Iton,,Isaiah,Iton,DT,68.0,74,277.0,2001-08-23,"Houston, TX, USA",1,Rutgers,Pearland (TX),,,,,ACT,,,97354895-8c77-4fd4-a860-32e62ea7382a,Patriots,NE,New England,,2025-08-06T22:13:27.921916
50f0d828-e3d0-4aba-8fe6-19d7fad8db3b,Julian Ashby,,Julian,Ashby,LS,47.0,73,231.0,2002-07-08,"Lilburn, GA, USA",0,Vanderbilt,Parkview (GA),2025.0,7.0,,"{'id': '97354895-8c77-4fd4-a860-32e62ea7382a', 'name': 'Patriots', 'market': 'New England', 'alias': 'NE', 'sr_id': 'sr:competitor:4424'}",ACT,,,97354895-8c77-4fd4-a860-32e62ea7382a,Patriots,NE,New England,,2025-08-06T22:13:27.921920
541acdf2-8f7e-4543-b344-d7d4a0ce783b,Joshua Farmer,,Joshua,Farmer,DT,92.0,75,312.0,2003-01-17,"Port St. Joe, FL, USA",0,Florida State,Gadsden County (FL),2025.0,4.0,,"{'id': '97354895-8c77-4fd4-a860-32e62ea7382a', 'name': 'Patriots', 'market': 'New England', 'alias': 'NE', 'sr_id': 'sr:competitor:4424'}",ACT,,,97354895-8c77-4fd4-a860-32e62ea7382a,Patriots,NE,New England,,2025-08-06T22:13:27.921924
56692800-dd44-4b82-a988-398314845fd9,Anfernee Jennings,,Anfernee,Jennings,LB,33.0,74,255.0,1997-09-01,"Dadeville, AL, USA",6,Alabama,Dadeville (AL),2020.0,3.0,,"{'id': '97354895-8c77-4fd4-a860-32e62ea7382a', 'name': 'Patriots', 'market': 'New England', 'alias': 'NE', 'sr_id': 'sr:competitor:4424'}",ACT,,,97354895-8c77-4fd4-a860-32e62ea7382a,Patriots,NE,New England,,2025-08-06T22:13:27.921928
587fc996-b54f-48ce-8261-adb50b872ec7,Monty Rice,,Monty,Rice,OLB,45.0,72,233.0,1999-01-08,"Huntsville, AL, USA",4,Georgia,James Clemens (AL),2021.0,3.0,,"{'id': 'd26a1ca5-722d-4274-8f97-c92e49c96315', 'name': 'Titans', 'market': 'Tennessee', 'alias': 'TEN', 'sr_id': 'sr:competitor:367364'}",ACT,,,97354895-8c77-4fd4-a860-32e62ea7382a,Patriots,NE,New England,,2025-08-06T22:13:27.921932
5c55344a-6192-4def-9860-ffd5a571fe68,Marte Mapu,,Marte,Mapu,LB,15.0,75,230.0,1999-11-08,"Hawthorne, CA, USA",3,Sacramento State,Hawthorne (CA),2023.0,3.0,,"{'id': '97354895-8c77-4fd4-a860-32e62ea7382a', 'name': 'Patriots', 'market': 'New England', 'alias': 'NE', 'sr_id': 'sr:competitor:4424'}",ACT,,,97354895-8c77-4fd4-a860-32e62ea7382a,Patriots,NE,New England,,2025-08-06T22:13:27.921955
60adebf0-08ad-11ef-a6d9-5b0f6f983e06,David Olajiga,,David,Olajiga,DT,96.0,75,310.0,1997-11-03,"London,, GBR",1,Central Missouri,The John Fisher School (GBR),,,,,ACT,,,97354895-8c77-4fd4-a860-32e62ea7382a,Patriots,NE,New England,,2025-08-06T22:13:27.921959
60d5e71e-e127-463b-8e6b-26a7dac3db76,Harold Landry III,,Harold,Landry,OLB,2.0,74,252.0,1996-06-05,"Spring Lake, NC, USA",8,Boston College,Pine Forest (NC),2018.0,2.0,,"{'id': 'd26a1ca5-722d-4274-8f97-c92e49c96315', 'name': 'Titans', 'market': 'Tennessee', 'alias': 'TEN', 'sr_id': 'sr:competitor:367364'}",ACT,,,97354895-8c77-4fd4-a860-32e62ea7382a,Patriots,NE,New England,,2025-08-06T22:13:27.921963
62a594a6-c41c-4771-8bef-8c51ee09dd17,Jared Wilson,,Jared,Wilson,C,58.0,75,310.0,2003-06-05,"Winston-Salem, NC, USA",0,Georgia,West Forsyth (NC),2025.0,3.0,,"{'id': '97354895-8c77-4fd4-a860-32e62ea7382a', 'name': 'Patriots', 'market': 'New England', 'alias': 'NE', 'sr_id': 'sr:competitor:4424'}",ACT,,,97354895-8c77-4fd4-a860-32e62ea7382a,Patriots,NE,New England,,2025-08-06T22:13:27.921971
6403c2a0-251e-11f0-a2d3-a3955024aeda,Jack Conley,,Jack,Conley,OL,74.0,79,333.0,,"New Canaan, CT, USA",0,Boston College,New Canaan (CT),,,,,ACT,,,97354895-8c77-4fd4-a860-32e62ea7382a,Patriots,NE,New England,,2025-08-06T22:13:27.921975
6489477f-6f6d-4d9a-a5af-1ab10234fcee,Marcus Bryant,,Marcus,Bryant,OT,52.0,79,320.0,2002-06-22,"Round Rock, TX, USA",0,Missouri,Cedar Ridge (TX),2025.0,7.0,,"{'id': '97354895-8c77-4fd4-a860-32e62ea7382a', 'name': 'Patriots', 'market': 'New England', 'alias': 'NE', 'sr_id': 'sr:competitor:4424'}",ACT,,,97354895-8c77-4fd4-a860-32e62ea7382a,Patriots,NE,New England,,2025-08-06T22:13:27.921979
6704a490-2534-11f0-a084-3df705a62310,Efton Chism III,,Efton,Chism,WR,86.0,70,198.0,,"Monroe, WA, USA",0,Eastern Washington,Monroe (WA),,,,,ACT,,,97354895-8c77-4fd4-a860-32e62ea7382a,Patriots,NE,New England,,2025-08-06T22:13:27.921982
711a03f0-cfea-11ec-8762-8dfa2bbad12c,Brenden Schooler,,Brenden,Schooler,SAF,41.0,74,210.0,1997-05-30,"Dana Point, CA, USA",4,Texas,Mission Viejo (CA),,,,,ACT,,,97354895-8c77-4fd4-a860-32e62ea7382a,Patriots,NE,New England,,2025-08-06T22:13:27.921990
72caaff9-f52a-4f12-a592-983df19263e3,Sidy Sow,,Sidy,Sow,G,62.0,77,318.0,1998-06-10,"Bromont, QC, CAN",3,Eastern Michigan,Champlain College Lennoxville (CAN),2023.0,4.0,,"{'id': '97354895-8c77-4fd4-a860-32e62ea7382a', 'name': 'Patriots', 'market': 'New England', 'alias': 'NE', 'sr_id': 'sr:competitor:4424'}",ACT,,,97354895-8c77-4fd4-a860-32e62ea7382a,Patriots,NE,New England,,2025-08-06T22:13:27.921994
738aba89-ba47-4b83-a63d-18ea677dfc12,Isaiah Bolden,,Isaiah,Bolden,CB,29.0,74,205.0,1999-12-16,"Tampa, FL, USA",3,Jackson State,Wesley Chapel (FL),2023.0,7.0,,"{'id': '97354895-8c77-4fd4-a860-32e62ea7382a', 'name': 'Patriots', 'market': 'New England', 'alias': 'NE', 'sr_id': 'sr:competitor:4424'}",ACT,,,97354895-8c77-4fd4-a860-32e62ea7382a,Patriots,NE,New England,,2025-08-06T22:13:27.921998
74439c42-a6db-4a9a-be25-559f3e03ef59,K'Lavon Chaisson,,K'Lavon,Chaisson,LB,44.0,75,255.0,1999-07-25,"Houston, TX, USA",6,LSU,North Shore (TX),2020.0,1.0,,"{'id': 'f7ddd7fa-0bae-4f90-bc8e-669e4d6cf2de', 'name': 'Jaguars', 'market': 'Jacksonville', 'alias': 'JAC', 'sr_id': 'sr:competitor:4386'}",ACT,,,97354895-8c77-4fd4-a860-32e62ea7382a,Patriots,NE,New England,,2025-08-06T22:13:27.922001
74d90410-2531-11f0-a4d6-fd76623a5ba2,Josh Minkins,,Josh,Minkins,SAF,16.0,74,207.0,,"Louisville, KY, USA",0,Cincinnati,Ballard (WA),,,,,ACT,,,97354895-8c77-4fd4-a860-32e62ea7382a,Patriots,NE,New England,,2025-08-06T22:13:27.922005
80dce1ba-c997-47e6-a37e-e92fefcbdc1b,Andy Borregales,,Andy,Borregales,K,36.0,71,202.0,2002-01-02,"Miami, FL, USA",0,Miami (FL),Chaminade-Madonna (FL),2025.0,6.0,,"{'id': '97354895-8c77-4fd4-a860-32e62ea7382a', 'name': 'Patriots', 'market': 'New England', 'alias': 'NE', 'sr_id': 'sr:competitor:4424'}",ACT,,,97354895-8c77-4fd4-a860-32e62ea7382a,Patriots,NE,New England,,2025-08-06T22:13:27.922009
80f1ebc0-cc9e-11ec-952e-a10f2c98fc4d,Parker Romo,,Parker,Romo,K,37.0,71,190.0,1997-08-24,"Peachtree City, GA, USA",1,Virginia Tech,McIntosh (GA),,,,,ACT,,,97354895-8c77-4fd4-a860-32e62ea7382a,Patriots,NE,New England,,2025-08-06T22:13:27.922012
827c8830-2531-11f0-8a15-4979374ce9bd,Jordan Polk,,Jordan,Polk,CB,39.0,71,189.0,,"Arlington, TX, USA",0,Texas State,Lamar (TX),,,,,ACT,,,97354895-8c77-4fd4-a860-32e62ea7382a,Patriots,NE,New England,,2025-08-06T22:13:27.922016
84863fc2-015f-49b6-9d68-23cca7096d9c,Bradyn Swinson,,Bradyn,Swinson,LB,43.0,76,255.0,2002-07-04,"Douglasville, GA, USA",0,LSU,Chapel Hill (GA),2025.0,5.0,,"{'id': '97354895-8c77-4fd4-a860-32e62ea7382a', 'name': 'Patriots', 'market': 'New England', 'alias': 'NE', 'sr_id': 'sr:competitor:4424'}",ACT,,,97354895-8c77-4fd4-a860-32e62ea7382a,Patriots,NE,New England,,2025-08-06T22:13:27.922020
8b202ea0-2532-11f0-b529-67be36c4abe8,Gee Scott Jr.,,Gee,Scott,TE,80.0,75,240.0,,"Seattle, WA, USA",0,Ohio State,Eastside (WA),,,,,ACT,,,97354895-8c77-4fd4-a860-32e62ea7382a,Patriots,NE,New England,,2025-08-06T22:13:27.922023
8e176f01-5542-4b25-8e06-ce57042911d2,Cole Strange,,Cole,Strange,G,69.0,77,310.0,1998-07-31,"Knoxville, TN, USA",4,Chattanooga,Farragut (TN),2022.0,1.0,,"{'id': '97354895-8c77-4fd4-a860-32e62ea7382a', 'name': 'Patriots', 'market': 'New England', 'alias': 'NE', 'sr_id': 'sr:competitor:4424'}",ACT,,,97354895-8c77-4fd4-a860-32e62ea7382a,Patriots,NE,New England,,2025-08-06T22:13:27.922027
96c25f20-251f-11f0-9582-1fbdd3490e64,Brandon Crossley,,Brandon,Crossley,CB,37.0,71,186.0,,"Dallas, TX, USA",0,SMU,Little Elm (TX),,,,,ACT,,,97354895-8c77-4fd4-a860-32e62ea7382a,Patriots,NE,New England,,2025-08-06T22:13:27.922047
a93bdfeb-068f-4933-89a2-8071adefd6f9,Keion White,,Keion,White,DE,99.0,77,285.0,1999-01-20,"Raleigh, NC, USA",3,Georgia Tech,Garner Magnet (NC),2023.0,2.0,,"{'id': '97354895-8c77-4fd4-a860-32e62ea7382a', 'name': 'Patriots', 'market': 'New England', 'alias': 'NE', 'sr_id': 'sr:competitor:4424'}",ACT,,,97354895-8c77-4fd4-a860-32e62ea7382a,Patriots,NE,New England,,2025-08-06T22:13:27.922059
aa030100-cca0-11ec-80d0-652593cc1bb6,Jack Gibbens,,Jack,Gibbens,LB,51.0,75,242.0,1998-11-24,"Bulverde, TX, USA",3,Minnesota,Smithson Valley (TX),,,,,ACT,,,97354895-8c77-4fd4-a860-32e62ea7382a,Patriots,NE,New England,,2025-08-06T22:13:27.922062
afbd3870-f320-11ed-9f27-81ce873f309f,Demontrey Jacobs,,Demontrey,Jacobs,OT,75.0,78,315.0,1998-11-22,"Gonzales, LA, USA",2,South Florida,East Ascension (LA),,,,,ACT,,,97354895-8c77-4fd4-a860-32e62ea7382a,Patriots,NE,New England,,2025-08-06T22:13:27.922074
bb6a7db0-133b-11ed-9919-531ded80fd4f,Tre Avery,,Tre,Avery,CB,26.0,71,185.0,1997-02-26,"Baltimore, MD, USA",4,Rutgers,Franklin (MD),,,,,ACT,,,97354895-8c77-4fd4-a860-32e62ea7382a,Patriots,NE,New England,,2025-08-06T22:13:27.922077
bcaf5363-500d-4636-908a-1b0825af689e,Jaquelin Roy,,Jaquelin,Roy,DT,94.0,75,305.0,2000-10-22,"Baton Rouge, LA, USA",3,LSU,LSU Laboratory School (LA),2023.0,5.0,,"{'id': '33405046-04ee-4058-a950-d606f8c30852', 'name': 'Vikings', 'market': 'Minnesota', 'alias': 'MIN', 'sr_id': 'sr:competitor:4423'}",IR,,,97354895-8c77-4fd4-a860-32e62ea7382a,Patriots,NE,New England,,2025-08-06T22:13:27.922081
bf39d6f0-078f-11ed-963b-2b593f9846d8,Jeremiah Pharms Jr.,,Jeremiah,Pharms,DT,98.0,74,300.0,1996-10-16,"Stockton, CA, USA",3,Friends,Amos Alonzo Sagg (IL),,,,,ACT,,,97354895-8c77-4fd4-a860-32e62ea7382a,Patriots,NE,New England,,2025-08-06T22:13:27.922085
c1190c20-ca63-11ec-bdda-4fe5bed84950,Tyrese Robinson,,Tyrese,Robinson,G,55.0,75,319.0,1999-08-21,"McKinney, TX, USA",2,Oklahoma,Boyd (TX),,,,,ACT,,,97354895-8c77-4fd4-a860-32e62ea7382a,Patriots,NE,New England,,2025-08-06T22:13:27.922092
c3806b80-d2f0-11ec-96a0-c3471a31202c,Ben Brown,,Ben,Brown,C,77.0,77,313.0,1998-05-19,"Vicksburg, MS, USA",3,Ole Miss,St. Aloysius (MS),,,,,ACT,,,97354895-8c77-4fd4-a860-32e62ea7382a,Patriots,NE,New England,,2025-08-06T22:13:27.922096
c3ef92f7-29f7-43db-bbef-4e9875d756e9,Christian Elliss,,Christian,Elliss,LB,53.0,74,231.0,1999-01-02,"Highlands Ranch, CO, USA",4,Idaho,Valor Christian (CO),,,,,ACT,,,97354895-8c77-4fd4-a860-32e62ea7382a,Patriots,NE,New England,,2025-08-06T22:13:27.922099
c588e277-fc9e-4187-9358-2b9e1a2b0cd9,Jaylinn Hawkins,,Jaylinn,Hawkins,SAF,21.0,73,208.0,1997-08-25,"Buena Park, CA, USA",6,California,Buena Park (CA),2020.0,4.0,,"{'id': 'e6aa13a4-0055-48a9-bc41-be28dc106929', 'name': 'Falcons', 'market': 'Atlanta', 'alias': 'ATL', 'sr_id': 'sr:competitor:4393'}",ACT,,,97354895-8c77-4fd4-a860-32e62ea7382a,Patriots,NE,New England,,2025-08-06T22:13:27.922103
c5f3e900-0ee9-11ef-8f00-c3a75391e420,John Jiles,,John,Jiles,WR,83.0,75,220.0,2000-07-08,"Wake Forest, NC, USA",1,West Florida,Wake Forest (NC),,,,,ACT,,,97354895-8c77-4fd4-a860-32e62ea7382a,Patriots,NE,New England,,2025-08-06T22:13:27.922107
cc0ead20-2f6d-11f0-9683-95fc13747d0b,Mehki Butler,,Mehki,Butler,G,63.0,75,310.0,,"Omaha, NE, USA",0,Arkansas State,Omaha North (NE),,,,,ACT,,,97354895-8c77-4fd4-a860-32e62ea7382a,Patriots,NE,New England,,2025-08-06T22:13:27.922118
d8418de0-2533-11f0-8f9f-099ffd59a543,Brock Lampe,,Brock,Lampe,FB,46.0,73,249.0,,"Kenosha, WI, USA",0,Northern Illinois,Bradford (PA),,,,,IR,,,97354895-8c77-4fd4-a860-32e62ea7382a,Patriots,NE,New England,,2025-08-06T22:13:27.922126
dd8167cd-9b23-472f-86fb-6529ffbc5d64,Layden Robinson,,Layden,Robinson,G,64.0,75,311.0,2001-05-03,"Manvel, TX, USA",2,Texas A&M,Manvel (TX),2024.0,4.0,,"{'id': '97354895-8c77-4fd4-a860-32e62ea7382a', 'name': 'Patriots', 'market': 'New England', 'alias': 'NE', 'sr_id': 'sr:competitor:4424'}",ACT,,,97354895-8c77-4fd4-a860-32e62ea7382a,Patriots,NE,New England,,2025-08-06T22:13:27.922130
dfb05fbc-7329-4893-8dc1-3d30033e49d0,Jahlani Tavai,,Jahlani,Tavai,LB,48.0,74,255.0,1996-09-28,"Inglewood, CA, USA",7,Hawai'i,Mira Costa (CA),2019.0,2.0,,"{'id': 'c5a59daa-53a7-4de0-851f-fb12be893e9e', 'name': 'Lions', 'market': 'Detroit', 'alias': 'DET', 'sr_id': 'sr:competitor:4419'}",ACT,,,97354895-8c77-4fd4-a860-32e62ea7382a,Patriots,NE,New England,,2025-08-06T22:13:27.922134
e15a26bb-db24-4e5a-b3a5-cc4d4eb4f0b6,Morgan Moses,,Morgan,Moses,OT,76.0,78,320.0,1991-03-03,"Richmond, VA, USA",12,Virginia,Meadowbrook (VA),2014.0,3.0,,"{'id': '22052ff7-c065-42ee-bc8f-c4691c50e624', 'name': 'Commanders', 'market': 'Washington', 'alias': 'WAS', 'sr_id': 'sr:competitor:4432'}",ACT,,,97354895-8c77-4fd4-a860-32e62ea7382a,Patriots,NE,New England,,2025-08-06T22:13:27.922138
e2d48330-251e-11f0-aae1-fdfd5aa92d71,Lan Larison,,Lan,Larison,RB,34.0,71,209.0,,"Caldwell, ID, USA",0,UC Davis,Vallivue (ID),,,,,ACT,,,97354895-8c77-4fd4-a860-32e62ea7382a,Patriots,NE,New England,,2025-08-06T22:13:27.922142
e38a7010-29dc-11f0-ac45-95731db72366,Jahvaree Ritzie,,Jahvaree,Ritzie,DT,93.0,76,294.0,2003-01-31,"Kernersville, NC, USA",0,North Carolina,Glenn (NC),,,,,ACT,,,97354895-8c77-4fd4-a860-32e62ea7382a,Patriots,NE,New England,,2025-08-06T22:13:27.922145
e7e81103-5c90-4b85-98a4-34e6ac4b6e97,Caedan Wallace,,Caedan,Wallace,T,70.0,77,314.0,2000-04-18,"Robbinsville, NJ, USA",2,Penn State,Hun (NJ),2024.0,3.0,,"{'id': '97354895-8c77-4fd4-a860-32e62ea7382a', 'name': 'Patriots', 'market': 'New England', 'alias': 'NE', 'sr_id': 'sr:competitor:4424'}",ACT,,,97354895-8c77-4fd4-a860-32e62ea7382a,Patriots,NE,New England,,2025-08-06T22:13:27.922153
e847f127-f5f4-41a0-87bb-b89e546e0df4,Christian Gonzalez,,Christian,Gonzalez,CB,0.0,73,205.0,2002-06-28,"Carrollton, TX, USA",3,Oregon,The Colony (TX),2023.0,1.0,,"{'id': '97354895-8c77-4fd4-a860-32e62ea7382a', 'name': 'Patriots', 'market': 'New England', 'alias': 'NE', 'sr_id': 'sr:competitor:4424'}",ACT,,,97354895-8c77-4fd4-a860-32e62ea7382a,Patriots,NE,New England,,2025-08-06T22:13:27.922157
e98ccf30-2531-11f0-b18c-b9f05412231c,CJ Dippre,,CJ,Dippre,TE,82.0,77,256.0,2002-04-29,"Scranton, PA, USA",0,Alabama,Lakeland (PA),,,,,ACT,,,97354895-8c77-4fd4-a860-32e62ea7382a,Patriots,NE,New England,,2025-08-06T22:13:27.922160
e9b92670-251d-11f0-ae67-6328281270f0,Cam Riley,,Cam,Riley,LB,42.0,76,228.0,,"Evergreen, AL, USA",0,Florida State,Hillcrest (AL),,,,,ACT,,,97354895-8c77-4fd4-a860-32e62ea7382a,Patriots,NE,New England,,2025-08-06T22:13:27.922164
ebabfa18-7713-4002-8ac4-cf30cd4566fc,Milton Williams,,Milton,Williams,DE,97.0,75,290.0,1999-04-06,"Crowley, TX, USA",5,Louisiana Tech,Crowley (TX),2021.0,3.0,,"{'id': '386bdbf9-9eea-4869-bb9a-274b0bc66e80', 'name': 'Eagles', 'market': 'Philadelphia', 'alias': 'PHI', 'sr_id': 'sr:competitor:4428'}",ACT,,,97354895-8c77-4fd4-a860-32e62ea7382a,Patriots,NE,New England,,2025-08-06T22:13:27.922168
ed37f30a-de45-4af6-b7b5-5f218bf786ab,Yasir Durant,,Yasir,Durant,OT,72.0,78,330.0,1998-05-21,"Philadelphia, PA, USA",3,Missouri,Imhotep Institute Charter (PA),,,,,IR,,,97354895-8c77-4fd4-a860-32e62ea7382a,Patriots,NE,New England,,2025-08-06T22:13:27.922171
ff3d59bd-8cdc-44e1-812e-b576d5d57838,Alex Austin,,Alex,Austin,CB,28.0,73,191.0,2001-05-22,"Long Beach, CA, USA",3,Oregon State,Long Beach Poly (CA),2023.0,7.0,,"{'id': '768c92aa-75ff-4a43-bcc0-f2798c2e1724', 'name': 'Bills', 'market': 'Buffalo', 'alias': 'BUF', 'sr_id': 'sr:competitor:4376'}",ACT,,,97354895-8c77-4fd4-a860-32e62ea7382a,Patriots,NE,New England,,2025-08-06T22:13:27.922175
01079767-a3a3-437d-b935-ea0ecb1fe68b,Jack Bech,,Jack,Bech,WR,18.0,73,214.0,2002-12-18,"Lafayette, LA, USA",0,TCU,Lafayette (LA),2025.0,2.0,,"{'id': '7d4fcc64-9cb5-4d1b-8e75-8a906d1e1576', 'name': 'Raiders', 'market': 'Las Vegas', 'alias': 'LV', 'sr_id': 'sr:competitor:4390'}",ACT,,,7d4fcc64-9cb5-4d1b-8e75-8a906d1e1576,Raiders,LV,Las Vegas,,2025-08-06T22:13:29.331270
03dc3660-d3a9-11ec-96a0-c3471a31202c,Isaiah Pola-Mao,,Isaiah,Pola-Mao,SAF,20.0,75,204.0,1999-06-30,"Phoenix, AZ, USA",4,USC,Mountain Pointe (AZ),,,,,ACT,,,7d4fcc64-9cb5-4d1b-8e75-8a906d1e1576,Raiders,LV,Las Vegas,,2025-08-06T22:13:29.331285
04d09b84-6c99-4d99-a1f0-c30d3360ab52,Jacob Bobenmoyer,,Jacob,Bobenmoyer,LS,50.0,72,235.0,1997-05-28,"Cheyenne, WY, USA",6,Northern Colorado,Cheyenne East (WY),,,,,ACT,,,7d4fcc64-9cb5-4d1b-8e75-8a906d1e1576,Raiders,LV,Las Vegas,,2025-08-06T22:13:29.331290
065b4e2a-5071-4b33-aef8-0b3eb99dce35,Cam Miller,,Cam,Miller,QB,5.0,73,211.0,2001-06-18,"Solon, IA, USA",0,North Dakota State,Solon (IA),2025.0,6.0,,"{'id': '7d4fcc64-9cb5-4d1b-8e75-8a906d1e1576', 'name': 'Raiders', 'market': 'Las Vegas', 'alias': 'LV', 'sr_id': 'sr:competitor:4390'}",ACT,,,7d4fcc64-9cb5-4d1b-8e75-8a906d1e1576,Raiders,LV,Las Vegas,,2025-08-06T22:13:29.331295
0bf6b11f-920a-4ced-9a69-0b4afc5df36f,Jaylon Smith,,Jaylon,Smith,LB,54.0,74,244.0,1995-06-14,"Fort Wayne, IN, USA",7,Notre Dame,Bishop Luers (IN),2016.0,2.0,,"{'id': 'e627eec7-bbae-4fa4-8e73-8e1d6bc5c060', 'name': 'Cowboys', 'market': 'Dallas', 'alias': 'DAL', 'sr_id': 'sr:competitor:4392'}",ACT,,,7d4fcc64-9cb5-4d1b-8e75-8a906d1e1576,Raiders,LV,Las Vegas,,2025-08-06T22:13:29.331300
0e4f0529-f178-463e-8aa6-0b8cfa3e916f,Justin Shorter,,Justin,Shorter,TE,88.0,76,227.0,2000-04-17,"Monmouth Junction, NJ, USA",3,Florida,South Brunswick (NJ),2023.0,5.0,,"{'id': '768c92aa-75ff-4a43-bcc0-f2798c2e1724', 'name': 'Bills', 'market': 'Buffalo', 'alias': 'BUF', 'sr_id': 'sr:competitor:4376'}",ACT,,,7d4fcc64-9cb5-4d1b-8e75-8a906d1e1576,Raiders,LV,Las Vegas,,2025-08-06T22:13:29.331305
11f0ddf7-c98d-4e93-88ff-0f90607131b1,Caleb Rogers,,Caleb,Rogers,OG,76.0,76,312.0,2001-10-03,"Mansfield, TX, USA",0,Texas Tech,Lake Ridge (TX),2025.0,3.0,,"{'id': '7d4fcc64-9cb5-4d1b-8e75-8a906d1e1576', 'name': 'Raiders', 'market': 'Las Vegas', 'alias': 'LV', 'sr_id': 'sr:competitor:4390'}",ACT,,,7d4fcc64-9cb5-4d1b-8e75-8a906d1e1576,Raiders,LV,Las Vegas,,2025-08-06T22:13:29.331310
1a92b0ad-3eb2-4df3-bf02-04c4d9ffe10c,Jamal Adams,,Jamal,Adams,SAF,33.0,73,213.0,1995-10-17,"Lewisville, TX, USA",9,LSU,Carrollton Hebron (TX),2017.0,1.0,,"{'id': '5fee86ae-74ab-4bdd-8416-42a9dd9964f3', 'name': 'Jets', 'market': 'New York', 'alias': 'NYJ', 'sr_id': 'sr:competitor:4427'}",ACT,,,7d4fcc64-9cb5-4d1b-8e75-8a906d1e1576,Raiders,LV,Las Vegas,,2025-08-06T22:13:29.331315
2040899a-0b04-4de7-900b-f9e6861c6150,Leki Fotu,,Leki,Fotu,DT,95.0,77,317.0,1998-08-23,"West Valley City, UT, USA",6,Utah,Herriman (UT),2020.0,4.0,,"{'id': 'de760528-1dc0-416a-a978-b510d20692ff', 'name': 'Cardinals', 'market': 'Arizona', 'alias': 'ARI', 'sr_id': 'sr:competitor:4412'}",ACT,,,7d4fcc64-9cb5-4d1b-8e75-8a906d1e1576,Raiders,LV,Las Vegas,,2025-08-06T22:13:29.331320
24c73eb0-7260-46cb-820d-7a64c71e499a,Jordan Meredith,,Jordan,Meredith,G,61.0,74,301.0,1998-01-04,"Bowling Green, KY, USA",3,Western Kentucky,Bowling Green (KY),,,,,ACT,,,7d4fcc64-9cb5-4d1b-8e75-8a906d1e1576,Raiders,LV,Las Vegas,,2025-08-06T22:13:29.331329
2c430580-072c-11ef-9d94-ad0be07b87fb,Gottlieb Ayedze,,Gottlieb,Ayedze,OT,72.0,76,309.0,2000-04-10,"Germantown, MD, USA",1,Maryland,Northwest (MD),,,,,ACT,,,7d4fcc64-9cb5-4d1b-8e75-8a906d1e1576,Raiders,LV,Las Vegas,,2025-08-06T22:13:29.331333
320fc4b7-76c7-43af-bbfd-1a22ba8f78cb,Ashton Jeanty,,Ashton,Jeanty,RB,2.0,68,208.0,2003-12-02,"Jacksonville, FL, USA",0,Boise State,Lone Star (TX),2025.0,1.0,,"{'id': '7d4fcc64-9cb5-4d1b-8e75-8a906d1e1576', 'name': 'Raiders', 'market': 'Las Vegas', 'alias': 'LV', 'sr_id': 'sr:competitor:4390'}",ACT,,,7d4fcc64-9cb5-4d1b-8e75-8a906d1e1576,Raiders,LV,Las Vegas,,2025-08-06T22:13:29.331347
344aec40-2542-11f0-984c-59b9b457135a,Matt Jones,,Matt,Jones,LB,42.0,74,229.0,,"Odessa, TX, USA",0,Baylor,Odessa (TX),,,,,ACT,,,7d4fcc64-9cb5-4d1b-8e75-8a906d1e1576,Raiders,LV,Las Vegas,,2025-08-06T22:13:29.331351
35e016e2-c6cd-49c5-b1b5-73f03b81ff4d,Eric Stokes,,Eric,Stokes,CB,22.0,73,193.0,1999-03-01,"Covington, GA, USA",5,Georgia,Eastside (GA),2021.0,1.0,,"{'id': 'a20471b4-a8d9-40c7-95ad-90cc30e46932', 'name': 'Packers', 'market': 'Green Bay', 'alias': 'GB', 'sr_id': 'sr:competitor:4420'}",ACT,,,7d4fcc64-9cb5-4d1b-8e75-8a906d1e1576,Raiders,LV,Las Vegas,,2025-08-06T22:13:29.331355
37849d01-7d7e-4a35-8840-e17cacd73d85,Devin White,,Devin,White,LB,45.0,72,252.0,1998-02-17,"Springhill, LA, USA",7,LSU,North Webster (LA),2019.0,1.0,,"{'id': '4254d319-1bc7-4f81-b4ab-b5e6f3402b69', 'name': 'Buccaneers', 'market': 'Tampa Bay', 'alias': 'TB', 'sr_id': 'sr:competitor:4388'}",ACT,,,7d4fcc64-9cb5-4d1b-8e75-8a906d1e1576,Raiders,LV,Las Vegas,,2025-08-06T22:13:29.331364
379b8f20-2548-11f0-a0a3-977f895e4c6d,Hudson Clark,,Hudson,Clark,SAF,38.0,72,189.0,2001-02-17,"Dallas, TX, USA",0,Arkansas,Highland Park (TX),,,,,ACT,,,7d4fcc64-9cb5-4d1b-8e75-8a906d1e1576,Raiders,LV,Las Vegas,,2025-08-06T22:13:29.331368
38501803-f07e-4923-be47-a1bb8480fb51,Michael Barrett,,Michael,Barrett,LB,43.0,72,230.0,1999-12-21,"Valdosta, GA, USA",1,Michigan,Lowndes (GA),2024.0,7.0,,"{'id': 'f14bf5cc-9a82-4a38-bc15-d39f75ed5314', 'name': 'Panthers', 'market': 'Carolina', 'alias': 'CAR', 'sr_id': 'sr:competitor:4415'}",ACT,,,7d4fcc64-9cb5-4d1b-8e75-8a906d1e1576,Raiders,LV,Las Vegas,,2025-08-06T22:13:29.331373
3ae55cda-ad32-46c5-bde7-470755f37f3a,Maxx Crosby,,Maxx,Crosby,DE,98.0,77,255.0,1997-08-22,"Colleyville, TX, USA",7,Eastern Michigan,Colleyville Heritage (TX),2019.0,4.0,,"{'id': '7d4fcc64-9cb5-4d1b-8e75-8a906d1e1576', 'name': 'Raiders', 'market': 'Las Vegas', 'alias': 'LV', 'sr_id': 'sr:competitor:4390'}",ACT,,,7d4fcc64-9cb5-4d1b-8e75-8a906d1e1576,Raiders,LV,Las Vegas,,2025-08-06T22:13:29.331378
427038d8-ff50-4d6e-a088-4fdb8bc2f0e3,Alex Bachman,,Alex,Bachman,WR,81.0,72,190.0,1996-05-29,"Westlake Village, CA, USA",2,Wake Forest,Oaks Christian (CA),,,,,ACT,,,7d4fcc64-9cb5-4d1b-8e75-8a906d1e1576,Raiders,LV,Las Vegas,,2025-08-06T22:13:29.331382
44b4ea1b-753e-431a-8afa-37445dbc412f,Atonio Mafi,,Atonio,Mafi,G,56.0,75,330.0,2000-10-20,"Shoreview, CA, USA",2,UCLA,Junipero Serra (CA),2023.0,5.0,,"{'id': '97354895-8c77-4fd4-a860-32e62ea7382a', 'name': 'Patriots', 'market': 'New England', 'alias': 'NE', 'sr_id': 'sr:competitor:4424'}",ACT,,,7d4fcc64-9cb5-4d1b-8e75-8a906d1e1576,Raiders,LV,Las Vegas,,2025-08-06T22:13:29.331391
44d0ebd8-d1ca-4e6a-8af3-cbd55f6acc7d,Jonah Laulu,,Jonah,Laulu,DT,96.0,77,289.0,2000-06-30,"Las Vegas, NV, USA",2,Oklahoma,Centennial (NV),2024.0,7.0,,"{'id': '82cf9565-6eb9-4f01-bdbd-5aa0d472fcd9', 'name': 'Colts', 'market': 'Indianapolis', 'alias': 'IND', 'sr_id': 'sr:competitor:4421'}",ACT,,,7d4fcc64-9cb5-4d1b-8e75-8a906d1e1576,Raiders,LV,Las Vegas,,2025-08-06T22:13:29.331396
473a43d5-e9d9-4317-ae02-9c565c9f4695,Charles Grant,,Charles,Grant,OT,60.0,76,304.0,2002-03-22,"Portsmouth, VA, USA",0,William & Mary,Churchland (VA),2025.0,3.0,,"{'id': '7d4fcc64-9cb5-4d1b-8e75-8a906d1e1576', 'name': 'Raiders', 'market': 'Las Vegas', 'alias': 'LV', 'sr_id': 'sr:competitor:4390'}",ACT,,,7d4fcc64-9cb5-4d1b-8e75-8a906d1e1576,Raiders,LV,Las Vegas,,2025-08-06T22:13:29.331400
483606b2-c0c9-4da2-8fcf-73d2615756c7,Dont'e Thornton Jr.,,Dont'e,Thornton,WR,10.0,77,205.0,2002-11-30,"Baltimore, MD, USA",0,Tennessee,St. Joseph (MD),2025.0,4.0,,"{'id': '7d4fcc64-9cb5-4d1b-8e75-8a906d1e1576', 'name': 'Raiders', 'market': 'Las Vegas', 'alias': 'LV', 'sr_id': 'sr:competitor:4390'}",ACT,,,7d4fcc64-9cb5-4d1b-8e75-8a906d1e1576,Raiders,LV,Las Vegas,,2025-08-06T22:13:29.331404
49a067d0-0501-11ef-b73d-a73582ad4582,Will Putnam,,Will,Putnam,C,67.0,76,301.0,2000-08-13,"Tampa, FL, USA",1,Clemson,Glenwood (FL),,,,,ACT,,,7d4fcc64-9cb5-4d1b-8e75-8a906d1e1576,Raiders,LV,Las Vegas,,2025-08-06T22:13:29.331408
4ab0ebc0-263b-11f0-9cd1-ab0699838ada,Laki Tasi,,Laki,Tasi,DL,79.0,78,373.0,,",,WSM",0,,,,,,,ACT,,,7d4fcc64-9cb5-4d1b-8e75-8a906d1e1576,Raiders,LV,Las Vegas,,2025-08-06T22:13:29.331413
53ce1b20-2f54-11f0-90ce-c5016f6c61f0,Ketron Jackson Jr.,,Ketron,Jackson,WR,85.0,73,197.0,,"Royse City, TX, USA",0,Baylor,Royse City (TX),,,,,ACT,,,7d4fcc64-9cb5-4d1b-8e75-8a906d1e1576,Raiders,LV,Las Vegas,,2025-08-06T22:13:29.331420
54761d2a-cdb4-434f-a17e-427e3a1fc951,Chris Smith II,,Chris,Smith,SAF,29.0,70,197.0,2000-05-01,"Atlanta, GA, USA",3,Georgia,Hapeville Charter (GA),2023.0,5.0,,"{'id': '7d4fcc64-9cb5-4d1b-8e75-8a906d1e1576', 'name': 'Raiders', 'market': 'Las Vegas', 'alias': 'LV', 'sr_id': 'sr:competitor:4390'}",ACT,,,7d4fcc64-9cb5-4d1b-8e75-8a906d1e1576,Raiders,LV,Las Vegas,,2025-08-06T22:13:29.331425
54814199-dd18-408f-9dc4-ce59a121431b,Adam Butler,,Adam,Butler,DT,69.0,76,301.0,1994-04-12,"Duncanville, TX, USA",8,Vanderbilt,Duncanville (TX),,,,,ACT,,,7d4fcc64-9cb5-4d1b-8e75-8a906d1e1576,Raiders,LV,Las Vegas,,2025-08-06T22:13:29.331428
5605cc4e-a0ed-4525-9dc1-5d439544793a,Thomas Booker IV,,Thomas,Booker,DT,47.0,75,301.0,1999-11-11,"Ellicott City, MD, USA",3,Stanford,Gilman (MD),2022.0,5.0,,"{'id': '82d2d380-3834-4938-835f-aec541e5ece7', 'name': 'Texans', 'market': 'Houston', 'alias': 'HOU', 'sr_id': 'sr:competitor:4324'}",ACT,,,7d4fcc64-9cb5-4d1b-8e75-8a906d1e1576,Raiders,LV,Las Vegas,,2025-08-06T22:13:29.331433
6d374e1c-cb16-41b1-bab5-d6e203e884dd,Dylan Parham,,Dylan,Parham,G,66.0,74,332.0,1999-08-24,"Carrollton, GA, USA",4,Memphis,Carrollton (GA),2022.0,3.0,,"{'id': '7d4fcc64-9cb5-4d1b-8e75-8a906d1e1576', 'name': 'Raiders', 'market': 'Las Vegas', 'alias': 'LV', 'sr_id': 'sr:competitor:4390'}",ACT,,,7d4fcc64-9cb5-4d1b-8e75-8a906d1e1576,Raiders,LV,Las Vegas,,2025-08-06T22:13:29.331451
6f6b8390-254a-11f0-8e9d-d3ffb2100b07,John Humphrey,,John,Humphrey,CB,39.0,74,193.0,,"Pasadena, CA, USA",0,USC,John Muir (CA),,,,,ACT,,,7d4fcc64-9cb5-4d1b-8e75-8a906d1e1576,Raiders,LV,Las Vegas,,2025-08-06T22:13:29.331455
73aefe0e-8b0e-46c2-a0fe-cc4eb269f969,Tyree Wilson,,Tyree,Wilson,DE,9.0,77,263.0,2000-05-20,"Anchorage, AK, USA",3,Texas Tech,West Rusk (TX),2023.0,1.0,,"{'id': '7d4fcc64-9cb5-4d1b-8e75-8a906d1e1576', 'name': 'Raiders', 'market': 'Las Vegas', 'alias': 'LV', 'sr_id': 'sr:competitor:4390'}",ACT,,,7d4fcc64-9cb5-4d1b-8e75-8a906d1e1576,Raiders,LV,Las Vegas,,2025-08-06T22:13:29.331459
756376bf-35dd-41b8-8be4-ab7f1a6681a8,Jackson Powers-Johnson,,Jackson,Powers-Johnson,C,58.0,75,325.0,2003-01-23,"Draper, UT, USA",2,Oregon,Corner Canyon (UT),2024.0,2.0,,"{'id': '7d4fcc64-9cb5-4d1b-8e75-8a906d1e1576', 'name': 'Raiders', 'market': 'Las Vegas', 'alias': 'LV', 'sr_id': 'sr:competitor:4390'}",ACT,,,7d4fcc64-9cb5-4d1b-8e75-8a906d1e1576,Raiders,LV,Las Vegas,,2025-08-06T22:13:29.331467
78c3e7d0-594e-4bf0-8c17-d6cc2d3e0bf2,Zach Carter,,Zach,Carter,DT,93.0,76,301.0,1999-04-07,"Tampa, FL, USA",4,Florida,Hillsborough (FL),2022.0,3.0,,"{'id': 'ad4ae08f-d808-42d5-a1e6-e9bc4e34d123', 'name': 'Bengals', 'market': 'Cincinnati', 'alias': 'CIN', 'sr_id': 'sr:competitor:4416'}",ACT,,,7d4fcc64-9cb5-4d1b-8e75-8a906d1e1576,Raiders,LV,Las Vegas,,2025-08-06T22:13:29.331471
7bb70550-c28a-4e47-9a13-cc0c0fef8b38,Daniel Carlson,,Daniel,Carlson,K,8.0,77,215.0,1995-01-23,"Colorado Springs, CO, USA",8,Auburn,The Classical Academy (CO),2018.0,5.0,,"{'id': '33405046-04ee-4058-a950-d606f8c30852', 'name': 'Vikings', 'market': 'Minnesota', 'alias': 'MIN', 'sr_id': 'sr:competitor:4423'}",ACT,,,7d4fcc64-9cb5-4d1b-8e75-8a906d1e1576,Raiders,LV,Las Vegas,,2025-08-06T22:13:29.331475
83436be9-f646-4cb6-94e0-99a939298e3f,Malcolm Koonce,,Malcolm,Koonce,DE,51.0,75,243.0,1998-06-06,"Peekskill, NY, USA",5,Buffalo,Archbishop Stepinac (NY),2021.0,3.0,,"{'id': '7d4fcc64-9cb5-4d1b-8e75-8a906d1e1576', 'name': 'Raiders', 'market': 'Las Vegas', 'alias': 'LV', 'sr_id': 'sr:competitor:4390'}",ACT,,,7d4fcc64-9cb5-4d1b-8e75-8a906d1e1576,Raiders,LV,Las Vegas,,2025-08-06T22:13:29.331483
84c06310-d3a8-11ec-96a0-c3471a31202c,Sam Webb,,Sam,Webb,CB,27.0,72,194.0,1998-05-19,"Excelsior Springs, MO, USA",3,Missouri Western,Excelsior Springs (MO),,,,,ACT,,,7d4fcc64-9cb5-4d1b-8e75-8a906d1e1576,Raiders,LV,Las Vegas,,2025-08-06T22:13:29.331487
8755d3a0-2547-11f0-bcbf-ad8367ae7cae,Anthony Booker,,Tank,Booker,DT,73.0,75,347.0,,"Cincinnati, OH, USA",0,SMU,Winton Woods (OH),,,,,ACT,,,7d4fcc64-9cb5-4d1b-8e75-8a906d1e1576,Raiders,LV,Las Vegas,,2025-08-06T22:13:29.331491
8a80dfe2-96c3-4183-89a9-b2525917c263,Darien Porter,,Darien,Porter,CB,26.0,74,195.0,2001-01-06,"Bettendorf, IA, USA",0,Iowa State,Bettendorf (IA),2025.0,3.0,,"{'id': '7d4fcc64-9cb5-4d1b-8e75-8a906d1e1576', 'name': 'Raiders', 'market': 'Las Vegas', 'alias': 'LV', 'sr_id': 'sr:competitor:4390'}",ACT,,,7d4fcc64-9cb5-4d1b-8e75-8a906d1e1576,Raiders,LV,Las Vegas,,2025-08-06T22:13:29.331495
8e19d167-cee8-4048-8f28-d476b11ec330,Darnay Holmes,,Darnay,Holmes,CB,30.0,70,198.0,1998-06-23,"Pasadena, CA, USA",6,UCLA,Calabasas (CA),2020.0,4.0,,"{'id': '04aa1c9d-66da-489d-b16a-1dee3f2eec4d', 'name': 'Giants', 'market': 'New York', 'alias': 'NYG', 'sr_id': 'sr:competitor:4426'}",ACT,,,7d4fcc64-9cb5-4d1b-8e75-8a906d1e1576,Raiders,LV,Las Vegas,,2025-08-06T22:13:29.331499
9473b5d1-4889-465a-aeb1-6115d9d9386f,Tommy Eichenberg,,Tommy,Eichenberg,LB,44.0,74,234.0,2001-01-11,"Cleveland, OH, USA",2,Ohio State,St. Ignatius (OH),2024.0,5.0,,"{'id': '7d4fcc64-9cb5-4d1b-8e75-8a906d1e1576', 'name': 'Raiders', 'market': 'Las Vegas', 'alias': 'LV', 'sr_id': 'sr:competitor:4390'}",ACT,,,7d4fcc64-9cb5-4d1b-8e75-8a906d1e1576,Raiders,LV,Las Vegas,,2025-08-06T22:13:29.331504
94cf0180-2549-11f0-a83e-ad940baadbf4,Treven Ma'ae,,Treven,Ma'ae,DT,68.0,75,277.0,,"Kapolei, HI, USA",0,Baylor,Bishop Gorman (HI),,,,,ACT,,,7d4fcc64-9cb5-4d1b-8e75-8a906d1e1576,Raiders,LV,Las Vegas,,2025-08-06T22:13:29.331508
9808be58-a38d-463c-9d9c-537c0a03fb55,Tonka Hemingway,,Tonka,Hemingway,DT,97.0,74,284.0,2001-10-31,"Conway, SC, USA",0,South Carolina,Conway (SC),2025.0,4.0,,"{'id': '7d4fcc64-9cb5-4d1b-8e75-8a906d1e1576', 'name': 'Raiders', 'market': 'Las Vegas', 'alias': 'LV', 'sr_id': 'sr:competitor:4390'}",ACT,,,7d4fcc64-9cb5-4d1b-8e75-8a906d1e1576,Raiders,LV,Las Vegas,,2025-08-06T22:13:29.331512
9b2e9be0-f336-11ed-9945-91909a26d014,Dalton Wagner,,Dalton,Wagner,T,78.0,80,320.0,1998-10-05,"Spring Grove, IL, USA",2,Arkansas,Richmond Burton (IL),,,,,ACT,,,7d4fcc64-9cb5-4d1b-8e75-8a906d1e1576,Raiders,LV,Las Vegas,,2025-08-06T22:13:29.331516
9c6fe5a6-5553-4803-bc7a-93d095029a7d,Decamerion Richardson,,Decamerion,Richardson,CB,25.0,74,192.0,2001-03-16,"Cullen, LA, USA",2,Mississippi State,Bossier (LA),2024.0,4.0,,"{'id': '7d4fcc64-9cb5-4d1b-8e75-8a906d1e1576', 'name': 'Raiders', 'market': 'Las Vegas', 'alias': 'LV', 'sr_id': 'sr:competitor:4390'}",ACT,,,7d4fcc64-9cb5-4d1b-8e75-8a906d1e1576,Raiders,LV,Las Vegas,,2025-08-06T22:13:29.331524
9f7054ea-7f83-438d-bc5b-0372aac66de5,Kyu Blu Kelly,,Kyu Blu,Kelly,CB,36.0,72,188.0,2001-05-22,"Las Vegas, NV, USA",2,Stanford,Bishop Gorman (NV),2023.0,5.0,,"{'id': 'ebd87119-b331-4469-9ea6-d51fe3ce2f1c', 'name': 'Ravens', 'market': 'Baltimore', 'alias': 'BAL', 'sr_id': 'sr:competitor:4413'}",ACT,,,7d4fcc64-9cb5-4d1b-8e75-8a906d1e1576,Raiders,LV,Las Vegas,,2025-08-06T22:13:29.331528
a4af6950-2625-11f0-be8a-29068ea3d60c,Carter Runyon,,Carter,Runyon,TE,46.0,76,243.0,,"Fairfax, VA, USA",0,Towson,Oakton (VA),,,,,ACT,,,7d4fcc64-9cb5-4d1b-8e75-8a906d1e1576,Raiders,LV,Las Vegas,,2025-08-06T22:13:29.331532
a72657e3-2330-4a2d-932d-be37ec504f1a,JT Woods,,JT,Woods,SAF,40.0,74,195.0,2000-06-10,"San Antonio, TX, USA",3,Baylor,Steele (TX),2022.0,3.0,,"{'id': '1f6dcffb-9823-43cd-9ff4-e7a8466749b5', 'name': 'Chargers', 'market': 'Los Angeles', 'alias': 'LAC', 'sr_id': 'sr:competitor:4429'}",ACT,,,7d4fcc64-9cb5-4d1b-8e75-8a906d1e1576,Raiders,LV,Las Vegas,,2025-08-06T22:13:29.331537
a7f34f60-0730-11ef-8db1-51a862cabfc3,Ovie Oghoufo,,Ovie,Oghoufo,DE,90.0,76,250.0,2000-03-27,"Lathrup Village, MI, USA",1,LSU,Harrison (MI),,,,,ACT,,,7d4fcc64-9cb5-4d1b-8e75-8a906d1e1576,Raiders,LV,Las Vegas,,2025-08-06T22:13:29.331540
ab262b40-2542-11f0-8185-75ba3ec37670,Parker Clements,,Parker,Clements,OT,70.0,78,295.0,,"Lugoff, SC, USA",0,Virginia Tech,Lugoff-Elgin (SC),,,,,ACT,,,7d4fcc64-9cb5-4d1b-8e75-8a906d1e1576,Raiders,LV,Las Vegas,,2025-08-06T22:13:29.331544
ac012bab-43f3-4e8c-9cf4-0fb20ffa55a2,Germaine Pratt,,Germaine,Pratt,LB,57.0,75,250.0,1996-05-21,"High Point, NC, USA",7,North Carolina State,High Point Central (NC),2019.0,3.0,,"{'id': 'ad4ae08f-d808-42d5-a1e6-e9bc4e34d123', 'name': 'Bengals', 'market': 'Cincinnati', 'alias': 'CIN', 'sr_id': 'sr:competitor:4416'}",ACT,,,7d4fcc64-9cb5-4d1b-8e75-8a906d1e1576,Raiders,LV,Las Vegas,,2025-08-06T22:13:29.331548
c2a6d8cb-26f5-4b44-9a2a-a29c5d8a6446,Cody Lindenberg,,Cody,Lindenberg,LB,55.0,74,236.0,2002-01-15,"Anoka, MN, USA",0,Minnesota,Anoka (MN),2025.0,7.0,,"{'id': '7d4fcc64-9cb5-4d1b-8e75-8a906d1e1576', 'name': 'Raiders', 'market': 'Las Vegas', 'alias': 'LV', 'sr_id': 'sr:competitor:4390'}",ACT,,,7d4fcc64-9cb5-4d1b-8e75-8a906d1e1576,Raiders,LV,Las Vegas,,2025-08-06T22:13:29.331564
c488d790-254c-11f0-851a-493633b711cf,Jarrod Hufford,,Jarrod,Hufford,C,64.0,75,318.0,,"Newark, OH, USA",0,Iowa State,Licking Valley (OH),,,,,ACT,,,7d4fcc64-9cb5-4d1b-8e75-8a906d1e1576,Raiders,LV,Las Vegas,,2025-08-06T22:13:29.331568
c4ea4298-027d-47c6-b1c7-7cb7a4c1bd6a,JJ Pegues,,JJ,Pegues,DT,92.0,74,325.0,2001-11-25,"Oxford, MS, USA",0,Ole Miss,Oxford (MS),2025.0,6.0,,"{'id': '7d4fcc64-9cb5-4d1b-8e75-8a906d1e1576', 'name': 'Raiders', 'market': 'Las Vegas', 'alias': 'LV', 'sr_id': 'sr:competitor:4390'}",ACT,,,7d4fcc64-9cb5-4d1b-8e75-8a906d1e1576,Raiders,LV,Las Vegas,,2025-08-06T22:13:29.331572
cc1d5cf0-0500-11ef-bb66-eba00fd362a6,Thomas Harper,,Thomas,Harper,SAF,34.0,70,189.0,2000-11-05,"Knoxville, TN, USA",2,Notre Dame,Karns (TN),,,,,ACT,,,7d4fcc64-9cb5-4d1b-8e75-8a906d1e1576,Raiders,LV,Las Vegas,,2025-08-06T22:13:29.331580
d3dbba60-2541-11f0-8b1e-6fc9adf63156,Jah Joyner,,Jah,Joyner,DE,59.0,76,262.0,2001-07-30,"Danbury, CT, USA",0,Minnesota,Danbury (CT),,,,,ACT,,,7d4fcc64-9cb5-4d1b-8e75-8a906d1e1576,Raiders,LV,Las Vegas,,2025-08-06T22:13:29.331588
d550d2a0-0bd8-11ef-a1f1-572fd46e4062,Qadir Ismail,,Qadir,Ismail,TE,84.0,78,232.0,2000-02-17,"Bel Air, MD, USA",1,Samford,John Carroll (MD),,,,,ACT,,,7d4fcc64-9cb5-4d1b-8e75-8a906d1e1576,Raiders,LV,Las Vegas,,2025-08-06T22:13:29.331592
de6d5cb0-e75c-11ed-9334-efa9cc2292da,Andre Carter II,,Andre,Carter,DE,99.0,78,257.0,2000-06-02,"Missouri City, TX, USA",2,Army,Cheshire Academy (CT),,,,,ACT,,,7d4fcc64-9cb5-4d1b-8e75-8a906d1e1576,Raiders,LV,Las Vegas,,2025-08-06T22:13:29.331600
e1a79497-3e4b-4820-99a6-8ecbfd03995c,Alex Cappa,,Alex,Cappa,G,65.0,78,312.0,1995-01-27,"Dublin, CA, USA",8,Cal Poly Humboldt,Dublin (CA),2018.0,3.0,,"{'id': '4254d319-1bc7-4f81-b4ab-b5e6f3402b69', 'name': 'Buccaneers', 'market': 'Tampa Bay', 'alias': 'TB', 'sr_id': 'sr:competitor:4388'}",ACT,,,7d4fcc64-9cb5-4d1b-8e75-8a906d1e1576,Raiders,LV,Las Vegas,,2025-08-06T22:13:29.331604
e2d06080-254a-11f0-bf93-999a1fb5633c,Greedy Vance,,Greedy,Vance,CB,41.0,69,177.0,,"Kenner, LA, USA",0,USC,Edna Karr (LA),,,,,ACT,,,7d4fcc64-9cb5-4d1b-8e75-8a906d1e1576,Raiders,LV,Las Vegas,,2025-08-06T22:13:29.331607
e3969d82-a3b8-4fc5-a10a-78ad58e85a69,Trey Taylor,,Trey,Taylor,SAF,37.0,72,205.0,2001-01-30,"Frisco, TX, USA",2,Air Force,Frisco Lone Star (TX),2024.0,7.0,,"{'id': '7d4fcc64-9cb5-4d1b-8e75-8a906d1e1576', 'name': 'Raiders', 'market': 'Las Vegas', 'alias': 'LV', 'sr_id': 'sr:competitor:4390'}",ACT,,,7d4fcc64-9cb5-4d1b-8e75-8a906d1e1576,Raiders,LV,Las Vegas,,2025-08-06T22:13:29.331611
e4085e9f-ab3b-4dd6-9cb0-bf6f2bd428fd,Kolton Miller,,Kolton,Miller,T,74.0,80,326.0,1995-09-02,"Redwood City, CA, USA",8,UCLA,Roseville (CA),2018.0,1.0,,"{'id': '7d4fcc64-9cb5-4d1b-8e75-8a906d1e1576', 'name': 'Raiders', 'market': 'Las Vegas', 'alias': 'LV', 'sr_id': 'sr:competitor:4390'}",ACT,,,7d4fcc64-9cb5-4d1b-8e75-8a906d1e1576,Raiders,LV,Las Vegas,,2025-08-06T22:13:29.331616
e5ea211c-bcd2-4a7b-b6ef-911e7e796266,Charles Snowden,,Charles,Snowden,DE,49.0,78,250.0,1998-03-27,"Silver Spring, MD, USA",2,Virginia,St. Albans School (DC),,,,,ACT,,,7d4fcc64-9cb5-4d1b-8e75-8a906d1e1576,Raiders,LV,Las Vegas,,2025-08-06T22:13:29.331619
e8264aa0-2f53-11f0-9adb-990c0f22dbf2,Jahfari Harvey,,Jahfari,Harvey,DE,91.0,74,255.0,,"Port St. Lucie, FL, USA",0,SMU,Vero Beach (FL),,,,,ACT,,,7d4fcc64-9cb5-4d1b-8e75-8a906d1e1576,Raiders,LV,Las Vegas,,2025-08-06T22:13:29.331623
eaa99000-04fe-11ef-8bc5-45a7fe95a203,Amari Gainer,,Amari,Gainer,LB,53.0,75,232.0,2000-06-22,"Tallahassee, FL, USA",2,North Carolina,Chiles (FL),,,,,ACT,,,7d4fcc64-9cb5-4d1b-8e75-8a906d1e1576,Raiders,LV,Las Vegas,,2025-08-06T22:13:29.331627
ed8d8820-4343-43cc-b41f-b98439923bef,Kawaan Baker,,Kawaan,Baker,WR,82.0,73,210.0,1998-08-24,"East Point, GA, USA",1,South Alabama,Hapeville Charter Academy (GA),2021.0,7.0,,"{'id': '0d855753-ea21-4953-89f9-0e20aff9eb73', 'name': 'Saints', 'market': 'New Orleans', 'alias': 'NO', 'sr_id': 'sr:competitor:4425'}",ACT,,,7d4fcc64-9cb5-4d1b-8e75-8a906d1e1576,Raiders,LV,Las Vegas,,2025-08-06T22:13:29.331635
f6d13858-d592-4603-a9cb-518c1b57806d,Tommy Mellott,,Tommy,Mellott,WR,19.0,71,206.0,,"Butte, MT, USA",0,Montana State,Butte (MT),2025.0,6.0,,"{'id': '7d4fcc64-9cb5-4d1b-8e75-8a906d1e1576', 'name': 'Raiders', 'market': 'Las Vegas', 'alias': 'LV', 'sr_id': 'sr:competitor:4390'}",ACT,,,7d4fcc64-9cb5-4d1b-8e75-8a906d1e1576,Raiders,LV,Las Vegas,,2025-08-06T22:13:29.331644
faa31b4e-de40-4962-a64e-910626b4b43c,DJ Glaze,,DJ,Glaze,OT,71.0,76,331.0,2002-08-04,"Charlotte, NC, USA",2,Maryland,West Mecklenburg (NC),2024.0,3.0,,"{'id': '7d4fcc64-9cb5-4d1b-8e75-8a906d1e1576', 'name': 'Raiders', 'market': 'Las Vegas', 'alias': 'LV', 'sr_id': 'sr:competitor:4390'}",ACT,,,7d4fcc64-9cb5-4d1b-8e75-8a906d1e1576,Raiders,LV,Las Vegas,,2025-08-06T22:13:29.331652
fcd7e4ae-1d45-4453-a634-6b658ccad966,Thayer Munford Jr.,,Thayer,Munford,T,77.0,77,354.0,1999-09-18,"Cincinnati, OH, USA",4,Ohio State,Massillon Washington (OH),2022.0,7.0,,"{'id': '7d4fcc64-9cb5-4d1b-8e75-8a906d1e1576', 'name': 'Raiders', 'market': 'Las Vegas', 'alias': 'LV', 'sr_id': 'sr:competitor:4390'}",ACT,,,7d4fcc64-9cb5-4d1b-8e75-8a906d1e1576,Raiders,LV,Las Vegas,,2025-08-06T22:13:29.331657
fd8d31e8-2fab-4813-92b4-939709231b41,Keondre Coburn,,Keondre,Coburn,DT,75.0,74,322.0,2000-05-23,"Houston, TX, USA",3,Texas,Westfield (TX),2023.0,6.0,,"{'id': '6680d28d-d4d2-49f6-aace-5292d3ec02c2', 'name': 'Chiefs', 'market': 'Kansas City', 'alias': 'KC', 'sr_id': 'sr:competitor:4422'}",ACT,,,7d4fcc64-9cb5-4d1b-8e75-8a906d1e1576,Raiders,LV,Las Vegas,,2025-08-06T22:13:29.331661
0088498b-6f39-4cc2-9102-4aabd7491674,Brennan Jackson,,Brennan,Jackson,OLB,44.0,76,263.0,2000-10-14,"Temecula, CA, USA",2,Washington State,Great Oak (CA),2024.0,5.0,,"{'id': '2eff2a03-54d4-46ba-890e-2bc3925548f3', 'name': 'Rams', 'market': 'Los Angeles', 'alias': 'LA', 'sr_id': 'sr:competitor:4387'}",ACT,,,2eff2a03-54d4-46ba-890e-2bc3925548f3,Rams,LA,Los Angeles,,2025-08-06T22:13:30.881326
00ba8fa0-93ee-4e40-823a-d03a2639fce1,Jack Heflin,,Jack,Heflin,DT,93.0,75,304.0,1998-03-08,"Galesburg, IL, USA",2,Iowa,Erie-Prophetstown (IL),,,,,ACT,,,2eff2a03-54d4-46ba-890e-2bc3925548f3,Rams,LA,Los Angeles,,2025-08-06T22:13:30.881342
032ecdc0-08b0-11ef-90c2-f769b87dd8cb,Elias Neal,,Elias,Neal,LB,58.0,72,227.0,2001-09-11,"Memphis, TN, USA",2,Marshall,White Station (TN),,,,,ACT,,,2eff2a03-54d4-46ba-890e-2bc3925548f3,Rams,LA,Los Angeles,,2025-08-06T22:13:30.881352
033bd380-254c-11f0-85e6-ad6d4b9a9b15,Wyatt Bowles,,Wyatt,Bowles,OL,60.0,77,300.0,,"West Point, UT, USA",0,Utah State,Syracuse (UT),,,,,ACT,,,2eff2a03-54d4-46ba-890e-2bc3925548f3,Rams,LA,Los Angeles,,2025-08-06T22:13:30.881356
04e37390-254d-11f0-85e6-ad6d4b9a9b15,Da'Jon Terry,,Da'Jon,Terry,DL,98.0,75,330.0,2000-10-20,"Meridian, MS, USA",0,Oklahoma,Meridian (MS),,,,,ACT,,,2eff2a03-54d4-46ba-890e-2bc3925548f3,Rams,LA,Los Angeles,,2025-08-06T22:13:30.881359
07dbf3ec-0d6b-42f1-a2e8-7dd437339417,A.J. Green,,A.J.,Green,CB,27.0,74,198.0,1998-06-09,"DeSoto, TX, USA",3,Oklahoma State,DeSoto (TX),,,,,ACT,,,2eff2a03-54d4-46ba-890e-2bc3925548f3,Rams,LA,Los Angeles,,2025-08-06T22:13:30.881366
09b78e4f-e683-4c5d-b35e-35cc0dbbf7e5,Poona Ford,,Poona,Ford,DT,95.0,71,310.0,1995-11-19,"Hilton Head, SC, USA",8,Texas,Hilton Head (SC),,,,,ACT,,,2eff2a03-54d4-46ba-890e-2bc3925548f3,Rams,LA,Los Angeles,,2025-08-06T22:13:30.881371
0c767043-de67-4d90-af09-95c45a8ceeaa,Emmanuel Forbes Jr.,,Emmanuel,Forbes,CB,25.0,72,180.0,2001-01-13,"Grenada, MS, USA",3,Mississippi State,Grenada (MS),2023.0,1.0,,"{'id': '22052ff7-c065-42ee-bc8f-c4691c50e624', 'name': 'Commanders', 'market': 'Washington', 'alias': 'WAS', 'sr_id': 'sr:competitor:4432'}",ACT,,,2eff2a03-54d4-46ba-890e-2bc3925548f3,Rams,LA,Los Angeles,,2025-08-06T22:13:30.881375
11a0dc4d-a8fa-44b4-a630-f2a0042268d6,Josaiah Stewart,,Josaiah,Stewart,OLB,41.0,73,249.0,2003-04-26,"Bronx, NY, USA",0,Michigan,Everett (MA),2025.0,3.0,,"{'id': '2eff2a03-54d4-46ba-890e-2bc3925548f3', 'name': 'Rams', 'market': 'Los Angeles', 'alias': 'LA', 'sr_id': 'sr:competitor:4387'}",ACT,,,2eff2a03-54d4-46ba-890e-2bc3925548f3,Rams,LA,Los Angeles,,2025-08-06T22:13:30.881388
13c216ca-a01a-46a8-98fa-4fd1d70cbf00,Alaric Jackson,,Alaric,Jackson,OL,77.0,79,345.0,1998-07-14,"Windsor, ON, CAN",5,Iowa,Renaissance (MI),,,,,ACT,,,2eff2a03-54d4-46ba-890e-2bc3925548f3,Rams,LA,Los Angeles,,2025-08-06T22:13:30.881391
1e7176a0-254c-11f0-85e6-ad6d4b9a9b15,Malik Dixon-Williams,,Malik,Dixon-Williams,SAF,39.0,73,200.0,,"Orlando, FL, USA",0,UConn,Wekiva (FL),,,,,ACT,,,2eff2a03-54d4-46ba-890e-2bc3925548f3,Rams,LA,Los Angeles,,2025-08-06T22:13:30.881399
26ec1dc1-dece-43bd-b588-db61f046b88c,Cobie Durant,,Cobie,Durant,CB,14.0,71,182.0,1998-02-09,"Lamar, SC, USA",4,South Carolina State,Lamar (SC),2022.0,4.0,,"{'id': '2eff2a03-54d4-46ba-890e-2bc3925548f3', 'name': 'Rams', 'market': 'Los Angeles', 'alias': 'LA', 'sr_id': 'sr:competitor:4387'}",ACT,,,2eff2a03-54d4-46ba-890e-2bc3925548f3,Rams,LA,Los Angeles,,2025-08-06T22:13:30.881411
34bbf670-d30a-11ec-8b77-45b1765fd110,Shaun Jolly,,Shaun,Jolly,CB,24.0,69,186.0,1998-10-17,"Stone Mountain, GA, USA",3,Appalachian State,Stephenson (GA),,,,,ACT,,,2eff2a03-54d4-46ba-890e-2bc3925548f3,Rams,LA,Los Angeles,,2025-08-06T22:13:30.881415
36206400-254c-11f0-85e6-ad6d4b9a9b15,Shaun Dolac,,Shaun,Dolac,LB,56.0,73,225.0,2001-09-14,"West Seneca, NY, USA",0,Buffalo,West Seneca East (NY),,,,,ACT,,,2eff2a03-54d4-46ba-890e-2bc3925548f3,Rams,LA,Los Angeles,,2025-08-06T22:13:30.881419
394f23d0-254e-11f0-85e6-ad6d4b9a9b15,Mario Williams,,Mario,Williams,WR,86.0,69,178.0,2003-01-21,"Tampa, FL, USA",0,Tulane,Plant City (FL),,,,,ACT,,,2eff2a03-54d4-46ba-890e-2bc3925548f3,Rams,LA,Los Angeles,,2025-08-06T22:13:30.881423
3e838e40-4637-11f0-8b96-73caf6d6c117,Decarius Hawthorne,,Decarius,Hawthorne,DL,92.0,74,290.0,,"Birmingham, AL, USA",0,South Florida,Center Point (AL),,,,,ACT,,,2eff2a03-54d4-46ba-890e-2bc3925548f3,Rams,LA,Los Angeles,,2025-08-06T22:13:30.881427
3fcd0b70-254c-11f0-85e6-ad6d4b9a9b15,Ben Dooley,,Ben,Dooley,OL,66.0,77,320.0,,"Fallon, NV, USA",0,Boise State,Churchill County (NV),,,,,ACT,,,2eff2a03-54d4-46ba-890e-2bc3925548f3,Rams,LA,Los Angeles,,2025-08-06T22:13:30.881430
424e1560-07c5-11ef-96b2-79ba17dd049f,Josh Wallace,,Josh,Wallace,CB,30.0,72,189.0,2000-07-05,"Bowie, MD, USA",2,Michigan,DeMatha Catholic (MD),,,,,ACT,,,2eff2a03-54d4-46ba-890e-2bc3925548f3,Rams,LA,Los Angeles,,2025-08-06T22:13:30.881434
4adfc559-1138-4476-a095-3bbaa7ba18b3,Tyler Davis,,Tyler,Davis,DE,90.0,74,300.0,2000-11-01,"Apopka, FL, USA",2,Clemson,Wekiva (FL),2024.0,6.0,,"{'id': '2eff2a03-54d4-46ba-890e-2bc3925548f3', 'name': 'Rams', 'market': 'Los Angeles', 'alias': 'LA', 'sr_id': 'sr:competitor:4387'}",ACT,,,2eff2a03-54d4-46ba-890e-2bc3925548f3,Rams,LA,Los Angeles,,2025-08-06T22:13:30.881451
4b0a6500-254c-11f0-85e6-ad6d4b9a9b15,Tru Edwards,,Tru,Edwards,WR,82.0,75,201.0,2001-06-09,"Shreveport, LA, USA",0,Louisiana Tech,Mansfield Legacy (TX),,,,,PUP,,,2eff2a03-54d4-46ba-890e-2bc3925548f3,Rams,LA,Los Angeles,,2025-08-06T22:13:30.881455
58d2af30-254c-11f0-85e6-ad6d4b9a9b15,Willie Lampkin IV,,Willie,Lampkin,OL,62.0,71,290.0,2002-01-22,"Lakeland, FL, USA",0,North Carolina,Mulberry (FL),,,,,ACT,,,2eff2a03-54d4-46ba-890e-2bc3925548f3,Rams,LA,Los Angeles,,2025-08-06T22:13:30.881458
59e9c19c-c6f6-4f53-b231-d76134ba8fb6,Nick Hampton,,Nick,Hampton,OLB,6.0,75,250.0,2000-04-05,"Anderson, SC, USA",3,Appalachian State,Westside (SC),2023.0,5.0,,"{'id': '2eff2a03-54d4-46ba-890e-2bc3925548f3', 'name': 'Rams', 'market': 'Los Angeles', 'alias': 'LA', 'sr_id': 'sr:competitor:4387'}",ACT,,,2eff2a03-54d4-46ba-890e-2bc3925548f3,Rams,LA,Los Angeles,,2025-08-06T22:13:30.881462
5b79dec0-07c5-11ef-94fe-2da30a2c16b4,Drake Stoops,,Drake,Stoops,WR,6.0,70,189.0,1999-06-16,"Norman, OK, USA",1,Oklahoma,Norman North (OK),,,,,SUS,,,2eff2a03-54d4-46ba-890e-2bc3925548f3,Rams,LA,Los Angeles,,2025-08-06T22:13:30.881465
602a9bc0-254d-11f0-85e6-ad6d4b9a9b15,Anthony Torres,,Anthony,Torres,TE,46.0,78,250.0,,"Mishawaka, IN, USA",0,Toledo,Penn (IN),,,,,ACT,,,2eff2a03-54d4-46ba-890e-2bc3925548f3,Rams,LA,Los Angeles,,2025-08-06T22:13:30.881469
60ffacb0-d209-11ec-ab20-b37737d70cc4,Keir Thomas,,Keir,Thomas,OLB,96.0,74,260.0,1998-01-25,"Miami, FL, USA",3,Florida State,Miami Central (FL),,,,,ACT,,,2eff2a03-54d4-46ba-890e-2bc3925548f3,Rams,LA,Los Angeles,,2025-08-06T22:13:30.881472
648d7620-254c-11f0-85e6-ad6d4b9a9b15,Jamil Muhammad,,Jamil,Muhammad,OLB,45.0,73,260.0,,"Madison, AL, USA",0,USC,James Clemens (AL),,,,,ACT,,,2eff2a03-54d4-46ba-890e-2bc3925548f3,Rams,LA,Los Angeles,,2025-08-06T22:13:30.881476
649bda12-5a56-45f7-aab9-e18ec3a88d96,Joshua Karty,,Joshua,Karty,K,16.0,74,207.0,2002-03-07,"Burlington, NC, USA",2,Stanford,Western Alamance (NC),2024.0,6.0,,"{'id': '2eff2a03-54d4-46ba-890e-2bc3925548f3', 'name': 'Rams', 'market': 'Los Angeles', 'alias': 'LA', 'sr_id': 'sr:competitor:4387'}",ACT,,,2eff2a03-54d4-46ba-890e-2bc3925548f3,Rams,LA,Los Angeles,,2025-08-06T22:13:30.881479
6c0c2ab2-8333-4eb0-adb5-d8e0095d50ec,Jared Verse,,Jared,Verse,OLB,8.0,76,260.0,2000-11-04,"Dayton, OH, USA",2,Florida State,Central Columbia (PA),2024.0,1.0,,"{'id': '2eff2a03-54d4-46ba-890e-2bc3925548f3', 'name': 'Rams', 'market': 'Los Angeles', 'alias': 'LA', 'sr_id': 'sr:competitor:4387'}",ACT,,,2eff2a03-54d4-46ba-890e-2bc3925548f3,Rams,LA,Los Angeles,,2025-08-06T22:13:30.881483
6e1e89d0-254d-11f0-85e6-ad6d4b9a9b15,Nate Valcarcel,,Nate,Valcarcel,SAF,43.0,73,192.0,,"Greenfield, WI, USA",0,Northern Illinois,Greenfield (WI),,,,,ACT,,,2eff2a03-54d4-46ba-890e-2bc3925548f3,Rams,LA,Los Angeles,,2025-08-06T22:13:30.881486
6e74b967-c938-44d8-97df-c15086086938,Chris Paul Jr.,,Chris,Paul,LB,54.0,72,222.0,2002-11-04,"Cordele, GA, USA",0,Ole Miss,Crisp County (GA),2025.0,5.0,,"{'id': '2eff2a03-54d4-46ba-890e-2bc3925548f3', 'name': 'Rams', 'market': 'Los Angeles', 'alias': 'LA', 'sr_id': 'sr:competitor:4387'}",ACT,,,2eff2a03-54d4-46ba-890e-2bc3925548f3,Rams,LA,Los Angeles,,2025-08-06T22:13:30.881490
6f225a09-45e4-4e95-9638-e3e1397e55b1,Beaux Limmer,,Beaux,Limmer,OL,50.0,77,312.0,2001-06-10,"Tyler, TX, USA",2,Arkansas,Tyler Legacy (TX),2024.0,6.0,,"{'id': '2eff2a03-54d4-46ba-890e-2bc3925548f3', 'name': 'Rams', 'market': 'Los Angeles', 'alias': 'LA', 'sr_id': 'sr:competitor:4387'}",ACT,,,2eff2a03-54d4-46ba-890e-2bc3925548f3,Rams,LA,Los Angeles,,2025-08-06T22:13:30.881494
6f592220-254c-11f0-85e6-ad6d4b9a9b15,Bill Norton,,Bill,Norton,DL,97.0,78,335.0,,"Memphis, TN, USA",0,Texas,Christian Brothers (TN),,,,,ACT,,,2eff2a03-54d4-46ba-890e-2bc3925548f3,Rams,LA,Los Angeles,,2025-08-06T22:13:30.881497
75a604d0-e8e6-11ed-bfd2-35c6313bc80e,Alex Ward,,Alex,Ward,LS,47.0,76,241.0,1999-04-24,"Fort Walton Beach, FL, USA",3,UCF,Choctawhatchee (FL),,,,,ACT,,,2eff2a03-54d4-46ba-890e-2bc3925548f3,Rams,LA,Los Angeles,,2025-08-06T22:13:30.881507
79fae1a5-11ce-4756-9fe3-c642b6a6337b,KT Leveston Jr.,,KT,Leveston,OL,70.0,76,336.0,1999-10-28,"Waco, TX, USA",2,Kansas State,Midway (TX),2024.0,7.0,,"{'id': '2eff2a03-54d4-46ba-890e-2bc3925548f3', 'name': 'Rams', 'market': 'Los Angeles', 'alias': 'LA', 'sr_id': 'sr:competitor:4387'}",ACT,,,2eff2a03-54d4-46ba-890e-2bc3925548f3,Rams,LA,Los Angeles,,2025-08-06T22:13:30.881511
7d238f30-254c-11f0-85e6-ad6d4b9a9b15,Josh Pearcy,,Josh,Pearcy,OLB,59.0,74,245.0,,"Moorestown, NJ, USA",0,Rice,Moorestown (NJ),,,,,ACT,,,2eff2a03-54d4-46ba-890e-2bc3925548f3,Rams,LA,Los Angeles,,2025-08-06T22:13:30.881520
7fe2ddd0-cc7f-11ec-8d55-87af3a9174bd,Nate Landman,,Nate,Landman,LB,53.0,75,235.0,1998-11-19,"Harare,, ZWE",4,Colorado,Monte Vista (CA),,,,,ACT,,,2eff2a03-54d4-46ba-890e-2bc3925548f3,Rams,LA,Los Angeles,,2025-08-06T22:13:30.881527
86f8915e-a09a-4cdf-ad41-13d72d217269,Kobie Turner,,Kobie,Turner,DE,91.0,74,297.0,1999-04-26,"Washington, DC, USA",3,Wake Forest,Centreville (VA),2023.0,3.0,,"{'id': '2eff2a03-54d4-46ba-890e-2bc3925548f3', 'name': 'Rams', 'market': 'Los Angeles', 'alias': 'LA', 'sr_id': 'sr:competitor:4387'}",ACT,,,2eff2a03-54d4-46ba-890e-2bc3925548f3,Rams,LA,Los Angeles,,2025-08-06T22:13:30.881531
874ab5e6-c943-4620-8c73-b11e6592bc69,Derion Kendrick,,Derion,Kendrick,CB,1.0,72,199.0,2000-08-24,"Rock Hill, SC, USA",4,Georgia,South Pointe (SC),2022.0,6.0,,"{'id': '2eff2a03-54d4-46ba-890e-2bc3925548f3', 'name': 'Rams', 'market': 'Los Angeles', 'alias': 'LA', 'sr_id': 'sr:competitor:4387'}",ACT,,,2eff2a03-54d4-46ba-890e-2bc3925548f3,Rams,LA,Los Angeles,,2025-08-06T22:13:30.881534
905fb2a2-6fc0-4af5-9f3c-860956cd164b,Braden Fiske,,Braden,Fiske,DE,55.0,76,291.0,2000-01-18,"Michigan City, IN, USA",2,Florida State,Michigan City (IN),2024.0,2.0,,"{'id': '2eff2a03-54d4-46ba-890e-2bc3925548f3', 'name': 'Rams', 'market': 'Los Angeles', 'alias': 'LA', 'sr_id': 'sr:competitor:4387'}",ACT,,,2eff2a03-54d4-46ba-890e-2bc3925548f3,Rams,LA,Los Angeles,,2025-08-06T22:13:30.881538
90d9c6b2-3970-45e1-a558-b68a977a8995,D.J. Humphries,,D.J.,Humphries,OL,72.0,77,307.0,1993-12-28,"Durham, NC, USA",11,Florida,Mallard Creek (NC),2015.0,1.0,,"{'id': 'de760528-1dc0-416a-a978-b510d20692ff', 'name': 'Cardinals', 'market': 'Arizona', 'alias': 'ARI', 'sr_id': 'sr:competitor:4412'}",ACT,,,2eff2a03-54d4-46ba-890e-2bc3925548f3,Rams,LA,Los Angeles,,2025-08-06T22:13:30.881542
9658e019-e021-42a0-8285-b5aea6e48090,Ethan Evans,,Ethan,Evans,P,42.0,75,250.0,2001-07-19,"Mount Airy, NC, USA",3,Wingate,North Surry (NC),2023.0,7.0,,"{'id': '2eff2a03-54d4-46ba-890e-2bc3925548f3', 'name': 'Rams', 'market': 'Los Angeles', 'alias': 'LA', 'sr_id': 'sr:competitor:4387'}",ACT,,,2eff2a03-54d4-46ba-890e-2bc3925548f3,Rams,LA,Los Angeles,,2025-08-06T22:13:30.881550
980b200f-1cde-4327-adec-564572c84a5c,Dylan McMahon,,Dylan,McMahon,OL,63.0,75,298.0,2001-01-22,"Savannah, GA, USA",2,North Carolina State,Savannah Christian Prep (GA),2024.0,6.0,,"{'id': '386bdbf9-9eea-4869-bb9a-274b0bc66e80', 'name': 'Eagles', 'market': 'Philadelphia', 'alias': 'PHI', 'sr_id': 'sr:competitor:4428'}",ACT,,,2eff2a03-54d4-46ba-890e-2bc3925548f3,Rams,LA,Los Angeles,,2025-08-06T22:13:30.881553
99d4bd70-e84f-11ed-bf28-3f40de530c54,Tanner Ingle,,Tanner,Ingle,SAF,34.0,68,195.0,1999-10-29,"Orlando, FL, USA",1,North Carolina State,Dr. Phillips (FL),,,,,ACT,,,2eff2a03-54d4-46ba-890e-2bc3925548f3,Rams,LA,Los Angeles,,2025-08-06T22:13:30.881560
9e43feb0-07c6-11ef-a682-8f29ee4a79f3,Charles Woods,,Charles,Woods,CB,21.0,71,185.0,2000-06-17,"Dallas, TX, USA",2,SMU,Justin F. Kimball (TX),,,,,ACT,,,2eff2a03-54d4-46ba-890e-2bc3925548f3,Rams,LA,Los Angeles,,2025-08-06T22:13:30.881563
9e885643-3f46-49f4-94e9-714a3b1f586b,Coleman Shelton,,Coleman,Shelton,C,65.0,77,285.0,1995-07-28,"Pasadena, CA, USA",7,Washington,Loyola (CA),,,,,ACT,,,2eff2a03-54d4-46ba-890e-2bc3925548f3,Rams,LA,Los Angeles,,2025-08-06T22:13:30.881567
a344e6d1-86a1-4ec6-b734-7a0a0f706206,Desjuan Johnson,,Desjuan,Johnson,DE,94.0,75,280.0,1999-09-03,"Detroit, MI, USA",3,Toledo,East English Village Prep (MI),2023.0,7.0,,"{'id': '2eff2a03-54d4-46ba-890e-2bc3925548f3', 'name': 'Rams', 'market': 'Los Angeles', 'alias': 'LA', 'sr_id': 'sr:competitor:4387'}",ACT,,,2eff2a03-54d4-46ba-890e-2bc3925548f3,Rams,LA,Los Angeles,,2025-08-06T22:13:30.881571
a5cc5958-01f9-4b7d-a8d9-c44625d53ed5,Stetson Bennett IV,,Stetson,Bennett,QB,13.0,71,190.0,1997-10-28,"Blackshear, GA, USA",2,Georgia,Pierce County (GA),2023.0,4.0,,"{'id': '2eff2a03-54d4-46ba-890e-2bc3925548f3', 'name': 'Rams', 'market': 'Los Angeles', 'alias': 'LA', 'sr_id': 'sr:competitor:4387'}",ACT,,,2eff2a03-54d4-46ba-890e-2bc3925548f3,Rams,LA,Los Angeles,,2025-08-06T22:13:30.881578
a80f1b08-3977-48b6-97e0-5991ca26bfae,Ahkello Witherspoon,,Ahkello,Witherspoon,CB,4.0,74,195.0,1995-03-21,"Oak Park, CA, USA",9,Colorado,Christian Brothers (CA),2017.0,3.0,,"{'id': 'f0e724b0-4cbf-495a-be47-013907608da9', 'name': '49ers', 'market': 'San Francisco', 'alias': 'SF', 'sr_id': 'sr:competitor:4389'}",ACT,,,2eff2a03-54d4-46ba-890e-2bc3925548f3,Rams,LA,Los Angeles,,2025-08-06T22:13:30.881582
adefcf10-e8e6-11ed-b5d6-23d85f497f81,Dresser Winn,,Dresser,Winn,QB,4.0,75,215.0,1998-11-11,"Dresden, TN, USA",1,Tennessee-Martin,Dresden (TN),,,,,ACT,,,2eff2a03-54d4-46ba-890e-2bc3925548f3,Rams,LA,Los Angeles,,2025-08-06T22:13:30.881595
b2986c00-08ae-11ef-aa35-dd89832b46ac,Cam Lampkin,,Cam,Lampkin,CB,33.0,71,176.0,2001-07-31,"Mesquite, TX, USA",1,Washington State,Poteet (TX),,,,,ACT,,,2eff2a03-54d4-46ba-890e-2bc3925548f3,Rams,LA,Los Angeles,,2025-08-06T22:13:30.881600
b3271d80-254d-11f0-85e6-ad6d4b9a9b15,Jordan Waters,,Jordan,Waters,RB,36.0,72,225.0,,"Fairmont, NC, USA",0,North Carolina State,Fairmont (NC),,,,,ACT,,,2eff2a03-54d4-46ba-890e-2bc3925548f3,Rams,LA,Los Angeles,,2025-08-06T22:13:30.881605
bc46a1be-5ac8-4f79-85ba-dec00a488c73,AJ Arcuri,,AJ,Arcuri,OL,61.0,79,308.0,1997-08-13,"Powell, OH, USA",2,Michigan State,Olehtangy Liberty (OH),2022.0,7.0,,"{'id': '2eff2a03-54d4-46ba-890e-2bc3925548f3', 'name': 'Rams', 'market': 'Los Angeles', 'alias': 'LA', 'sr_id': 'sr:competitor:4387'}",ACT,,,2eff2a03-54d4-46ba-890e-2bc3925548f3,Rams,LA,Los Angeles,,2025-08-06T22:13:30.881610
c24e8e40-07c3-11ef-b253-11c65affe8a4,Omar Speights,,Omar,Speights,LB,48.0,73,228.0,2001-03-02,"Philadelphia, PA, USA",2,LSU,Crescent Valley (OR),,,,,ACT,,,2eff2a03-54d4-46ba-890e-2bc3925548f3,Rams,LA,Los Angeles,,2025-08-06T22:13:30.881615
c2c112f0-13bd-44a8-a447-f3429c4f3e65,Quentin Lake,,Quentin,Lake,SAF,37.0,73,196.0,1999-01-29,"Irvine, CA, USA",4,UCLA,Mater Dei (CA),2022.0,6.0,,"{'id': '2eff2a03-54d4-46ba-890e-2bc3925548f3', 'name': 'Rams', 'market': 'Los Angeles', 'alias': 'LA', 'sr_id': 'sr:competitor:4387'}",ACT,,,2eff2a03-54d4-46ba-890e-2bc3925548f3,Rams,LA,Los Angeles,,2025-08-06T22:13:30.881621
c4c31524-3ac6-4337-bd99-4085f92d4a13,Kamren Kinchens,,Kamren,Kinchens,SAF,26.0,71,207.0,2002-09-29,"Miami, FL, USA",2,Miami (FL),Miami Northwestern (FL),2024.0,3.0,,"{'id': '2eff2a03-54d4-46ba-890e-2bc3925548f3', 'name': 'Rams', 'market': 'Los Angeles', 'alias': 'LA', 'sr_id': 'sr:competitor:4387'}",ACT,,,2eff2a03-54d4-46ba-890e-2bc3925548f3,Rams,LA,Los Angeles,,2025-08-06T22:13:30.881627
ccb6d700-ac74-4f6b-9f86-d1aa74d0c318,Konata Mumpfield,,Konata,Mumpfield,WR,15.0,71,186.0,2002-10-24,"Hoschton, GA, USA",0,Pittsburgh,Dacula (GA),2025.0,7.0,,"{'id': '2eff2a03-54d4-46ba-890e-2bc3925548f3', 'name': 'Rams', 'market': 'Los Angeles', 'alias': 'LA', 'sr_id': 'sr:competitor:4387'}",ACT,,,2eff2a03-54d4-46ba-890e-2bc3925548f3,Rams,LA,Los Angeles,,2025-08-06T22:13:30.881633
cd7de1ce-ad93-4bb6-8b70-c79194a7373e,Byron Young,,Byron,Young,OLB,0.0,74,258.0,1998-03-13,"Georgetown, SC, USA",3,Tennessee,Carvers Bay (SC),2023.0,3.0,,"{'id': '2eff2a03-54d4-46ba-890e-2bc3925548f3', 'name': 'Rams', 'market': 'Los Angeles', 'alias': 'LA', 'sr_id': 'sr:competitor:4387'}",ACT,,,2eff2a03-54d4-46ba-890e-2bc3925548f3,Rams,LA,Los Angeles,,2025-08-06T22:13:30.881639
cf6d1752-4c9d-4960-ba59-74cdd16c332a,Ty Hamilton,,Ty,Hamilton,DT,57.0,74,299.0,2002-04-15,"Pickerington, OH, USA",0,Ohio State,Pickerington Central (OH),2025.0,5.0,,"{'id': '2eff2a03-54d4-46ba-890e-2bc3925548f3', 'name': 'Rams', 'market': 'Los Angeles', 'alias': 'LA', 'sr_id': 'sr:competitor:4387'}",ACT,,,2eff2a03-54d4-46ba-890e-2bc3925548f3,Rams,LA,Los Angeles,,2025-08-06T22:13:30.881645
d0412c6f-ac97-420c-a9e2-1ca587c480b2,Troy Reeder,,Troy,Reeder,LB,51.0,75,236.0,1994-09-13,"Hockessin, DE, USA",7,Delaware,Salesianum (DE),,,,,ACT,,,2eff2a03-54d4-46ba-890e-2bc3925548f3,Rams,LA,Los Angeles,,2025-08-06T22:13:30.881648
d40b2cf6-59e1-4af6-a91c-f2206303564c,Tony Fields II,,Tony,Fields,LB,40.0,72,222.0,1999-06-18,"Las Vegas, NV, USA",5,West Virginia,Desert Pines (NV),2021.0,5.0,,"{'id': 'd5a2eb42-8065-4174-ab79-0a6fa820e35e', 'name': 'Browns', 'market': 'Cleveland', 'alias': 'CLE', 'sr_id': 'sr:competitor:4417'}",ACT,,,2eff2a03-54d4-46ba-890e-2bc3925548f3,Rams,LA,Los Angeles,,2025-08-06T22:13:30.881652
d42ada10-07c3-11ef-9be3-57ec97f62bc7,Justin Dedich,,Justin,Dedich,OL,67.0,74,300.0,2000-04-21,"Temecula, CA, USA",2,USC,Chaparral (CA),,,,,ACT,,,2eff2a03-54d4-46ba-890e-2bc3925548f3,Rams,LA,Los Angeles,,2025-08-06T22:13:30.881656
df6549e4-cf19-475b-8098-4a12c50495a7,Steve Avila,,Steve,Avila,OL,73.0,75,338.0,1999-10-16,"Dallas, TX, USA",3,TCU,South Grand Prairie (TX),2023.0,2.0,,"{'id': '2eff2a03-54d4-46ba-890e-2bc3925548f3', 'name': 'Rams', 'market': 'Los Angeles', 'alias': 'LA', 'sr_id': 'sr:competitor:4387'}",ACT,,,2eff2a03-54d4-46ba-890e-2bc3925548f3,Rams,LA,Los Angeles,,2025-08-06T22:13:30.881659
e3f6e380-07c3-11ef-8c61-79ad930f01f9,Jaylen McCollough,,Jaylen,McCollough,SAF,2.0,72,202.0,2000-10-12,"Austell, GA, USA",2,Tennessee,Hillgrove (GA),,,,,ACT,,,2eff2a03-54d4-46ba-890e-2bc3925548f3,Rams,LA,Los Angeles,,2025-08-06T22:13:30.881663
e71d4c32-3233-467f-ab01-71de34e5d9b4,Jarquez Hunter,,Jarquez,Hunter,RB,35.0,69,204.0,2002-12-29,"Philadelphia, MS, USA",0,Auburn,Neshoba Central (MS),2025.0,4.0,,"{'id': '2eff2a03-54d4-46ba-890e-2bc3925548f3', 'name': 'Rams', 'market': 'Los Angeles', 'alias': 'LA', 'sr_id': 'sr:competitor:4387'}",ACT,,,2eff2a03-54d4-46ba-890e-2bc3925548f3,Rams,LA,Los Angeles,,2025-08-06T22:13:30.881666
ec0ecae0-254c-11f0-85e6-ad6d4b9a9b15,Brennan Presley,,Brennan,Presley,WR,81.0,68,174.0,2002-02-02,"Tulsa, OK, USA",0,Oklahoma State,Bixby (OK),,,,,ACT,,,2eff2a03-54d4-46ba-890e-2bc3925548f3,Rams,LA,Los Angeles,,2025-08-06T22:13:30.881674
ec810fdb-ae6f-49ad-9538-31d1e6dfa578,Rob Havenstein,,Rob,Havenstein,OL,79.0,80,323.0,1992-05-13,"Mount Airy, MD, USA",11,Wisconsin,Linganore (MD),2015.0,2.0,,"{'id': '39f349de-6463-4803-ad70-f1e0f144f5ed', 'name': 'Rams', 'market': 'St. Louis', 'alias': 'STL'}",ACT,,,2eff2a03-54d4-46ba-890e-2bc3925548f3,Rams,LA,Los Angeles,,2025-08-06T22:13:30.881677
eff8e3ec-98e4-49c8-b865-436e3abb0870,Kam Curl,,Kam,Curl,SAF,3.0,74,205.0,1999-03-31,"Muskogee, OK, USA",6,Arkansas,Muskogee (OK),2020.0,7.0,,"{'id': '22052ff7-c065-42ee-bc8f-c4691c50e624', 'name': 'Commanders', 'market': 'Washington', 'alias': 'WAS', 'sr_id': 'sr:competitor:4432'}",ACT,,,2eff2a03-54d4-46ba-890e-2bc3925548f3,Rams,LA,Los Angeles,,2025-08-06T22:13:30.881681
f204a8e1-2127-4637-aacc-fae233a2fa01,Warren McClendon Jr.,,Warren,McClendon,OL,71.0,76,317.0,2001-04-11,"Brunswick, GA, USA",3,Georgia,Brunswick (GA),2023.0,5.0,,"{'id': '2eff2a03-54d4-46ba-890e-2bc3925548f3', 'name': 'Rams', 'market': 'Los Angeles', 'alias': 'LA', 'sr_id': 'sr:competitor:4387'}",ACT,,,2eff2a03-54d4-46ba-890e-2bc3925548f3,Rams,LA,Los Angeles,,2025-08-06T22:13:30.881685
f7193820-254d-11f0-85e6-ad6d4b9a9b15,Trey Wedig,,Trey,Wedig,OT,64.0,78,310.0,,"Oconomowoc, WI, USA",0,Indiana,Kettle Moraine (WI),,,,,ACT,,,2eff2a03-54d4-46ba-890e-2bc3925548f3,Rams,LA,Los Angeles,,2025-08-06T22:13:30.881688
f9801b70-254c-11f0-85e6-ad6d4b9a9b15,Mark Redman,,Mark,Redman,TE,83.0,77,255.0,,"Newport Beach, CA, USA",0,Louisville,Corono Del Mar (CA),,,,,PUP,,,2eff2a03-54d4-46ba-890e-2bc3925548f3,Rams,LA,Los Angeles,,2025-08-06T22:13:30.881691
fb301e65-4c65-4b60-a8ca-d149fcdbcd97,Kevin Dotson,,Kevin,Dotson,OL,69.0,76,330.0,1996-09-18,"Plaquemine, LA, USA",6,Louisiana,Plaquemine (LA),2020.0,4.0,,"{'id': 'cb2f9f1f-ac67-424e-9e72-1475cb0ed398', 'name': 'Steelers', 'market': 'Pittsburgh', 'alias': 'PIT', 'sr_id': 'sr:competitor:4345'}",ACT,,,2eff2a03-54d4-46ba-890e-2bc3925548f3,Rams,LA,Los Angeles,,2025-08-06T22:13:30.881695
fdfc7b8e-a202-4459-91f8-be6e053e5d29,Terrance Ferguson,,Terrance,Ferguson,TE,18.0,77,247.0,2003-03-07,"Littleton, CO, USA",0,Oregon,Heritage (CO),2025.0,2.0,,"{'id': '2eff2a03-54d4-46ba-890e-2bc3925548f3', 'name': 'Rams', 'market': 'Los Angeles', 'alias': 'LA', 'sr_id': 'sr:competitor:4387'}",ACT,,,2eff2a03-54d4-46ba-890e-2bc3925548f3,Rams,LA,Los Angeles,,2025-08-06T22:13:30.881699
ff0950aa-357f-47b4-b4dd-d4374413ffc1,Larrell Murchison,,Larrell,Murchison,DE,52.0,74,285.0,1997-04-24,"Elizabethtown, NC, USA",6,North Carolina State,E. Bladen (NC),2020.0,5.0,,"{'id': 'd26a1ca5-722d-4274-8f97-c92e49c96315', 'name': 'Titans', 'market': 'Tennessee', 'alias': 'TEN', 'sr_id': 'sr:competitor:367364'}",ACT,,,2eff2a03-54d4-46ba-890e-2bc3925548f3,Rams,LA,Los Angeles,,2025-08-06T22:13:30.881720
00a4b082-e55a-4273-afa9-5b481d9d70ea,Ben Cleveland,,Ben,Cleveland,G,66.0,78,355.0,1998-08-25,"Toccoa, GA, USA",5,Georgia,Stephens County (GA),2021.0,3.0,,"{'id': 'ebd87119-b331-4469-9ea6-d51fe3ce2f1c', 'name': 'Ravens', 'market': 'Baltimore', 'alias': 'BAL', 'sr_id': 'sr:competitor:4413'}",ACT,,,ebd87119-b331-4469-9ea6-d51fe3ce2f1c,Ravens,BAL,Baltimore,,2025-08-06T22:13:32.422633
018df510-254f-11f0-bbb1-dfff98110c96,Jared Penning,,Jared,Penning,G,63.0,77,319.0,2000-09-17,"Clear Lake, IA, USA",0,Northern Iowa,Clear Lake (IA),,,,,ACT,,,ebd87119-b331-4469-9ea6-d51fe3ce2f1c,Ravens,BAL,Baltimore,,2025-08-06T22:13:32.422649
0b430e60-2928-11f0-bd0c-e93618a2a03b,Keondre Jackson,,Keondre,Jackson,SAF,39.0,74,215.0,2002-05-02,"Freeport, IL, USA",0,Illinois State,Freeport (IL),,,,,ACT,,,ebd87119-b331-4469-9ea6-d51fe3ce2f1c,Ravens,BAL,Baltimore,,2025-08-06T22:13:32.422663
0c7ceb00-d207-11ec-ab20-b37737d70cc4,Jake Hummel,,Jake,Hummel,LB,35.0,73,235.0,1999-01-04,"Des Moines, IA, USA",4,Iowa State,Dowling Catholic (IA),,,,,ACT,,,ebd87119-b331-4469-9ea6-d51fe3ce2f1c,Ravens,BAL,Baltimore,,2025-08-06T22:13:32.422667
1e78b112-7458-42ca-8b50-5ef0b154e8de,Emery Jones Jr.,,Emery,Jones,T,51.0,77,320.0,2004-03-05,"Baton Rouge, LA, USA",0,LSU,Catholic (LA),2025.0,3.0,,"{'id': 'ebd87119-b331-4469-9ea6-d51fe3ce2f1c', 'name': 'Ravens', 'market': 'Baltimore', 'alias': 'BAL', 'sr_id': 'sr:competitor:4413'}",NON,,,ebd87119-b331-4469-9ea6-d51fe3ce2f1c,Ravens,BAL,Baltimore,,2025-08-06T22:13:32.422676
1f02c2e7-da1f-4709-8bbc-82e6ffc6d400,T.J. Tampa,,T.J.,Tampa,CB,27.0,73,199.0,2002-03-13,"Norristown, PA, USA",2,Iowa State,Lakewood (FL),2024.0,4.0,,"{'id': 'ebd87119-b331-4469-9ea6-d51fe3ce2f1c', 'name': 'Ravens', 'market': 'Baltimore', 'alias': 'BAL', 'sr_id': 'sr:competitor:4413'}",ACT,,,ebd87119-b331-4469-9ea6-d51fe3ce2f1c,Ravens,BAL,Baltimore,,2025-08-06T22:13:32.422680
232b1ab6-7a50-48a3-b213-681e782d6daa,Odafe Oweh,,Odafe,Oweh,OLB,99.0,77,265.0,1998-12-15,"Hackensack, NJ, USA",5,Penn State,Blair Academy (NJ),2021.0,1.0,,"{'id': 'ebd87119-b331-4469-9ea6-d51fe3ce2f1c', 'name': 'Ravens', 'market': 'Baltimore', 'alias': 'BAL', 'sr_id': 'sr:competitor:4413'}",ACT,,,ebd87119-b331-4469-9ea6-d51fe3ce2f1c,Ravens,BAL,Baltimore,,2025-08-06T22:13:32.422685
27ead256-ba00-4316-a06f-63e18f18d230,Carson Vinson,,Carson,Vinson,T,71.0,79,320.0,2001-11-13,"Morrisville, NC, USA",0,Alabama A&M,Panther Creek (NC),2025.0,5.0,,"{'id': 'ebd87119-b331-4469-9ea6-d51fe3ce2f1c', 'name': 'Ravens', 'market': 'Baltimore', 'alias': 'BAL', 'sr_id': 'sr:competitor:4413'}",ACT,,,ebd87119-b331-4469-9ea6-d51fe3ce2f1c,Ravens,BAL,Baltimore,,2025-08-06T22:13:32.422689
2d4593e4-b908-4b29-a88a-835d2566781f,Tavius Robinson,,Tavius,Robinson,OLB,95.0,78,262.0,1999-01-03,"Guelph, ON, CAN",3,Ole Miss,Guelph Collegiate Vocational Institute (CAN),2023.0,4.0,,"{'id': 'ebd87119-b331-4469-9ea6-d51fe3ce2f1c', 'name': 'Ravens', 'market': 'Baltimore', 'alias': 'BAL', 'sr_id': 'sr:competitor:4413'}",ACT,,,ebd87119-b331-4469-9ea6-d51fe3ce2f1c,Ravens,BAL,Baltimore,,2025-08-06T22:13:32.422706
2f615560-2917-11f0-8f88-8fc56e4c58b2,Marcus Major Jr.,,Marcus,Major,RB,36.0,72,213.0,2000-11-14,"Oklahoma City, OK, USA",0,Minnesota,Millwood (OK),,,,,ACT,,,ebd87119-b331-4469-9ea6-d51fe3ce2f1c,Ravens,BAL,Baltimore,,2025-08-06T22:13:32.422710
3291c582-9377-4bc2-8ee5-61d887873797,Roquan Smith,,Roquan,Smith,LB,0.0,73,235.0,1997-04-08,"Montezuma, GA, USA",8,Georgia,Macon County (GA),2018.0,1.0,,"{'id': '7b112545-38e6-483c-a55c-96cf6ee49cb8', 'name': 'Bears', 'market': 'Chicago', 'alias': 'CHI', 'sr_id': 'sr:competitor:4391'}",ACT,,,ebd87119-b331-4469-9ea6-d51fe3ce2f1c,Ravens,BAL,Baltimore,,2025-08-06T22:13:32.422714
32ad0298-bbc6-4b66-bd4d-e87a169ad27a,Nick Moore,,Nick,Moore,LS,46.0,74,260.0,1992-12-09,"Snellville, GA, USA",4,Georgia,Brookwood (GA),,,,,ACT,,,ebd87119-b331-4469-9ea6-d51fe3ce2f1c,Ravens,BAL,Baltimore,,2025-08-06T22:13:32.422718
33b76f50-2aa7-11f0-a0b9-35b727a0bec4,Keyon Martin,,Keyon,Martin,CB,38.0,69,170.0,2001-05-16,"Fort Lauderdale, FL, USA",0,Louisiana,Deerfield Beach (FL),,,,,ACT,,,ebd87119-b331-4469-9ea6-d51fe3ce2f1c,Ravens,BAL,Baltimore,,2025-08-06T22:13:32.422722
3dbb3f2f-f605-4a09-bced-2c45d985c994,Teddye Buchanan,,Teddye,Buchanan,LB,40.0,74,240.0,2002-10-03,"San Francisco, CA, USA",0,California,St. Ignatius College Prep (CA),2025.0,4.0,,"{'id': 'ebd87119-b331-4469-9ea6-d51fe3ce2f1c', 'name': 'Ravens', 'market': 'Baltimore', 'alias': 'BAL', 'sr_id': 'sr:competitor:4413'}",ACT,,,ebd87119-b331-4469-9ea6-d51fe3ce2f1c,Ravens,BAL,Baltimore,,2025-08-06T22:13:32.422731
48b4b770-06f2-11ef-b629-8d4815317755,Beau Brade,,Beau,Brade,SAF,25.0,72,209.0,2002-01-29,"Clarksville, MD, USA",2,Maryland,River Hill (MD),,,,,ACT,,,ebd87119-b331-4469-9ea6-d51fe3ce2f1c,Ravens,BAL,Baltimore,,2025-08-06T22:13:32.422743
4ad6410f-014f-4f7c-9e34-823b68906b21,Daniel Faalele,,Daniel,Faalele,G,77.0,80,370.0,1999-11-09,"Melbourne,, AUS",4,Minnesota,IMG Academy (FL),2022.0,4.0,,"{'id': 'ebd87119-b331-4469-9ea6-d51fe3ce2f1c', 'name': 'Ravens', 'market': 'Baltimore', 'alias': 'BAL', 'sr_id': 'sr:competitor:4413'}",ACT,,,ebd87119-b331-4469-9ea6-d51fe3ce2f1c,Ravens,BAL,Baltimore,,2025-08-06T22:13:32.422747
50ef6d70-06f4-11ef-a4b5-edaa96061283,Darrian Dalcourt,,Darrian,Dalcourt,G,76.0,75,320.0,2000-09-17,"Havre de Grace, MD, USA",1,Alabama,Saint Frances (MD),,,,,ACT,,,ebd87119-b331-4469-9ea6-d51fe3ce2f1c,Ravens,BAL,Baltimore,,2025-08-06T22:13:32.422751
55b34ff0-64f3-43c1-9030-47f52b9ad394,Mike Green,,Mike,Green,OLB,45.0,75,250.0,2003-07-28,"Williamsburg, VA, USA",0,Marshall,Lafayette (VA),2025.0,2.0,,"{'id': 'ebd87119-b331-4469-9ea6-d51fe3ce2f1c', 'name': 'Ravens', 'market': 'Baltimore', 'alias': 'BAL', 'sr_id': 'sr:competitor:4413'}",ACT,,,ebd87119-b331-4469-9ea6-d51fe3ce2f1c,Ravens,BAL,Baltimore,,2025-08-06T22:13:32.422760
59018c00-0c08-11ef-b868-8de1d998f84e,C.J. Ravenell,,C.J.,Ravenell,DL,91.0,77,300.0,2000-07-07,"Santa Clarita, CA, USA",1,Missouri Western,Golden Valley (CA),,,,,ACT,,,ebd87119-b331-4469-9ea6-d51fe3ce2f1c,Ravens,BAL,Baltimore,,2025-08-06T22:13:32.422763
5a92d12b-a8df-47fb-9d07-93a042702a36,Malaki Starks,,Malaki,Starks,SAF,24.0,73,203.0,2003-11-13,"Jefferson, GA, USA",0,Georgia,Jefferson (GA),2025.0,1.0,,"{'id': 'ebd87119-b331-4469-9ea6-d51fe3ce2f1c', 'name': 'Ravens', 'market': 'Baltimore', 'alias': 'BAL', 'sr_id': 'sr:competitor:4413'}",ACT,,,ebd87119-b331-4469-9ea6-d51fe3ce2f1c,Ravens,BAL,Baltimore,,2025-08-06T22:13:32.422767
5e11c306-6387-46ed-8a6d-3ff7a8210ed5,Chidobe Awuzie,,Chidobe,Awuzie,CB,3.0,71,202.0,1995-05-24,"San Jose, CA, USA",9,Colorado,Oak Grove (CA),2017.0,2.0,,"{'id': 'e627eec7-bbae-4fa4-8e73-8e1d6bc5c060', 'name': 'Cowboys', 'market': 'Dallas', 'alias': 'DAL', 'sr_id': 'sr:competitor:4392'}",ACT,,,ebd87119-b331-4469-9ea6-d51fe3ce2f1c,Ravens,BAL,Baltimore,,2025-08-06T22:13:32.422776
5ef5ab81-46ed-4092-9434-b7011f772bc4,Travis Jones,,Travis,Jones,DL,98.0,76,341.0,1999-10-15,"New Haven, CT, USA",4,UConn,Wilbur Cross (CT),2022.0,3.0,,"{'id': 'ebd87119-b331-4469-9ea6-d51fe3ce2f1c', 'name': 'Ravens', 'market': 'Baltimore', 'alias': 'BAL', 'sr_id': 'sr:competitor:4413'}",ACT,,,ebd87119-b331-4469-9ea6-d51fe3ce2f1c,Ravens,BAL,Baltimore,,2025-08-06T22:13:32.422780
60d48e85-931c-45dc-b62f-024503a2e09b,John Jenkins,,John,Jenkins,DT,62.0,75,360.0,1989-07-11,"Meriden, CT, USA",13,Georgia,Maloney (CT),2013.0,3.0,,"{'id': '0d855753-ea21-4953-89f9-0e20aff9eb73', 'name': 'Saints', 'market': 'New Orleans', 'alias': 'NO', 'sr_id': 'sr:competitor:4425'}",ACT,,,ebd87119-b331-4469-9ea6-d51fe3ce2f1c,Ravens,BAL,Baltimore,,2025-08-06T22:13:32.422784
63cef4ac-6e22-497b-9f8c-fbccd0694d17,Brent Urban,,Brent,Urban,DL,,79,309.0,1991-05-05,"Mississauga, ON, CAN",11,Virginia,Lorne Park Secondary (CAN),2014.0,4.0,,"{'id': 'ebd87119-b331-4469-9ea6-d51fe3ce2f1c', 'name': 'Ravens', 'market': 'Baltimore', 'alias': 'BAL', 'sr_id': 'sr:competitor:4413'}",ACT,,,ebd87119-b331-4469-9ea6-d51fe3ce2f1c,Ravens,BAL,Baltimore,,2025-08-06T22:13:32.422788
6918cdb0-d53c-11ec-9803-0ddb31fc5d2f,William Kwenkeu,,William,Kwenkeu,LB,57.0,73,235.0,1997-01-08,"Douala,, CMR",3,Temple,St. Charles (MD),,,,,ACT,,,ebd87119-b331-4469-9ea6-d51fe3ce2f1c,Ravens,BAL,Baltimore,,2025-08-06T22:13:32.422792
6b2416e4-510b-4ecb-b1eb-0037863fc315,Jordan Stout,,Jordan,Stout,P,11.0,75,209.0,1998-08-04,"Abingdon, VA, USA",4,Penn State,Honaker (VA),2022.0,4.0,,"{'id': 'ebd87119-b331-4469-9ea6-d51fe3ce2f1c', 'name': 'Ravens', 'market': 'Baltimore', 'alias': 'BAL', 'sr_id': 'sr:competitor:4413'}",ACT,,,ebd87119-b331-4469-9ea6-d51fe3ce2f1c,Ravens,BAL,Baltimore,,2025-08-06T22:13:32.422796
6ced226c-387c-47d4-a4ce-cf4d583e9e65,Roger Rosengarten,,Roger,Rosengarten,T,70.0,77,316.0,2002-06-03,"Highlands Ranch, CO, USA",2,Washington,Valor Christian (CO),2024.0,2.0,,"{'id': 'ebd87119-b331-4469-9ea6-d51fe3ce2f1c', 'name': 'Ravens', 'market': 'Baltimore', 'alias': 'BAL', 'sr_id': 'sr:competitor:4413'}",ACT,,,ebd87119-b331-4469-9ea6-d51fe3ce2f1c,Ravens,BAL,Baltimore,,2025-08-06T22:13:32.422801
6f19e499-48e5-495d-b889-523fbba45608,David Ojabo,,David,Ojabo,OLB,90.0,76,252.0,2000-05-17,"Port Harcourt,, NGA",4,Michigan,Blair Academy (NJ),2022.0,2.0,,"{'id': 'ebd87119-b331-4469-9ea6-d51fe3ce2f1c', 'name': 'Ravens', 'market': 'Baltimore', 'alias': 'BAL', 'sr_id': 'sr:competitor:4413'}",ACT,,,ebd87119-b331-4469-9ea6-d51fe3ce2f1c,Ravens,BAL,Baltimore,,2025-08-06T22:13:32.422805
6f695364-f31f-420d-8baa-434539e2b12d,Broderick Washington,,Broderick,Washington,DL,96.0,74,315.0,1996-12-04,"Longview, TX, USA",6,Texas Tech,Longview (TX),2020.0,5.0,,"{'id': 'ebd87119-b331-4469-9ea6-d51fe3ce2f1c', 'name': 'Ravens', 'market': 'Baltimore', 'alias': 'BAL', 'sr_id': 'sr:competitor:4413'}",ACT,,,ebd87119-b331-4469-9ea6-d51fe3ce2f1c,Ravens,BAL,Baltimore,,2025-08-06T22:13:32.422809
70a46ce0-2928-11f0-943d-233769506f9b,Reuben Lowery,,Reuben,Lowery,CB,30.0,69,204.0,2002-07-30,"Powder Springs, GA, USA",0,Chattanooga,Hillgrove (GA),,,,,ACT,,,ebd87119-b331-4469-9ea6-d51fe3ce2f1c,Ravens,BAL,Baltimore,,2025-08-06T22:13:32.422813
72a5bfa0-254d-11f0-ae5c-fb057cc946b5,Jayson Jones,,Jayson,Jones,DL,69.0,78,335.0,2001-09-21,"Calera, AL, USA",0,Auburn,,,,,,ACT,,,ebd87119-b331-4469-9ea6-d51fe3ce2f1c,Ravens,BAL,Baltimore,,2025-08-06T22:13:32.422817
763488fa-9768-4624-89f2-bec0baba7334,Aeneas Peebles,,Aeneas,Peebles,DL,93.0,72,289.0,2001-09-03,"Raleigh, NC, USA",0,Virginia Tech,Knightdale (NC),2025.0,6.0,,"{'id': 'ebd87119-b331-4469-9ea6-d51fe3ce2f1c', 'name': 'Ravens', 'market': 'Baltimore', 'alias': 'BAL', 'sr_id': 'sr:competitor:4413'}",ACT,,,ebd87119-b331-4469-9ea6-d51fe3ce2f1c,Ravens,BAL,Baltimore,,2025-08-06T22:13:32.422821
76647249-62a0-4038-a597-8d0aad1ef3b5,Ar'Darius Washington,,Ar'Darius,Washington,SAF,29.0,68,180.0,1999-11-02,"Shreveport, LA, USA",4,TCU,Evangel Christian Academy (LA),,,,,PUP,,,ebd87119-b331-4469-9ea6-d51fe3ce2f1c,Ravens,BAL,Baltimore,,2025-08-06T22:13:32.422825
87508260-ea7f-11ed-886a-4be2fbe7ee42,C.J. Okoye,,C.J.,Okoye,DL,97.0,78,370.0,2001-10-20,",, NGA",1,,,,,,,ACT,,,ebd87119-b331-4469-9ea6-d51fe3ce2f1c,Ravens,BAL,Baltimore,,2025-08-06T22:13:32.422828
8e947d6d-f043-4e12-8a42-b7c30732cdeb,Devin Leary,,Devin,Leary,QB,13.0,73,215.0,1999-09-10,"Sicklerville, NJ, USA",1,Kentucky,Timber Creek Regional (NJ),2024.0,6.0,,"{'id': 'ebd87119-b331-4469-9ea6-d51fe3ce2f1c', 'name': 'Ravens', 'market': 'Baltimore', 'alias': 'BAL', 'sr_id': 'sr:competitor:4413'}",ACT,,,ebd87119-b331-4469-9ea6-d51fe3ce2f1c,Ravens,BAL,Baltimore,,2025-08-06T22:13:32.422837
904f702b-e8b1-4fef-a4a0-278d18cc15e3,Nnamdi Madubuike,,Nnamdi,Madubuike,DL,92.0,75,305.0,1997-11-17,"McKinney, TX, USA",6,Texas A&M,McKinney North (TX),2020.0,3.0,,"{'id': 'ebd87119-b331-4469-9ea6-d51fe3ce2f1c', 'name': 'Ravens', 'market': 'Baltimore', 'alias': 'BAL', 'sr_id': 'sr:competitor:4413'}",ACT,,,ebd87119-b331-4469-9ea6-d51fe3ce2f1c,Ravens,BAL,Baltimore,,2025-08-06T22:13:32.422841
923bd7f0-06fe-11ef-b95c-81e74d9949b8,Dayton Wade,,Dayton,Wade,WR,82.0,69,184.0,2000-09-08,"Atlanta, GA, USA",1,Ole Miss,Lovejoy (TX),,,,,ACT,,,ebd87119-b331-4469-9ea6-d51fe3ce2f1c,Ravens,BAL,Baltimore,,2025-08-06T22:13:32.422844
92c32366-b620-4dcd-946b-9067a18c61b7,Nick Samac,,Nick,Samac,C,61.0,76,314.0,2001-08-21,"Mentor, OH, USA",2,Michigan State,Mentor (OH),2024.0,7.0,,"{'id': 'ebd87119-b331-4469-9ea6-d51fe3ce2f1c', 'name': 'Ravens', 'market': 'Baltimore', 'alias': 'BAL', 'sr_id': 'sr:competitor:4413'}",ACT,,,ebd87119-b331-4469-9ea6-d51fe3ce2f1c,Ravens,BAL,Baltimore,,2025-08-06T22:13:32.422848
9a7ecca5-faf4-468f-93e6-e0357c5854cb,Jalyn Armour-Davis,,Jalyn,Armour-Davis,CB,5.0,73,200.0,1999-09-03,"Mobile, AL, USA",4,Alabama,St. Paul's Episcopal (AL),2022.0,4.0,,"{'id': 'ebd87119-b331-4469-9ea6-d51fe3ce2f1c', 'name': 'Ravens', 'market': 'Baltimore', 'alias': 'BAL', 'sr_id': 'sr:competitor:4413'}",ACT,,,ebd87119-b331-4469-9ea6-d51fe3ce2f1c,Ravens,BAL,Baltimore,,2025-08-06T22:13:32.422852
9ecda000-2ffe-11f0-9156-0d63b2ee880c,Lucas Scott,,Lucas,Scott,FB,47.0,75,290.0,2003-08-25,"Binghamton, NY, USA",0,Army,Chenango Forks (NY),,,,,ACT,,,ebd87119-b331-4469-9ea6-d51fe3ce2f1c,Ravens,BAL,Baltimore,,2025-08-06T22:13:32.422860
a05688e0-06f3-11ef-b392-9f2889e7fe1d,Corey Bullock,,Corey,Bullock,OT,67.0,75,320.0,2001-12-09,"Accokeek, MD, USA",1,Maryland,Gwynn Park (MD),,,,,ACT,,,ebd87119-b331-4469-9ea6-d51fe3ce2f1c,Ravens,BAL,Baltimore,,2025-08-06T22:13:32.422864
a2ceb68a-71c0-465c-8548-36967d302cc9,Trenton Simpson,,Trenton,Simpson,LB,32.0,74,235.0,2001-06-14,"Charlotte, NC, USA",3,Clemson,Mallard Creek (NC),2023.0,3.0,,"{'id': 'ebd87119-b331-4469-9ea6-d51fe3ce2f1c', 'name': 'Ravens', 'market': 'Baltimore', 'alias': 'BAL', 'sr_id': 'sr:competitor:4413'}",ACT,,,ebd87119-b331-4469-9ea6-d51fe3ce2f1c,Ravens,BAL,Baltimore,,2025-08-06T22:13:32.422868
a4838bae-fd5e-4587-9120-c5d9c94b6158,Andrew Vorhees,,Andrew,Vorhees,OL,72.0,78,320.0,1999-01-21,"Kingsburg, CA, USA",2,USC,Kingsburg (CA),2023.0,7.0,,"{'id': 'ebd87119-b331-4469-9ea6-d51fe3ce2f1c', 'name': 'Ravens', 'market': 'Baltimore', 'alias': 'BAL', 'sr_id': 'sr:competitor:4413'}",ACT,,,ebd87119-b331-4469-9ea6-d51fe3ce2f1c,Ravens,BAL,Baltimore,,2025-08-06T22:13:32.422872
a6b8b5d3-a2f2-4532-ade3-dc122b6b240c,Tyler Loop,,Tyler,Loop,K,33.0,71,191.0,2001-08-04,"Lucas, TX, USA",0,Arizona,Lovejoy (TX),2025.0,6.0,,"{'id': 'ebd87119-b331-4469-9ea6-d51fe3ce2f1c', 'name': 'Ravens', 'market': 'Baltimore', 'alias': 'BAL', 'sr_id': 'sr:competitor:4413'}",ACT,,,ebd87119-b331-4469-9ea6-d51fe3ce2f1c,Ravens,BAL,Baltimore,,2025-08-06T22:13:32.422876
a792cbbf-d96a-48fc-a187-6f7f5b7dd214,Ronnie Stanley,,Ronnie,Stanley,T,79.0,78,310.0,1994-03-18,"Las Vegas, NV, USA",10,Notre Dame,Gorman (NV),2016.0,1.0,,"{'id': 'ebd87119-b331-4469-9ea6-d51fe3ce2f1c', 'name': 'Ravens', 'market': 'Baltimore', 'alias': 'BAL', 'sr_id': 'sr:competitor:4413'}",ACT,,,ebd87119-b331-4469-9ea6-d51fe3ce2f1c,Ravens,BAL,Baltimore,,2025-08-06T22:13:32.422880
a970c7e0-2918-11f0-86fb-05b7f733dde3,Chandler Martin,,Chandler,Martin,LB,48.0,72,229.0,2002-12-11,"Lithonia, GA, USA",0,Memphis,Arabia Mountain (GA),,,,,ACT,,,ebd87119-b331-4469-9ea6-d51fe3ce2f1c,Ravens,BAL,Baltimore,,2025-08-06T22:13:32.422884
b342192d-644a-48cc-9d86-94030ecceea4,Tyler Linderbaum,,Tyler,Linderbaum,C,64.0,74,305.0,2000-04-07,"Solon, IA, USA",4,Iowa,Solon (IA),2022.0,1.0,,"{'id': 'ebd87119-b331-4469-9ea6-d51fe3ce2f1c', 'name': 'Ravens', 'market': 'Baltimore', 'alias': 'BAL', 'sr_id': 'sr:competitor:4413'}",ACT,,,ebd87119-b331-4469-9ea6-d51fe3ce2f1c,Ravens,BAL,Baltimore,,2025-08-06T22:13:32.422888
b837b220-254e-11f0-bbb1-dfff98110c96,Desmond Igbinosun,,Desmond,Igbinosun,SAF,41.0,74,223.0,2003-02-20,"Union, NJ, USA",0,Rutgers,Union (NJ),,,,,ACT,,,ebd87119-b331-4469-9ea6-d51fe3ce2f1c,Ravens,BAL,Baltimore,,2025-08-06T22:13:32.422895
ba7ea327-3c96-4470-bd72-cad811f4e1df,Adisa Isaac,,Adisa,Isaac,OLB,50.0,76,253.0,2001-10-04,"Brooklyn, NY, USA",2,Penn State,Canarsie (NY),2024.0,3.0,,"{'id': 'ebd87119-b331-4469-9ea6-d51fe3ce2f1c', 'name': 'Ravens', 'market': 'Baltimore', 'alias': 'BAL', 'sr_id': 'sr:competitor:4413'}",ACT,,,ebd87119-b331-4469-9ea6-d51fe3ce2f1c,Ravens,BAL,Baltimore,,2025-08-06T22:13:32.422899
befc6f0c-3f07-4852-b719-01ae6cb1dc7d,Bilhal Kone,,Bilhal,Kone,CB,31.0,73,190.0,2002-03-03,"Apple Valley, MN, USA",0,Western Michigan,Apple Valley (MN),2025.0,6.0,,"{'id': 'ebd87119-b331-4469-9ea6-d51fe3ce2f1c', 'name': 'Ravens', 'market': 'Baltimore', 'alias': 'BAL', 'sr_id': 'sr:competitor:4413'}",ACT,,,ebd87119-b331-4469-9ea6-d51fe3ce2f1c,Ravens,BAL,Baltimore,,2025-08-06T22:13:32.422903
bf9749c6-6609-456e-a3eb-b8cab21dd76a,Marlon Humphrey,,Marlon,Humphrey,CB,44.0,72,210.0,1996-07-08,"Hoover, AL, USA",9,Alabama,Hoover (AL),2017.0,1.0,,"{'id': 'ebd87119-b331-4469-9ea6-d51fe3ce2f1c', 'name': 'Ravens', 'market': 'Baltimore', 'alias': 'BAL', 'sr_id': 'sr:competitor:4413'}",ACT,,,ebd87119-b331-4469-9ea6-d51fe3ce2f1c,Ravens,BAL,Baltimore,,2025-08-06T22:13:32.422908
c272aa3f-4ef7-468c-ad4d-a4eed44a6ab7,Scotty Washington,,Scotty,Washington,TE,85.0,77,242.0,1997-07-26,"Washington, DC, USA",1,Wake Forest,St. John's (DC),,,,,ACT,,,ebd87119-b331-4469-9ea6-d51fe3ce2f1c,Ravens,BAL,Baltimore,,2025-08-06T22:13:32.422915
c4172123-905a-4f80-8418-1469b9b10a4f,Kyle Hamilton,,Kyle,Hamilton,SAF,14.0,76,218.0,2001-03-16,"Atlanta, GA, USA",4,Notre Dame,Marist (GA),2022.0,1.0,,"{'id': 'ebd87119-b331-4469-9ea6-d51fe3ce2f1c', 'name': 'Ravens', 'market': 'Baltimore', 'alias': 'BAL', 'sr_id': 'sr:competitor:4413'}",ACT,,,ebd87119-b331-4469-9ea6-d51fe3ce2f1c,Ravens,BAL,Baltimore,,2025-08-06T22:13:32.422920
c9b192a0-254e-11f0-bbb1-dfff98110c96,Gerad Lichtenhan,,Gerad,Lichtenhan,T,78.0,80,330.0,2001-12-03,"Davis, CA, USA",0,Oregon State,Davis Senior (CA),,,,,ACT,,,ebd87119-b331-4469-9ea6-d51fe3ce2f1c,Ravens,BAL,Baltimore,,2025-08-06T22:13:32.422923
cb9f76e3-d527-4bdf-8d99-9a813ccc70e6,Sanoussi Kane,,Sanoussi,Kane,SAF,21.0,71,210.0,2001-10-06,"Harlem, NY, USA",2,Purdue,Blair Academy (NJ),2024.0,7.0,,"{'id': 'ebd87119-b331-4469-9ea6-d51fe3ce2f1c', 'name': 'Ravens', 'market': 'Baltimore', 'alias': 'BAL', 'sr_id': 'sr:competitor:4413'}",ACT,,,ebd87119-b331-4469-9ea6-d51fe3ce2f1c,Ravens,BAL,Baltimore,,2025-08-06T22:13:32.422931
ce76b1b0-f0dc-11ed-bbb4-11706e50a7d4,Malik Hamm,,Malik,Hamm,OLB,59.0,75,254.0,2000-08-26,"Baltimore, MD, USA",3,Lafayette,City College (MD),,,,,ACT,,,ebd87119-b331-4469-9ea6-d51fe3ce2f1c,Ravens,BAL,Baltimore,,2025-08-06T22:13:32.422943
d24f72af-88e3-46d0-b132-1fe77e5c893b,Joseph Noteboom,,Joseph,Noteboom,T,68.0,77,321.0,1995-06-19,"Plano, TX, USA",8,TCU,Plano (TX),2018.0,3.0,,"{'id': '2eff2a03-54d4-46ba-890e-2bc3925548f3', 'name': 'Rams', 'market': 'Los Angeles', 'alias': 'LA', 'sr_id': 'sr:competitor:4387'}",ACT,,,ebd87119-b331-4469-9ea6-d51fe3ce2f1c,Ravens,BAL,Baltimore,,2025-08-06T22:13:32.422947
d4476190-254e-11f0-bbb1-dfff98110c96,Jay Higgins IV,,Jay,Higgins,LB,49.0,72,230.0,2002-02-14,"Indianapolis, IN, USA",0,Iowa,Brebeuf (IN),,,,,ACT,,,ebd87119-b331-4469-9ea6-d51fe3ce2f1c,Ravens,BAL,Baltimore,,2025-08-06T22:13:32.422951
daa8dbd3-c481-4f67-bff2-218166e3d176,Garrett Dellinger,,Garrett,Dellinger,OL,74.0,77,320.0,2002-02-18,"Clarkston, MI, USA",0,LSU,Clarkston (MI),2025.0,7.0,,"{'id': 'ebd87119-b331-4469-9ea6-d51fe3ce2f1c', 'name': 'Ravens', 'market': 'Baltimore', 'alias': 'BAL', 'sr_id': 'sr:competitor:4413'}",ACT,,,ebd87119-b331-4469-9ea6-d51fe3ce2f1c,Ravens,BAL,Baltimore,,2025-08-06T22:13:32.422959
db9fa46f-f0f6-40b8-a207-60d46173d7e1,Jaire Alexander,,Jaire,Alexander,CB,23.0,70,196.0,1997-02-09,"Charlotte, NC, USA",8,Louisville,Rocky River (NC),2018.0,1.0,,"{'id': 'a20471b4-a8d9-40c7-95ad-90cc30e46932', 'name': 'Packers', 'market': 'Green Bay', 'alias': 'GB', 'sr_id': 'sr:competitor:4420'}",ACT,,,ebd87119-b331-4469-9ea6-d51fe3ce2f1c,Ravens,BAL,Baltimore,,2025-08-06T22:13:32.422963
ded60490-254e-11f0-bbb1-dfff98110c96,Reid Holskey,,Reid,Holskey,OL,56.0,78,310.0,2002-01-03,"Pataskala, OH, USA",0,Miami (OH),Licking Heights (OH),,,,,ACT,,,ebd87119-b331-4469-9ea6-d51fe3ce2f1c,Ravens,BAL,Baltimore,,2025-08-06T22:13:32.422967
e9994c20-254e-11f0-bbb1-dfff98110c96,Marquise Robinson,,Marquise,Robinson,CB,28.0,72,192.0,2002-06-16,"Crosby, MS, USA",0,Arkansas,Wilkinson (MS),,,,,ACT,,,ebd87119-b331-4469-9ea6-d51fe3ce2f1c,Ravens,BAL,Baltimore,,2025-08-06T22:13:32.422978
eb99c870-3001-11f0-9f94-3d07fc4bb119,Kaimon Rucker,,Kaimon,Rucker,OLB,56.0,74,265.0,2002-02-28,"Hartwell, GA, USA",0,North Carolina,Hart County (GA),,,,,ACT,,,ebd87119-b331-4469-9ea6-d51fe3ce2f1c,Ravens,BAL,Baltimore,,2025-08-06T22:13:32.422982
ee2fdc5e-e57f-4ce7-b64f-f54f6932b3be,Robert Longerbeam,,Robert,Longerbeam,CB,37.0,71,174.0,2001-01-18,"Alexandria, VA, USA",0,Rutgers,T.C. Williams (VA),2025.0,6.0,,"{'id': 'ebd87119-b331-4469-9ea6-d51fe3ce2f1c', 'name': 'Ravens', 'market': 'Baltimore', 'alias': 'BAL', 'sr_id': 'sr:competitor:4413'}",ACT,,,ebd87119-b331-4469-9ea6-d51fe3ce2f1c,Ravens,BAL,Baltimore,,2025-08-06T22:13:32.422986
f18e7f90-254e-11f0-bbb1-dfff98110c96,Jahmal Banks,,Jahmal,Banks,WR,86.0,75,218.0,2001-10-02,"Washington, DC, USA",0,Nebraska,St. Frances (DC),,,,,ACT,,,ebd87119-b331-4469-9ea6-d51fe3ce2f1c,Ravens,BAL,Baltimore,,2025-08-06T22:13:32.422989
f4e1d4de-95e9-452e-95ab-3555989d90bb,LaJohntay Wester,,LaJohntay,Wester,WR,83.0,69,170.0,2002-03-29,"Palmetto, FL, USA",0,Colorado,Palmetto (FL),2025.0,6.0,,"{'id': 'ebd87119-b331-4469-9ea6-d51fe3ce2f1c', 'name': 'Ravens', 'market': 'Baltimore', 'alias': 'BAL', 'sr_id': 'sr:competitor:4413'}",ACT,,,ebd87119-b331-4469-9ea6-d51fe3ce2f1c,Ravens,BAL,Baltimore,,2025-08-06T22:13:32.422997
f6731363-93ed-4717-910c-317648e93139,Nate Wiggins,,Nate,Wiggins,CB,2.0,73,182.0,2003-08-28,"Atlanta, GA, USA",2,Clemson,Westlake (GA),2024.0,1.0,,"{'id': 'ebd87119-b331-4469-9ea6-d51fe3ce2f1c', 'name': 'Ravens', 'market': 'Baltimore', 'alias': 'BAL', 'sr_id': 'sr:competitor:4413'}",ACT,,,ebd87119-b331-4469-9ea6-d51fe3ce2f1c,Ravens,BAL,Baltimore,,2025-08-06T22:13:32.423001
fa87dc90-254e-11f0-bbb1-dfff98110c96,Xavier Guillory,,Xavier,Guillory,WR,87.0,74,203.0,2001-07-13,"Spokane, WA, USA",0,Arizona State,Lewis and Clark (WA),,,,,ACT,,,ebd87119-b331-4469-9ea6-d51fe3ce2f1c,Ravens,BAL,Baltimore,,2025-08-06T22:13:32.423009
faaf7f80-d307-11ec-8b77-45b1765fd110,Zaire Mitchell-Paden,,Zaire,Mitchell-Paden,TE,84.0,77,257.0,1999-08-20,"Rockville, MD, USA",1,Florida Atlantic,Richard Montgomery (MD),,,,,ACT,,,ebd87119-b331-4469-9ea6-d51fe3ce2f1c,Ravens,BAL,Baltimore,,2025-08-06T22:13:32.423012
fe19d3d0-d32c-11ec-a99e-3305165b8d4a,Adedayo Odeleye,,Adedayo,Odeleye,DL,94.0,77,283.0,1997-10-17,",, NGA",1,Longsborough (GBR),,,,,,ACT,,,ebd87119-b331-4469-9ea6-d51fe3ce2f1c,Ravens,BAL,Baltimore,,2025-08-06T22:13:32.423016
07814d30-072a-11ef-ba75-176276cf11f0,Treyton Welch,,Treyton,Welch,TE,82.0,76,240.0,2001-01-10,"Buffalo, MN, USA",1,Wyoming,Buffalo (MN),,,,,ACT,,,0d855753-ea21-4953-89f9-0e20aff9eb73,Saints,NO,New Orleans,,2025-08-06T22:13:34.089803
09bdc469-0d82-4bce-8d49-810a44a550da,Pete Werner,,Pete,Werner,LB,20.0,75,242.0,1999-06-05,"Indianapolis, IN, USA",5,Ohio State,Cathedral (IN),2021.0,2.0,,"{'id': '0d855753-ea21-4953-89f9-0e20aff9eb73', 'name': 'Saints', 'market': 'New Orleans', 'alias': 'NO', 'sr_id': 'sr:competitor:4425'}",ACT,,,0d855753-ea21-4953-89f9-0e20aff9eb73,Saints,NO,New Orleans,,2025-08-06T22:13:34.089808
09d0e95b-d1b4-4068-9074-db8a06d1dd12,Kelvin Banks Jr.,,Kelvin,Banks,OT,71.0,77,315.0,2004-03-10,"Humble, TX, USA",0,Texas,Summer Creek (TX),2025.0,1.0,,"{'id': '0d855753-ea21-4953-89f9-0e20aff9eb73', 'name': 'Saints', 'market': 'New Orleans', 'alias': 'NO', 'sr_id': 'sr:competitor:4425'}",ACT,,,0d855753-ea21-4953-89f9-0e20aff9eb73,Saints,NO,New Orleans,,2025-08-06T22:13:34.089814
0b4fd230-254f-11f0-8004-fbcbee62d635,Tyreem Powell,,Tyreem,Powell,LB,57.0,77,252.0,2001-12-28,"Vineland, NJ, USA",0,Rutgers,Vineland (NJ),,,,,ACT,,,0d855753-ea21-4953-89f9-0e20aff9eb73,Saints,NO,New Orleans,,2025-08-06T22:13:34.089818
0dec6eb0-2552-11f0-9371-f9b494c39630,Easton Kilty,,Easton,Kilty,T,73.0,78,307.0,2002-05-01,"Stratford, WI, USA",0,Kansas State,Stratford (WI),,,,,ACT,,,0d855753-ea21-4953-89f9-0e20aff9eb73,Saints,NO,New Orleans,,2025-08-06T22:13:34.089822
140c137e-69f7-40a9-a92c-42e331b04109,Moliki Matavao,,Moliki,Matavao,TE,80.0,78,263.0,2003-03-17,"Henderson, NV, USA",0,UCLA,Liberty (NC),2025.0,7.0,,"{'id': '0d855753-ea21-4953-89f9-0e20aff9eb73', 'name': 'Saints', 'market': 'New Orleans', 'alias': 'NO', 'sr_id': 'sr:competitor:4425'}",ACT,,,0d855753-ea21-4953-89f9-0e20aff9eb73,Saints,NO,New Orleans,,2025-08-06T22:13:34.089827
1dea6eaf-2631-4fa0-80a8-476bbd93af92,Danny Stutsman,,Danny,Stutsman,LB,47.0,75,236.0,2003-03-10,"Windermere, FL, USA",0,Oklahoma,Foundation Academy (FL),2025.0,4.0,,"{'id': '0d855753-ea21-4953-89f9-0e20aff9eb73', 'name': 'Saints', 'market': 'New Orleans', 'alias': 'NO', 'sr_id': 'sr:competitor:4425'}",ACT,,,0d855753-ea21-4953-89f9-0e20aff9eb73,Saints,NO,New Orleans,,2025-08-06T22:13:34.089832
1e3b37b0-0573-11ef-977e-ab2495c61690,Kyle Hergel,,Kyle,Hergel,OG,60.0,74,315.0,1999-10-07,"Toronto, ON, CAN",2,Boston College,Clarkson Football North (ON),,,,,ACT,,,0d855753-ea21-4953-89f9-0e20aff9eb73,Saints,NO,New Orleans,,2025-08-06T22:13:34.089835
2a1d4ce0-e6f6-11ed-abca-c7a3a205e21d,Blake Grupe,,Blake,Grupe,K,19.0,67,156.0,1998-11-05,"Sedalia, MO, USA",3,Notre Dame,Smith-Cotton (MO),,,,,ACT,,,0d855753-ea21-4953-89f9-0e20aff9eb73,Saints,NO,New Orleans,,2025-08-06T22:13:34.089848
2c219630-2552-11f0-9371-f9b494c39630,Moochie Dixon,,Moochie,Dixon,WR,84.0,72,187.0,,"Carthage, TX, USA",0,SMU,Carthage (TX),,,,,ACT,,,0d855753-ea21-4953-89f9-0e20aff9eb73,Saints,NO,New Orleans,,2025-08-06T22:13:34.089853
2cd70910-0574-11ef-b715-3db186b90a94,Isaiah Stalbird,,Isaiah,Stalbird,LB,44.0,73,215.0,2000-07-18,"Kearney, NE, USA",1,South Dakota State,Kearney (NE),,,,,ACT,,,0d855753-ea21-4953-89f9-0e20aff9eb73,Saints,NO,New Orleans,,2025-08-06T22:13:34.089857
318b263d-8910-4e46-afe3-5860092ab260,Velus Jones Jr.,,Velus,Jones,RB,13.0,72,200.0,1997-05-11,"Mobile, AL, USA",5,Tennessee,Saraland (AL),2022.0,3.0,,"{'id': '7b112545-38e6-483c-a55c-96cf6ee49cb8', 'name': 'Bears', 'market': 'Chicago', 'alias': 'CHI', 'sr_id': 'sr:competitor:4391'}",ACT,,,0d855753-ea21-4953-89f9-0e20aff9eb73,Saints,NO,New Orleans,,2025-08-06T22:13:34.089865
394f7520-2552-11f0-9371-f9b494c39630,Chris Tyree,,Chris,Tyree,WR,89.0,70,192.0,2001-12-05,"Chester, VA, USA",0,Virginia,Thomas Dale (VA),,,,,ACT,,,0d855753-ea21-4953-89f9-0e20aff9eb73,Saints,NO,New Orleans,,2025-08-06T22:13:34.089869
3982da83-370d-40e1-9aa7-632d60db4c4c,Jaylan Ford,,Jaylan,Ford,LB,53.0,74,240.0,2001-11-28,"Frisco, TX, USA",2,Texas,Lone Star (TX),2024.0,5.0,,"{'id': '0d855753-ea21-4953-89f9-0e20aff9eb73', 'name': 'Saints', 'market': 'New Orleans', 'alias': 'NO', 'sr_id': 'sr:competitor:4425'}",ACT,,,0d855753-ea21-4953-89f9-0e20aff9eb73,Saints,NO,New Orleans,,2025-08-06T22:13:34.089873
3c7ff710-3033-11f0-b09b-fd94c3491d36,Kai Kroeger,,Kai,Kroeger,P,32.0,75,213.0,2002-06-11,"Lake Forest, IL, USA",0,South Carolina,Lake Forest (IL),,,,,ACT,,,0d855753-ea21-4953-89f9-0e20aff9eb73,Saints,NO,New Orleans,,2025-08-06T22:13:34.089877
3c8a55dd-20a8-4375-b711-49eb5e6e1d0e,Taysom Hill,,Taysom,Hill,TE,7.0,74,221.0,1990-08-23,"Pocatello, ID, USA",9,BYU,Highland (ID),,,,,PUP,,,0d855753-ea21-4953-89f9-0e20aff9eb73,Saints,NO,New Orleans,,2025-08-06T22:13:34.089881
3edaf8a7-e949-4f9b-be56-e0bf627ee7eb,Quincy Riley,,Quincy,Riley,CB,29.0,71,195.0,2001-05-26,"Columbia, SC, USA",0,Louisville,A.C. Flora (SC),2025.0,4.0,,"{'id': '0d855753-ea21-4953-89f9-0e20aff9eb73', 'name': 'Saints', 'market': 'New Orleans', 'alias': 'NO', 'sr_id': 'sr:competitor:4425'}",ACT,,,0d855753-ea21-4953-89f9-0e20aff9eb73,Saints,NO,New Orleans,,2025-08-06T22:13:34.089886
3f84c3c0-cc9d-11ec-952e-a10f2c98fc4d,Nephi Sewell,,Nephi,Sewell,LB,45.0,72,228.0,1998-12-19,"St. George, UT, USA",3,Utah,Desert Hills (UT),,,,,ACT,,,0d855753-ea21-4953-89f9-0e20aff9eb73,Saints,NO,New Orleans,,2025-08-06T22:13:34.089890
472de160-ec63-11ed-937c-7f05929e4b02,Rejzohn Wright,,Rejzohn,Wright,CB,25.0,74,193.0,2000-09-04,"Union City, CA, USA",2,Oregon State,James Logan (CA),,,,,ACT,,,0d855753-ea21-4953-89f9-0e20aff9eb73,Saints,NO,New Orleans,,2025-08-06T22:13:34.089894
4be6de2f-0a6c-43fc-a91f-d01cdb5dca6c,Nathan Shepherd,,Nathan,Shepherd,DT,93.0,76,315.0,1993-10-09,"Ajax, ON, CAN",8,Fort Hays State,J. Clarke Richardson (CAN),2018.0,3.0,,"{'id': '5fee86ae-74ab-4bdd-8416-42a9dd9964f3', 'name': 'Jets', 'market': 'New York', 'alias': 'NYJ', 'sr_id': 'sr:competitor:4427'}",ACT,,,0d855753-ea21-4953-89f9-0e20aff9eb73,Saints,NO,New Orleans,,2025-08-06T22:13:34.089898
4ef874c1-50c3-4120-9199-0d5a4ae7c6dd,Devin Neal,,Devin,Neal,RB,30.0,71,213.0,2003-08-12,"Lawrence, KS, USA",0,Kansas,Lawrence (KS),2025.0,6.0,,"{'id': '0d855753-ea21-4953-89f9-0e20aff9eb73', 'name': 'Saints', 'market': 'New Orleans', 'alias': 'NO', 'sr_id': 'sr:competitor:4425'}",ACT,,,0d855753-ea21-4953-89f9-0e20aff9eb73,Saints,NO,New Orleans,,2025-08-06T22:13:34.089902
5328d551-cf7d-4ae5-a8f4-1968651748f3,Will Clapp,,Will,Clapp,OL,76.0,77,314.0,1995-12-10,"New Orleans, LA, USA",8,LSU,Brother Martin (LA),2018.0,7.0,,"{'id': '0d855753-ea21-4953-89f9-0e20aff9eb73', 'name': 'Saints', 'market': 'New Orleans', 'alias': 'NO', 'sr_id': 'sr:competitor:4425'}",ACT,,,0d855753-ea21-4953-89f9-0e20aff9eb73,Saints,NO,New Orleans,,2025-08-06T22:13:34.089907
538b5b00-3ad4-45c2-8d97-26f8c57ba1ed,Khristian Boyd,,Khristian,Boyd,DT,97.0,74,320.0,2000-02-23,"Kansas City, MO, USA",2,Northern Iowa,Blue Springs (MO),2024.0,6.0,,"{'id': '0d855753-ea21-4953-89f9-0e20aff9eb73', 'name': 'Saints', 'market': 'New Orleans', 'alias': 'NO', 'sr_id': 'sr:competitor:4425'}",ACT,,,0d855753-ea21-4953-89f9-0e20aff9eb73,Saints,NO,New Orleans,,2025-08-06T22:13:34.089911
543e5e1e-50e5-482d-a6ad-498d7fab497e,Cameron Jordan,,Cameron,Jordan,DE,94.0,76,287.0,1989-07-10,"Minneapolis, MN, USA",15,California,Chandler (AZ),2011.0,1.0,,"{'id': '0d855753-ea21-4953-89f9-0e20aff9eb73', 'name': 'Saints', 'market': 'New Orleans', 'alias': 'NO', 'sr_id': 'sr:competitor:4425'}",ACT,,,0d855753-ea21-4953-89f9-0e20aff9eb73,Saints,NO,New Orleans,,2025-08-06T22:13:34.089916
561d7ac0-3043-11f0-aa21-cfe6c5a5e328,Hunter Dekkers,,Hunter,Dekkers,QB,18.0,75,225.0,2001-07-04,"Hawarden, IA, USA",0,Iowa State,West Sioux (IA),,,,,ACT,,,0d855753-ea21-4953-89f9-0e20aff9eb73,Saints,NO,New Orleans,,2025-08-06T22:13:34.089919
59754f93-ff02-4f0f-844b-699b5e56f211,Michael Jacobson,,Michael,Jacobson,TE,86.0,79,244.0,1997-04-04,"Waukee, IA, USA",1,Iowa State,Waukee (IA),,,,,ACT,,,0d855753-ea21-4953-89f9-0e20aff9eb73,Saints,NO,New Orleans,,2025-08-06T22:13:34.089924
5bde0a71-c7ec-465f-ad35-c195e1d10b29,Isaac Yiadom,,Isaac,Yiadom,CB,27.0,73,188.0,1996-02-20,"Worcester, MA, USA",8,Boston College,Doherty (MA),2018.0,3.0,,"{'id': 'ce92bd47-93d5-4fe9-ada4-0fc681e6caa0', 'name': 'Broncos', 'market': 'Denver', 'alias': 'DEN', 'sr_id': 'sr:competitor:4418'}",ACT,,,0d855753-ea21-4953-89f9-0e20aff9eb73,Saints,NO,New Orleans,,2025-08-06T22:13:34.089928
5c0a3fa3-45eb-48f0-93de-7c03f47f760b,Fadil Diggs,,Fadil,Diggs,DE,40.0,77,261.0,2001-10-15,"East Camden, NJ, USA",0,Syracuse,Woodrow (NJ),2025.0,7.0,,"{'id': '0d855753-ea21-4953-89f9-0e20aff9eb73', 'name': 'Saints', 'market': 'New Orleans', 'alias': 'NO', 'sr_id': 'sr:competitor:4425'}",ACT,,,0d855753-ea21-4953-89f9-0e20aff9eb73,Saints,NO,New Orleans,,2025-08-06T22:13:34.089932
64326335-69b6-4dff-9e02-42b8e2a5bd8d,D'Marco Jackson,,D'Marco,Jackson,LB,52.0,73,233.0,1998-07-20,"Spartanburg, SC, USA",4,Appalachian State,Broome (SC),2022.0,5.0,,"{'id': '0d855753-ea21-4953-89f9-0e20aff9eb73', 'name': 'Saints', 'market': 'New Orleans', 'alias': 'NO', 'sr_id': 'sr:competitor:4425'}",ACT,,,0d855753-ea21-4953-89f9-0e20aff9eb73,Saints,NO,New Orleans,,2025-08-06T22:13:34.089946
6dc7a6f8-f84a-4d55-a76f-66377ad038fe,Landon Young,,Landon,Young,T,67.0,79,321.0,1997-08-21,"Lexington, KY, USA",5,Kentucky,Lafayette (KY),2021.0,6.0,,"{'id': '0d855753-ea21-4953-89f9-0e20aff9eb73', 'name': 'Saints', 'market': 'New Orleans', 'alias': 'NO', 'sr_id': 'sr:competitor:4425'}",ACT,,,0d855753-ea21-4953-89f9-0e20aff9eb73,Saints,NO,New Orleans,,2025-08-06T22:13:34.089956
6e6dcc9c-06f5-40fd-9134-d0afd0e349d8,Davon Godchaux,,Davon,Godchaux,DT,92.0,75,330.0,1994-11-11,"Plaquemine, LA, USA",9,LSU,Plaquemine (LA),2017.0,5.0,,"{'id': '4809ecb0-abd3-451d-9c4a-92a90b83ca06', 'name': 'Dolphins', 'market': 'Miami', 'alias': 'MIA', 'sr_id': 'sr:competitor:4287'}",ACT,,,0d855753-ea21-4953-89f9-0e20aff9eb73,Saints,NO,New Orleans,,2025-08-06T22:13:34.089960
757c55e1-2f3a-41d2-a211-16bf577a1586,Khalen Saunders,,Khalen,Saunders,DT,50.0,72,324.0,1996-08-09,"St. Louis, MO, USA",7,Western Illinois,Parkway Central (MO),2019.0,3.0,,"{'id': '6680d28d-d4d2-49f6-aace-5292d3ec02c2', 'name': 'Chiefs', 'market': 'Kansas City', 'alias': 'KC', 'sr_id': 'sr:competitor:4422'}",ACT,,,0d855753-ea21-4953-89f9-0e20aff9eb73,Saints,NO,New Orleans,,2025-08-06T22:13:34.089973
796387b0-2551-11f0-9371-f9b494c39630,Dalys Beanum,,Dalys,Beanum,CB,37.0,73,200.0,,"Omaha, NE, USA",0,South Dakota State,Millard West (NE),,,,,ACT,,,0d855753-ea21-4953-89f9-0e20aff9eb73,Saints,NO,New Orleans,,2025-08-06T22:13:34.089977
88c9dc8c-2952-4e7c-8677-f29e30d15309,Dillon Radunz,,Dillon,Radunz,OL,77.0,78,301.0,1998-03-28,"Becker, MN, USA",5,North Dakota State,Becker (MN),2021.0,2.0,,"{'id': 'd26a1ca5-722d-4274-8f97-c92e49c96315', 'name': 'Titans', 'market': 'Tennessee', 'alias': 'TEN', 'sr_id': 'sr:competitor:367364'}",ACT,,,0d855753-ea21-4953-89f9-0e20aff9eb73,Saints,NO,New Orleans,,2025-08-06T22:13:34.089982
899433ed-9e60-4786-ac45-32c415da04c0,Vernon Broughton,,Vernon,Broughton,DT,91.0,76,305.0,2001-07-15,"Houston, TX, USA",0,Texas,Cypress Ridge (TX),2025.0,3.0,,"{'id': '0d855753-ea21-4953-89f9-0e20aff9eb73', 'name': 'Saints', 'market': 'New Orleans', 'alias': 'NO', 'sr_id': 'sr:competitor:4425'}",ACT,,,0d855753-ea21-4953-89f9-0e20aff9eb73,Saints,NO,New Orleans,,2025-08-06T22:13:34.089986
8a118cb0-2551-11f0-9371-f9b494c39630,Marcus Yarns,,Marcus,Yarns,RB,34.0,71,190.0,2001-10-30,"Salisbury, MD, USA",0,Delaware,Parkside (MD),,,,,ACT,,,0d855753-ea21-4953-89f9-0e20aff9eb73,Saints,NO,New Orleans,,2025-08-06T22:13:34.089990
910ab530-d255-47be-b041-135ee92b1abf,Jonas Sanker,,Jonas,Sanker,SAF,33.0,73,210.0,2002-11-23,"Charlottesville, VA, USA",0,Virginia,The Covenant School (VA),2025.0,3.0,,"{'id': '0d855753-ea21-4953-89f9-0e20aff9eb73', 'name': 'Saints', 'market': 'New Orleans', 'alias': 'NO', 'sr_id': 'sr:competitor:4425'}",ACT,,,0d855753-ea21-4953-89f9-0e20aff9eb73,Saints,NO,New Orleans,,2025-08-06T22:13:34.089999
9448aee3-538c-4ff3-8781-bc848b086bfc,Ugo Amadi,,Ugo,Amadi,SAF,0.0,69,201.0,1997-05-16,"Nashville, TN, USA",7,Oregon,Overton (TN),2019.0,4.0,,"{'id': '3d08af9e-c767-4f88-a7dc-b920c6d2b4a8', 'name': 'Seahawks', 'market': 'Seattle', 'alias': 'SEA', 'sr_id': 'sr:competitor:4430'}",ACT,,,0d855753-ea21-4953-89f9-0e20aff9eb73,Saints,NO,New Orleans,,2025-08-06T22:13:34.090011
94510e36-d0ea-48c5-9c7e-b09b31c5c218,Zach Wood,,Zach,Wood,LS,49.0,75,255.0,1993-01-10,"Rowlett, TX, USA",9,SMU,Rowlett (TX),,,,,ACT,,,0d855753-ea21-4953-89f9-0e20aff9eb73,Saints,NO,New Orleans,,2025-08-06T22:13:34.090015
94b8f9e1-3109-4429-8f71-4f79d7588237,Tyler Shough,,Tyler,Shough,QB,6.0,77,219.0,1999-09-28,"Chandler, AZ, USA",0,Louisville,Hamilton (AZ),2025.0,2.0,,"{'id': '0d855753-ea21-4953-89f9-0e20aff9eb73', 'name': 'Saints', 'market': 'New Orleans', 'alias': 'NO', 'sr_id': 'sr:competitor:4425'}",ACT,,,0d855753-ea21-4953-89f9-0e20aff9eb73,Saints,NO,New Orleans,,2025-08-06T22:13:34.090020
94db0fe8-228c-4650-abd2-38886687f960,Trevor Penning,,Trevor,Penning,OL,70.0,79,325.0,1999-05-15,"Clear Lake, IA, USA",4,Northern Iowa,Newman Catholic (IA),2022.0,1.0,,"{'id': '0d855753-ea21-4953-89f9-0e20aff9eb73', 'name': 'Saints', 'market': 'New Orleans', 'alias': 'NO', 'sr_id': 'sr:competitor:4425'}",ACT,,,0d855753-ea21-4953-89f9-0e20aff9eb73,Saints,NO,New Orleans,,2025-08-06T22:13:34.090024
98884f9f-5117-476a-a20a-809b38714e6d,Bryan Bresee,,Bryan,Bresee,DT,90.0,77,305.0,2001-10-06,"Damascus, MD, USA",3,Clemson,Damascus (MD),2023.0,1.0,,"{'id': '0d855753-ea21-4953-89f9-0e20aff9eb73', 'name': 'Saints', 'market': 'New Orleans', 'alias': 'NO', 'sr_id': 'sr:competitor:4425'}",ACT,,,0d855753-ea21-4953-89f9-0e20aff9eb73,Saints,NO,New Orleans,,2025-08-06T22:13:34.090028
9947409c-4a34-45f5-99a1-aa6daa13c430,Chase Young,,Chase,Young,DE,99.0,77,264.0,1999-04-14,"Hyattsville, MD, USA",6,Ohio State,DeMatha Catholic (MD),2020.0,1.0,,"{'id': '22052ff7-c065-42ee-bc8f-c4691c50e624', 'name': 'Commanders', 'market': 'Washington', 'alias': 'WAS', 'sr_id': 'sr:competitor:4432'}",ACT,,,0d855753-ea21-4953-89f9-0e20aff9eb73,Saints,NO,New Orleans,,2025-08-06T22:13:34.090033
9b9a1330-2551-11f0-9371-f9b494c39630,Elliott Davison,,Elliott,Davison,SAF,35.0,72,190.0,2001-12-19,"Tyler, TX, USA",0,UTSA,Tyler Lee (TX),,,,,ACT,,,0d855753-ea21-4953-89f9-0e20aff9eb73,Saints,NO,New Orleans,,2025-08-06T22:13:34.090037
ac3defdb-453a-42db-b3cc-aa5441f3e690,Nick Saldiveri,,Nick,Saldiveri,OL,64.0,78,316.0,2000-08-14,"Waxhaw, NC, USA",3,Old Dominion,Parkwood (NC),2023.0,4.0,,"{'id': '0d855753-ea21-4953-89f9-0e20aff9eb73', 'name': 'Saints', 'market': 'New Orleans', 'alias': 'NO', 'sr_id': 'sr:competitor:4425'}",IR,,,0d855753-ea21-4953-89f9-0e20aff9eb73,Saints,NO,New Orleans,,2025-08-06T22:13:34.090050
b0f28450-0726-11ef-87d2-b788a7a4a635,Mason Pline,,Mason,Pline,TE,85.0,79,260.0,2000-02-05,"Fowler, MI, USA",1,Furman,Fowler (MI),,,,,ACT,,,0d855753-ea21-4953-89f9-0e20aff9eb73,Saints,NO,New Orleans,,2025-08-06T22:13:34.090054
b133dc30-2551-11f0-9371-f9b494c39630,James Burnip,,James,Burnip,P,46.0,78,236.0,,"Mount Macedon,, AUS",0,Alabama,Victoria University (AUS),,,,,ACT,,,0d855753-ea21-4953-89f9-0e20aff9eb73,Saints,NO,New Orleans,,2025-08-06T22:13:34.090058
b222de39-0a5e-4bbe-b239-083a500194bb,Terrell Burgess,,Terrell,Burgess,SAF,24.0,71,202.0,1998-11-12,"San Marcos, CA, USA",5,Utah,San Marcos (CA),2020.0,3.0,,"{'id': '2eff2a03-54d4-46ba-890e-2bc3925548f3', 'name': 'Rams', 'market': 'Los Angeles', 'alias': 'LA', 'sr_id': 'sr:competitor:4387'}",ACT,,,0d855753-ea21-4953-89f9-0e20aff9eb73,Saints,NO,New Orleans,,2025-08-06T22:13:34.090062
b2fc64a2-3df5-4f65-92e7-922d41723bef,Erik McCoy,,Erik,McCoy,OL,78.0,76,303.0,1997-08-27,"San Antonio, TX, USA",7,Texas A&M,Lufkin (TX),2019.0,2.0,,"{'id': '0d855753-ea21-4953-89f9-0e20aff9eb73', 'name': 'Saints', 'market': 'New Orleans', 'alias': 'NO', 'sr_id': 'sr:competitor:4425'}",ACT,,,0d855753-ea21-4953-89f9-0e20aff9eb73,Saints,NO,New Orleans,,2025-08-06T22:13:34.090066
b9b72630-254e-11f0-9b8d-9f6cf3042fe0,Omari Thomas,,Omari,Thomas,DE,74.0,76,325.0,2001-11-02,"Memphis, TN, USA",0,Tennessee,Briarcrest Christian (TN),,,,,ACT,,,0d855753-ea21-4953-89f9-0e20aff9eb73,Saints,NO,New Orleans,,2025-08-06T22:13:34.090075
c0a4eddb-90da-45d5-8695-cb15ea16e4b5,Isaiah Foskey,,Isaiah,Foskey,DE,55.0,77,270.0,2000-10-30,"Antioch, CA, USA",3,Notre Dame,De La Salle (CA),2023.0,2.0,,"{'id': '0d855753-ea21-4953-89f9-0e20aff9eb73', 'name': 'Saints', 'market': 'New Orleans', 'alias': 'NO', 'sr_id': 'sr:competitor:4425'}",ACT,,,0d855753-ea21-4953-89f9-0e20aff9eb73,Saints,NO,New Orleans,,2025-08-06T22:13:34.090083
c2a7bab0-07d7-11ef-a87e-69d93f2e268b,Jayden Price,,Jayden,Price,CB,38.0,71,185.0,2000-04-05,"Derby, KS, USA",1,North Dakota State,Mulvane (KS),,,,,ACT,,,0d855753-ea21-4953-89f9-0e20aff9eb73,Saints,NO,New Orleans,,2025-08-06T22:13:34.090087
c2ec4712-147c-49b1-b6ec-fdb298913080,Julian Blackmon,,Julian,Blackmon,SAF,28.0,72,187.0,1998-08-24,"Layton, UT, USA",6,Utah,Layton (UT),2020.0,3.0,,"{'id': '82cf9565-6eb9-4f01-bdbd-5aa0d472fcd9', 'name': 'Colts', 'market': 'Indianapolis', 'alias': 'IND', 'sr_id': 'sr:competitor:4421'}",ACT,,,0d855753-ea21-4953-89f9-0e20aff9eb73,Saints,NO,New Orleans,,2025-08-06T22:13:34.090092
c3046dc0-0573-11ef-b660-4d07270c2b35,Rico Payton,,Rico,Payton,CB,36.0,72,182.0,1999-11-28,"St. Louis, MO, USA",2,Pittsburg State,Lindbergh (MO),,,,,ACT,,,0d855753-ea21-4953-89f9-0e20aff9eb73,Saints,NO,New Orleans,,2025-08-06T22:13:34.090095
c4579c20-2551-11f0-9371-f9b494c39630,Torricelli Simpkins III,,Torricelli,Simpkins,OG,68.0,77,312.0,2002-06-06,"Charlotte, NC, USA",0,South Carolina,Olympic (NC),,,,,ACT,,,0d855753-ea21-4953-89f9-0e20aff9eb73,Saints,NO,New Orleans,,2025-08-06T22:13:34.090099
c4ab37e6-e589-43be-94dc-441c81ca5fac,Shane Lemieux,,Shane,Lemieux,G,66.0,76,310.0,1997-05-12,"Yakima, WA, USA",6,Oregon,West Valley (WA),2020.0,5.0,,"{'id': '04aa1c9d-66da-489d-b16a-1dee3f2eec4d', 'name': 'Giants', 'market': 'New York', 'alias': 'NYG', 'sr_id': 'sr:competitor:4426'}",ACT,,,0d855753-ea21-4953-89f9-0e20aff9eb73,Saints,NO,New Orleans,,2025-08-06T22:13:34.090104
c6bbcb10-0585-4df9-8755-a668d8a93e4e,Josiah Ezirim,,Josiah,Ezirim,OT,72.0,78,329.0,2001-05-21,"Hilliard, OH, USA",1,Eastern Kentucky,Hilliard Davidson (OH),2024.0,7.0,,"{'id': '0d855753-ea21-4953-89f9-0e20aff9eb73', 'name': 'Saints', 'market': 'New Orleans', 'alias': 'NO', 'sr_id': 'sr:competitor:4425'}",ACT,,,0d855753-ea21-4953-89f9-0e20aff9eb73,Saints,NO,New Orleans,,2025-08-06T22:13:34.090108
ccfcbd2c-6e35-49b9-b131-ba2143665260,Jonathan Bullard,,Jonathan,Bullard,DE,58.0,75,290.0,1993-10-22,"Shelby, NC, USA",10,Florida,Crest (NC),2016.0,3.0,,"{'id': '7b112545-38e6-483c-a55c-96cf6ee49cb8', 'name': 'Bears', 'market': 'Chicago', 'alias': 'CHI', 'sr_id': 'sr:competitor:4391'}",ACT,,,0d855753-ea21-4953-89f9-0e20aff9eb73,Saints,NO,New Orleans,,2025-08-06T22:13:34.090113
d92a275a-a102-4768-965b-60fffe155288,Jonah Williams,,Jonah,Williams,DE,54.0,77,275.0,1995-08-17,"Meridian, ID, USA",5,Weber State,Rocky Mountain (ID),,,,,ACT,,,0d855753-ea21-4953-89f9-0e20aff9eb73,Saints,NO,New Orleans,,2025-08-06T22:13:34.090116
d9cf7aa3-71b1-4ef2-98c5-3db5d44b6f1e,Carl Granderson,,Carl,Granderson,DE,96.0,77,261.0,1996-12-18,"Sacramento, CA, USA",7,Wyoming,Grant (CA),,,,,ACT,,,0d855753-ea21-4953-89f9-0e20aff9eb73,Saints,NO,New Orleans,,2025-08-06T22:13:34.090125
db912dac-e488-4c39-806b-a10e990d6bf4,Kool-Aid McKinstry,,Kool-Aid,McKinstry,CB,4.0,71,199.0,2002-09-30,"Birmingham, AL, USA",2,Alabama,Pinson Valley (AL),2024.0,2.0,,"{'id': '0d855753-ea21-4953-89f9-0e20aff9eb73', 'name': 'Saints', 'market': 'New Orleans', 'alias': 'NO', 'sr_id': 'sr:competitor:4425'}",ACT,,,0d855753-ea21-4953-89f9-0e20aff9eb73,Saints,NO,New Orleans,,2025-08-06T22:13:34.090129
dcbf373f-7336-457f-888f-02596a391d89,Chris Rumph II,,Chris,Rumph,DE,98.0,74,244.0,1998-10-19,"Gainesville, FL, USA",5,Duke,Buchholz (FL),2021.0,4.0,,"{'id': '1f6dcffb-9823-43cd-9ff4-e7a8466749b5', 'name': 'Chargers', 'market': 'Los Angeles', 'alias': 'LAC', 'sr_id': 'sr:competitor:4429'}",ACT,,,0d855753-ea21-4953-89f9-0e20aff9eb73,Saints,NO,New Orleans,,2025-08-06T22:13:34.090134
e0248ecc-27b4-4368-bf97-47a73cb41ec2,J.T. Gray,,J.T.,Gray,DB,48.0,72,202.0,1996-01-18,"Clarksdale, MS, USA",8,Mississippi State,Clarksdale (MS),,,,,ACT,,,0d855753-ea21-4953-89f9-0e20aff9eb73,Saints,NO,New Orleans,,2025-08-06T22:13:34.090137
e05e1927-1dd4-44a9-9b70-f552e6939a97,Cesar Ruiz,,Cesar,Ruiz,OL,51.0,76,316.0,1999-06-14,"Camden, NJ, USA",6,Michigan,IMG Academy (FL),2020.0,1.0,,"{'id': '0d855753-ea21-4953-89f9-0e20aff9eb73', 'name': 'Saints', 'market': 'New Orleans', 'alias': 'NO', 'sr_id': 'sr:competitor:4425'}",ACT,,,0d855753-ea21-4953-89f9-0e20aff9eb73,Saints,NO,New Orleans,,2025-08-06T22:13:34.090142
e33aa81a-83e9-411b-8265-f31da58a33b9,Jordan Howden,,Jordan,Howden,DB,31.0,72,209.0,2000-05-14,"San Diego, CA, USA",3,Minnesota,Desert Pines (CA),2023.0,5.0,,"{'id': '0d855753-ea21-4953-89f9-0e20aff9eb73', 'name': 'Saints', 'market': 'New Orleans', 'alias': 'NO', 'sr_id': 'sr:competitor:4425'}",ACT,,,0d855753-ea21-4953-89f9-0e20aff9eb73,Saints,NO,New Orleans,,2025-08-06T22:13:34.090155
e5dfd490-f32e-11ed-9d28-5176fafd5331,Barry Wesley,,Barry,Wesley,OT,69.0,79,310.0,1999-07-14,"Morrison, CO, USA",1,Colorado State,Bear Creek (CO),,,,,ACT,,,0d855753-ea21-4953-89f9-0e20aff9eb73,Saints,NO,New Orleans,,2025-08-06T22:13:34.090159
e6221da0-1ce0-4f60-85b5-f2094e9d2863,Demario Davis,,Demario,Davis,LB,56.0,74,248.0,1989-01-11,"Brandon, MS, USA",14,Arkansas State,Brandon (MS),2012.0,3.0,,"{'id': '5fee86ae-74ab-4bdd-8416-42a9dd9964f3', 'name': 'Jets', 'market': 'New York', 'alias': 'NYJ', 'sr_id': 'sr:competitor:4427'}",ACT,,,0d855753-ea21-4953-89f9-0e20aff9eb73,Saints,NO,New Orleans,,2025-08-06T22:13:34.090163
e79ac942-5ee3-467e-bb5a-534726a2bdaa,John Ridgeway III,,John,Ridgeway,DT,95.0,77,321.0,1999-05-07,"Bloomington, IL, USA",4,Arkansas,Bloomington (IL),2022.0,5.0,,"{'id': 'e627eec7-bbae-4fa4-8e73-8e1d6bc5c060', 'name': 'Cowboys', 'market': 'Dallas', 'alias': 'DAL', 'sr_id': 'sr:competitor:4392'}",ACT,,,0d855753-ea21-4953-89f9-0e20aff9eb73,Saints,NO,New Orleans,,2025-08-06T22:13:34.090167
eded83b0-2551-11f0-9371-f9b494c39630,Jasheen Davis,,Jasheen,Davis,DE,59.0,75,270.0,2001-12-18,"Snellville, GA, USA",0,Wake Forest,Shiloh (GA),,,,,ACT,,,0d855753-ea21-4953-89f9-0e20aff9eb73,Saints,NO,New Orleans,,2025-08-06T22:13:34.090171
ee26f53a-2ec5-48fe-9f00-697be6e4c31f,Taliese Fuaga,,Taliese,Fuaga,OT,75.0,78,324.0,2002-04-05,"Tacoma, WA, USA",2,Oregon State,Mount Tahoma (WA),2024.0,1.0,,"{'id': '0d855753-ea21-4953-89f9-0e20aff9eb73', 'name': 'Saints', 'market': 'New Orleans', 'alias': 'NO', 'sr_id': 'sr:competitor:4425'}",ACT,,,0d855753-ea21-4953-89f9-0e20aff9eb73,Saints,NO,New Orleans,,2025-08-06T22:13:34.090176
f3ec87f0-6d88-11f0-b20f-adce7eff5e88,Jonathan Mendoza,,Jonathan,Mendoza,T,79.0,81,310.0,,"Westhampton Beach, NY, USA",0,Louisville,Westhampton Beach (NY),,,,,ACT,,,0d855753-ea21-4953-89f9-0e20aff9eb73,Saints,NO,New Orleans,,2025-08-06T22:13:34.090184
f5c4a0e0-eecb-11ee-aa6f-2b08db5c8f4c,Charlie Smyth,,Charlie,Smyth,K,39.0,76,210.0,2001-06-26,"Newry,, IRL",1,International Pathway Program,,,,,,ACT,,,0d855753-ea21-4953-89f9-0e20aff9eb73,Saints,NO,New Orleans,,2025-08-06T22:13:34.090188
faea26ab-f1a4-4463-adf8-1399aeb1c6b8,Alontae Taylor,,Alontae,Taylor,CB,1.0,72,199.0,1998-12-03,"Manchester, TN, USA",4,Tennessee,Coffee County Central (TN),2022.0,2.0,,"{'id': '0d855753-ea21-4953-89f9-0e20aff9eb73', 'name': 'Saints', 'market': 'New Orleans', 'alias': 'NO', 'sr_id': 'sr:competitor:4425'}",ACT,,,0d855753-ea21-4953-89f9-0e20aff9eb73,Saints,NO,New Orleans,,2025-08-06T22:13:34.090192
0097ded0-ea11-11ed-8d34-41182339b277,Patrick O'Connell,,Patrick,O'Connell,LB,52.0,73,227.0,1998-12-31,"Kalispell, MT, USA",2,Montana,Glacier (MT),,,,,ACT,,,3d08af9e-c767-4f88-a7dc-b920c6d2b4a8,Seahawks,SEA,Seattle,,2025-08-06T22:13:35.737777
0261e2b0-2556-11f0-a1f5-874a624d4069,Marshall Lang,,Marshall,Lang,TE,49.0,76,249.0,,"Cincinnati, OH, USA",0,Northwestern,St. Xavier (OH),,,,,ACT,,,3d08af9e-c767-4f88-a7dc-b920c6d2b4a8,Seahawks,SEA,Seattle,,2025-08-06T22:13:35.737793
03af2f58-94a2-403d-b183-0ffad62795fa,Nick Emmanwori,,Nick,Emmanwori,SAF,3.0,75,220.0,2004-02-07,"Irmo, SC, USA",0,South Carolina,Irmo (SC),2025.0,2.0,,"{'id': '3d08af9e-c767-4f88-a7dc-b920c6d2b4a8', 'name': 'Seahawks', 'market': 'Seattle', 'alias': 'SEA', 'sr_id': 'sr:competitor:4430'}",ACT,,,3d08af9e-c767-4f88-a7dc-b920c6d2b4a8,Seahawks,SEA,Seattle,,2025-08-06T22:13:35.737798
06418ca3-6c11-4654-ad86-59bac5370e23,Nehemiah Pritchett,,Nehemiah,Pritchett,CB,28.0,72,188.0,2001-02-11,"Jackson, AL, USA",2,Auburn,Jackson (AL),2024.0,5.0,,"{'id': '3d08af9e-c767-4f88-a7dc-b920c6d2b4a8', 'name': 'Seahawks', 'market': 'Seattle', 'alias': 'SEA', 'sr_id': 'sr:competitor:4430'}",ACT,,,3d08af9e-c767-4f88-a7dc-b920c6d2b4a8,Seahawks,SEA,Seattle,,2025-08-06T22:13:35.737804
0764d830-2556-11f0-a1f5-874a624d4069,Wy'Kevious Thomas,,Bubba,Thomas,DT,69.0,73,301.0,2000-07-05,"Riverdale, GA, USA",0,South Alabama,Riverdale (GA),,,,,ACT,,,3d08af9e-c767-4f88-a7dc-b920c6d2b4a8,Seahawks,SEA,Seattle,,2025-08-06T22:13:35.737808
08ca7920-e78f-11ed-81d0-c919bd0add9b,AJ Finley,,AJ,Finley,SAF,30.0,72,188.0,2001-09-14,"Mobile, AL, USA",3,Ole Miss,St. Paul's Episcopal School (AL),,,,,IR,,,3d08af9e-c767-4f88-a7dc-b920c6d2b4a8,Seahawks,SEA,Seattle,,2025-08-06T22:13:35.737812
0d3647a8-10fc-4aba-b8a4-697de51acc0b,Bryce Cabeldue,,Bryce,Cabeldue,OG,77.0,76,306.0,2001-09-04,"Clovis, NM, USA",0,Kansas,Clovis (NM),2025.0,6.0,,"{'id': '3d08af9e-c767-4f88-a7dc-b920c6d2b4a8', 'name': 'Seahawks', 'market': 'Seattle', 'alias': 'SEA', 'sr_id': 'sr:competitor:4430'}",ACT,,,3d08af9e-c767-4f88-a7dc-b920c6d2b4a8,Seahawks,SEA,Seattle,,2025-08-06T22:13:35.737816
0df49e40-eac7-11ed-b2f6-07469fcf7f52,Chris Stoll,,Chris,Stoll,LS,41.0,74,255.0,1998-08-03,"Westerville, OH, USA",3,Penn State,St. Francis DeSales (OH),,,,,ACT,,,3d08af9e-c767-4f88-a7dc-b920c6d2b4a8,Seahawks,SEA,Seattle,,2025-08-06T22:13:35.737820
0efe54f5-003e-49fa-b6de-1b37383c07f4,Abraham Lucas,,Abraham,Lucas,T,72.0,78,322.0,1998-10-25,"Everett, WA, USA",4,Washington State,Archbishop Murphy (WA),2022.0,3.0,,"{'id': '3d08af9e-c767-4f88-a7dc-b920c6d2b4a8', 'name': 'Seahawks', 'market': 'Seattle', 'alias': 'SEA', 'sr_id': 'sr:competitor:4430'}",ACT,,,3d08af9e-c767-4f88-a7dc-b920c6d2b4a8,Seahawks,SEA,Seattle,,2025-08-06T22:13:35.737825
0fbbe897-2980-4c6e-b8a4-59b43f81f605,Damarion Williams,,Damarion,Williams,CB,37.0,70,183.0,1998-07-15,"Miami, FL, USA",3,Houston,Community Christian (GA),2022.0,4.0,,"{'id': 'ebd87119-b331-4469-9ea6-d51fe3ce2f1c', 'name': 'Ravens', 'market': 'Baltimore', 'alias': 'BAL', 'sr_id': 'sr:competitor:4413'}",ACT,,,3d08af9e-c767-4f88-a7dc-b920c6d2b4a8,Seahawks,SEA,Seattle,,2025-08-06T22:13:35.737829
11232260-f0dc-11ed-8ba5-bf9b1d9bee25,Brandon Pili,,Brandon,Pili,NT,95.0,75,334.0,1999-04-02,"Anchorage, AK, USA",3,USC,Westview (OR),,,,,ACT,,,3d08af9e-c767-4f88-a7dc-b920c6d2b4a8,Seahawks,SEA,Seattle,,2025-08-06T22:13:35.737833
13c0e830-2556-11f0-a1f5-874a624d4069,Federico Maranges,,Federico,Maranges,C,62.0,75,302.0,,"Dorado,, PRI",0,Florida Atlantic,Columbus (FL),,,,,ACT,,,3d08af9e-c767-4f88-a7dc-b920c6d2b4a8,Seahawks,SEA,Seattle,,2025-08-06T22:13:35.737837
22c50029-dccc-464e-81fe-236c34b167cd,Quinton Bohanna,,Quinton,Bohanna,DT,92.0,76,355.0,1999-03-16,"Memphis, TN, USA",4,Kentucky,Cordova (TN),2021.0,6.0,,"{'id': 'e627eec7-bbae-4fa4-8e73-8e1d6bc5c060', 'name': 'Cowboys', 'market': 'Dallas', 'alias': 'DAL', 'sr_id': 'sr:competitor:4392'}",ACT,,,3d08af9e-c767-4f88-a7dc-b920c6d2b4a8,Seahawks,SEA,Seattle,,2025-08-06T22:13:35.737845
22ee9bac-a64c-4d44-94fc-51d775465b3b,Kenneth Walker III,,Kenneth,Walker,RB,9.0,69,211.0,2000-10-20,"Arlington, TN, USA",4,Michigan State,Arlington (TN),2022.0,2.0,,"{'id': '3d08af9e-c767-4f88-a7dc-b920c6d2b4a8', 'name': 'Seahawks', 'market': 'Seattle', 'alias': 'SEA', 'sr_id': 'sr:competitor:4430'}",ACT,,,3d08af9e-c767-4f88-a7dc-b920c6d2b4a8,Seahawks,SEA,Seattle,,2025-08-06T22:13:35.737850
23fe2246-2d58-45cf-bc28-0b1086e3514a,Grey Zabel,,Grey,Zabel,OG,76.0,78,316.0,2002-03-30,"Pierre, SD, USA",0,North Dakota State,T. F. Riggs (SD),2025.0,1.0,,"{'id': '3d08af9e-c767-4f88-a7dc-b920c6d2b4a8', 'name': 'Seahawks', 'market': 'Seattle', 'alias': 'SEA', 'sr_id': 'sr:competitor:4430'}",ACT,,,3d08af9e-c767-4f88-a7dc-b920c6d2b4a8,Seahawks,SEA,Seattle,,2025-08-06T22:13:35.737854
2697a8a5-c22d-4290-a266-5b153bf384e3,Mike Morris,,Mike,Morris,DE,94.0,78,295.0,2001-04-22,"Belle Glade, FL, USA",3,Michigan,American Heritage (FL),2023.0,5.0,,"{'id': '3d08af9e-c767-4f88-a7dc-b920c6d2b4a8', 'name': 'Seahawks', 'market': 'Seattle', 'alias': 'SEA', 'sr_id': 'sr:competitor:4430'}",ACT,,,3d08af9e-c767-4f88-a7dc-b920c6d2b4a8,Seahawks,SEA,Seattle,,2025-08-06T22:13:35.737859
29a06739-05aa-45e9-ba8f-cb4a7e7d975a,Rylie Mills,,Rylie,Mills,DL,98.0,77,290.0,2001-08-20,"Lake Bluff, IL, USA",0,Notre Dame,Lake Forest (IL),2025.0,5.0,,"{'id': '3d08af9e-c767-4f88-a7dc-b920c6d2b4a8', 'name': 'Seahawks', 'market': 'Seattle', 'alias': 'SEA', 'sr_id': 'sr:competitor:4430'}",NON,,,3d08af9e-c767-4f88-a7dc-b920c6d2b4a8,Seahawks,SEA,Seattle,,2025-08-06T22:13:35.737868
2b5152aa-cbcc-439c-b72a-ac7577c8422b,Leonard Williams,,Leonard,Williams,DE,99.0,77,310.0,1994-06-20,"Daytona Beach, FL, USA",11,USC,Mainland (FL),2015.0,1.0,,"{'id': '5fee86ae-74ab-4bdd-8416-42a9dd9964f3', 'name': 'Jets', 'market': 'New York', 'alias': 'NYJ', 'sr_id': 'sr:competitor:4427'}",ACT,,,3d08af9e-c767-4f88-a7dc-b920c6d2b4a8,Seahawks,SEA,Seattle,,2025-08-06T22:13:35.737872
2be7e030-ea16-11ed-8d34-41182339b277,Ty Okada,,Ty,Okada,FS,39.0,71,193.0,1999-06-04,"Woodbury, MN, USA",1,Montana State,East Ridge (MN),,,,,ACT,,,3d08af9e-c767-4f88-a7dc-b920c6d2b4a8,Seahawks,SEA,Seattle,,2025-08-06T22:13:35.737876
2fc489b0-2556-11f0-a1f5-874a624d4069,Jalan Gaines,,Jalan,Gaines,LB,56.0,75,242.0,,"Chicago, IL, USA",0,Illinois State,Oak Lawn (IL),,,,,ACT,,,3d08af9e-c767-4f88-a7dc-b920c6d2b4a8,Seahawks,SEA,Seattle,,2025-08-06T22:13:35.737884
2fda9f30-2555-11f0-831a-e7109f1dfb24,Tyrone Broden,,Tyrone,Broden,WR,85.0,77,194.0,,"Detroit, MI, USA",0,Arkansas,West Bloomfield (MI),,,,,ACT,,,3d08af9e-c767-4f88-a7dc-b920c6d2b4a8,Seahawks,SEA,Seattle,,2025-08-06T22:13:35.737888
35eb3c90-666e-11f0-8649-3bf3a8ed6354,Kam Alexander,,Kam,Alexander,CB,35.0,71,190.0,,"Manvel, TX, USA",0,Oregon,Manvel (TX),,,,,ACT,,,3d08af9e-c767-4f88-a7dc-b920c6d2b4a8,Seahawks,SEA,Seattle,,2025-08-06T22:13:35.737892
36fd0120-2638-11f0-b6de-31a7928c3f41,Seth Coleman,,Seth,Coleman,LB,43.0,75,246.0,2000-12-07,"Melbourne, FL, USA",0,Illinois,Holy Trinity Episcopal Academy (FL),,,,,ACT,,,3d08af9e-c767-4f88-a7dc-b920c6d2b4a8,Seahawks,SEA,Seattle,,2025-08-06T22:13:35.737896
3e3bd10a-6462-47f8-8938-42518781d060,DeMarcus Lawrence,,DeMarcus,Lawrence,DE,0.0,75,254.0,1992-04-28,"Aiken, SC, USA",12,Boise State,Silver Bluff (SC),2014.0,2.0,,"{'id': 'e627eec7-bbae-4fa4-8e73-8e1d6bc5c060', 'name': 'Cowboys', 'market': 'Dallas', 'alias': 'DAL', 'sr_id': 'sr:competitor:4392'}",ACT,,,3d08af9e-c767-4f88-a7dc-b920c6d2b4a8,Seahawks,SEA,Seattle,,2025-08-06T22:13:35.737900
3f2bcaa0-3cbf-11f0-a7f4-c54f1ae799a0,Anthony Campbell,,Anthony,Campbell,DT,93.0,78,307.0,,"Bartow, FL, USA",0,Miami (FL),Bartow (FL),,,,,ACT,,,3d08af9e-c767-4f88-a7dc-b920c6d2b4a8,Seahawks,SEA,Seattle,,2025-08-06T22:13:35.737904
4063bfe0-0728-11ef-aade-5b566af2ab88,Michael Dowell,,Michael,Dowell,LB,44.0,73,221.0,2000-01-28,"North Ridgeville, OH, USA",1,Miami (OH),St. Edwards (OH),,,,,ACT,,,3d08af9e-c767-4f88-a7dc-b920c6d2b4a8,Seahawks,SEA,Seattle,,2025-08-06T22:13:35.737908
40941261-cfd0-4e8d-b895-21fb7e20b407,Uchenna Nwosu,,Uchenna,Nwosu,LB,7.0,74,265.0,1996-12-28,"Los Angeles, CA, USA",8,USC,Narbonne (CA),2018.0,2.0,,"{'id': '1f6dcffb-9823-43cd-9ff4-e7a8466749b5', 'name': 'Chargers', 'market': 'Los Angeles', 'alias': 'LAC', 'sr_id': 'sr:competitor:4429'}",PUP,,,3d08af9e-c767-4f88-a7dc-b920c6d2b4a8,Seahawks,SEA,Seattle,,2025-08-06T22:13:35.737912
42c12021-abf6-40fa-b989-7ea52d0e7070,Ernest Jones IV,,Ernest,Jones,LB,13.0,74,230.0,1999-11-22,"Waycross, GA, USA",5,South Carolina,Ware County (GA),2021.0,3.0,,"{'id': '2eff2a03-54d4-46ba-890e-2bc3925548f3', 'name': 'Rams', 'market': 'Los Angeles', 'alias': 'LA', 'sr_id': 'sr:competitor:4387'}",ACT,,,3d08af9e-c767-4f88-a7dc-b920c6d2b4a8,Seahawks,SEA,Seattle,,2025-08-06T22:13:35.737917
42cb24b0-2556-11f0-a3b7-37e42e45b4dd,Jacardia Wright,,Jacardia,Wright,RB,31.0,72,218.0,,"Decatur, IL, USA",0,Missouri State,St. Teresa (IL),,,,,ACT,,,3d08af9e-c767-4f88-a7dc-b920c6d2b4a8,Seahawks,SEA,Seattle,,2025-08-06T22:13:35.737920
46f14c92-0b9a-45e6-b502-118b901cb3c4,Christian Haynes,,Christian,Haynes,OG,64.0,74,318.0,2000-04-13,"Bowie, MD, USA",2,UConn,Bowie (MD),2024.0,3.0,,"{'id': '3d08af9e-c767-4f88-a7dc-b920c6d2b4a8', 'name': 'Seahawks', 'market': 'Seattle', 'alias': 'SEA', 'sr_id': 'sr:competitor:4430'}",ACT,,,3d08af9e-c767-4f88-a7dc-b920c6d2b4a8,Seahawks,SEA,Seattle,,2025-08-06T22:13:35.737924
476d6de7-0d10-4f9c-96c9-2bd289052dce,Josh Jones,,Josh,Jones,OL,74.0,79,339.0,1997-06-22,"Richmond, TX, USA",6,Houston,George Bush (TX),2020.0,3.0,,"{'id': 'de760528-1dc0-416a-a978-b510d20692ff', 'name': 'Cardinals', 'market': 'Arizona', 'alias': 'ARI', 'sr_id': 'sr:competitor:4412'}",ACT,,,3d08af9e-c767-4f88-a7dc-b920c6d2b4a8,Seahawks,SEA,Seattle,,2025-08-06T22:13:35.737928
487da97d-a1e8-4a1f-9b43-085944ea1a44,Damien Martinez,,Damien,Martinez,RB,22.0,72,217.0,2004-01-31,"Lewisville, TX, USA",0,Miami (FL),Lewisville (TX),2025.0,7.0,,"{'id': '3d08af9e-c767-4f88-a7dc-b920c6d2b4a8', 'name': 'Seahawks', 'market': 'Seattle', 'alias': 'SEA', 'sr_id': 'sr:competitor:4430'}",ACT,,,3d08af9e-c767-4f88-a7dc-b920c6d2b4a8,Seahawks,SEA,Seattle,,2025-08-06T22:13:35.737933
4fde6c30-2555-11f0-831a-e7109f1dfb24,Amari Kight,,Amari,Kight,OT,79.0,78,299.0,,"Birmingham, AL, USA",0,UCF,Thompson (AL),,,,,ACT,,,3d08af9e-c767-4f88-a7dc-b920c6d2b4a8,Seahawks,SEA,Seattle,,2025-08-06T22:13:35.737946
521af940-2556-11f0-b31c-15f75b688f25,Jared Ivey,,Jared,Ivey,LB,51.0,78,274.0,2001-12-05,"Suwanee, GA, USA",0,Ole Miss,North Gwinnett (GA),,,,,ACT,,,3d08af9e-c767-4f88-a7dc-b920c6d2b4a8,Seahawks,SEA,Seattle,,2025-08-06T22:13:35.737950
55023e20-f335-11ed-a768-e94cb2c005ac,Drake Thomas,,Drake,Thomas,LB,42.0,71,228.0,2000-02-25,"Wake Forest, NC, USA",3,North Carolina State,Heritage (NC),,,,,ACT,,,3d08af9e-c767-4f88-a7dc-b920c6d2b4a8,Seahawks,SEA,Seattle,,2025-08-06T22:13:35.737954
56d7af50-ce1a-11ec-bebb-4fec1e38b0e5,Josh Jobe,,Josh,Jobe,CB,29.0,71,190.0,1998-04-09,"Miami, FL, USA",4,Alabama,Cheshire Academy (CT),,,,,ACT,,,3d08af9e-c767-4f88-a7dc-b920c6d2b4a8,Seahawks,SEA,Seattle,,2025-08-06T22:13:35.737957
57aae250-2f63-11f0-850f-c72990881026,D'Eryk Jackson,,D'Eryk,Jackson,LB,46.0,73,237.0,2002-02-27,"Dublin, GA, USA",0,Kentucky,West Laurens (GA),,,,,ACT,,,3d08af9e-c767-4f88-a7dc-b920c6d2b4a8,Seahawks,SEA,Seattle,,2025-08-06T22:13:35.737961
57b847dd-7af4-4d16-b934-641ab9b5911b,Derick Hall,,Derick,Hall,OLB,58.0,75,254.0,2001-03-19,"Gulfport, MS, USA",3,Auburn,Gulfport (MS),2023.0,2.0,,"{'id': '3d08af9e-c767-4f88-a7dc-b920c6d2b4a8', 'name': 'Seahawks', 'market': 'Seattle', 'alias': 'SEA', 'sr_id': 'sr:competitor:4430'}",ACT,,,3d08af9e-c767-4f88-a7dc-b920c6d2b4a8,Seahawks,SEA,Seattle,,2025-08-06T22:13:35.737965
5c66adc6-62d8-4f29-aadc-11b5ed21495b,Zach Triner,,Zach,Triner,LS,43.0,74,245.0,1991-01-30,"Marshfield, MA, USA",7,Assumption,Marshfield (MA),,,,,ACT,,,3d08af9e-c767-4f88-a7dc-b920c6d2b4a8,Seahawks,SEA,Seattle,,2025-08-06T22:13:35.737972
66dd47a3-fb5d-434f-a580-b2069e2904f8,Tory Horton,,Tory,Horton,WR,15.0,74,196.0,2002-11-29,"Fresno, CA, USA",0,Colorado State,Washington Union (CA),2025.0,5.0,,"{'id': '3d08af9e-c767-4f88-a7dc-b920c6d2b4a8', 'name': 'Seahawks', 'market': 'Seattle', 'alias': 'SEA', 'sr_id': 'sr:competitor:4430'}",ACT,,,3d08af9e-c767-4f88-a7dc-b920c6d2b4a8,Seahawks,SEA,Seattle,,2025-08-06T22:13:35.737980
6f62968f-4241-439f-b5c6-6723920ca5b2,Boye Mafe,,Boye,Mafe,LB,53.0,76,261.0,1998-11-30,"Golden Valley, MN, USA",4,Minnesota,Hopkins (MN),2022.0,2.0,,"{'id': '3d08af9e-c767-4f88-a7dc-b920c6d2b4a8', 'name': 'Seahawks', 'market': 'Seattle', 'alias': 'SEA', 'sr_id': 'sr:competitor:4430'}",ACT,,,3d08af9e-c767-4f88-a7dc-b920c6d2b4a8,Seahawks,SEA,Seattle,,2025-08-06T22:13:35.737984
7293eba0-5423-11ef-921f-9d5e2bfaf044,Jamie Sheriff,,Jamie,Sheriff,LB,50.0,73,254.0,2000-08-18,"Terry, MS, USA",1,South Alabama,Terry (MS),,,,,ACT,,,3d08af9e-c767-4f88-a7dc-b920c6d2b4a8,Seahawks,SEA,Seattle,,2025-08-06T22:13:35.737988
74761bca-f09c-4a06-8dd4-5f3cf2a2b897,Tyler Hall,,Tyler,Hall,CB,33.0,70,190.0,1998-10-31,"Hawthorne, CA, USA",4,Wyoming,Junipero Serra (CA),,,,,ACT,,,3d08af9e-c767-4f88-a7dc-b920c6d2b4a8,Seahawks,SEA,Seattle,,2025-08-06T22:13:35.737991
7af4c94b-529b-4403-ab66-2bfed3fcf0c7,Jason Myers,,Jason,Myers,K,5.0,70,190.0,1991-05-12,"Chula Vista, CA, USA",11,Marist,Mater Dei Catholic (CA),,,,,ACT,,,3d08af9e-c767-4f88-a7dc-b920c6d2b4a8,Seahawks,SEA,Seattle,,2025-08-06T22:13:35.737995
82546a90-c980-11ec-a1a0-57a82b503f37,Josh Ross,,Josh,Ross,LB,47.0,72,229.0,1999-10-31,"Southfield, MI, USA",3,Michigan,Orchard Lake St. Mary's (MI),,,,,ACT,,,3d08af9e-c767-4f88-a7dc-b920c6d2b4a8,Seahawks,SEA,Seattle,,2025-08-06T22:13:35.738006
8b181df0-d30a-11ec-8b77-45b1765fd110,D'Anthony Bell,,D'Anthony,Bell,SAF,23.0,73,211.0,1996-10-17,"Covington, GA, USA",4,West Florida,Alcovy (GA),,,,,ACT,,,3d08af9e-c767-4f88-a7dc-b920c6d2b4a8,Seahawks,SEA,Seattle,,2025-08-06T22:13:35.738010
94631710-4aea-11f0-8cfc-57d70477f514,Luke Felix-Fualalo,,Luke,Felix-Fualalo,T,73.0,79,318.0,,"Brisbane,, AUS",0,Hawai'i,Mater Dei (CA),,,,,ACT,,,3d08af9e-c767-4f88-a7dc-b920c6d2b4a8,Seahawks,SEA,Seattle,,2025-08-06T22:13:35.738017
98bc7c8c-e6e4-4694-a0ef-d3f25274223e,Elijah Arroyo,,Elijah,Arroyo,TE,18.0,77,254.0,2003-04-05,"Frisco, TX, USA",0,Miami (FL),Independence (TX),2025.0,2.0,,"{'id': '3d08af9e-c767-4f88-a7dc-b920c6d2b4a8', 'name': 'Seahawks', 'market': 'Seattle', 'alias': 'SEA', 'sr_id': 'sr:competitor:4430'}",ACT,,,3d08af9e-c767-4f88-a7dc-b920c6d2b4a8,Seahawks,SEA,Seattle,,2025-08-06T22:13:35.738025
9d53adf2-4c3f-48a4-b7f8-6bb7f207c1f8,Johnathan Hankins,,Johnathan,Hankins,DT,97.0,75,335.0,1992-03-30,"Dearborn Heights, MI, USA",13,Ohio State,Southeastern (MI),2013.0,2.0,,"{'id': '04aa1c9d-66da-489d-b16a-1dee3f2eec4d', 'name': 'Giants', 'market': 'New York', 'alias': 'NYG', 'sr_id': 'sr:competitor:4426'}",NON,,,3d08af9e-c767-4f88-a7dc-b920c6d2b4a8,Seahawks,SEA,Seattle,,2025-08-06T22:13:35.738034
9fc05e60-072a-11ef-9be1-99cbcec96ece,Jalen Sundell,,Jalen,Sundell,C,61.0,77,301.0,1999-10-18,"Maryville, MO, USA",2,North Dakota State,Maryville (MO),,,,,ACT,,,3d08af9e-c767-4f88-a7dc-b920c6d2b4a8,Seahawks,SEA,Seattle,,2025-08-06T22:13:35.738039
a05d2d71-0620-4474-8e76-5fa93e9a090a,Anthony Bradford,,Anthony,Bradford,G,75.0,76,335.0,2001-04-28,"Muskegon, MI, USA",3,LSU,Muskegon (MI),2023.0,4.0,,"{'id': '3d08af9e-c767-4f88-a7dc-b920c6d2b4a8', 'name': 'Seahawks', 'market': 'Seattle', 'alias': 'SEA', 'sr_id': 'sr:competitor:4430'}",ACT,,,3d08af9e-c767-4f88-a7dc-b920c6d2b4a8,Seahawks,SEA,Seattle,,2025-08-06T22:13:35.738043
a7bc7c40-dd11-4aaf-bfdb-664b245eb415,Tyreke Smith,,Tyreke,Smith,OLB,59.0,75,255.0,2000-02-14,"Cleveland, OH, USA",3,Ohio State,Cleveland Heights (OH),2022.0,5.0,,"{'id': '3d08af9e-c767-4f88-a7dc-b920c6d2b4a8', 'name': 'Seahawks', 'market': 'Seattle', 'alias': 'SEA', 'sr_id': 'sr:competitor:4430'}",ACT,,,3d08af9e-c767-4f88-a7dc-b920c6d2b4a8,Seahawks,SEA,Seattle,,2025-08-06T22:13:35.738051
ac0e94d0-2555-11f0-8651-750178bece22,Connor O'Toole,,Connor,O'Toole,LB,57.0,75,248.0,,"Albuquerque, NM, USA",0,Utah,La Cueva (NM),,,,,ACT,,,3d08af9e-c767-4f88-a7dc-b920c6d2b4a8,Seahawks,SEA,Seattle,,2025-08-06T22:13:35.738055
ae9d46e0-04fb-11ef-be6e-9d02c2c072c1,John Rhys Plumlee,,John Rhys,Plumlee,WR,17.0,72,200.0,2001-01-02,"Hattiesburg, MS, USA",1,UCF,Oak Grove (MS),,,,,ACT,,,3d08af9e-c767-4f88-a7dc-b920c6d2b4a8,Seahawks,SEA,Seattle,,2025-08-06T22:13:35.738059
b0eb5b67-4ef2-462d-bfe7-e73bcce1f6b0,Jalen Milroe,,Jalen,Milroe,QB,6.0,74,216.0,2002-12-13,"Houston, TX, USA",0,Alabama,Obra D. Tompkins (TX),2025.0,3.0,,"{'id': '3d08af9e-c767-4f88-a7dc-b920c6d2b4a8', 'name': 'Seahawks', 'market': 'Seattle', 'alias': 'SEA', 'sr_id': 'sr:competitor:4430'}",ACT,,,3d08af9e-c767-4f88-a7dc-b920c6d2b4a8,Seahawks,SEA,Seattle,,2025-08-06T22:13:35.738063
b312a490-2791-11f0-b675-0178dd6a62e2,Nick Kallerup,,Nick,Kallerup,TE,89.0,77,266.0,,"Wayzata, MN, USA",0,Minnesota,Wayzata (MN),,,,,ACT,,,3d08af9e-c767-4f88-a7dc-b920c6d2b4a8,Seahawks,SEA,Seattle,,2025-08-06T22:13:35.738066
b95a1464-5824-4816-8829-0a9f52644166,Charles Cross,,Charles,Cross,T,67.0,77,317.0,2000-11-25,"Laurel, MS, USA",4,Mississippi State,Laurel (MS),2022.0,1.0,,"{'id': '3d08af9e-c767-4f88-a7dc-b920c6d2b4a8', 'name': 'Seahawks', 'market': 'Seattle', 'alias': 'SEA', 'sr_id': 'sr:competitor:4430'}",ACT,,,3d08af9e-c767-4f88-a7dc-b920c6d2b4a8,Seahawks,SEA,Seattle,,2025-08-06T22:13:35.738070
ba950dc0-2638-11f0-959a-41d1ac9a5baa,J.R. Singleton,,J.R.,Singleton,NT,70.0,73,299.0,2002-02-13,"Gurnee, IL, USA",0,Iowa State,Warren Township (IL),,,,,ACT,,,3d08af9e-c767-4f88-a7dc-b920c6d2b4a8,Seahawks,SEA,Seattle,,2025-08-06T22:13:35.738074
c02b49d3-ddc1-4ffc-9f40-487199882fa5,Jarran Reed,,Jarran,Reed,NT,90.0,75,315.0,1992-12-16,"Goldsboro, NC, USA",10,Alabama,Goldsboro (NC),2016.0,2.0,,"{'id': '3d08af9e-c767-4f88-a7dc-b920c6d2b4a8', 'name': 'Seahawks', 'market': 'Seattle', 'alias': 'SEA', 'sr_id': 'sr:competitor:4430'}",ACT,,,3d08af9e-c767-4f88-a7dc-b920c6d2b4a8,Seahawks,SEA,Seattle,,2025-08-06T22:13:35.738078
c3c08060-eb74-11ed-aecd-85bc826ed43e,Brady Russell,,Brady,Russell,FB,38.0,75,250.0,1998-08-31,"Camp Pendleton, CA, USA",3,Colorado,Fossil Ridge (CO),,,,,ACT,,,3d08af9e-c767-4f88-a7dc-b920c6d2b4a8,Seahawks,SEA,Seattle,,2025-08-06T22:13:35.738081
d1f88078-0acd-4d6d-95f4-cf0c5bb7cb90,Tyrice Knight,,Tyrice,Knight,LB,48.0,72,233.0,2000-12-20,"Lakeland, FL, USA",2,UTEP,Lake Gibson (FL),2024.0,4.0,,"{'id': '3d08af9e-c767-4f88-a7dc-b920c6d2b4a8', 'name': 'Seahawks', 'market': 'Seattle', 'alias': 'SEA', 'sr_id': 'sr:competitor:4430'}",ACT,,,3d08af9e-c767-4f88-a7dc-b920c6d2b4a8,Seahawks,SEA,Seattle,,2025-08-06T22:13:35.738089
d31bfd09-b348-4b2b-ae39-7307f2c12ef8,Riq Woolen,,Riq,Woolen,CB,27.0,76,210.0,1999-05-02,"Fort Worth, TX, USA",4,UTSA,Arlington Heights (TX),2022.0,5.0,,"{'id': '3d08af9e-c767-4f88-a7dc-b920c6d2b4a8', 'name': 'Seahawks', 'market': 'Seattle', 'alias': 'SEA', 'sr_id': 'sr:competitor:4430'}",ACT,,,3d08af9e-c767-4f88-a7dc-b920c6d2b4a8,Seahawks,SEA,Seattle,,2025-08-06T22:13:35.738097
d3303ec0-35c1-11f0-9106-5d333e7a6e8f,Keydrain Calligan,,Keydrain,Calligan,CB,17.0,72,200.0,2001-12-04,"New Iberia, LA, USA",0,Southeastern Louisiana,Westgate (LA),,,,,ACT,,,3d08af9e-c767-4f88-a7dc-b920c6d2b4a8,Seahawks,SEA,Seattle,,2025-08-06T22:13:35.738101
d492db9f-35b8-45e9-9e32-acd5dd7d1f42,Jerrick Reed II,,Jerrick,Reed,FS,32.0,69,196.0,2000-08-07,"Olive Branch, MS, USA",3,New Mexico,Olive Branch (MS),2023.0,6.0,,"{'id': '3d08af9e-c767-4f88-a7dc-b920c6d2b4a8', 'name': 'Seahawks', 'market': 'Seattle', 'alias': 'SEA', 'sr_id': 'sr:competitor:4430'}",ACT,,,3d08af9e-c767-4f88-a7dc-b920c6d2b4a8,Seahawks,SEA,Seattle,,2025-08-06T22:13:35.738105
d7cd56ba-a624-4149-83d0-a2c66df65804,Byron Murphy II,,Byron,Murphy,DT,91.0,72,306.0,2002-09-08,"DeSoto, TX, USA",2,Texas,DeSoto (TX),2024.0,1.0,,"{'id': '3d08af9e-c767-4f88-a7dc-b920c6d2b4a8', 'name': 'Seahawks', 'market': 'Seattle', 'alias': 'SEA', 'sr_id': 'sr:competitor:4430'}",ACT,,,3d08af9e-c767-4f88-a7dc-b920c6d2b4a8,Seahawks,SEA,Seattle,,2025-08-06T22:13:35.738108
d86c8910-2631-11f0-86d3-951d8223bd3d,Isas Waxter,,Isas,Waxter,CB,36.0,73,205.0,2001-09-17,"Newark, NJ, USA",0,Villanova, Immaculate Conception (NJ),,,,,ACT,,,3d08af9e-c767-4f88-a7dc-b920c6d2b4a8,Seahawks,SEA,Seattle,,2025-08-06T22:13:35.738112
db576f31-0dbd-46c9-b978-d0d96b273048,Olu Oluwatimi,,Olu,Oluwatimi,C,55.0,75,309.0,1999-08-05,"Upper Marlboro, MD, USA",3,Michigan,DeMatha Catholic (MD),2023.0,5.0,,"{'id': '3d08af9e-c767-4f88-a7dc-b920c6d2b4a8', 'name': 'Seahawks', 'market': 'Seattle', 'alias': 'SEA', 'sr_id': 'sr:competitor:4430'}",ACT,,,3d08af9e-c767-4f88-a7dc-b920c6d2b4a8,Seahawks,SEA,Seattle,,2025-08-06T22:13:35.738116
dc9d65a1-f955-4ef4-9b36-807c3ec73821,Shemar Jean-Charles,,Shemar,Jean-Charles,CB,34.0,70,184.0,1998-06-20,"Miramar, FL, USA",5,Appalachian State,Miramar (FL),2021.0,5.0,,"{'id': 'a20471b4-a8d9-40c7-95ad-90cc30e46932', 'name': 'Packers', 'market': 'Green Bay', 'alias': 'GB', 'sr_id': 'sr:competitor:4420'}",ACT,,,3d08af9e-c767-4f88-a7dc-b920c6d2b4a8,Seahawks,SEA,Seattle,,2025-08-06T22:13:35.738120
dd7640e6-d81d-4605-b900-451bf40e5bd6,Shaquill Griffin,,Shaquill,Griffin,CB,24.0,72,198.0,1995-07-20,"St. Petersburg, FL, USA",9,UCF,Lakewood (FL),2017.0,3.0,,"{'id': '3d08af9e-c767-4f88-a7dc-b920c6d2b4a8', 'name': 'Seahawks', 'market': 'Seattle', 'alias': 'SEA', 'sr_id': 'sr:competitor:4430'}",ACT,,,3d08af9e-c767-4f88-a7dc-b920c6d2b4a8,Seahawks,SEA,Seattle,,2025-08-06T22:13:35.738124
ddfc3ea0-2507-11f0-be8f-f5c6930b3c52,Anthony Tyus III,,Anthony,Tyus,RB,35.0,73,226.0,,"Portage, MI, USA",0,Ohio,Portage Northern (MI),,,,,ACT,,,3d08af9e-c767-4f88-a7dc-b920c6d2b4a8,Seahawks,SEA,Seattle,,2025-08-06T22:13:35.738128
e066fb1c-e4a5-4e28-ac4c-172315545aa8,Sataoa Laumea,,Sataoa,Laumea,OG,63.0,76,319.0,2001-01-13,"Rialto, CA, USA",2,Utah,Eisenhower (CA),2024.0,6.0,,"{'id': '3d08af9e-c767-4f88-a7dc-b920c6d2b4a8', 'name': 'Seahawks', 'market': 'Seattle', 'alias': 'SEA', 'sr_id': 'sr:competitor:4430'}",ACT,,,3d08af9e-c767-4f88-a7dc-b920c6d2b4a8,Seahawks,SEA,Seattle,,2025-08-06T22:13:35.738132
e3de03f1-d749-4232-bf98-5ab9ba36df65,Coby Bryant,,Coby,Bryant,FS,8.0,73,193.0,1999-03-29,"Cleveland, OH, USA",4,Cincinnati,Glenville (OH),2022.0,4.0,,"{'id': '3d08af9e-c767-4f88-a7dc-b920c6d2b4a8', 'name': 'Seahawks', 'market': 'Seattle', 'alias': 'SEA', 'sr_id': 'sr:competitor:4430'}",ACT,,,3d08af9e-c767-4f88-a7dc-b920c6d2b4a8,Seahawks,SEA,Seattle,,2025-08-06T22:13:35.738136
e676e6be-88c7-4386-bf48-de8293cc3ba2,Mason Richman,,Mason,Richman,G,78.0,77,307.0,2002-05-07,"Leawood, KS, USA",0,Iowa,Blue Valley (KS),2025.0,7.0,,"{'id': '3d08af9e-c767-4f88-a7dc-b920c6d2b4a8', 'name': 'Seahawks', 'market': 'Seattle', 'alias': 'SEA', 'sr_id': 'sr:competitor:4430'}",ACT,,,3d08af9e-c767-4f88-a7dc-b920c6d2b4a8,Seahawks,SEA,Seattle,,2025-08-06T22:13:35.738140
ee85c1bf-ae4b-453d-bf86-c3359943a867,Michael Jerrell,,Michael,Jerrell,OT,65.0,77,309.0,1999-08-18,"Indianapolis, IN, USA",2,Findlay,Pike (IN),2024.0,6.0,,"{'id': '3d08af9e-c767-4f88-a7dc-b920c6d2b4a8', 'name': 'Seahawks', 'market': 'Seattle', 'alias': 'SEA', 'sr_id': 'sr:competitor:4430'}",ACT,,,3d08af9e-c767-4f88-a7dc-b920c6d2b4a8,Seahawks,SEA,Seattle,,2025-08-06T22:13:35.738152
f2e485f8-ba20-4c1c-b279-41dcdcb28d03,Ricky White III,,Ricky,White,WR,86.0,73,184.0,2002-02-06,"Marietta, GA, USA",0,UNLV,Marietta (GA),2025.0,7.0,,"{'id': '3d08af9e-c767-4f88-a7dc-b920c6d2b4a8', 'name': 'Seahawks', 'market': 'Seattle', 'alias': 'SEA', 'sr_id': 'sr:competitor:4430'}",ACT,,,3d08af9e-c767-4f88-a7dc-b920c6d2b4a8,Seahawks,SEA,Seattle,,2025-08-06T22:13:35.738156
fa026462-0615-4077-81e1-90daf1c5b8f9,Devon Witherspoon,,Devon,Witherspoon,CB,21.0,72,185.0,2000-12-11,"Pensacola, FL, USA",3,Illinois,Pine Forest (FL),2023.0,1.0,,"{'id': '3d08af9e-c767-4f88-a7dc-b920c6d2b4a8', 'name': 'Seahawks', 'market': 'Seattle', 'alias': 'SEA', 'sr_id': 'sr:competitor:4430'}",ACT,,,3d08af9e-c767-4f88-a7dc-b920c6d2b4a8,Seahawks,SEA,Seattle,,2025-08-06T22:13:35.738159
fc472cd5-1a00-4bd9-ab41-6eb7e50f0d21,Robbie Ouzts,,Robbie,Ouzts,FB,40.0,75,274.0,2002-09-06,"Rock Hill, SC, USA",0,Alabama,Rock Hill (SC),2025.0,5.0,,"{'id': '3d08af9e-c767-4f88-a7dc-b920c6d2b4a8', 'name': 'Seahawks', 'market': 'Seattle', 'alias': 'SEA', 'sr_id': 'sr:competitor:4430'}",ACT,,,3d08af9e-c767-4f88-a7dc-b920c6d2b4a8,Seahawks,SEA,Seattle,,2025-08-06T22:13:35.738163
04b3ee50-da8c-4917-a6fd-9d11d6d81887,Devin Harper,,Devin,Harper,LB,40.0,72,234.0,1998-05-13,"Knoxville, TN, USA",3,Oklahoma State,Karns (TN),2022.0,6.0,,"{'id': 'e627eec7-bbae-4fa4-8e73-8e1d6bc5c060', 'name': 'Cowboys', 'market': 'Dallas', 'alias': 'DAL', 'sr_id': 'sr:competitor:4392'}",ACT,,,cb2f9f1f-ac67-424e-9e72-1475cb0ed398,Steelers,PIT,Pittsburgh,,2025-08-06T22:13:37.263840
0c306d14-6fe6-4b4e-b87f-871c72441947,Christian Kuntz,,Christian,Kuntz,LS,46.0,73,228.0,1994-04-13,"Pittsburgh, PA, USA",5,Duquesne,Chartiers Valley (PA),,,,,ACT,,,cb2f9f1f-ac67-424e-9e72-1475cb0ed398,Steelers,PIT,Pittsburgh,,2025-08-06T22:13:37.263868
0cebc0e0-e8f2-11ed-9f33-c9e34717cc92,D'Shawn Jamison,,D'Shawn,Jamison,CB,17.0,69,186.0,1999-06-04,"New Orleans, LA, USA",2,Texas,Lamar (TX),,,,,ACT,,,cb2f9f1f-ac67-424e-9e72-1475cb0ed398,Steelers,PIT,Pittsburgh,,2025-08-06T22:13:37.263879
0ddeaae0-07e0-11ef-80bd-270c39f1ed76,Steven Jones,,Steven,Jones,G,79.0,77,340.0,2000-09-06,"Temecula, CA, USA",1,Oregon,Chaparall (CA),,,,,ACT,,,cb2f9f1f-ac67-424e-9e72-1475cb0ed398,Steelers,PIT,Pittsburgh,,2025-08-06T22:13:37.263884
0df44cfb-8dab-4fc1-8556-108505a4b428,Dean Lowry,,Dean,Lowry,DT,94.0,78,296.0,1994-06-09,"Rockford, IL, USA",10,Northwestern,Boylan Catholic (IL),2016.0,4.0,,"{'id': 'a20471b4-a8d9-40c7-95ad-90cc30e46932', 'name': 'Packers', 'market': 'Green Bay', 'alias': 'GB', 'sr_id': 'sr:competitor:4420'}",IR,,,cb2f9f1f-ac67-424e-9e72-1475cb0ed398,Steelers,PIT,Pittsburgh,,2025-08-06T22:13:37.263889
1105ae60-a4b6-4246-a77e-0849179b07b2,Chuck Clark,,Chuck,Clark,SAF,21.0,72,210.0,1995-04-19,"Suffolk, VA, USA",9,Virginia Tech,King's Fork (VA),2017.0,6.0,,"{'id': 'ebd87119-b331-4469-9ea6-d51fe3ce2f1c', 'name': 'Ravens', 'market': 'Baltimore', 'alias': 'BAL', 'sr_id': 'sr:competitor:4413'}",ACT,,,cb2f9f1f-ac67-424e-9e72-1475cb0ed398,Steelers,PIT,Pittsburgh,,2025-08-06T22:13:37.263895
11cb1f60-2519-11f0-8e0d-19c15eb22c2e,Ke'Shawn Williams,,Ke'Shawn,Williams,WR,85.0,69,188.0,,"Philadelphia, PA, USA",0,Indiana,Springside Chestnut Hill Academy (PA),,,,,ACT,,,cb2f9f1f-ac67-424e-9e72-1475cb0ed398,Steelers,PIT,Pittsburgh,,2025-08-06T22:13:37.263899
1edb3290-2518-11f0-972e-efd9d03db8c5,Roc Taylor,,Roc,Taylor,WR,89.0,73,213.0,2002-08-26,"Oxford, AL, USA",0,Memphis,Oxford (AL),,,,,ACT,,,cb2f9f1f-ac67-424e-9e72-1475cb0ed398,Steelers,PIT,Pittsburgh,,2025-08-06T22:13:37.263910
1fd56b66-3c11-4664-bb80-f0594f915923,Derrick Harmon,,Derrick,Harmon,DT,99.0,76,313.0,2003-08-03,"Detroit, MI, USA",0,Oregon,Loyola (MI),2025.0,1.0,,"{'id': 'cb2f9f1f-ac67-424e-9e72-1475cb0ed398', 'name': 'Steelers', 'market': 'Pittsburgh', 'alias': 'PIT', 'sr_id': 'sr:competitor:4345'}",ACT,,,cb2f9f1f-ac67-424e-9e72-1475cb0ed398,Steelers,PIT,Pittsburgh,,2025-08-06T22:13:37.263915
2743d973-5944-460c-b17c-b1e029b11af9,Jack Sawyer,,Jack,Sawyer,OLB,33.0,76,260.0,2002-05-06,"Pickerington, OH, USA",0,Ohio State,Pickerington North (OH),2025.0,4.0,,"{'id': 'cb2f9f1f-ac67-424e-9e72-1475cb0ed398', 'name': 'Steelers', 'market': 'Pittsburgh', 'alias': 'PIT', 'sr_id': 'sr:competitor:4345'}",ACT,,,cb2f9f1f-ac67-424e-9e72-1475cb0ed398,Steelers,PIT,Pittsburgh,,2025-08-06T22:13:37.263925
2c3ef101-5fa9-41d0-a0b1-32a1d27a1f69,Darius Slay,,Darius,Slay,CB,23.0,72,192.0,1991-01-01,"Brunswick, GA, USA",13,Mississippi State,Brunswick (GA),2013.0,2.0,,"{'id': 'c5a59daa-53a7-4de0-851f-fb12be893e9e', 'name': 'Lions', 'market': 'Detroit', 'alias': 'DET', 'sr_id': 'sr:competitor:4419'}",ACT,,,cb2f9f1f-ac67-424e-9e72-1475cb0ed398,Steelers,PIT,Pittsburgh,,2025-08-06T22:13:37.263930
2f31b19a-2e9c-4bb8-ae27-4cf0e61fbec5,Mark Robinson,,Mark,Robinson,LB,93.0,71,235.0,1999-08-14,"Leesburg, GA, USA",4,Ole Miss,Lee County (GA),2022.0,7.0,,"{'id': 'cb2f9f1f-ac67-424e-9e72-1475cb0ed398', 'name': 'Steelers', 'market': 'Pittsburgh', 'alias': 'PIT', 'sr_id': 'sr:competitor:4345'}",ACT,,,cb2f9f1f-ac67-424e-9e72-1475cb0ed398,Steelers,PIT,Pittsburgh,,2025-08-06T22:13:37.263944
3132d9fc-95bc-43a9-8449-df3c74d872e8,Logan Lee,,Logan,Lee,DT,91.0,77,286.0,2000-06-12,"Orion, IL, USA",2,Iowa,Orion (IL),2024.0,6.0,,"{'id': 'cb2f9f1f-ac67-424e-9e72-1475cb0ed398', 'name': 'Steelers', 'market': 'Pittsburgh', 'alias': 'PIT', 'sr_id': 'sr:competitor:4345'}",ACT,,,cb2f9f1f-ac67-424e-9e72-1475cb0ed398,Steelers,PIT,Pittsburgh,,2025-08-06T22:13:37.263950
32575119-3aca-47cb-aaaf-162c48b7d372,Malik Harrison,,Malik,Harrison,OLB,50.0,75,247.0,1998-03-05,"Columbus, OH, USA",6,Ohio State,Walnut Ridge (OH),2020.0,3.0,,"{'id': 'ebd87119-b331-4469-9ea6-d51fe3ce2f1c', 'name': 'Ravens', 'market': 'Baltimore', 'alias': 'BAL', 'sr_id': 'sr:competitor:4413'}",ACT,,,cb2f9f1f-ac67-424e-9e72-1475cb0ed398,Steelers,PIT,Pittsburgh,,2025-08-06T22:13:37.263955
32b2d6f6-a636-4d73-927c-361c1aa809f5,Corliss Waitman,,Corliss,Waitman,P,3.0,74,210.0,1995-07-21,"Milton, FL, USA",3,South Alabama,Milton (FL),,,,,ACT,,,cb2f9f1f-ac67-424e-9e72-1475cb0ed398,Steelers,PIT,Pittsburgh,,2025-08-06T22:13:37.263959
3bed5de0-2518-11f0-9751-4fbb65138ae1,DJ Thomas-Jones,,DJ,Thomas-Jones,FB,48.0,74,256.0,2002-07-06,"Mobile, AL, USA",0,South Alabama,Saraland (TX),,,,,ACT,,,cb2f9f1f-ac67-424e-9e72-1475cb0ed398,Steelers,PIT,Pittsburgh,,2025-08-06T22:13:37.263964
3f4025d1-5782-43e4-9f42-8eee2da66a95,Alex Highsmith,,Alex,Highsmith,LB,56.0,76,242.0,1997-08-07,"Wilmington, NC, USA",6,Charlotte,Eugene Ashley (NC),2020.0,3.0,,"{'id': 'cb2f9f1f-ac67-424e-9e72-1475cb0ed398', 'name': 'Steelers', 'market': 'Pittsburgh', 'alias': 'PIT', 'sr_id': 'sr:competitor:4345'}",ACT,,,cb2f9f1f-ac67-424e-9e72-1475cb0ed398,Steelers,PIT,Pittsburgh,,2025-08-06T22:13:37.263970
43563ab6-46b9-44d3-aaf2-bc1eb4d1f8d1,Roman Wilson,,Roman,Wilson,WR,10.0,70,186.0,2001-06-19,"Kihei, HI, USA",2,Michigan,Saint Louis (HI),2024.0,3.0,,"{'id': 'cb2f9f1f-ac67-424e-9e72-1475cb0ed398', 'name': 'Steelers', 'market': 'Pittsburgh', 'alias': 'PIT', 'sr_id': 'sr:competitor:4345'}",ACT,,,cb2f9f1f-ac67-424e-9e72-1475cb0ed398,Steelers,PIT,Pittsburgh,,2025-08-06T22:13:37.263975
447db942-40e8-4bb3-9710-b12cfaaafb46,Isaac Seumalo,,Isaac,Seumalo,G,73.0,76,303.0,1993-10-29,"Corvallis, OR, USA",10,Oregon State,Corvallis (OR),2016.0,3.0,,"{'id': '386bdbf9-9eea-4869-bb9a-274b0bc66e80', 'name': 'Eagles', 'market': 'Philadelphia', 'alias': 'PHI', 'sr_id': 'sr:competitor:4428'}",ACT,,,cb2f9f1f-ac67-424e-9e72-1475cb0ed398,Steelers,PIT,Pittsburgh,,2025-08-06T22:13:37.263991
484d7010-2519-11f0-8e0d-19c15eb22c2e,Aiden Williams,,Aiden,Williams,OG,71.0,77,314.0,,"Anchorage, AK, USA",0,Minnesota Duluth,East Anchorage (AK),,,,,ACT,,,cb2f9f1f-ac67-424e-9e72-1475cb0ed398,Steelers,PIT,Pittsburgh,,2025-08-06T22:13:37.263995
4dfa4c10-2517-11f0-9914-05a19d52ff89,JJ Galbreath,,JJ,Galbreath,TE,87.0,76,240.0,,"Arvada, CO, USA",0,South Dakota,Ralston Valley (CO),,,,,ACT,,,cb2f9f1f-ac67-424e-9e72-1475cb0ed398,Steelers,PIT,Pittsburgh,,2025-08-06T22:13:37.264000
4fb63a10-ff6e-42f4-8939-900a85a25cc2,Nick Broeker,,Nick,Broeker,G,61.0,77,305.0,2000-10-07,"Springfield, IL, USA",3,Ole Miss,Scared Heart-Griffin (IL),2023.0,7.0,,"{'id': '768c92aa-75ff-4a43-bcc0-f2798c2e1724', 'name': 'Bills', 'market': 'Buffalo', 'alias': 'BUF', 'sr_id': 'sr:competitor:4376'}",ACT,,,cb2f9f1f-ac67-424e-9e72-1475cb0ed398,Steelers,PIT,Pittsburgh,,2025-08-06T22:13:37.264009
55998ec0-4d69-4d14-a2f4-cf72de36e998,Daniel Ekuale,,Daniel,Ekuale,DT,96.0,75,300.0,1994-01-13,"Pago Pago,, ASM",7,Washington State,Nuuuli Poly Tech (ASM),,,,,ACT,,,cb2f9f1f-ac67-424e-9e72-1475cb0ed398,Steelers,PIT,Pittsburgh,,2025-08-06T22:13:37.264017
57adb660-d3e0-11ec-8afa-57d9afd0ecba,Dylan Cook,,Dylan,Cook,OT,60.0,78,305.0,1998-01-11,"Butte, MT, USA",3,Montana,Butte (MT),,,,,ACT,,,cb2f9f1f-ac67-424e-9e72-1475cb0ed398,Steelers,PIT,Pittsburgh,,2025-08-06T22:13:37.264021
59b7b521-a0be-4ee5-8809-362601c2c80e,Nick Herbig,,Nick,Herbig,LB,51.0,74,240.0,2001-11-21,"Kauai, HI, USA",3,Wisconsin,Saint Louis School (HI),2023.0,4.0,,"{'id': 'cb2f9f1f-ac67-424e-9e72-1475cb0ed398', 'name': 'Steelers', 'market': 'Pittsburgh', 'alias': 'PIT', 'sr_id': 'sr:competitor:4345'}",ACT,,,cb2f9f1f-ac67-424e-9e72-1475cb0ed398,Steelers,PIT,Pittsburgh,,2025-08-06T22:13:37.264026
5d19be5f-da33-4d86-b910-06e4ccd7f0c7,Carson Bruener,,Carson,Bruener,LB,44.0,73,227.0,2001-06-05,"Woodinville, WA, USA",0,Washington,Redmond (WA),2025.0,7.0,,"{'id': 'cb2f9f1f-ac67-424e-9e72-1475cb0ed398', 'name': 'Steelers', 'market': 'Pittsburgh', 'alias': 'PIT', 'sr_id': 'sr:competitor:4345'}",ACT,,,cb2f9f1f-ac67-424e-9e72-1475cb0ed398,Steelers,PIT,Pittsburgh,,2025-08-06T22:13:37.264035
62c362b0-0571-11ef-be40-03add12f186d,Kyler Baugh,,Kyler,Baugh,DT,65.0,74,305.0,2001-11-28,"Talihina, OK, USA",1,Minnesota,Talihina (OK),,,,,ACT,,,cb2f9f1f-ac67-424e-9e72-1475cb0ed398,Steelers,PIT,Pittsburgh,,2025-08-06T22:13:37.264044
6646a5d5-9d75-4ba8-a4f9-05ba3b639095,Troy Fautanu,,Troy,Fautanu,OT,76.0,76,317.0,2000-10-11,"Henderson, NV, USA",2,Washington,Liberty (NV),2024.0,1.0,,"{'id': 'cb2f9f1f-ac67-424e-9e72-1475cb0ed398', 'name': 'Steelers', 'market': 'Pittsburgh', 'alias': 'PIT', 'sr_id': 'sr:competitor:4345'}",ACT,,,cb2f9f1f-ac67-424e-9e72-1475cb0ed398,Steelers,PIT,Pittsburgh,,2025-08-06T22:13:37.264054
668cf263-300b-4ec1-a221-e4756daf892a,Cory Trice Jr.,,Cory,Trice,CB,27.0,75,206.0,2000-05-30,"Hopkinsville, KY, USA",3,Purdue,Christian County (KY),2023.0,7.0,,"{'id': 'cb2f9f1f-ac67-424e-9e72-1475cb0ed398', 'name': 'Steelers', 'market': 'Pittsburgh', 'alias': 'PIT', 'sr_id': 'sr:competitor:4345'}",ACT,,,cb2f9f1f-ac67-424e-9e72-1475cb0ed398,Steelers,PIT,Pittsburgh,,2025-08-06T22:13:37.264059
67e5566c-73df-43b7-80ae-3d50d68ac189,Calvin Anderson,,Calvin,Anderson,OT,67.0,77,300.0,1996-03-25,"Philadelphia, PA, USA",7,Texas,Westlake (TX),,,,,ACT,,,cb2f9f1f-ac67-424e-9e72-1475cb0ed398,Steelers,PIT,Pittsburgh,,2025-08-06T22:13:37.264063
6a7047a5-52ab-4e2d-8ab0-6d27b6930822,Payton Wilson,,Payton,Wilson,LB,41.0,76,242.0,2000-04-21,"Hillsborough, NC, USA",2,North Carolina State,Orange (NC),2024.0,3.0,,"{'id': 'cb2f9f1f-ac67-424e-9e72-1475cb0ed398', 'name': 'Steelers', 'market': 'Pittsburgh', 'alias': 'PIT', 'sr_id': 'sr:competitor:4345'}",ACT,,,cb2f9f1f-ac67-424e-9e72-1475cb0ed398,Steelers,PIT,Pittsburgh,,2025-08-06T22:13:37.264067
72e4032d-8d7b-484f-95a2-a73fbb2c67f4,Lew Nichols,,Lew,Nichols,RB,35.0,70,220.0,2001-08-16,"Detroit, MI, USA",1,Central Michigan,Cass Tech (MI),2023.0,7.0,,"{'id': 'a20471b4-a8d9-40c7-95ad-90cc30e46932', 'name': 'Packers', 'market': 'Green Bay', 'alias': 'GB', 'sr_id': 'sr:competitor:4420'}",ACT,,,cb2f9f1f-ac67-424e-9e72-1475cb0ed398,Steelers,PIT,Pittsburgh,,2025-08-06T22:13:37.264076
73a48430-e851-11ed-ae67-87c213631bb9,Quindell Johnson,,Quindell,Johnson,SAF,35.0,72,208.0,1999-11-05,"New Orleans, LA, USA",2,Memphis,Edna Karr (LA),,,,,ACT,,,cb2f9f1f-ac67-424e-9e72-1475cb0ed398,Steelers,PIT,Pittsburgh,,2025-08-06T22:13:37.264080
73ec5a10-dd68-448e-938f-25021cbc3004,Juan Thornhill,,Juan,Thornhill,SAF,22.0,72,205.0,1995-10-19,"Altavista, VA, USA",7,Virginia,Altavista (VA),2019.0,2.0,,"{'id': '6680d28d-d4d2-49f6-aace-5292d3ec02c2', 'name': 'Chiefs', 'market': 'Kansas City', 'alias': 'KC', 'sr_id': 'sr:competitor:4422'}",ACT,,,cb2f9f1f-ac67-424e-9e72-1475cb0ed398,Steelers,PIT,Pittsburgh,,2025-08-06T22:13:37.264085
7437d320-04fc-11ef-a6a9-d95fe6d28f6d,Julius Welschof,,Julius,Welschof,LB,45.0,78,265.0,1997-03-12,"Miesbach,, DEU",1,Charlotte,FOS Altoetting (DEU),,,,,ACT,,,cb2f9f1f-ac67-424e-9e72-1475cb0ed398,Steelers,PIT,Pittsburgh,,2025-08-06T22:13:37.264089
83128a20-392f-4ca7-878e-689c6e6dfbfc,DeShon Elliott,,DeShon,Elliott,SAF,25.0,72,210.0,1997-04-21,"Dallas, TX, USA",8,Texas,Rockwall-Heath (TX),2018.0,6.0,,"{'id': 'ebd87119-b331-4469-9ea6-d51fe3ce2f1c', 'name': 'Ravens', 'market': 'Baltimore', 'alias': 'BAL', 'sr_id': 'sr:competitor:4413'}",ACT,,,cb2f9f1f-ac67-424e-9e72-1475cb0ed398,Steelers,PIT,Pittsburgh,,2025-08-06T22:13:37.264107
85e18d5f-8a3f-4b6c-88fe-dfdaaed5554e,Scotty Miller,,Scotty,Miller,WR,13.0,69,174.0,1997-07-31,"Barrington, IL, USA",7,Bowling Green,Barrington (IL),2019.0,6.0,,"{'id': '4254d319-1bc7-4f81-b4ab-b5e6f3402b69', 'name': 'Buccaneers', 'market': 'Tampa Bay', 'alias': 'TB', 'sr_id': 'sr:competitor:4388'}",ACT,,,cb2f9f1f-ac67-424e-9e72-1475cb0ed398,Steelers,PIT,Pittsburgh,,2025-08-06T22:13:37.264112
87d18965-9526-474f-8657-4fe8c3f5c8a2,Donte Kent,,Donte,Kent,CB,34.0,70,189.0,2001-09-28,"Harrisburg, PA, USA",0,Central Michigan,Harrisburg (PA),2025.0,7.0,,"{'id': 'cb2f9f1f-ac67-424e-9e72-1475cb0ed398', 'name': 'Steelers', 'market': 'Pittsburgh', 'alias': 'PIT', 'sr_id': 'sr:competitor:4345'}",ACT,,,cb2f9f1f-ac67-424e-9e72-1475cb0ed398,Steelers,PIT,Pittsburgh,,2025-08-06T22:13:37.264117
9331aafb-e40a-4b33-8f8c-d2c1fb798782,Yahya Black,,Yahya,Black,DE,78.0,77,336.0,2002-04-21,"Marshall, MN, USA",0,Iowa,Marshall (MN),2025.0,5.0,,"{'id': 'cb2f9f1f-ac67-424e-9e72-1475cb0ed398', 'name': 'Steelers', 'market': 'Pittsburgh', 'alias': 'PIT', 'sr_id': 'sr:competitor:4345'}",ACT,,,cb2f9f1f-ac67-424e-9e72-1475cb0ed398,Steelers,PIT,Pittsburgh,,2025-08-06T22:13:37.264121
934ec3f0-4418-11ed-a384-4356501847df,Tucker Addington,,Tucker,Addington,LS,45.0,74,230.0,1997-07-16,"New Braunfels, TX, USA",1,Sam Houston,Canyon (TX),,,,,ACT,,,cb2f9f1f-ac67-424e-9e72-1475cb0ed398,Steelers,PIT,Pittsburgh,,2025-08-06T22:13:37.264125
95406050-0588-11ef-9420-39de280bb728,Doug Nester,,Doug,Nester,OG,72.0,78,306.0,2000-08-07,"Kenova, WV, USA",1,West Virginia,Spring Valley (WV),,,,,ACT,,,cb2f9f1f-ac67-424e-9e72-1475cb0ed398,Steelers,PIT,Pittsburgh,,2025-08-06T22:13:37.264129
9738de9a-7626-460f-a786-28433ef70a1f,Kaleb Johnson,,Kaleb,Johnson,RB,20.0,73,224.0,2003-08-14,"Cincinnati, OH, USA",0,Iowa,Hamilton (OH),2025.0,3.0,,"{'id': 'cb2f9f1f-ac67-424e-9e72-1475cb0ed398', 'name': 'Steelers', 'market': 'Pittsburgh', 'alias': 'PIT', 'sr_id': 'sr:competitor:4345'}",ACT,,,cb2f9f1f-ac67-424e-9e72-1475cb0ed398,Steelers,PIT,Pittsburgh,,2025-08-06T22:13:37.264134
9779acc7-ed88-4a16-b78d-230ace9ec3eb,Cameron Heyward,,Cameron,Heyward,DT,97.0,77,295.0,1989-05-06,"Pittsburgh, PA, USA",15,Ohio State,Peachtree Ridge (GA),2011.0,1.0,,"{'id': 'cb2f9f1f-ac67-424e-9e72-1475cb0ed398', 'name': 'Steelers', 'market': 'Pittsburgh', 'alias': 'PIT', 'sr_id': 'sr:competitor:4345'}",ACT,,,cb2f9f1f-ac67-424e-9e72-1475cb0ed398,Steelers,PIT,Pittsburgh,,2025-08-06T22:13:37.264138
9fd22aa3-6cb6-4bae-af1b-cc0ba0511e08,Keeanu Benton,,Keeanu,Benton,DL,95.0,76,309.0,2001-07-17,"Janesville, WI, USA",3,Wisconsin,Joseph A. Craig (WI),2023.0,2.0,,"{'id': 'cb2f9f1f-ac67-424e-9e72-1475cb0ed398', 'name': 'Steelers', 'market': 'Pittsburgh', 'alias': 'PIT', 'sr_id': 'sr:competitor:4345'}",ACT,,,cb2f9f1f-ac67-424e-9e72-1475cb0ed398,Steelers,PIT,Pittsburgh,,2025-08-06T22:13:37.264143
a8233d9b-6384-4220-9cf3-25158e942d70,Ryan McCollum,,Ryan,McCollum,C,62.0,77,300.0,1998-03-04,"Spring, TX, USA",3,Texas A&M,Klein Oak (TX),,,,,ACT,,,cb2f9f1f-ac67-424e-9e72-1475cb0ed398,Steelers,PIT,Pittsburgh,,2025-08-06T22:13:37.264147
ab7a4eef-8591-448d-ad78-02b21a38504e,Zach Frazier,,Zach,Frazier,C,54.0,75,310.0,2001-08-29,"Fairmont, WV, USA",2,West Virginia,Fairmont Senior (WV),2024.0,2.0,,"{'id': 'cb2f9f1f-ac67-424e-9e72-1475cb0ed398', 'name': 'Steelers', 'market': 'Pittsburgh', 'alias': 'PIT', 'sr_id': 'sr:competitor:4345'}",ACT,,,cb2f9f1f-ac67-424e-9e72-1475cb0ed398,Steelers,PIT,Pittsburgh,,2025-08-06T22:13:37.264156
aef368e0-2ea3-11f0-a7d4-3fe74efaffcc,Gareth Warren,,Gareth,Warren,OT,78.0,78,333.0,,"Kailua-Kona, HI, USA",0,Lindenwood,Kealakehe (HI),,,,,ACT,,,cb2f9f1f-ac67-424e-9e72-1475cb0ed398,Steelers,PIT,Pittsburgh,,2025-08-06T22:13:37.264160
b358687b-d7f8-4c9b-bdd7-fe5d3b431fc1,Spencer Anderson,,Spencer,Anderson,OL,74.0,77,305.0,2000-06-07,"Bowie, MD, USA",3,Maryland,Bishop McNamara (MD),2023.0,7.0,,"{'id': 'cb2f9f1f-ac67-424e-9e72-1475cb0ed398', 'name': 'Steelers', 'market': 'Pittsburgh', 'alias': 'PIT', 'sr_id': 'sr:competitor:4345'}",ACT,,,cb2f9f1f-ac67-424e-9e72-1475cb0ed398,Steelers,PIT,Pittsburgh,,2025-08-06T22:13:37.264164
b4065c2b-1b40-4497-af11-f36fd9454d61,Domenique Davis,,Domenique,Davis,DT,69.0,74,326.0,1996-02-28,"Laurinburg, NC, USA",1,UNC Pembroke,Scotland County (NC),,,,,ACT,,,cb2f9f1f-ac67-424e-9e72-1475cb0ed398,Steelers,PIT,Pittsburgh,,2025-08-06T22:13:37.264168
b8708350-2307-11f0-b5cd-e3ccdf0c825a,Daryl Porter Jr.,,Daryl,Porter,DB,39.0,70,185.0,,"Fort Lauderdale, FL, USA",0,Miami (FL),American Heritage (FL),,,,,ACT,,,cb2f9f1f-ac67-424e-9e72-1475cb0ed398,Steelers,PIT,Pittsburgh,,2025-08-06T22:13:37.264177
b8a1b579-3a7e-4858-960b-fbfaca8de613,Will Howard,,Will,Howard,QB,18.0,76,236.0,2001-09-24,"Downingtown, PA, USA",0,Ohio State,Downingtown (PA),2025.0,6.0,,"{'id': 'cb2f9f1f-ac67-424e-9e72-1475cb0ed398', 'name': 'Steelers', 'market': 'Pittsburgh', 'alias': 'PIT', 'sr_id': 'sr:competitor:4345'}",ACT,,,cb2f9f1f-ac67-424e-9e72-1475cb0ed398,Steelers,PIT,Pittsburgh,,2025-08-06T22:13:37.264181
bb5156b6-adca-425c-b336-54507cdd0cf8,Max Scharping,,Max,Scharping,G,64.0,78,327.0,1996-08-10,"Green Bay, WI, USA",7,Northern Illinois,Green Bay Southwest (WI),2019.0,2.0,,"{'id': '82d2d380-3834-4938-835f-aec541e5ece7', 'name': 'Texans', 'market': 'Houston', 'alias': 'HOU', 'sr_id': 'sr:competitor:4324'}",ACT,,,cb2f9f1f-ac67-424e-9e72-1475cb0ed398,Steelers,PIT,Pittsburgh,,2025-08-06T22:13:37.264185
bc4c0c7d-a6f4-4cff-95ec-a4d0523c2232,Patrick Queen,,Patrick,Queen,LB,6.0,72,232.0,1999-08-13,"Ventress, LA, USA",6,LSU,Livonia (LA),2020.0,1.0,,"{'id': 'ebd87119-b331-4469-9ea6-d51fe3ce2f1c', 'name': 'Ravens', 'market': 'Baltimore', 'alias': 'BAL', 'sr_id': 'sr:competitor:4413'}",ACT,,,cb2f9f1f-ac67-424e-9e72-1475cb0ed398,Steelers,PIT,Pittsburgh,,2025-08-06T22:13:37.264190
c20acbf0-04f9-11ef-8561-b171b26383e5,Beanie Bishop Jr.,,Beanie,Bishop,CB,31.0,69,182.0,1999-12-17,"Louisville, KY, USA",2,West Virginia,Pleasure Ridge (KY),,,,,ACT,,,cb2f9f1f-ac67-424e-9e72-1475cb0ed398,Steelers,PIT,Pittsburgh,,2025-08-06T22:13:37.264199
c727b9d9-9776-415d-953c-9ae046e10a05,Cole Holcomb,,Cole,Holcomb,LB,55.0,73,240.0,1996-07-30,"New Smyrna Beach, FL, USA",7,North Carolina,New Smyrna Beach (FL),2019.0,5.0,,"{'id': '22052ff7-c065-42ee-bc8f-c4691c50e624', 'name': 'Commanders', 'market': 'Washington', 'alias': 'WAS', 'sr_id': 'sr:competitor:4432'}",ACT,,,cb2f9f1f-ac67-424e-9e72-1475cb0ed398,Steelers,PIT,Pittsburgh,,2025-08-06T22:13:37.264203
ca53fda9-d20a-4bc7-b8dc-deef28355399,Jalen Ramsey,,Jalen,Ramsey,CB,5.0,73,211.0,1994-10-24,"Smyrna, TN, USA",10,Florida State,Brentwood Academy (TN),2016.0,1.0,,"{'id': 'f7ddd7fa-0bae-4f90-bc8e-669e4d6cf2de', 'name': 'Jaguars', 'market': 'Jacksonville', 'alias': 'JAC', 'sr_id': 'sr:competitor:4386'}",ACT,,,cb2f9f1f-ac67-424e-9e72-1475cb0ed398,Steelers,PIT,Pittsburgh,,2025-08-06T22:13:37.264208
d0d3ec70-2f64-11f0-b6b1-59c4a0e5b23c,Max Hurleman,,Max,Hurleman,RB,34.0,71,200.0,,"Wyomissing, PA, USA",0,Notre Dame,Wyomissing (PA),,,,,ACT,,,cb2f9f1f-ac67-424e-9e72-1475cb0ed398,Steelers,PIT,Pittsburgh,,2025-08-06T22:13:37.264211
d771b360-ec5d-11ed-b990-f9ecab1eae94,Eku Leota,,Eku,Leota,LB,53.0,76,257.0,1999-05-11,"Asheville, NC, USA",2,Auburn,Asheville (NC),,,,,ACT,,,cb2f9f1f-ac67-424e-9e72-1475cb0ed398,Steelers,PIT,Pittsburgh,,2025-08-06T22:13:37.264219
d96e572c-239f-4d88-8efa-282e8ace9e78,Broderick Jones,,Broderick,Jones,OT,77.0,77,311.0,2001-05-16,"Atlanta, GA, USA",3,Georgia,Lithonia (GA),2023.0,1.0,,"{'id': 'cb2f9f1f-ac67-424e-9e72-1475cb0ed398', 'name': 'Steelers', 'market': 'Pittsburgh', 'alias': 'PIT', 'sr_id': 'sr:competitor:4345'}",ACT,,,cb2f9f1f-ac67-424e-9e72-1475cb0ed398,Steelers,PIT,Pittsburgh,,2025-08-06T22:13:37.264227
e14b2d9f-0b10-41c6-99ae-ce918a2838be,Mason McCormick,,Mason,McCormick,G,66.0,77,315.0,2000-05-25,"Sioux Falls, SD, USA",2,South Dakota State,Roosevelt (SD),2024.0,4.0,,"{'id': 'cb2f9f1f-ac67-424e-9e72-1475cb0ed398', 'name': 'Steelers', 'market': 'Pittsburgh', 'alias': 'PIT', 'sr_id': 'sr:competitor:4345'}",ACT,,,cb2f9f1f-ac67-424e-9e72-1475cb0ed398,Steelers,PIT,Pittsburgh,,2025-08-06T22:13:37.264232
e1e303e9-062e-429c-a52b-23f88d9dc725,Esezi Otomewo,,Esezi,Otomewo,DE,72.0,77,282.0,1999-03-09,"Indianapolis, IN, USA",3,Minnesota,Ben Davis (IN),2022.0,5.0,,"{'id': '33405046-04ee-4058-a950-d606f8c30852', 'name': 'Vikings', 'market': 'Minnesota', 'alias': 'MIN', 'sr_id': 'sr:competitor:4423'}",ACT,,,cb2f9f1f-ac67-424e-9e72-1475cb0ed398,Steelers,PIT,Pittsburgh,,2025-08-06T22:13:37.264237
e2cd3b50-d3f2-11ec-befa-d934fa9cf701,Kyler McMichael,,Kyler,McMichael,DB,37.0,72,210.0,2000-03-22,"Atlanta, GA, USA",2,North Carolina,Greater Atlanta Christian (GA),,,,,ACT,,,cb2f9f1f-ac67-424e-9e72-1475cb0ed398,Steelers,PIT,Pittsburgh,,2025-08-06T22:13:37.264245
e3914d23-2eef-4e76-b27a-1a5919bd69bd,DeMarvin Leal,,DeMarvin,Leal,DE,98.0,76,290.0,2000-07-01,"San Antonio, TX, USA",4,Texas A&M,Judson (TX),2022.0,3.0,,"{'id': 'cb2f9f1f-ac67-424e-9e72-1475cb0ed398', 'name': 'Steelers', 'market': 'Pittsburgh', 'alias': 'PIT', 'sr_id': 'sr:competitor:4345'}",ACT,,,cb2f9f1f-ac67-424e-9e72-1475cb0ed398,Steelers,PIT,Pittsburgh,,2025-08-06T22:13:37.264249
e735b2ad-8c89-450b-8241-3f602016b897,Breiden Fehoko,,Breiden,Fehoko,NT,79.0,75,300.0,1996-10-15,"Honolulu, HI, USA",4,LSU,Farrington (HI),,,,,ACT,,,cb2f9f1f-ac67-424e-9e72-1475cb0ed398,Steelers,PIT,Pittsburgh,,2025-08-06T22:13:37.264258
f340201b-a1b1-43ba-a47a-484a44334553,T.J. Watt,,T.J.,Watt,LB,90.0,76,252.0,1994-10-11,"Pewaukee, WI, USA",9,Wisconsin,Pewaukee (WI),2017.0,1.0,,"{'id': 'cb2f9f1f-ac67-424e-9e72-1475cb0ed398', 'name': 'Steelers', 'market': 'Pittsburgh', 'alias': 'PIT', 'sr_id': 'sr:competitor:4345'}",ACT,,,cb2f9f1f-ac67-424e-9e72-1475cb0ed398,Steelers,PIT,Pittsburgh,,2025-08-06T22:13:37.264262
f38fa130-2516-11f0-861c-af2c02a86775,Sebastian Castro,,Sebastian,Castro,SAF,29.0,71,203.0,2000-10-14,"Oak Lawn, IL, USA",0,Iowa,Richards (IL),,,,,ACT,,,cb2f9f1f-ac67-424e-9e72-1475cb0ed398,Steelers,PIT,Pittsburgh,,2025-08-06T22:13:37.264266
f5bbf200-e856-11ed-813f-dd2e52d611f2,Cameron McCutcheon,,Cameron,McCutcheon,DB,38.0,73,204.0,2000-04-03,"Seneca, SC, USA",1,Western Carolina,Seneca (SC),,,,,ACT,,,cb2f9f1f-ac67-424e-9e72-1475cb0ed398,Steelers,PIT,Pittsburgh,,2025-08-06T22:13:37.264270
f8a149d0-2570-11f0-944c-8734ea1b6f77,Ben Sauls,,Ben,Sauls,K,29.0,69,182.0,2001-07-31,"Tipp City, OH, USA",0,Pittsburgh,Tippecanoe (OH),,,,,ACT,,,cb2f9f1f-ac67-424e-9e72-1475cb0ed398,Steelers,PIT,Pittsburgh,,2025-08-06T22:13:37.264274
fbc596af-8abd-466f-9c01-7a38d11eb7a4,Joey Porter Jr.,,Joey,Porter,CB,24.0,74,193.0,2000-07-26,"Bakersfield, CA, USA",3,Penn State,North Allegheny (PA),2023.0,2.0,,"{'id': 'cb2f9f1f-ac67-424e-9e72-1475cb0ed398', 'name': 'Steelers', 'market': 'Pittsburgh', 'alias': 'PIT', 'sr_id': 'sr:competitor:4345'}",ACT,,,cb2f9f1f-ac67-424e-9e72-1475cb0ed398,Steelers,PIT,Pittsburgh,,2025-08-06T22:13:37.264282
ff28a5cc-3780-4f94-8c40-d713ff75cd0d,Isaiahh Loudermilk,,Isaiahh,Loudermilk,DT,92.0,79,293.0,1997-10-10,"Howard, KS, USA",5,Wisconsin,Elk Valley (KS),2021.0,5.0,,"{'id': 'cb2f9f1f-ac67-424e-9e72-1475cb0ed398', 'name': 'Steelers', 'market': 'Pittsburgh', 'alias': 'PIT', 'sr_id': 'sr:competitor:4345'}",ACT,,,cb2f9f1f-ac67-424e-9e72-1475cb0ed398,Steelers,PIT,Pittsburgh,,2025-08-06T22:13:37.264286
173831a7-d33d-4d2a-8dd9-4e36182e23cc,Trent Brown,,Trent,Brown,OT,77.0,80,380.0,1993-04-13,"Albany, GA, USA",11,Florida,Westover (GA),2015.0,7.0,,"{'id': 'f0e724b0-4cbf-495a-be47-013907608da9', 'name': '49ers', 'market': 'San Francisco', 'alias': 'SF', 'sr_id': 'sr:competitor:4389'}",PUP,,,82d2d380-3834-4938-835f-aec541e5ece7,Texans,HOU,Houston,,2025-08-06T22:13:50.250784
1b8414b5-3db8-4e89-8bcc-7ac7f7d0b931,Jimmie Ward,,Jimmie,Ward,SAF,20.0,71,193.0,1991-07-18,"Mobile, AL, USA",12,Northern Illinois,Davidson (AL),2014.0,1.0,,"{'id': 'f0e724b0-4cbf-495a-be47-013907608da9', 'name': '49ers', 'market': 'San Francisco', 'alias': 'SF', 'sr_id': 'sr:competitor:4389'}",PUP,,,82d2d380-3834-4938-835f-aec541e5ece7,Texans,HOU,Houston,,2025-08-06T22:13:50.250795
203b60aa-cb94-499c-a4ca-d3c6b94dddc4,Ka'imi Fairbairn,,Ka'imi,Fairbairn,K,15.0,72,183.0,1994-01-29,"Kailua, HI, USA",10,UCLA,Honolulu Punahou (HI),,,,,ACT,,,82d2d380-3834-4938-835f-aec541e5ece7,Texans,HOU,Houston,,2025-08-06T22:13:50.250799
21441b4b-dd79-4845-93d6-725ca427d6fb,Kyonte Hamilton,,Kyonte,Hamilton,DT,58.0,76,304.0,,"District Heights, MD, USA",0,Rutgers,Georgetown (MD),2025.0,7.0,,"{'id': '82d2d380-3834-4938-835f-aec541e5ece7', 'name': 'Texans', 'market': 'Houston', 'alias': 'HOU', 'sr_id': 'sr:competitor:4324'}",IR,,,82d2d380-3834-4938-835f-aec541e5ece7,Texans,HOU,Houston,,2025-08-06T22:13:50.250804
24c5de40-c01b-11ec-9c0b-736677fe34f9,Haggai Ndubuisi,,Haggai,Ndubuisi,DT,64.0,78,298.0,2000-10-15,"Lagos,, NGA",1,,,,,,,PRA,,,82d2d380-3834-4938-835f-aec541e5ece7,Texans,HOU,Houston,,2025-08-06T22:13:50.250808
2d74a108-2b17-4db3-8ef1-0c2e845b414e,Derek Barnett,,Derek,Barnett,DE,95.0,75,259.0,1996-06-25,"Nashville, TN, USA",9,Tennessee,Brentwood Academy (TN),2017.0,1.0,,"{'id': '386bdbf9-9eea-4869-bb9a-274b0bc66e80', 'name': 'Eagles', 'market': 'Philadelphia', 'alias': 'PHI', 'sr_id': 'sr:competitor:4428'}",PUP,,,82d2d380-3834-4938-835f-aec541e5ece7,Texans,HOU,Houston,,2025-08-06T22:13:50.250822
382fa142-6856-40e8-944f-3445321919ce,Juice Scruggs,,Juice,Scruggs,OL,70.0,75,310.0,2000-01-19,"Ashtabula, OH, USA",3,Penn State,Cathedral Prep (PA),2023.0,2.0,,"{'id': '82d2d380-3834-4938-835f-aec541e5ece7', 'name': 'Texans', 'market': 'Houston', 'alias': 'HOU', 'sr_id': 'sr:competitor:4324'}",ACT,,,82d2d380-3834-4938-835f-aec541e5ece7,Texans,HOU,Houston,,2025-08-06T22:13:50.250835
3b1227f6-05c9-421f-a2c1-4c8f1368b80b,Sheldon Rankins,,Sheldon,Rankins,DT,90.0,74,305.0,1994-04-02,"Covington, GA, USA",10,Louisville,Eastside (GA),2016.0,1.0,,"{'id': '0d855753-ea21-4953-89f9-0e20aff9eb73', 'name': 'Saints', 'market': 'New Orleans', 'alias': 'NO', 'sr_id': 'sr:competitor:4425'}",ACT,,,82d2d380-3834-4938-835f-aec541e5ece7,Texans,HOU,Houston,,2025-08-06T22:13:50.250839
3f0926f7-103e-44d5-85f0-e53ec48fe452,D'Angelo Ross,,D'Angelo,Ross,CB,37.0,69,190.0,1996-10-29,"La Puente, CA, USA",4,New Mexico,South Hills (CA),,,,,ACT,,,82d2d380-3834-4938-835f-aec541e5ece7,Texans,HOU,Houston,,2025-08-06T22:13:50.250851
406bf2c6-87af-4a33-a6d5-eae9f8be758a,Zach Thomas,,Zach,Thomas,OT,78.0,77,308.0,1998-05-26,"Carlsbad, CA, USA",4,San Diego State,Carlsbad (CA),2022.0,6.0,,"{'id': '7b112545-38e6-483c-a55c-96cf6ee49cb8', 'name': 'Bears', 'market': 'Chicago', 'alias': 'CHI', 'sr_id': 'sr:competitor:4391'}",ACT,,,82d2d380-3834-4938-835f-aec541e5ece7,Texans,HOU,Houston,,2025-08-06T22:13:50.250856
4842ee80-07d1-11ef-977b-d7c6de486031,Kedon Slovis,,Kedon,Slovis,QB,16.0,74,223.0,2001-04-11,"Scottsdale, AZ, USA",1,BYU,Desert Mountain (AZ),,,,,ACT,,,82d2d380-3834-4938-835f-aec541e5ece7,Texans,HOU,Houston,,2025-08-06T22:13:50.250863
4a4f2ec4-b750-417c-8fa3-f1ec6386f032,Tommy Togiai,,Tommy,Togiai,DT,72.0,74,296.0,1999-09-19,"Pocatello, ID, USA",4,Ohio State,Highland (ID),2021.0,4.0,,"{'id': 'd5a2eb42-8065-4174-ab79-0a6fa820e35e', 'name': 'Browns', 'market': 'Cleveland', 'alias': 'CLE', 'sr_id': 'sr:competitor:4417'}",ACT,,,82d2d380-3834-4938-835f-aec541e5ece7,Texans,HOU,Houston,,2025-08-06T22:13:50.250868
4a8f6ad0-255b-11f0-9086-8b7ff6c4841b,Alijah Huzzie,,Alijah,Huzzie,CB,36.0,70,195.0,2001-01-16,"LaGrange, GA, USA",0,North Carolina,Heard County (GA),,,,,NON,,,82d2d380-3834-4938-835f-aec541e5ece7,Texans,HOU,Houston,,2025-08-06T22:13:50.250871
4bf636c0-0706-11ef-b33a-7b84ef0f7eb5,Xavier Johnson,,Xavier,Johnson,WR,89.0,73,204.0,1999-05-11,"Cincinnati, OH, USA",1,Ohio State,Muscle Shoals (AL),,,,,ACT,,,82d2d380-3834-4938-835f-aec541e5ece7,Texans,HOU,Houston,,2025-08-06T22:13:50.250880
4d83cae0-c967-11ec-89b7-476565ea032f,Jake Hansen,,Jake,Hansen,LB,35.0,73,230.0,1998-06-19,"Tarpon Springs, FL, USA",4,Illinois,East Lake (FL),,,,,ACT,,,82d2d380-3834-4938-835f-aec541e5ece7,Texans,HOU,Houston,,2025-08-06T22:13:50.250884
54bd7952-4bec-4b5a-beb0-d65421408293,Christian Harris,,Christian,Harris,LB,48.0,74,232.0,2001-01-16,"Baton Rouge, LA, USA",4,Alabama,Louisiana State University Laboratory School (LA),2022.0,3.0,,"{'id': '82d2d380-3834-4938-835f-aec541e5ece7', 'name': 'Texans', 'market': 'Houston', 'alias': 'HOU', 'sr_id': 'sr:competitor:4324'}",ACT,,,82d2d380-3834-4938-835f-aec541e5ece7,Texans,HOU,Houston,,2025-08-06T22:13:50.250892
54cfd592-9878-4ac3-ab29-f00f8b2e9440,Graham Mertz,,Graham,Mertz,QB,18.0,74,216.0,2000-12-06,"Overland Park, KS, USA",0,Florida,Blue Valley (KS),2025.0,6.0,,"{'id': '82d2d380-3834-4938-835f-aec541e5ece7', 'name': 'Texans', 'market': 'Houston', 'alias': 'HOU', 'sr_id': 'sr:competitor:4324'}",ACT,,,82d2d380-3834-4938-835f-aec541e5ece7,Texans,HOU,Houston,,2025-08-06T22:13:50.250896
5670f3dd-822d-4d13-a6c9-f981354441fc,Darrell Taylor,,Darrell,Taylor,DE,52.0,76,255.0,1997-03-24,"Hopewell, VA, USA",5,Tennessee,Hopewell (VA),2020.0,2.0,,"{'id': '3d08af9e-c767-4f88-a7dc-b920c6d2b4a8', 'name': 'Seahawks', 'market': 'Seattle', 'alias': 'SEA', 'sr_id': 'sr:competitor:4430'}",ACT,,,82d2d380-3834-4938-835f-aec541e5ece7,Texans,HOU,Houston,,2025-08-06T22:13:50.250905
570f7b2d-1cdc-4307-a334-3cac2c288c33,Jake Andrews,,Jake,Andrews,C,60.0,75,308.0,1999-11-11,"Millbrook, AL, USA",3,Troy,Stanhope Elmore (AL),2023.0,4.0,,"{'id': '97354895-8c77-4fd4-a860-32e62ea7382a', 'name': 'Patriots', 'market': 'New England', 'alias': 'NE', 'sr_id': 'sr:competitor:4424'}",ACT,,,82d2d380-3834-4938-835f-aec541e5ece7,Texans,HOU,Houston,,2025-08-06T22:13:50.250909
5b31adf0-275a-4a0c-a19b-0b289d4bf299,Aireontae Ersery,,Aireontae,Ersery,OT,79.0,78,330.0,2002-02-19,"Kansas City, MO, USA",0,Minnesota,Ruskin (MO),2025.0,2.0,,"{'id': '82d2d380-3834-4938-835f-aec541e5ece7', 'name': 'Texans', 'market': 'Houston', 'alias': 'HOU', 'sr_id': 'sr:competitor:4324'}",ACT,,,82d2d380-3834-4938-835f-aec541e5ece7,Texans,HOU,Houston,,2025-08-06T22:13:50.250913
5b361cd0-255b-11f0-9086-8b7ff6c4841b,Austin Brinkman,,Austin,Brinkman,LS,40.0,76,241.0,,"Bel Air, MD, USA",0,West Virginia,John Carroll (MD),,,,,ACT,,,82d2d380-3834-4938-835f-aec541e5ece7,Texans,HOU,Houston,,2025-08-06T22:13:50.250917
5fb6e9f1-2efa-44c9-876f-4d635484be88,C.J. Gardner-Johnson,,C.J.,Gardner-Johnson,SAF,23.0,71,208.0,1997-12-20,"Cocoa, FL, USA",7,Florida,Cocoa (FL),2019.0,4.0,,"{'id': '0d855753-ea21-4953-89f9-0e20aff9eb73', 'name': 'Saints', 'market': 'New Orleans', 'alias': 'NO', 'sr_id': 'sr:competitor:4425'}",ACT,,,82d2d380-3834-4938-835f-aec541e5ece7,Texans,HOU,Houston,,2025-08-06T22:13:50.250926
64be6710-f5bc-11ed-8696-e706a1ad634e,Jaylon Thomas,,Jaylon,Thomas,T,72.0,77,311.0,2000-03-31,"Lubbock, TX, USA",2,SMU,Coronado (TX),,,,,ACT,,,82d2d380-3834-4938-835f-aec541e5ece7,Texans,HOU,Houston,,2025-08-06T22:13:50.250930
65a9a4da-5aac-4596-ba66-ec3e467463b8,Jaylin Smith,,Jaylin,Smith,CB,30.0,71,190.0,2003-11-05,"Palmdale, CA, USA",0,USC,Bishop Alemany (CA),2025.0,3.0,,"{'id': '82d2d380-3834-4938-835f-aec541e5ece7', 'name': 'Texans', 'market': 'Houston', 'alias': 'HOU', 'sr_id': 'sr:competitor:4324'}",IR,,,82d2d380-3834-4938-835f-aec541e5ece7,Texans,HOU,Houston,,2025-08-06T22:13:50.250938
73afc75b-68f0-4cb0-823d-5bfe33969766,Marlon Davidson,,Marlon,Davidson,DT,90.0,75,278.0,1998-05-11,"Greenville, AL, USA",5,Auburn,Greenville (AL),2020.0,2.0,,"{'id': 'e6aa13a4-0055-48a9-bc41-be28dc106929', 'name': 'Falcons', 'market': 'Atlanta', 'alias': 'ATL', 'sr_id': 'sr:competitor:4393'}",ACT,,,82d2d380-3834-4938-835f-aec541e5ece7,Texans,HOU,Houston,,2025-08-06T22:13:50.250943
76ba8d1b-2bf2-4fa0-82aa-29a2a488cbae,Russ Yeast,,Russ,Yeast,SAF,25.0,70,195.0,1999-05-08,"Danville, KY, USA",3,Kansas State,Center Grove (IN),2022.0,7.0,,"{'id': '2eff2a03-54d4-46ba-890e-2bc3925548f3', 'name': 'Rams', 'market': 'Los Angeles', 'alias': 'LA', 'sr_id': 'sr:competitor:4387'}",ACT,,,82d2d380-3834-4938-835f-aec541e5ece7,Texans,HOU,Houston,,2025-08-06T22:13:50.250947
77128740-255b-11f0-9086-8b7ff6c4841b,K.C. Ossai,,K.C.,Ossai,LB,47.0,73,240.0,2002-11-05,"Conroe, TX, USA",0,Louisiana,Oak Ridge (TX),,,,,ACT,,,82d2d380-3834-4938-835f-aec541e5ece7,Texans,HOU,Houston,,2025-08-06T22:13:50.250951
7a51270b-cbdf-451e-a9e7-0f0b23435dd0,Myles Bryant,,Myles,Bryant,CB,27.0,69,192.0,1998-01-02,"Pasadena, CA, USA",6,Washington,Loyola (CA),,,,,ACT,,,82d2d380-3834-4938-835f-aec541e5ece7,Texans,HOU,Houston,,2025-08-06T22:13:50.250959
7ec32a97-e677-487c-a000-74a26de95931,Jalen Pitre,,Jalen,Pitre,SAF,5.0,72,200.0,1999-06-03,"Stafford, TX, USA",4,Baylor,Stafford (TX),2022.0,2.0,,"{'id': '82d2d380-3834-4938-835f-aec541e5ece7', 'name': 'Texans', 'market': 'Houston', 'alias': 'HOU', 'sr_id': 'sr:competitor:4324'}",ACT,,,82d2d380-3834-4938-835f-aec541e5ece7,Texans,HOU,Houston,,2025-08-06T22:13:50.250972
825de16d-4843-4c6d-80c2-da7c3191c542,Derek Stingley Jr.,,Derek,Stingley,CB,24.0,73,195.0,2001-06-20,"Baton Rouge, LA, USA",4,LSU,The Dunham School (LA),2022.0,1.0,,"{'id': '82d2d380-3834-4938-835f-aec541e5ece7', 'name': 'Texans', 'market': 'Houston', 'alias': 'HOU', 'sr_id': 'sr:competitor:4324'}",ACT,,,82d2d380-3834-4938-835f-aec541e5ece7,Texans,HOU,Houston,,2025-08-06T22:13:50.250976
8442c8f8-7fbb-4a0b-8407-355c2dfdf72c,Tim Settle Jr.,,Tim,Settle,DT,98.0,75,313.0,1997-07-11,"Philadelphia, PA, USA",8,Virginia Tech,Stonewall Jackson (VA),2018.0,5.0,,"{'id': '22052ff7-c065-42ee-bc8f-c4691c50e624', 'name': 'Commanders', 'market': 'Washington', 'alias': 'WAS', 'sr_id': 'sr:competitor:4432'}",ACT,,,82d2d380-3834-4938-835f-aec541e5ece7,Texans,HOU,Houston,,2025-08-06T22:13:50.250980
88248197-6d57-4255-b1e0-5de23c62f942,Jarrett Patterson,,Jarrett,Patterson,OL,54.0,76,310.0,1999-09-01,"Laguna Hills, CA, USA",3,Notre Dame,Mission Viejo (CA),2023.0,6.0,,"{'id': '82d2d380-3834-4938-835f-aec541e5ece7', 'name': 'Texans', 'market': 'Houston', 'alias': 'HOU', 'sr_id': 'sr:competitor:4324'}",ACT,,,82d2d380-3834-4938-835f-aec541e5ece7,Texans,HOU,Houston,,2025-08-06T22:13:50.250988
897853b0-2632-11f0-9fc9-5d705ca3d742,Jackson Woodard,,Jackson,Woodard,LB,46.0,74,230.0,2002-07-02,"Little Rock, AR, USA",0,UNLV,Little Rock Christian Academy (AR),,,,,ACT,,,82d2d380-3834-4938-835f-aec541e5ece7,Texans,HOU,Houston,,2025-08-06T22:13:50.250992
8abf63a5-6f5d-46c2-8a3a-b9b03d0cab26,Tytus Howard,,Tytus,Howard,T,71.0,77,322.0,1996-05-23,"Monroeville, AL, USA",7,Alabama State,Monroe County (AL),2019.0,1.0,,"{'id': '82d2d380-3834-4938-835f-aec541e5ece7', 'name': 'Texans', 'market': 'Houston', 'alias': 'HOU', 'sr_id': 'sr:competitor:4324'}",ACT,,,82d2d380-3834-4938-835f-aec541e5ece7,Texans,HOU,Houston,,2025-08-06T22:13:50.250996
8d617c67-6e6a-4afd-b5c8-f98dd744c36d,Casey Toohill,,Casey,Toohill,DE,94.0,77,250.0,1996-08-21,"San Diego, CA, USA",6,Stanford,Cathedral Catholic (CA),2020.0,7.0,,"{'id': '386bdbf9-9eea-4869-bb9a-274b0bc66e80', 'name': 'Eagles', 'market': 'Philadelphia', 'alias': 'PHI', 'sr_id': 'sr:competitor:4428'}",ACT,,,82d2d380-3834-4938-835f-aec541e5ece7,Texans,HOU,Houston,,2025-08-06T22:13:50.251005
8ff249ba-9bd7-4faa-8e21-cfefabb561bb,Jamal Hill,,Jamal,Hill,LB,56.0,72,227.0,2001-04-04,"Rex, GA, USA",2,Oregon,Morrow (GA),2024.0,6.0,,"{'id': '82d2d380-3834-4938-835f-aec541e5ece7', 'name': 'Texans', 'market': 'Houston', 'alias': 'HOU', 'sr_id': 'sr:competitor:4324'}",ACT,,,82d2d380-3834-4938-835f-aec541e5ece7,Texans,HOU,Houston,,2025-08-06T22:13:50.251009
97a0088b-3239-4bff-96f6-99274754212b,Ed Ingram,,Ed,Ingram,G,69.0,75,307.0,1999-02-11,"DeSoto, TX, USA",4,LSU,DeSoto (TX),2022.0,2.0,,"{'id': '33405046-04ee-4058-a950-d606f8c30852', 'name': 'Vikings', 'market': 'Minnesota', 'alias': 'MIN', 'sr_id': 'sr:competitor:4423'}",ACT,,,82d2d380-3834-4938-835f-aec541e5ece7,Texans,HOU,Houston,,2025-08-06T22:13:50.251018
98002b7f-d453-4585-893c-ea52296bbc56,Dylan Horton,,Dylan,Horton,DE,92.0,76,275.0,2000-08-21,"Frisco, TX, USA",3,TCU,Frisco (TX),2023.0,4.0,,"{'id': '82d2d380-3834-4938-835f-aec541e5ece7', 'name': 'Texans', 'market': 'Houston', 'alias': 'HOU', 'sr_id': 'sr:competitor:4324'}",ACT,,,82d2d380-3834-4938-835f-aec541e5ece7,Texans,HOU,Houston,,2025-08-06T22:13:50.251022
9b43aa40-255b-11f0-9086-8b7ff6c4841b,Eli Cox,,Eli,Cox,C,65.0,76,309.0,2000-10-19,"Nicholasville, KY, USA",0,Kentucky,West Jessamine (KY),,,,,ACT,,,82d2d380-3834-4938-835f-aec541e5ece7,Texans,HOU,Houston,,2025-08-06T22:13:50.251026
9e22bbe3-5323-42e0-a82e-03e3794ea67f,Will Anderson Jr.,,Will,Anderson,DE,51.0,76,243.0,2001-09-02,"Hampton, GA, USA",3,Alabama,Dutchtown (GA),2023.0,1.0,,"{'id': '82d2d380-3834-4938-835f-aec541e5ece7', 'name': 'Texans', 'market': 'Houston', 'alias': 'HOU', 'sr_id': 'sr:competitor:4324'}",ACT,,,82d2d380-3834-4938-835f-aec541e5ece7,Texans,HOU,Houston,,2025-08-06T22:13:50.251030
a21d1e4a-aae6-4ebe-8f70-1087151b2b50,Denico Autry,,Denico,Autry,DE,96.0,77,285.0,1990-07-15,"Albemarle, NC, USA",12,Mississippi State,Albemarle (NC),,,,,PUP,,,82d2d380-3834-4938-835f-aec541e5ece7,Texans,HOU,Houston,,2025-08-06T22:13:50.251034
a7f7153a-c574-4f57-a8cb-760aba8eb629,Cam Robinson,,Cam,Robinson,OT,74.0,78,335.0,1995-10-09,"Monroe, LA, USA",9,Alabama,West Monroe (LA),2017.0,2.0,,"{'id': 'f7ddd7fa-0bae-4f90-bc8e-669e4d6cf2de', 'name': 'Jaguars', 'market': 'Jacksonville', 'alias': 'JAC', 'sr_id': 'sr:competitor:4386'}",ACT,,,82d2d380-3834-4938-835f-aec541e5ece7,Texans,HOU,Houston,,2025-08-06T22:13:50.251038
acc3f3fc-12b7-40b6-b773-b73b2b10cf32,Folorunso Fatukasi,,Folorunso,Fatukasi,DT,91.0,76,318.0,1995-03-04,"Far Rockaway, NY, USA",7,UConn,Beach Channel (NY),2018.0,6.0,,"{'id': '5fee86ae-74ab-4bdd-8416-42a9dd9964f3', 'name': 'Jets', 'market': 'New York', 'alias': 'NYJ', 'sr_id': 'sr:competitor:4427'}",PUP,,,82d2d380-3834-4938-835f-aec541e5ece7,Texans,HOU,Houston,,2025-08-06T22:13:50.251042
b3523130-926a-4d1c-bfde-775975583398,Henry To'oTo'o,,Henry,To'oTo'o,LB,39.0,74,228.0,2001-01-05,"Sacramento, CA, USA",3,Alabama,De La Salle (CA),2023.0,5.0,,"{'id': '82d2d380-3834-4938-835f-aec541e5ece7', 'name': 'Texans', 'market': 'Houston', 'alias': 'HOU', 'sr_id': 'sr:competitor:4324'}",ACT,,,82d2d380-3834-4938-835f-aec541e5ece7,Texans,HOU,Houston,,2025-08-06T22:13:50.251055
b38af46f-8c06-42e1-952e-d992da83eaca,Blake Fisher,,Blake,Fisher,T,57.0,78,312.0,2003-03-25,"Avon, IN, USA",2,Notre Dame,Avon (IN),2024.0,2.0,,"{'id': '82d2d380-3834-4938-835f-aec541e5ece7', 'name': 'Texans', 'market': 'Houston', 'alias': 'HOU', 'sr_id': 'sr:competitor:4324'}",ACT,,,82d2d380-3834-4938-835f-aec541e5ece7,Texans,HOU,Houston,,2025-08-06T22:13:50.251059
b85f8a10-e1c2-4e5d-8aa5-08091feb1883,Kamari Lassiter,,Kamari,Lassiter,CB,4.0,72,180.0,2003-01-23,"Savannah, GA, USA",2,Georgia,American Christian Academy (AL),2024.0,2.0,,"{'id': '82d2d380-3834-4938-835f-aec541e5ece7', 'name': 'Texans', 'market': 'Houston', 'alias': 'HOU', 'sr_id': 'sr:competitor:4324'}",ACT,,,82d2d380-3834-4938-835f-aec541e5ece7,Texans,HOU,Houston,,2025-08-06T22:13:50.251064
b900661b-b5df-47c8-819d-bb13b106a60b,Woody Marks,,Woody,Marks,RB,27.0,70,208.0,2000-12-29,"Atlanta, GA, USA",0,USC,Carver (GA),2025.0,4.0,,"{'id': '82d2d380-3834-4938-835f-aec541e5ece7', 'name': 'Texans', 'market': 'Houston', 'alias': 'HOU', 'sr_id': 'sr:competitor:4324'}",ACT,,,82d2d380-3834-4938-835f-aec541e5ece7,Texans,HOU,Houston,,2025-08-06T22:13:50.251068
ba695d50-4e27-4804-91ed-4ec9321b3346,Jaylen Reed,,Jaylen,Reed,SAF,34.0,72,212.0,2003-01-29,"Detroit, MI, USA",0,Penn State,Martin (MI),2025.0,6.0,,"{'id': '82d2d380-3834-4938-835f-aec541e5ece7', 'name': 'Texans', 'market': 'Houston', 'alias': 'HOU', 'sr_id': 'sr:competitor:4324'}",ACT,,,82d2d380-3834-4938-835f-aec541e5ece7,Texans,HOU,Houston,,2025-08-06T22:13:50.251072
ba758140-255b-11f0-9086-8b7ff6c4841b,Daniel Jackson,,Daniel,Jackson,WR,85.0,72,195.0,2002-04-25,"Kansas City, KS, USA",0,Minnesota,Bishop Miege (KS),,,,,ACT,,,82d2d380-3834-4938-835f-aec541e5ece7,Texans,HOU,Houston,,2025-08-06T22:13:50.251076
ba7fe857-df63-4aed-803a-80993b157be4,Danielle Hunter,,Danielle,Hunter,DE,55.0,77,263.0,1994-10-29,"Katy, TX, USA",11,LSU,Morton Ranch (TX),2015.0,3.0,,"{'id': '33405046-04ee-4058-a950-d606f8c30852', 'name': 'Vikings', 'market': 'Minnesota', 'alias': 'MIN', 'sr_id': 'sr:competitor:4423'}",ACT,,,82d2d380-3834-4938-835f-aec541e5ece7,Texans,HOU,Houston,,2025-08-06T22:13:50.251080
c40c4be4-e0e0-42d6-8fff-bef868945597,Austin Deculus,,Austin,Deculus,OT,76.0,77,321.0,1999-03-12,"Mamou, LA, USA",3,LSU,Cy-Fair (TX),2022.0,6.0,,"{'id': '82d2d380-3834-4938-835f-aec541e5ece7', 'name': 'Texans', 'market': 'Houston', 'alias': 'HOU', 'sr_id': 'sr:competitor:4324'}",ACT,,,82d2d380-3834-4938-835f-aec541e5ece7,Texans,HOU,Houston,,2025-08-06T22:13:50.251096
c4bab22e-a89a-41f6-b03a-07073a72f41b,Jaylin Noel,,Jaylin,Noel,WR,82.0,71,201.0,2002-09-04,"Kansas City, MO, USA",0,Iowa State,Park Hill (MO),2025.0,3.0,,"{'id': '82d2d380-3834-4938-835f-aec541e5ece7', 'name': 'Texans', 'market': 'Houston', 'alias': 'HOU', 'sr_id': 'sr:competitor:4324'}",ACT,,,82d2d380-3834-4938-835f-aec541e5ece7,Texans,HOU,Houston,,2025-08-06T22:13:50.251101
cf6282ec-1e7e-4157-b2c1-fab1afa90f88,Solomon Byrd,,Solomon,Byrd,DE,50.0,75,250.0,1999-12-01,"Palmdale, CA, USA",1,USC,Knight (CA),2024.0,7.0,,"{'id': '82d2d380-3834-4938-835f-aec541e5ece7', 'name': 'Texans', 'market': 'Houston', 'alias': 'HOU', 'sr_id': 'sr:competitor:4324'}",ACT,,,82d2d380-3834-4938-835f-aec541e5ece7,Texans,HOU,Houston,,2025-08-06T22:13:50.251105
d0b7699f-5e18-4631-813d-2f709ee4b281,Laken Tomlinson,,Laken,Tomlinson,G,75.0,75,323.0,1992-02-09,"Chicago, IL, USA",11,Duke,Lane Technical (IL),2015.0,1.0,,"{'id': 'c5a59daa-53a7-4de0-851f-fb12be893e9e', 'name': 'Lions', 'market': 'Detroit', 'alias': 'DET', 'sr_id': 'sr:competitor:4419'}",ACT,,,82d2d380-3834-4938-835f-aec541e5ece7,Texans,HOU,Houston,,2025-08-06T22:13:50.251109
d153ff40-255b-11f0-9086-8b7ff6c4841b,Junior Tafuna,,Junior,Tafuna,DT,53.0,75,305.0,2001-02-27,"Taylorsville, UT, USA",0,Utah,Bingham (UT),,,,,ACT,,,82d2d380-3834-4938-835f-aec541e5ece7,Texans,HOU,Houston,,2025-08-06T22:13:50.251113
d3ddb80f-6f08-4594-be42-4c2f0716f4ef,Jawhar Jordan,,Jawhar,Jordan,RB,22.0,70,186.0,1999-08-18,"Long Island, NY, USA",1,Louisville,Hamilton (NY),2024.0,6.0,,"{'id': '82d2d380-3834-4938-835f-aec541e5ece7', 'name': 'Texans', 'market': 'Houston', 'alias': 'HOU', 'sr_id': 'sr:competitor:4324'}",ACT,,,82d2d380-3834-4938-835f-aec541e5ece7,Texans,HOU,Houston,,2025-08-06T22:13:50.251117
e9348fc5-273d-4ac3-9760-462f37c025dc,Azeez Al-Shaair,,Azeez,Al-Shaair,LB,0.0,74,228.0,1997-08-04,"Tampa, FL, USA",7,Florida Atlantic,Hillsborough (FL),,,,,ACT,,,82d2d380-3834-4938-835f-aec541e5ece7,Texans,HOU,Houston,,2025-08-06T22:13:50.251125
eeb9ef87-859a-407b-a17a-c671dd6a863a,Luke Lachey,,Luke,Lachey,TE,42.0,78,247.0,2001-06-29,"Columbus, OH, USA",0,Iowa,Grandview Heights (OH),2025.0,7.0,,"{'id': '82d2d380-3834-4938-835f-aec541e5ece7', 'name': 'Texans', 'market': 'Houston', 'alias': 'HOU', 'sr_id': 'sr:competitor:4324'}",ACT,,,82d2d380-3834-4938-835f-aec541e5ece7,Texans,HOU,Houston,,2025-08-06T22:13:50.251142
f3f7e740-c966-11ec-89b7-476565ea032f,Kurt Hinish,,Kurt,Hinish,DT,93.0,73,296.0,1999-04-27,"Pittsburgh, PA, USA",4,Notre Dame,Central Catholic (PA),,,,,PUP,,,82d2d380-3834-4938-835f-aec541e5ece7,Texans,HOU,Houston,,2025-08-06T22:13:50.251146
f53fd561-f47b-4db2-8318-022246e447ae,Calen Bullock,,Calen,Bullock,SAF,2.0,75,190.0,2003-04-30,"Pasadena, CA, USA",2,USC,John Muir (CA),2024.0,3.0,,"{'id': '82d2d380-3834-4938-835f-aec541e5ece7', 'name': 'Texans', 'market': 'Houston', 'alias': 'HOU', 'sr_id': 'sr:competitor:4324'}",ACT,,,82d2d380-3834-4938-835f-aec541e5ece7,Texans,HOU,Houston,,2025-08-06T22:13:50.251150
f55444a9-ccad-4343-bb03-caca6ea3de99,Jayden Higgins,,Jayden,Higgins,WR,81.0,76,215.0,2002-12-15,"South Miami, FL, USA",0,Iowa State,Westminster Christian (FL),2025.0,2.0,,"{'id': '82d2d380-3834-4938-835f-aec541e5ece7', 'name': 'Texans', 'market': 'Houston', 'alias': 'HOU', 'sr_id': 'sr:competitor:4324'}",ACT,,,82d2d380-3834-4938-835f-aec541e5ece7,Texans,HOU,Houston,,2025-08-06T22:13:50.251154
f5f29bd2-1921-4767-b675-2e2d4a4ae7c6,LaDarius Henderson,,LaDarius,Henderson,G,73.0,76,309.0,2001-12-11,"Waxahachie, TX, USA",1,Michigan,Waxahachie (TX),2024.0,7.0,,"{'id': '82d2d380-3834-4938-835f-aec541e5ece7', 'name': 'Texans', 'market': 'Houston', 'alias': 'HOU', 'sr_id': 'sr:competitor:4324'}",ACT,,,82d2d380-3834-4938-835f-aec541e5ece7,Texans,HOU,Houston,,2025-08-06T22:13:50.251159
fdfb980b-1493-4698-9b97-f445a8f495da,Mario Edwards Jr.,,Mario,Edwards,DT,97.0,75,280.0,1994-01-25,"Denton, TX, USA",10,Florida State,Billy Ryan (TX),2015.0,2.0,,"{'id': '7d4fcc64-9cb5-4d1b-8e75-8a906d1e1576', 'name': 'Raiders', 'market': 'Las Vegas', 'alias': 'LV', 'sr_id': 'sr:competitor:4390'}",ACT,,,82d2d380-3834-4938-835f-aec541e5ece7,Texans,HOU,Houston,,2025-08-06T22:13:50.251163
fe85708b-4644-4f77-ba2b-5726ff83439a,Damon Arnette,,Damon,Arnette,CB,41.0,72,195.0,1996-09-02,"Fort Lauderdale, FL, USA",3,Ohio State,St. Thomas Aquinas (FL),2020.0,1.0,,"{'id': '7d4fcc64-9cb5-4d1b-8e75-8a906d1e1576', 'name': 'Raiders', 'market': 'Las Vegas', 'alias': 'LV', 'sr_id': 'sr:competitor:4390'}",ACT,,,82d2d380-3834-4938-835f-aec541e5ece7,Texans,HOU,Houston,,2025-08-06T22:13:50.251167
01273440-2560-11f0-af22-1731557928d7,Clarence Lewis,,Clarence,Lewis,CB,36.0,71,200.0,,"Edison, NJ, USA",0,Syracuse,Mater Dei (NJ),,,,,ACT,,,d26a1ca5-722d-4274-8f97-c92e49c96315,Titans,TEN,Tennessee,,2025-08-06T22:13:51.785758
02e6087b-daa6-45b4-ad5a-0bf4f3893011,Peter Skoronski,,Peter,Skoronski,OL,77.0,76,313.0,2001-07-31,"Park Ridge, IL, USA",3,Northwestern,Maine South (IL),2023.0,1.0,,"{'id': 'd26a1ca5-722d-4274-8f97-c92e49c96315', 'name': 'Titans', 'market': 'Tennessee', 'alias': 'TEN', 'sr_id': 'sr:competitor:367364'}",ACT,,,d26a1ca5-722d-4274-8f97-c92e49c96315,Titans,TEN,Tennessee,,2025-08-06T22:13:51.785776
030f6f80-ea06-11ed-8d34-41182339b277,Matt Landers,,Matt,Landers,WR,83.0,76,200.0,1999-06-16,"St. Petersburg, FL, USA",1,Arkansas,St. Petersburg (FL),,,,,ACT,,,d26a1ca5-722d-4274-8f97-c92e49c96315,Titans,TEN,Tennessee,,2025-08-06T22:13:51.785782
0a25d350-133c-11ed-b006-a39c0834c6a9,Thomas Odukoya,,Thomas,Odukoya,TE,89.0,78,253.0,1997-05-05,"Almere,, NLD",2,Eastern Michigan,Helen Parkhurst (NLD),,,,,ACT,,,d26a1ca5-722d-4274-8f97-c92e49c96315,Titans,TEN,Tennessee,,2025-08-06T22:13:51.785788
0d06a4c0-2561-11f0-af22-1731557928d7,David Gbenda,,David,Gbenda,LB,48.0,72,236.0,,"Katy, TX, USA",0,Texas,Cinco Ranch (TX),,,,,ACT,,,d26a1ca5-722d-4274-8f97-c92e49c96315,Titans,TEN,Tennessee,,2025-08-06T22:13:51.785793
12b626e4-28f9-4f67-bf0f-d8d665f1de28,Josiah Bronson,,Josiah,Bronson,DT,73.0,75,295.0,1997-07-03,"Kent, WA, USA",3,Washington,Kentwood (WA),,,,,ACT,,,d26a1ca5-722d-4274-8f97-c92e49c96315,Titans,TEN,Tennessee,,2025-08-06T22:13:51.785798
136f06ed-a718-4551-b1b2-feda889b9b98,T'Vondre Sweat,,T'Vondre,Sweat,NT,93.0,76,366.0,2001-07-11,"Huntsville, TX, USA",2,Texas,Huntsville (TX),2024.0,2.0,,"{'id': 'd26a1ca5-722d-4274-8f97-c92e49c96315', 'name': 'Titans', 'market': 'Tennessee', 'alias': 'TEN', 'sr_id': 'sr:competitor:367364'}",ACT,,,d26a1ca5-722d-4274-8f97-c92e49c96315,Titans,TEN,Tennessee,,2025-08-06T22:13:51.785803
14e11f9b-58c8-437f-abc0-a4e4df9a7c47,Chig Okonkwo,,Chig,Okonkwo,TE,85.0,75,238.0,1999-09-08,"Powder Springs, GA, USA",4,Maryland,Hillgrove (GA),2022.0,4.0,,"{'id': 'd26a1ca5-722d-4274-8f97-c92e49c96315', 'name': 'Titans', 'market': 'Tennessee', 'alias': 'TEN', 'sr_id': 'sr:competitor:367364'}",ACT,,,d26a1ca5-722d-4274-8f97-c92e49c96315,Titans,TEN,Tennessee,,2025-08-06T22:13:51.785809
16b730e0-cc7f-11ec-8d55-87af3a9174bd,Timmy Horne,,Timmy,Horne,DT,94.0,76,323.0,1997-10-25,"Wadesboro, NC, USA",4,Kansas State,Anson (NC),,,,,ACT,,,d26a1ca5-722d-4274-8f97-c92e49c96315,Titans,TEN,Tennessee,,2025-08-06T22:13:51.785814
1d40e4f7-2991-4aa0-aa0a-1e7df79aab07,Arlington Hambright,,Arlington,Hambright,G,68.0,77,300.0,1996-01-30,"Ypsilanti, MI, USA",5,Colorado,Belleville (MI),2020.0,7.0,,"{'id': '7b112545-38e6-483c-a55c-96cf6ee49cb8', 'name': 'Bears', 'market': 'Chicago', 'alias': 'CHI', 'sr_id': 'sr:competitor:4391'}",ACT,,,d26a1ca5-722d-4274-8f97-c92e49c96315,Titans,TEN,Tennessee,,2025-08-06T22:13:51.785819
1dd1308d-3ca4-4972-abc4-0dae40726900,Kevin Winston Jr.,,Kevin,Winston,SAF,23.0,74,213.0,2003-12-02,"Columbia, MD, USA",0,Penn State,DeMatha Catholic (MD),2025.0,3.0,,"{'id': 'd26a1ca5-722d-4274-8f97-c92e49c96315', 'name': 'Titans', 'market': 'Tennessee', 'alias': 'TEN', 'sr_id': 'sr:competitor:367364'}",ACT,,,d26a1ca5-722d-4274-8f97-c92e49c96315,Titans,TEN,Tennessee,,2025-08-06T22:13:51.785825
1df2f078-18d8-4bb4-9d6a-9ba4bcb126bf,Carlos Watkins,,Carlos,Watkins,DL,96.0,75,305.0,1993-12-05,"Forest City, NC, USA",9,Clemson,Chase (NC),2017.0,4.0,,"{'id': '82d2d380-3834-4938-835f-aec541e5ece7', 'name': 'Texans', 'market': 'Houston', 'alias': 'HOU', 'sr_id': 'sr:competitor:4324'}",ACT,,,d26a1ca5-722d-4274-8f97-c92e49c96315,Titans,TEN,Tennessee,,2025-08-06T22:13:51.785830
1e95c7fc-ecf7-4fcb-82d8-d77e2b6872d5,Chimere Dike,,Chimere,Dike,WR,17.0,73,196.0,2001-12-14,"Waukesha, WI, USA",0,Florida,Waukesha North (WI),2025.0,4.0,,"{'id': 'd26a1ca5-722d-4274-8f97-c92e49c96315', 'name': 'Titans', 'market': 'Tennessee', 'alias': 'TEN', 'sr_id': 'sr:competitor:367364'}",ACT,,,d26a1ca5-722d-4274-8f97-c92e49c96315,Titans,TEN,Tennessee,,2025-08-06T22:13:51.785835
20e8addc-8e4f-4c4e-937d-3788de9c1e6f,Sam Mustipher,,Sam,Mustipher,C,60.0,75,306.0,1996-08-13,"Owings Mills, MD, USA",6,Notre Dame,Good Counsel (MD),,,,,ACT,,,d26a1ca5-722d-4274-8f97-c92e49c96315,Titans,TEN,Tennessee,,2025-08-06T22:13:51.785840
215c9c0f-d492-4fdd-9a53-c3a9c52345a2,Oluwafemi Oladejo,,Oluwafemi,Oladejo,OLB,7.0,75,259.0,2003-09-20,"Elk Grove, CA, USA",0,UCLA,Cosumnes Oaks (CA),2025.0,2.0,,"{'id': 'd26a1ca5-722d-4274-8f97-c92e49c96315', 'name': 'Titans', 'market': 'Tennessee', 'alias': 'TEN', 'sr_id': 'sr:competitor:367364'}",ACT,,,d26a1ca5-722d-4274-8f97-c92e49c96315,Titans,TEN,Tennessee,,2025-08-06T22:13:51.785845
21c60b9f-98f3-4b6f-8911-89aba2622347,Sebastian Joseph-Day,,Sebastian,Joseph-Day,DE,69.0,76,310.0,1995-03-21,"Stroudsburg, PA, USA",7,Rutgers,Stroudsburg (PA),2018.0,6.0,,"{'id': '2eff2a03-54d4-46ba-890e-2bc3925548f3', 'name': 'Rams', 'market': 'Los Angeles', 'alias': 'LA', 'sr_id': 'sr:competitor:4387'}",ACT,,,d26a1ca5-722d-4274-8f97-c92e49c96315,Titans,TEN,Tennessee,,2025-08-06T22:13:51.785850
2bc33c10-f328-11ed-a97e-839e2e845bee,Otis Reese IV,,Otis,Reese,LB,41.0,75,214.0,1998-07-02,"Leesburg, GA, USA",3,Ole Miss,Lee County (GA),,,,,ACT,,,d26a1ca5-722d-4274-8f97-c92e49c96315,Titans,TEN,Tennessee,,2025-08-06T22:13:51.785855
386902f1-b23f-477b-a585-94a769baf7e1,Jaelyn Duncan,,Jaelyn,Duncan,OL,71.0,78,306.0,2000-07-08,"New Carrollton, MD, USA",3,Maryland,Saint Frances Academy (MD),2023.0,6.0,,"{'id': 'd26a1ca5-722d-4274-8f97-c92e49c96315', 'name': 'Titans', 'market': 'Tennessee', 'alias': 'TEN', 'sr_id': 'sr:competitor:367364'}",ACT,,,d26a1ca5-722d-4274-8f97-c92e49c96315,Titans,TEN,Tennessee,,2025-08-06T22:13:51.785871
3ac9d7c0-2560-11f0-af22-1731557928d7,Xavier Restrepo,,Xavier,Restrepo,WR,87.0,70,202.0,2002-04-12,"Coconut Creek, FL, USA",0,Miami (FL),Deerfield Beach (FL),,,,,ACT,,,d26a1ca5-722d-4274-8f97-c92e49c96315,Titans,TEN,Tennessee,,2025-08-06T22:13:51.785875
3c58378b-d327-4d25-b2b9-1aead2975bcb,James Williams Sr.,,James,Williams,LB,52.0,76,232.0,2003-02-15,"Fort Lauderdale, FL, USA",2,Miami (FL),American Heritage (FL),2024.0,7.0,,"{'id': 'd26a1ca5-722d-4274-8f97-c92e49c96315', 'name': 'Titans', 'market': 'Tennessee', 'alias': 'TEN', 'sr_id': 'sr:competitor:367364'}",ACT,,,d26a1ca5-722d-4274-8f97-c92e49c96315,Titans,TEN,Tennessee,,2025-08-06T22:13:51.785881
3c76cab3-3df2-43dd-acaa-57e055bd32d0,Cameron Ward,,Cameron,Ward,QB,1.0,74,219.0,2002-05-25,"West Columbia, TX, USA",0,Miami (FL),Columbia (TX),2025.0,1.0,,"{'id': 'd26a1ca5-722d-4274-8f97-c92e49c96315', 'name': 'Titans', 'market': 'Tennessee', 'alias': 'TEN', 'sr_id': 'sr:competitor:367364'}",ACT,,,d26a1ca5-722d-4274-8f97-c92e49c96315,Titans,TEN,Tennessee,,2025-08-06T22:13:51.785886
3ce6c2b1-9b17-4ff2-9787-a248119bc1e0,Roger McCreary,,Roger,McCreary,CB,21.0,71,190.0,2000-02-10,"Mobile, AL, USA",4,Auburn,Williamson (AL),2022.0,2.0,,"{'id': 'd26a1ca5-722d-4274-8f97-c92e49c96315', 'name': 'Titans', 'market': 'Tennessee', 'alias': 'TEN', 'sr_id': 'sr:competitor:367364'}",ACT,,,d26a1ca5-722d-4274-8f97-c92e49c96315,Titans,TEN,Tennessee,,2025-08-06T22:13:51.785891
3e4c9bb7-6ff1-4bf8-bc25-cd6717ddf568,Amani Oruwariye,,Amani,Oruwariye,CB,31.0,74,205.0,1996-02-09,"Tampa, FL, USA",6,Penn State,Tampa Gaither (FL),2019.0,5.0,,"{'id': 'c5a59daa-53a7-4de0-851f-fb12be893e9e', 'name': 'Lions', 'market': 'Detroit', 'alias': 'DET', 'sr_id': 'sr:competitor:4419'}",ACT,,,d26a1ca5-722d-4274-8f97-c92e49c96315,Titans,TEN,Tennessee,,2025-08-06T22:13:51.785896
513df09d-7d3a-44a8-873c-34f2fe46326b,Morgan Cox,,Morgan,Cox,LS,46.0,76,233.0,1986-04-26,"Collierville, TN, USA",16,Tennessee,Evangelical Christian (TN),,,,,ACT,,,d26a1ca5-722d-4274-8f97-c92e49c96315,Titans,TEN,Tennessee,,2025-08-06T22:13:51.785915
56688bd0-e777-11ed-ba5f-bf6902a39571,Anfernee Orji,,Anfernee,Orji,LB,59.0,74,230.0,2000-10-06,"Rockwall, TX, USA",2,Vanderbilt,Rockwall (TX),,,,,ACT,,,d26a1ca5-722d-4274-8f97-c92e49c96315,Titans,TEN,Tennessee,,2025-08-06T22:13:51.785919
577dfac0-3f0b-45ee-afff-c851c6aebb1e,Cody Barton,,Cody,Barton,LB,50.0,74,237.0,1996-11-13,"Salt Lake City, UT, USA",7,Utah,Brighton (UT),2019.0,3.0,,"{'id': '3d08af9e-c767-4f88-a7dc-b920c6d2b4a8', 'name': 'Seahawks', 'market': 'Seattle', 'alias': 'SEA', 'sr_id': 'sr:competitor:4430'}",ACT,,,d26a1ca5-722d-4274-8f97-c92e49c96315,Titans,TEN,Tennessee,,2025-08-06T22:13:51.785924
5ab6a840-cc9b-11ec-8358-9d0bb248b5c6,Andrew Rupcich,,Andrew,Rupcich,OL,76.0,78,318.0,1999-04-01,"Wonder Lake, IL, USA",2,Culver-Stockton,McHenry (IL),,,,,ACT,,,d26a1ca5-722d-4274-8f97-c92e49c96315,Titans,TEN,Tennessee,,2025-08-06T22:13:51.785928
60c2c49f-59b8-44c6-8760-2b3418e35f74,Jackson Slater,,Jackson,Slater,G,64.0,75,311.0,2003-05-30,"Bellevue, WA, USA",0,Sacramento State,Newport (WA),2025.0,5.0,,"{'id': 'd26a1ca5-722d-4274-8f97-c92e49c96315', 'name': 'Titans', 'market': 'Tennessee', 'alias': 'TEN', 'sr_id': 'sr:competitor:367364'}",ACT,,,d26a1ca5-722d-4274-8f97-c92e49c96315,Titans,TEN,Tennessee,,2025-08-06T22:13:51.785952
65c569d0-2560-11f0-af22-1731557928d7,Davion Ross,,Davion,Ross,CB,40.0,70,177.0,,"Warner Robins, GA, USA",0,Memphis,Perry (GA),,,,,ACT,,,d26a1ca5-722d-4274-8f97-c92e49c96315,Titans,TEN,Tennessee,,2025-08-06T22:13:51.785956
6864e643-1085-41bc-99f0-66184fab5487,Dan Moore Jr.,,Dan,Moore,OT,75.0,77,315.0,1998-09-28,"Beaumont, TX, USA",5,Texas A&M,West Brook (TX),2021.0,4.0,,"{'id': 'cb2f9f1f-ac67-424e-9e72-1475cb0ed398', 'name': 'Steelers', 'market': 'Pittsburgh', 'alias': 'PIT', 'sr_id': 'sr:competitor:4345'}",ACT,,,d26a1ca5-722d-4274-8f97-c92e49c96315,Titans,TEN,Tennessee,,2025-08-06T22:13:51.785961
687dea60-07cc-11ef-ad8e-ffa665412428,Curtis Jacobs,,Curtis,Jacobs,LB,57.0,73,241.0,2002-02-18,"Glen Burnie, MD, USA",2,Penn State,McDonogh (MD),,,,,ACT,,,d26a1ca5-722d-4274-8f97-c92e49c96315,Titans,TEN,Tennessee,,2025-08-06T22:13:51.785965
6c773a16-1a93-4845-a519-d56c85e0090f,Elic Ayomanor,,Elic,Ayomanor,WR,5.0,74,206.0,2003-06-03,"Medicine Hat, AB, CAN",0,Stanford,Deerfield Academy (CAN),2025.0,4.0,,"{'id': 'd26a1ca5-722d-4274-8f97-c92e49c96315', 'name': 'Titans', 'market': 'Tennessee', 'alias': 'TEN', 'sr_id': 'sr:competitor:367364'}",ACT,,,d26a1ca5-722d-4274-8f97-c92e49c96315,Titans,TEN,Tennessee,,2025-08-06T22:13:51.785970
6e28deb0-2f40-11f0-a7ea-4567a8cc0513,TJ Sheffield,,TJ,Sheffield,WR,82.0,70,188.0,,"Thompson's Station, TN, USA",0,UConn,Independence (TN),,,,,ACT,,,d26a1ca5-722d-4274-8f97-c92e49c96315,Titans,TEN,Tennessee,,2025-08-06T22:13:51.785978
7012a790-e764-11ed-8199-d58dac5a4f8e,John Ojukwu,,John,Ojukwu,OL,61.0,77,309.0,1999-01-09,"Boise, ID, USA",2,Boise State,Boise (ID),,,,,ACT,,,d26a1ca5-722d-4274-8f97-c92e49c96315,Titans,TEN,Tennessee,,2025-08-06T22:13:51.785982
70a3fd70-06fe-11ef-b7fa-4db2133e4e77,Gabe Jeudy-Lally,,Gabe,Jeudy-Lally,CB,32.0,73,189.0,2001-02-16,"Austin, TX, USA",2,Tennessee,Ardrey Kell (NC),,,,,ACT,,,d26a1ca5-722d-4274-8f97-c92e49c96315,Titans,TEN,Tennessee,,2025-08-06T22:13:51.785987
7afbcb90-2f70-11f0-8052-89a0c8fe065f,Drake Dabney,,Drake,Dabney,TE,86.0,77,246.0,,"Cypress, TX, USA",0,TCU,Cypress Ranch (TX),,,,,ACT,,,d26a1ca5-722d-4274-8f97-c92e49c96315,Titans,TEN,Tennessee,,2025-08-06T22:13:51.785991
8092ffd3-3f39-43eb-a602-b14fff77d413,Quandre Diggs,,Quandre,Diggs,FS,28.0,69,197.0,1993-01-22,"Angleton, TX, USA",11,Texas,Angleton (TX),2015.0,6.0,,"{'id': 'c5a59daa-53a7-4de0-851f-fb12be893e9e', 'name': 'Lions', 'market': 'Detroit', 'alias': 'DET', 'sr_id': 'sr:competitor:4419'}",ACT,,,d26a1ca5-722d-4274-8f97-c92e49c96315,Titans,TEN,Tennessee,,2025-08-06T22:13:51.785996
84670ec0-2560-11f0-af22-1731557928d7,Cam Horsley,,Cam,Horsley,DT,72.0,75,312.0,,"Cinnaminson, NJ, USA",0,Boston College,Cinnaminson (NJ),,,,,ACT,,,d26a1ca5-722d-4274-8f97-c92e49c96315,Titans,TEN,Tennessee,,2025-08-06T22:13:51.786000
852b00dd-fd1c-4edb-809d-912a6472cd07,Jihad Ward,,Jihad,Ward,OLB,53.0,77,285.0,1994-05-11,"Philadelphia, PA, USA",10,Illinois,Globe Tech (NY),2016.0,2.0,,"{'id': '7d4fcc64-9cb5-4d1b-8e75-8a906d1e1576', 'name': 'Raiders', 'market': 'Las Vegas', 'alias': 'LV', 'sr_id': 'sr:competitor:4390'}",ACT,,,d26a1ca5-722d-4274-8f97-c92e49c96315,Titans,TEN,Tennessee,,2025-08-06T22:13:51.786005
8753f2f2-16df-41c8-b25d-c93ada64d78c,Lloyd Cushenberry III,,Lloyd,Cushenberry,C,79.0,76,315.0,1997-11-22,"Carville, LA, USA",6,LSU,Dutchtown (LA),2020.0,3.0,,"{'id': 'ce92bd47-93d5-4fe9-ada4-0fc681e6caa0', 'name': 'Broncos', 'market': 'Denver', 'alias': 'DEN', 'sr_id': 'sr:competitor:4418'}",PUP,,,d26a1ca5-722d-4274-8f97-c92e49c96315,Titans,TEN,Tennessee,,2025-08-06T22:13:51.786013
8a6825e8-2657-487b-ac69-620a89d7a0cd,Joshuah Bledsoe,,Joshuah,Bledsoe,DB,42.0,71,207.0,1998-12-30,"Houston, TX, USA",3,Missouri,Dekaney (TX),2021.0,6.0,,"{'id': '97354895-8c77-4fd4-a860-32e62ea7382a', 'name': 'Patriots', 'market': 'New England', 'alias': 'NE', 'sr_id': 'sr:competitor:4424'}",ACT,,,d26a1ca5-722d-4274-8f97-c92e49c96315,Titans,TEN,Tennessee,,2025-08-06T22:13:51.786018
8afd3fea-20d7-4a2d-9ce4-e610f7961e3e,Olisaemeka Udoh,,Olisaemeka,Udoh,OL,72.0,78,320.0,1997-02-14,"Fayetteville, NC, USA",7,Elon,Sanford (NC),2019.0,6.0,,"{'id': '33405046-04ee-4058-a950-d606f8c30852', 'name': 'Vikings', 'market': 'Minnesota', 'alias': 'MIN', 'sr_id': 'sr:competitor:4423'}",ACT,,,d26a1ca5-722d-4274-8f97-c92e49c96315,Titans,TEN,Tennessee,,2025-08-06T22:13:51.786023
8ef99bbe-602c-4796-aa04-833f357991ba,Chandler Brewer,,Chandler,Brewer,OL,67.0,78,320.0,1997-06-12,"Florence, AL, USA",3,Middle Tennessee,Florence (AL),,,,,ACT,,,d26a1ca5-722d-4274-8f97-c92e49c96315,Titans,TEN,Tennessee,,2025-08-06T22:13:51.786031
8f09cdb0-e6ef-11ed-abca-c7a3a205e21d,Ali Gaye,,Ali,Gaye,OLB,99.0,78,265.0,1998-11-29,"Lynnwood, WA, USA",2,LSU,Edmonds-Woodway (WA),,,,,ACT,,,d26a1ca5-722d-4274-8f97-c92e49c96315,Titans,TEN,Tennessee,,2025-08-06T22:13:51.786036
92b059b3-6b1b-4db4-a535-ceba629176d1,L'Jarius Sneed,,L'Jarius,Sneed,CB,38.0,73,192.0,1997-01-21,"Minden, LA, USA",6,Louisiana Tech,Minden (LA),2020.0,4.0,,"{'id': '6680d28d-d4d2-49f6-aace-5292d3ec02c2', 'name': 'Chiefs', 'market': 'Kansas City', 'alias': 'KC', 'sr_id': 'sr:competitor:4422'}",PUP,,,d26a1ca5-722d-4274-8f97-c92e49c96315,Titans,TEN,Tennessee,,2025-08-06T22:13:51.786045
92c8bc67-756d-4e3c-981c-3df010e15e2d,Dre'Mont Jones,,Dre'Mont,Jones,OLB,45.0,75,281.0,1997-01-05,"Cleveland, OH, USA",7,Ohio State,St. Ignatius (OH),2019.0,3.0,,"{'id': 'ce92bd47-93d5-4fe9-ada4-0fc681e6caa0', 'name': 'Broncos', 'market': 'Denver', 'alias': 'DEN', 'sr_id': 'sr:competitor:4418'}",ACT,,,d26a1ca5-722d-4274-8f97-c92e49c96315,Titans,TEN,Tennessee,,2025-08-06T22:13:51.786050
941ca700-2310-11f0-a693-43915fa67f2c,Brandon Crenshaw-Dickson,,Brandon,Crenshaw-Dickson,OT,78.0,79,316.0,2001-02-22,"Inglewood, CA, USA",0,Florida,Narbonne (CA),,,,,ACT,,,d26a1ca5-722d-4274-8f97-c92e49c96315,Titans,TEN,Tennessee,,2025-08-06T22:13:51.786054
9983d47b-c955-4546-882f-4bd2a2a5ad42,Kalel Mullings,,Kalel,Mullings,RB,28.0,74,226.0,2002-10-04,"West Roxbury, MA, USA",0,Michigan,Milton Academy (MA),2025.0,6.0,,"{'id': 'd26a1ca5-722d-4274-8f97-c92e49c96315', 'name': 'Titans', 'market': 'Tennessee', 'alias': 'TEN', 'sr_id': 'sr:competitor:367364'}",ACT,,,d26a1ca5-722d-4274-8f97-c92e49c96315,Titans,TEN,Tennessee,,2025-08-06T22:13:51.786059
a159d5c0-2561-11f0-ab00-872fcb804450,Jermari Harris,,Jermari,Harris,CB,30.0,73,191.0,2000-09-19,"Chicago, IL, USA",0,Iowa,Montini Catholic (IL),,,,,ACT,,,d26a1ca5-722d-4274-8f97-c92e49c96315,Titans,TEN,Tennessee,,2025-08-06T22:13:51.786063
a7011ca0-072f-11ef-aee1-63cc61868faa,Julius Wood,,Julius,Wood,SAF,24.0,73,193.0,2001-05-02,"Columbus, OH, USA",2,East Carolina,Walnut Ridge (OH),,,,,ACT,,,d26a1ca5-722d-4274-8f97-c92e49c96315,Titans,TEN,Tennessee,,2025-08-06T22:13:51.786070
acc85868-4848-4de3-8e6f-5427e93c8d80,Arden Key,,Arden,Key,OLB,49.0,77,240.0,1996-05-03,"Atlanta, GA, USA",8,LSU,Hapeville Charter (GA),2018.0,3.0,,"{'id': '7d4fcc64-9cb5-4d1b-8e75-8a906d1e1576', 'name': 'Raiders', 'market': 'Las Vegas', 'alias': 'LV', 'sr_id': 'sr:competitor:4390'}",ACT,,,d26a1ca5-722d-4274-8f97-c92e49c96315,Titans,TEN,Tennessee,,2025-08-06T22:13:51.786089
b3e1206d-38e3-4ad3-be9e-8bf3daa62cad,Kevin Zeitler,,Kevin,Zeitler,G,70.0,76,332.0,1990-03-08,"Waukesha, WI, USA",14,Wisconsin,Wisconsin Lutheran (WI),2012.0,1.0,,"{'id': 'ad4ae08f-d808-42d5-a1e6-e9bc4e34d123', 'name': 'Bengals', 'market': 'Cincinnati', 'alias': 'CIN', 'sr_id': 'sr:competitor:4416'}",ACT,,,d26a1ca5-722d-4274-8f97-c92e49c96315,Titans,TEN,Tennessee,,2025-08-06T22:13:51.786099
bc424a1d-0931-404a-8997-5278b1a50d73,Cedric Gray,,Cedric,Gray,LB,51.0,74,234.0,2002-10-30,"Fort Washington, MD, USA",2,North Carolina,Ardrey Kell (NC),2024.0,4.0,,"{'id': 'd26a1ca5-722d-4274-8f97-c92e49c96315', 'name': 'Titans', 'market': 'Tennessee', 'alias': 'TEN', 'sr_id': 'sr:competitor:367364'}",ACT,,,d26a1ca5-722d-4274-8f97-c92e49c96315,Titans,TEN,Tennessee,,2025-08-06T22:13:51.786103
bd77a854-4a7f-4840-a3f9-c5f428bd2dda,Jaylen Harrell,,Jaylen,Harrell,OLB,92.0,76,247.0,2002-05-01,"Tampa, FL, USA",2,Michigan,Berkeley (FL),2024.0,7.0,,"{'id': 'd26a1ca5-722d-4274-8f97-c92e49c96315', 'name': 'Titans', 'market': 'Tennessee', 'alias': 'TEN', 'sr_id': 'sr:competitor:367364'}",ACT,,,d26a1ca5-722d-4274-8f97-c92e49c96315,Titans,TEN,Tennessee,,2025-08-06T22:13:51.786113
beb69cba-f240-43ed-88d3-50d066cf55d4,Gunnar Helm,,Gunnar,Helm,TE,84.0,77,241.0,2002-09-06,"Englewood, CO, USA",0,Texas,Cherry Creek (CO),2025.0,4.0,,"{'id': 'd26a1ca5-722d-4274-8f97-c92e49c96315', 'name': 'Titans', 'market': 'Tennessee', 'alias': 'TEN', 'sr_id': 'sr:competitor:367364'}",ACT,,,d26a1ca5-722d-4274-8f97-c92e49c96315,Titans,TEN,Tennessee,,2025-08-06T22:13:51.786117
bf0296be-fea7-4629-99f7-b91793a744c1,Marcus Harris,,Marcus,Harris,CB,26.0,71,188.0,,"Portland, OR, USA",0,California,Grant (OR),2025.0,6.0,,"{'id': 'd26a1ca5-722d-4274-8f97-c92e49c96315', 'name': 'Titans', 'market': 'Tennessee', 'alias': 'TEN', 'sr_id': 'sr:competitor:367364'}",ACT,,,d26a1ca5-722d-4274-8f97-c92e49c96315,Titans,TEN,Tennessee,,2025-08-06T22:13:51.786122
c30928f5-eef3-4aa8-be16-fa5d960b955b,Brenden Jaimes,,Brenden,Jaimes,OL,66.0,77,300.0,1999-05-28,"Austin, TX, USA",5,Nebraska,Lake Travis (TX),2021.0,5.0,,"{'id': '1f6dcffb-9823-43cd-9ff4-e7a8466749b5', 'name': 'Chargers', 'market': 'Los Angeles', 'alias': 'LAC', 'sr_id': 'sr:competitor:4429'}",ACT,,,d26a1ca5-722d-4274-8f97-c92e49c96315,Titans,TEN,Tennessee,,2025-08-06T22:13:51.786127
c310e54b-06b0-4940-b75b-d06a7dfe351e,Amari Burney,,Amari,Burney,LB,58.0,74,228.0,2000-06-12,"Clearwater, FL, USA",3,Florida,Calvary Christian (FL),2023.0,6.0,,"{'id': '7d4fcc64-9cb5-4d1b-8e75-8a906d1e1576', 'name': 'Raiders', 'market': 'Las Vegas', 'alias': 'LV', 'sr_id': 'sr:competitor:4390'}",ACT,,,d26a1ca5-722d-4274-8f97-c92e49c96315,Titans,TEN,Tennessee,,2025-08-06T22:13:51.786136
c65488d4-251e-40fc-9f32-7019bbdaf75e,James Proche II,,James,Proche,WR,13.0,71,193.0,1996-09-21,"Dallas, TX, USA",7,SMU,DeSoto (TX),2020.0,6.0,,"{'id': 'ebd87119-b331-4469-9ea6-d51fe3ce2f1c', 'name': 'Ravens', 'market': 'Baltimore', 'alias': 'BAL', 'sr_id': 'sr:competitor:4413'}",ACT,,,d26a1ca5-722d-4274-8f97-c92e49c96315,Titans,TEN,Tennessee,,2025-08-06T22:13:51.786144
cd09c042-0bfc-4866-8d3f-a14ef4c3d7fc,Xavier Woods,,Xavier,Woods,SAF,25.0,71,200.0,1995-07-26,"Monroe, LA, USA",9,Louisiana Tech,West Monroe (LA),2017.0,6.0,,"{'id': 'e627eec7-bbae-4fa4-8e73-8e1d6bc5c060', 'name': 'Cowboys', 'market': 'Dallas', 'alias': 'DAL', 'sr_id': 'sr:competitor:4392'}",ACT,,,d26a1ca5-722d-4274-8f97-c92e49c96315,Titans,TEN,Tennessee,,2025-08-06T22:13:51.786152
ce8b21f7-6f93-40e6-8068-0432e10d855f,James Lynch,,James,Lynch,DL,97.0,76,295.0,1999-01-20,"Round Rock, TX, USA",6,Baylor,Round Rock (TX),2020.0,4.0,,"{'id': '33405046-04ee-4058-a950-d606f8c30852', 'name': 'Vikings', 'market': 'Minnesota', 'alias': 'MIN', 'sr_id': 'sr:competitor:4423'}",ACT,,,d26a1ca5-722d-4274-8f97-c92e49c96315,Titans,TEN,Tennessee,,2025-08-06T22:13:51.786156
d64354b0-c956-11ec-b1d2-d334745b4f4f,Mike Brown,,Mike,Brown,SAF,44.0,73,218.0,1999-04-07,"Grand Rapids, MI, USA",3,Miami (OH),Grand Rapids Catholic Central (MI),,,,,ACT,,,d26a1ca5-722d-4274-8f97-c92e49c96315,Titans,TEN,Tennessee,,2025-08-06T22:13:51.786160
da2dd280-29de-11f0-b73f-9513f2e1577d,Philip Blidi,,Philip,Blidi,DT,95.0,75,284.0,,"Trenton, NJ, USA",0,Auburn,Portales (NM),,,,,ACT,,,d26a1ca5-722d-4274-8f97-c92e49c96315,Titans,TEN,Tennessee,,2025-08-06T22:13:51.786169
de456390-b27b-4146-87b9-0267f1ea8db4,Jermar Jefferson,,Jermar,Jefferson,RB,32.0,70,215.0,2000-04-15,"Los Angeles, CA, USA",2,Oregon State,Narbonne (CA),2021.0,7.0,,"{'id': 'c5a59daa-53a7-4de0-851f-fb12be893e9e', 'name': 'Lions', 'market': 'Detroit', 'alias': 'DET', 'sr_id': 'sr:competitor:4419'}",ACT,,,d26a1ca5-722d-4274-8f97-c92e49c96315,Titans,TEN,Tennessee,,2025-08-06T22:13:51.786182
e22614c0-2560-11f0-af22-1731557928d7,Jalen Kimber,,Jalen,Kimber,CB,35.0,72,190.0,,"Merrillville, IN, USA",0,Penn State,Mansfield Timberview (TX),,,,,ACT,,,d26a1ca5-722d-4274-8f97-c92e49c96315,Titans,TEN,Tennessee,,2025-08-06T22:13:51.786192
e3a0e17e-fb75-4284-b89c-ddbc758f3d20,Blake Hance,,Blake,Hance,OL,73.0,77,310.0,1996-01-11,"Jacksonville, IL, USA",5,Northwestern,Jacksonville (IL),,,,,ACT,,,d26a1ca5-722d-4274-8f97-c92e49c96315,Titans,TEN,Tennessee,,2025-08-06T22:13:51.786196
e5266a8b-b610-4c5e-9bee-7269917ffd6f,Corey Levin,,Corey,Levin,OL,62.0,76,307.0,1994-08-12,"Dacula, GA, USA",7,Chattanooga,Dacula (GA),2017.0,6.0,,"{'id': 'd26a1ca5-722d-4274-8f97-c92e49c96315', 'name': 'Titans', 'market': 'Tennessee', 'alias': 'TEN', 'sr_id': 'sr:competitor:367364'}",ACT,,,d26a1ca5-722d-4274-8f97-c92e49c96315,Titans,TEN,Tennessee,,2025-08-06T22:13:51.786200
e58a1cc0-255f-11f0-af22-1731557928d7,Isaiah Raikes,,Isaiah,Raikes,NT,76.0,73,310.0,1999-05-15,"Woodbury, NJ, USA",0,Auburn,,,,,,ACT,,,d26a1ca5-722d-4274-8f97-c92e49c96315,Titans,TEN,Tennessee,,2025-08-06T22:13:51.786206
e92e4840-cb41-11ec-a667-6354702e3fca,Darrell Baker Jr.,,Darrell,Baker,CB,39.0,73,190.0,1998-03-27,"Hephzibah, GA, USA",3,Georgia Southern,Hephzibah (GA),,,,,ACT,,,d26a1ca5-722d-4274-8f97-c92e49c96315,Titans,TEN,Tennessee,,2025-08-06T22:13:51.786219
ea3e1da8-9bae-43cc-9538-513976e968e5,Jarvis Brownlee Jr.,,Jarvis,Brownlee,CB,29.0,70,194.0,2001-07-13,"Miami Gardens, FL, USA",2,Louisville,Miami Carol City (FL),2024.0,5.0,,"{'id': 'd26a1ca5-722d-4274-8f97-c92e49c96315', 'name': 'Titans', 'market': 'Tennessee', 'alias': 'TEN', 'sr_id': 'sr:competitor:367364'}",ACT,,,d26a1ca5-722d-4274-8f97-c92e49c96315,Titans,TEN,Tennessee,,2025-08-06T22:13:51.786226
ef4998e0-c9ef-4afe-88ab-d09b48975a08,Joey Slye,,Joey,Slye,K,6.0,71,213.0,1996-04-10,"Albuquerque, NM, USA",7,Virginia Tech,North Stafford (VA),,,,,ACT,,,d26a1ca5-722d-4274-8f97-c92e49c96315,Titans,TEN,Tennessee,,2025-08-06T22:13:51.786233
f46f51a0-29de-11f0-b73f-9513f2e1577d,Desmond Evans,,Desmond,Evans,OLB,56.0,78,252.0,,"Sanford, NC, USA",0,North Carolina,Lee County (NC),,,,,ACT,,,d26a1ca5-722d-4274-8f97-c92e49c96315,Titans,TEN,Tennessee,,2025-08-06T22:13:51.786241
fcdc7670-e8fd-11ed-8f16-bf9f502d2331,Kendell Brooks,,Kendell,Brooks,SAF,33.0,72,206.0,2000-03-03,"Swansea, SC, USA",1,Michigan State,Swansea (SC),,,,,ACT,,,d26a1ca5-722d-4274-8f97-c92e49c96315,Titans,TEN,Tennessee,,2025-08-06T22:13:51.786255
09d33e40-4883-11f0-b9d8-2b72ed76eb2a,Vershon Lee,,Vershon,Lee,G,66.0,76,310.0,2001-12-07,"Woodbridge, VA, USA",0,South Carolina,Freedom (VA),,,,,ACT,,,33405046-04ee-4058-a950-d606f8c30852,Vikings,MIN,Minnesota,,2025-08-06T22:13:53.347754
0b056720-245c-11f0-8359-9dcfccb28966,Logan Brown,,Logan,Brown,T,62.0,78,311.0,2001-04-17,"Grand Rapids, MI, USA",0,Kansas,East Kentwood (MI),,,,,ACT,,,33405046-04ee-4058-a950-d606f8c30852,Vikings,MIN,Minnesota,,2025-08-06T22:13:53.347776
0b114d80-0584-11ef-8549-c35bdee1a640,Dwight McGlothern,,Dwight,McGlothern,CB,29.0,74,185.0,2002-02-06,"Houston, TX, USA",2,Arkansas,Klein Oak (TX),,,,,ACT,,,33405046-04ee-4058-a950-d606f8c30852,Vikings,MIN,Minnesota,,2025-08-06T22:13:53.347780
1455441c-7e0e-484e-8e8a-5c7606b59709,Dallas Turner,,Dallas,Turner,OLB,15.0,75,247.0,2003-02-02,"Fort Lauderdale, FL, USA",2,Alabama,St. Thomas Aquinas (FL),2024.0,1.0,,"{'id': '33405046-04ee-4058-a950-d606f8c30852', 'name': 'Vikings', 'market': 'Minnesota', 'alias': 'MIN', 'sr_id': 'sr:competitor:4423'}",ACT,,,33405046-04ee-4058-a950-d606f8c30852,Vikings,MIN,Minnesota,,2025-08-06T22:13:53.347785
15a85030-ec59-11ed-ae91-5be3a63bf6e6,Jalen Redmond,,Jalen,Redmond,DL,61.0,75,291.0,1999-03-12,"Midwest City, OK, USA",2,Oklahoma,Midwest City (OK),,,,,ACT,,,33405046-04ee-4058-a950-d606f8c30852,Vikings,MIN,Minnesota,,2025-08-06T22:13:53.347790
17dfbad4-f4fc-4a65-a085-6cdcefe36879,Blake Cashman,,Blake,Cashman,LB,51.0,73,235.0,1996-05-10,"Eden Prairie, MN, USA",7,Minnesota,Eden Prairie (MN),2019.0,5.0,,"{'id': '5fee86ae-74ab-4bdd-8416-42a9dd9964f3', 'name': 'Jets', 'market': 'New York', 'alias': 'NYJ', 'sr_id': 'sr:competitor:4427'}",ACT,,,33405046-04ee-4058-a950-d606f8c30852,Vikings,MIN,Minnesota,,2025-08-06T22:13:53.347795
1a5dd0e3-f01b-4330-a711-3f00c8d1cad5,Tyrion Ingram-Dawkins,,Tyrion,Ingram-Dawkins,DL,90.0,77,276.0,2003-06-26,"Gaffney, SC, USA",0,Georgia,Gaffney (SC),2025.0,5.0,,"{'id': '33405046-04ee-4058-a950-d606f8c30852', 'name': 'Vikings', 'market': 'Minnesota', 'alias': 'MIN', 'sr_id': 'sr:competitor:4423'}",ACT,,,33405046-04ee-4058-a950-d606f8c30852,Vikings,MIN,Minnesota,,2025-08-06T22:13:53.347800
1eeea030-3313-4aab-b33c-9f836710354a,Tai Felton,,Tai,Felton,WR,13.0,73,183.0,2003-03-15,"Ashburn, VA, USA",0,Maryland,Stone Bridge (VA),2025.0,3.0,,"{'id': '33405046-04ee-4058-a950-d606f8c30852', 'name': 'Vikings', 'market': 'Minnesota', 'alias': 'MIN', 'sr_id': 'sr:competitor:4423'}",ACT,,,33405046-04ee-4058-a950-d606f8c30852,Vikings,MIN,Minnesota,,2025-08-06T22:13:53.347805
1f3d48b0-2629-11f0-9dca-47cf7c5385b0,Ben Yurosek,,Ben,Yurosek,TE,48.0,76,245.0,2002-03-17,"Bakersfield, CA, USA",0,Georgia,Bakersfield Christian (CA),,,,,ACT,,,33405046-04ee-4058-a950-d606f8c30852,Vikings,MIN,Minnesota,,2025-08-06T22:13:53.347809
20e2f730-e762-11ed-986b-7b81762709af,Thayer Thomas,,Thayer,Thomas,WR,89.0,72,195.0,1998-05-20,"Wake Forest, NC, USA",1,North Carolina State,Heritage (NC),,,,,ACT,,,33405046-04ee-4058-a950-d606f8c30852,Vikings,MIN,Minnesota,,2025-08-06T22:13:53.347813
22b01678-952c-4923-b1a9-1249aa1e0791,Kobe King,,Kobe,King,LB,41.0,73,236.0,2003-01-28,"Detroit, MI, USA",0,Penn State,Cass Technical (MI),2025.0,6.0,,"{'id': '33405046-04ee-4058-a950-d606f8c30852', 'name': 'Vikings', 'market': 'Minnesota', 'alias': 'MIN', 'sr_id': 'sr:competitor:4423'}",ACT,,,33405046-04ee-4058-a950-d606f8c30852,Vikings,MIN,Minnesota,,2025-08-06T22:13:53.347818
29815a83-1d6b-4e1b-b1c6-9bf44e7166c9,Jonathan Harris,,Jonathan,Harris,DL,92.0,77,295.0,1996-08-04,"Aurora, IL, USA",5,Lindenwood,Waubonsie Valley (IL),,,,,ACT,,,33405046-04ee-4058-a950-d606f8c30852,Vikings,MIN,Minnesota,,2025-08-06T22:13:53.347830
34368fd0-2514-11f0-a81f-81aa50e9d045,Tre Stewart,,Tre,Stewart,RB,38.0,68,186.0,2002-12-14,"Winston-Salem, NC, USA",0,Jacksonville State,Winston-Salem Prep (NC),,,,,ACT,,,33405046-04ee-4058-a950-d606f8c30852,Vikings,MIN,Minnesota,,2025-08-06T22:13:53.347834
3b133980-eb9a-11ed-8b52-a11a185238e2,Zavier Scott,,Zavier,Scott,RB,36.0,73,219.0,1999-07-17,"Fort Hood, TX, USA",1,Maine,Vilseck (DEU),,,,,ACT,,,33405046-04ee-4058-a950-d606f8c30852,Vikings,MIN,Minnesota,,2025-08-06T22:13:53.347838
3f8e4972-2361-4939-b5e3-c5f6c63b9f68,Javon Hargrave,,Javon,Hargrave,DL,98.0,74,305.0,1993-02-07,"Salisbury, NC, USA",10,South Carolina State,North Rowan (NC),2016.0,3.0,,"{'id': 'cb2f9f1f-ac67-424e-9e72-1475cb0ed398', 'name': 'Steelers', 'market': 'Pittsburgh', 'alias': 'PIT', 'sr_id': 'sr:competitor:4345'}",ACT,,,33405046-04ee-4058-a950-d606f8c30852,Vikings,MIN,Minnesota,,2025-08-06T22:13:53.347843
3fa764f0-2f66-11f0-9b62-4b3d92f1de51,Elijah Williams,,Elijah,Williams,DL,99.0,75,270.0,2002-09-09,"Jersey City, NJ, USA",0,Morgan State,Lincoln (NJ),,,,,ACT,,,33405046-04ee-4058-a950-d606f8c30852,Vikings,MIN,Minnesota,,2025-08-06T22:13:53.347852
407f1923-6659-4564-800f-25b8746d6d3e,Harrison Smith,,Harrison,Smith,SAF,22.0,74,211.0,1989-02-02,"Augusta, GA, USA",14,Notre Dame,Knoxville Catholic (TN),2012.0,1.0,,"{'id': '33405046-04ee-4058-a950-d606f8c30852', 'name': 'Vikings', 'market': 'Minnesota', 'alias': 'MIN', 'sr_id': 'sr:competitor:4423'}",ACT,,,33405046-04ee-4058-a950-d606f8c30852,Vikings,MIN,Minnesota,,2025-08-06T22:13:53.347856
4253e615-0bcd-4e9e-bf61-1f05a2bf2d4b,Mekhi Blackmon,,Mekhi,Blackmon,CB,5.0,71,178.0,1999-03-18,"Hayward, CA, USA",3,USC,Menlo-Atherton (CA),2023.0,3.0,,"{'id': '33405046-04ee-4058-a950-d606f8c30852', 'name': 'Vikings', 'market': 'Minnesota', 'alias': 'MIN', 'sr_id': 'sr:competitor:4423'}",ACT,,,33405046-04ee-4058-a950-d606f8c30852,Vikings,MIN,Minnesota,,2025-08-06T22:13:53.347866
44dd8731-122b-4f26-a599-10c5aa37acbc,Blake Brandel,,Blake,Brandel,G,64.0,78,315.0,1997-01-23,"Milwaukie, OR, USA",5,Oregon State,Central Catholic (OR),2020.0,6.0,,"{'id': '33405046-04ee-4058-a950-d606f8c30852', 'name': 'Vikings', 'market': 'Minnesota', 'alias': 'MIN', 'sr_id': 'sr:competitor:4423'}",ACT,,,33405046-04ee-4058-a950-d606f8c30852,Vikings,MIN,Minnesota,,2025-08-06T22:13:53.347870
53ab1910-0596-11ef-9ab5-875e1d93ea64,Taki Taimani,,Taki,Taimani,DL,94.0,73,309.0,1999-10-06,"Salt Lake City, UT, USA",2,Oregon,East (UT),,,,,ACT,,,33405046-04ee-4058-a950-d606f8c30852,Vikings,MIN,Minnesota,,2025-08-06T22:13:53.347878
53ca5630-071d-11ef-9523-7119a13023a1,Reddy Steward,,Reddy,Steward,CB,20.0,71,178.0,2001-05-04,"Decatur, AL, USA",1,Troy,Austin (AL),,,,,ACT,,,33405046-04ee-4058-a950-d606f8c30852,Vikings,MIN,Minnesota,,2025-08-06T22:13:53.347883
584c0cd5-fe93-40e1-8155-9abcf06d79b0,Christian Darrisaw,,Christian,Darrisaw,T,71.0,77,315.0,1999-06-02,"Petersburg, VA, USA",5,Virginia Tech,Riverdale Baptist (MD),2021.0,1.0,,"{'id': '33405046-04ee-4058-a950-d606f8c30852', 'name': 'Vikings', 'market': 'Minnesota', 'alias': 'MIN', 'sr_id': 'sr:competitor:4423'}",ACT,,,33405046-04ee-4058-a950-d606f8c30852,Vikings,MIN,Minnesota,,2025-08-06T22:13:53.347887
587cc3c3-aeda-4ac7-8803-a7e4db195534,J.J. McCarthy,,J.J.,McCarthy,QB,9.0,75,219.0,2003-01-20,"La Grange Park, IL, USA",2,Michigan,IMG Academy (FL),2024.0,1.0,,"{'id': '33405046-04ee-4058-a950-d606f8c30852', 'name': 'Vikings', 'market': 'Minnesota', 'alias': 'MIN', 'sr_id': 'sr:competitor:4423'}",ACT,,,33405046-04ee-4058-a950-d606f8c30852,Vikings,MIN,Minnesota,,2025-08-06T22:13:53.347892
5a00fa10-245c-11f0-bd01-e9abfbd27879,Chaz Chambliss,,Chaz,Chambliss,OLB,57.0,73,242.0,2002-10-25,"Carrollton, GA, USA",0,Georgia,Carrollton (GA),,,,,ACT,,,33405046-04ee-4058-a950-d606f8c30852,Vikings,MIN,Minnesota,,2025-08-06T22:13:53.347896
5ba11bd2-e764-4dea-98e1-dad01a21cdd3,Jonathan Allen,,Jonathan,Allen,DL,93.0,75,300.0,1995-01-16,"Anniston, AL, USA",9,Alabama,Stone Bridge (VA),2017.0,1.0,,"{'id': '22052ff7-c065-42ee-bc8f-c4691c50e624', 'name': 'Commanders', 'market': 'Washington', 'alias': 'WAS', 'sr_id': 'sr:competitor:4432'}",ACT,,,33405046-04ee-4058-a950-d606f8c30852,Vikings,MIN,Minnesota,,2025-08-06T22:13:53.347901
5fc2d240-0584-11ef-8635-b3775ac92fb2,Gabriel Murphy,,Gabriel,Murphy,OLB,59.0,74,247.0,2000-10-13,"Dallas, TX, USA",2,UCLA,Bishop Lynch (TX),,,,,ACT,,,33405046-04ee-4058-a950-d606f8c30852,Vikings,MIN,Minnesota,,2025-08-06T22:13:53.347905
605576a7-d04d-4286-9a16-9ec2a3d3f58b,Michael Jurgens,,Michael,Jurgens,G,65.0,77,311.0,2000-01-01,"Damascus, MD, USA",2,Wake Forest,Damascus (MD),2024.0,7.0,,"{'id': '33405046-04ee-4058-a950-d606f8c30852', 'name': 'Vikings', 'market': 'Minnesota', 'alias': 'MIN', 'sr_id': 'sr:competitor:4423'}",ACT,,,33405046-04ee-4058-a950-d606f8c30852,Vikings,MIN,Minnesota,,2025-08-06T22:13:53.347909
60ff28ab-0edc-43e3-8517-cd57c78f6347,Brian O'Neill,,Brian,O'Neill,T,75.0,79,310.0,1995-09-15,"Wilmington, DE, USA",8,Pittsburgh,Salesianum (DE),2018.0,2.0,,"{'id': '33405046-04ee-4058-a950-d606f8c30852', 'name': 'Vikings', 'market': 'Minnesota', 'alias': 'MIN', 'sr_id': 'sr:competitor:4423'}",ACT,,,33405046-04ee-4058-a950-d606f8c30852,Vikings,MIN,Minnesota,,2025-08-06T22:13:53.347914
6169f830-250e-11f0-836d-91c7e309d1c4,Oscar Chapman,,Oscar,Chapman,P,91.0,75,211.0,1999-03-28,"Adelaide,, AUS",0,Auburn,Prince Alfred College (AUS),,,,,ACT,,,33405046-04ee-4058-a950-d606f8c30852,Vikings,MIN,Minnesota,,2025-08-06T22:13:53.347918
6b948ff0-2513-11f0-9bc2-f7eecce84199,Bryson Nesbit,,Bryson,Nesbit,TE,46.0,77,238.0,2002-09-25,"Charlotte, NC, USA",0,North Carolina,South Mecklenburg (NC),,,,,ACT,,,33405046-04ee-4058-a950-d606f8c30852,Vikings,MIN,Minnesota,,2025-08-06T22:13:53.347942
6f667582-b880-4c41-a105-59c347a36c0d,Will Reichard,,Will,Reichard,K,16.0,73,187.0,2001-01-09,"Hoover, AL, USA",2,Alabama,Hoover (AL),2024.0,6.0,,"{'id': '33405046-04ee-4058-a950-d606f8c30852', 'name': 'Vikings', 'market': 'Minnesota', 'alias': 'MIN', 'sr_id': 'sr:competitor:4423'}",ACT,,,33405046-04ee-4058-a950-d606f8c30852,Vikings,MIN,Minnesota,,2025-08-06T22:13:53.347947
740ac0fa-f4b9-4944-9b7a-78b97c5dd1cd,Andrew DePaola,,Andrew,DePaola,LS,42.0,73,229.0,1987-07-28,"Parkton, MD, USA",11,Rutgers,Parkton (MD),,,,,ACT,,,33405046-04ee-4058-a950-d606f8c30852,Vikings,MIN,Minnesota,,2025-08-06T22:13:53.347956
78e57787-7682-44bf-9cb0-60afd0e9ea66,Will Fries,,Will,Fries,G,76.0,78,305.0,1998-04-04,"Staten Island, NY, USA",5,Penn State,Cranford (NJ),2021.0,7.0,,"{'id': '82cf9565-6eb9-4f01-bdbd-5aa0d472fcd9', 'name': 'Colts', 'market': 'Indianapolis', 'alias': 'IND', 'sr_id': 'sr:competitor:4421'}",ACT,,,33405046-04ee-4058-a950-d606f8c30852,Vikings,MIN,Minnesota,,2025-08-06T22:13:53.347960
790ae305-a3ea-4a98-a13a-31dacadec04e,Jeff Okudah,,Jeff,Okudah,CB,21.0,73,205.0,1999-02-02,"Grand Prairie, TX, USA",6,Ohio State,South Grand Prairie (TX),2020.0,1.0,,"{'id': 'c5a59daa-53a7-4de0-851f-fb12be893e9e', 'name': 'Lions', 'market': 'Detroit', 'alias': 'DET', 'sr_id': 'sr:competitor:4419'}",ACT,,,33405046-04ee-4058-a950-d606f8c30852,Vikings,MIN,Minnesota,,2025-08-06T22:13:53.347965
7ace3310-2313-11f0-bc3a-911fc8f8cbe7,Joe Huber,,Joe,Huber,OG,60.0,77,310.0,2002-05-02,"Dublin, OH, USA",0,Wisconsin,Jerome (OH),,,,,ACT,,,33405046-04ee-4058-a950-d606f8c30852,Vikings,MIN,Minnesota,,2025-08-06T22:13:53.347969
7d06db84-b31e-4b68-a6cc-93fb87763a7f,Jay Ward,,Jay,Ward,SAF,24.0,73,188.0,2000-07-13,"Moultrie, GA, USA",3,LSU,Colquitt County (GA),2023.0,4.0,,"{'id': '33405046-04ee-4058-a950-d606f8c30852', 'name': 'Vikings', 'market': 'Minnesota', 'alias': 'MIN', 'sr_id': 'sr:competitor:4423'}",ACT,,,33405046-04ee-4058-a950-d606f8c30852,Vikings,MIN,Minnesota,,2025-08-06T22:13:53.347978
7da672ef-7d6f-4162-b3ee-7faa37b0ed95,Ambry Thomas,,Ambry,Thomas,CB,23.0,72,190.0,1999-09-09,"Detroit, MI, USA",5,Michigan,Martin Luther King (MI),2021.0,3.0,,"{'id': 'f0e724b0-4cbf-495a-be47-013907608da9', 'name': '49ers', 'market': 'San Francisco', 'alias': 'SF', 'sr_id': 'sr:competitor:4389'}",ACT,,,33405046-04ee-4058-a950-d606f8c30852,Vikings,MIN,Minnesota,,2025-08-06T22:13:53.347987
840b2183-02bc-4a2a-b415-c62ceecca1b2,Harrison Phillips,,Harrison,Phillips,DL,97.0,75,307.0,1996-01-25,"Omaha, NE, USA",8,Stanford,Millard West (NE),2018.0,3.0,,"{'id': '768c92aa-75ff-4a43-bcc0-f2798c2e1724', 'name': 'Bills', 'market': 'Buffalo', 'alias': 'BUF', 'sr_id': 'sr:competitor:4376'}",ACT,,,33405046-04ee-4058-a950-d606f8c30852,Vikings,MIN,Minnesota,,2025-08-06T22:13:53.347991
84ff19a0-245b-11f0-a7e0-afe00708f14c,Silas Bolden,,Silas,Bolden,WR,83.0,68,160.0,,"Rancho Cucamonga, CA, USA",0,Texas,Rancho Cucamonga (CA),,,,,ACT,,,33405046-04ee-4058-a950-d606f8c30852,Vikings,MIN,Minnesota,,2025-08-06T22:13:53.347995
8dd6946e-a36c-4b5e-9182-2fb1726ab554,Theo Jackson,,Theo,Jackson,SAF,26.0,73,198.0,1998-10-02,"Nashville, TN, USA",4,Tennessee,Overton (TN),2022.0,6.0,,"{'id': 'd26a1ca5-722d-4274-8f97-c92e49c96315', 'name': 'Titans', 'market': 'Tennessee', 'alias': 'TEN', 'sr_id': 'sr:competitor:367364'}",ACT,,,33405046-04ee-4058-a950-d606f8c30852,Vikings,MIN,Minnesota,,2025-08-06T22:13:53.348000
921d4a00-230f-11f0-8931-09b8041f90bf,Max Brosmer,,Max,Brosmer,QB,12.0,74,217.0,2001-03-28,"Roswell, GA, USA",0,Minnesota,Centennial (GA),,,,,ACT,,,33405046-04ee-4058-a950-d606f8c30852,Vikings,MIN,Minnesota,,2025-08-06T22:13:53.348004
9288ff3b-b790-48b3-b463-f140a27d3654,Donovan Jackson,,Donovan,Jackson,OL,74.0,76,315.0,2002-12-04,"Cypress, TX, USA",0,Ohio State,Episcopal (TX),2025.0,1.0,,"{'id': '33405046-04ee-4058-a950-d606f8c30852', 'name': 'Vikings', 'market': 'Minnesota', 'alias': 'MIN', 'sr_id': 'sr:competitor:4423'}",ACT,,,33405046-04ee-4058-a950-d606f8c30852,Vikings,MIN,Minnesota,,2025-08-06T22:13:53.348008
9660f6e0-cc80-11ec-8d55-87af3a9174bd,Leroy Watson IV,,Leroy,Watson,T,72.0,76,311.0,1998-06-10,"Snellville, GA, USA",3,UTSA,Shiloh (GA),,,,,ACT,,,33405046-04ee-4058-a950-d606f8c30852,Vikings,MIN,Minnesota,,2025-08-06T22:13:53.348012
97dd6190-245a-11f0-8e0c-91ceb47b429a,Tyler Batty,,Tyler,Batty,OLB,96.0,78,271.0,1999-05-02,"Payson, UT, USA",0,BYU,Payson (UT),,,,,ACT,,,33405046-04ee-4058-a950-d606f8c30852,Vikings,MIN,Minnesota,,2025-08-06T22:13:53.348025
aae25a60-2514-11f0-b5d1-e9d1754063aa,Zemaiah Vaughn,,Zemaiah,Vaughn,CB,34.0,75,187.0,2002-04-02,"Beaumont, TX, USA",0,Utah,Beaumont United (TX),,,,,ACT,,,33405046-04ee-4058-a950-d606f8c30852,Vikings,MIN,Minnesota,,2025-08-06T22:13:53.348038
ac54c7b0-f984-11ed-84ee-53af5769e939,Lucky Jackson,,Lucky,Jackson,WR,81.0,72,186.0,1997-07-17,"Lexington, KY, USA",1,Western Kentucky,Lafayette (KY),,,,,ACT,,,33405046-04ee-4058-a950-d606f8c30852,Vikings,MIN,Minnesota,,2025-08-06T22:13:53.348042
b6a3e040-ad0b-4242-82a4-871ba158644b,Brian Asamoah II,,Brian,Asamoah,LB,6.0,72,226.0,2000-03-29,"Columbus, OH, USA",4,Oklahoma,St. Francis De Sales (OH),2022.0,3.0,,"{'id': '33405046-04ee-4058-a950-d606f8c30852', 'name': 'Vikings', 'market': 'Minnesota', 'alias': 'MIN', 'sr_id': 'sr:competitor:4423'}",ACT,,,33405046-04ee-4058-a950-d606f8c30852,Vikings,MIN,Minnesota,,2025-08-06T22:13:53.348058
b8f13e80-0582-11ef-b5de-0dfe790b3555,Jeshaun Jones,,Jeshaun,Jones,WR,82.0,73,188.0,1999-12-22,"Fort Myers, FL, USA",1,Maryland,South Fort Myers (FL),,,,,ACT,,,33405046-04ee-4058-a950-d606f8c30852,Vikings,MIN,Minnesota,,2025-08-06T22:13:53.348062
b9b3e414-dfc4-41f4-8ebb-0924c7d8434c,Gervarrius Owens,,Gervarrius,Owens,SAF,39.0,72,200.0,1999-10-14,"Moore, OK, USA",2,Houston,Southmoore (OK),2023.0,7.0,,"{'id': '04aa1c9d-66da-489d-b16a-1dee3f2eec4d', 'name': 'Giants', 'market': 'New York', 'alias': 'NYG', 'sr_id': 'sr:competitor:4426'}",ACT,,,33405046-04ee-4058-a950-d606f8c30852,Vikings,MIN,Minnesota,,2025-08-06T22:13:53.348067
bc69c92c-58ff-44b2-a18b-07a08ee78dc6,Jonathan Greenard,,Jonathan,Greenard,OLB,58.0,75,259.0,1997-05-25,"Hiram, GA, USA",6,Florida,Hiram (GA),2020.0,3.0,,"{'id': '82d2d380-3834-4938-835f-aec541e5ece7', 'name': 'Texans', 'market': 'Houston', 'alias': 'HOU', 'sr_id': 'sr:competitor:4324'}",ACT,,,33405046-04ee-4058-a950-d606f8c30852,Vikings,MIN,Minnesota,,2025-08-06T22:13:53.348071
bfe704fc-266d-4f6a-afbf-c903b5934e23,Eric Wilson,,Eric,Wilson,LB,55.0,73,230.0,1994-09-26,"Redford, MI, USA",9,Cincinnati,Lee M. Thurston (MI),,,,,ACT,,,33405046-04ee-4058-a950-d606f8c30852,Vikings,MIN,Minnesota,,2025-08-06T22:13:53.348079
c025b513-9431-4097-bc25-9777bf08f846,Byron Murphy Jr.,,Byron,Murphy,CB,7.0,71,190.0,1998-01-18,"Scottsdale, AZ, USA",7,Washington,Saguaro (AZ),2019.0,2.0,,"{'id': 'de760528-1dc0-416a-a978-b510d20692ff', 'name': 'Cardinals', 'market': 'Arizona', 'alias': 'ARI', 'sr_id': 'sr:competitor:4412'}",ACT,,,33405046-04ee-4058-a950-d606f8c30852,Vikings,MIN,Minnesota,,2025-08-06T22:13:53.348084
c02fa680-2513-11f0-b638-6346f3f3ac0b,Mishael Powell,,Mishael,Powell,SAF,40.0,73,210.0,,"Seattle, WA, USA",0,Miami (FL),O'Dea (WA),,,,,ACT,,,33405046-04ee-4058-a950-d606f8c30852,Vikings,MIN,Minnesota,,2025-08-06T22:13:53.348088
c17f53c0-25de-11f0-b2c4-1fd68bf02b2c,Myles Price,,Myles,Price,WR,31.0,69,183.0,,"Dallas, TX, USA",0,Indiana,The Colony (TX),,,,,ACT,,,33405046-04ee-4058-a950-d606f8c30852,Vikings,MIN,Minnesota,,2025-08-06T22:13:53.348092
c1b41bdc-c726-4ee5-910f-b5e4a00412a3,Gavin Bartholomew,,Gavin,Bartholomew,TE,86.0,77,246.0,2003-04-30,"Schuylkill Haven, PA, USA",0,Pittsburgh,Blue Mountain (PA),2025.0,6.0,,"{'id': '33405046-04ee-4058-a950-d606f8c30852', 'name': 'Vikings', 'market': 'Minnesota', 'alias': 'MIN', 'sr_id': 'sr:competitor:4423'}",PUP,,,33405046-04ee-4058-a950-d606f8c30852,Vikings,MIN,Minnesota,,2025-08-06T22:13:53.348096
ca977d10-2512-11f0-a13a-ed22f6f61764,Dorian Mausi,,Dorian,Mausi,LB,52.0,73,234.0,2002-03-05,"Detroit, MI, USA",0,Auburn,University of Detroit Jesuit (MI),,,,,ACT,,,33405046-04ee-4058-a950-d606f8c30852,Vikings,MIN,Minnesota,,2025-08-06T22:13:53.348104
cfc5dd70-2514-11f0-b5d1-e9d1754063aa,Alexander Williams,,Alexander,Williams,DL,,79,291.0,,"Akron, OH, USA",0,Middle Tennessee,North (OH),,,,,IR,,,33405046-04ee-4058-a950-d606f8c30852,Vikings,MIN,Minnesota,,2025-08-06T22:13:53.348108
d3f1c620-250f-11f0-860d-4396a96b1cd5,Dontae Fleming,,Dontae,Fleming,WR,19.0,74,180.0,2001-11-28,"LaPlace, LA, USA",0,Tulane,East St. John (LA),,,,,ACT,,,33405046-04ee-4058-a950-d606f8c30852,Vikings,MIN,Minnesota,,2025-08-06T22:13:53.348112
d470e520-f421-11ed-990e-333ce5b07033,Kahlef Hailassie,,Kahlef,Hailassie,CB,25.0,73,194.0,2000-11-09,"Elk Grove, CA, USA",3,Western Kentucky,Cosumnes (CA),,,,,ACT,,,33405046-04ee-4058-a950-d606f8c30852,Vikings,MIN,Minnesota,,2025-08-06T22:13:53.348116
d873e850-250e-11f0-836d-91c7e309d1c4,Zeke Correll,,Zeke,Correll,OL,63.0,75,307.0,2000-11-10,"Cincinnati, OH, USA",0,North Carolina State,Anderson (OH),,,,,ACT,,,33405046-04ee-4058-a950-d606f8c30852,Vikings,MIN,Minnesota,,2025-08-06T22:13:53.348120
db00d760-f31d-11ed-b498-7327606405e9,Henry Byrd,,Henry,Byrd,G,68.0,77,310.0,1999-07-01,"Nashville, TN, USA",1,Princeton,Ensworth School (TN),,,,,ACT,,,33405046-04ee-4058-a950-d606f8c30852,Vikings,MIN,Minnesota,,2025-08-06T22:13:53.348124
e135eaa4-1688-487a-a924-4d83b16977df,Joshua Metellus,,Joshua,Metellus,SAF,44.0,71,207.0,1998-01-21,"Pembroke Pines, FL, USA",6,Michigan,Flanagan (FL),2020.0,6.0,,"{'id': '33405046-04ee-4058-a950-d606f8c30852', 'name': 'Vikings', 'market': 'Minnesota', 'alias': 'MIN', 'sr_id': 'sr:competitor:4423'}",ACT,,,33405046-04ee-4058-a950-d606f8c30852,Vikings,MIN,Minnesota,,2025-08-06T22:13:53.348133
e3978d70-2510-11f0-9ef9-9de47983adfa,Austin Keys,,Austin,Keys,LB,56.0,74,247.0,2002-04-03,"Taylorsville, MS, USA",0,Auburn,Seminary (MS),,,,,ACT,,,33405046-04ee-4058-a950-d606f8c30852,Vikings,MIN,Minnesota,,2025-08-06T22:13:53.348137
eb995f08-f023-4338-bc36-5def4a83f59e,Justin Skule,,Justin,Skule,T,67.0,78,315.0,1996-11-23,"Clifton, VA, USA",6,Vanderbilt,Centerville (VA),2019.0,6.0,,"{'id': 'f0e724b0-4cbf-495a-be47-013907608da9', 'name': '49ers', 'market': 'San Francisco', 'alias': 'SF', 'sr_id': 'sr:competitor:4389'}",ACT,,,33405046-04ee-4058-a950-d606f8c30852,Vikings,MIN,Minnesota,,2025-08-06T22:13:53.348141
ed5875a0-250f-11f0-860d-4396a96b1cd5,Keenan Garber,,Keenan,Garber,CB,35.0,72,188.0,2000-07-22,"Lawrence, KS, USA",0,Kansas State,Free State (KS),,,,,ACT,,,33405046-04ee-4058-a950-d606f8c30852,Vikings,MIN,Minnesota,,2025-08-06T22:13:53.348145
ee995e00-0591-11ef-bf22-39578731379d,Bo Richter,,Bo,Richter,OLB,54.0,73,248.0,2000-08-13,"Naperville, IL, USA",2,Air Force,Naperville North (IL),,,,,ACT,,,33405046-04ee-4058-a950-d606f8c30852,Vikings,MIN,Minnesota,,2025-08-06T22:13:53.348149
f4db1bb0-2510-11f0-9ef9-9de47983adfa,Robert Lewis,,Robert,Lewis,WR,85.0,70,188.0,2002-01-17,"Covington, GA, USA",0,Auburn,Newton (GA),,,,,ACT,,,33405046-04ee-4058-a950-d606f8c30852,Vikings,MIN,Minnesota,,2025-08-06T22:13:53.348153
f5b18ecd-311e-49b3-a69f-830c7ba199a8,Walter Rouse,,Walter,Rouse,T,73.0,78,313.0,2001-03-09,"Silver Spring, MD, USA",2,Oklahoma,Sidwell Friends (MD),2024.0,6.0,,"{'id': '33405046-04ee-4058-a950-d606f8c30852', 'name': 'Vikings', 'market': 'Minnesota', 'alias': 'MIN', 'sr_id': 'sr:competitor:4423'}",ACT,,,33405046-04ee-4058-a950-d606f8c30852,Vikings,MIN,Minnesota,,2025-08-06T22:13:53.348157
f5ec3c90-e760-11ed-9f3f-47cc372ca3c1,Ivan Pace Jr.,,Ivan,Pace,LB,0.0,70,231.0,2000-12-16,"Cincinnati, OH, USA",3,Cincinnati,Colerain (OH),,,,,ACT,,,33405046-04ee-4058-a950-d606f8c30852,Vikings,MIN,Minnesota,,2025-08-06T22:13:53.348161
f755051d-6986-40c4-aba4-126af4b1842e,Levi Drake Rodriguez,,Levi Drake,Rodriguez,DL,50.0,74,290.0,2000-08-04,"Georgetown, TX, USA",2,East Texas A&M,East View (TX),2024.0,7.0,,"{'id': '33405046-04ee-4058-a950-d606f8c30852', 'name': 'Vikings', 'market': 'Minnesota', 'alias': 'MIN', 'sr_id': 'sr:competitor:4423'}",ACT,,,33405046-04ee-4058-a950-d606f8c30852,Vikings,MIN,Minnesota,,2025-08-06T22:13:53.348166
f7d67c1a-4edf-4604-aae8-584dde994a5f,Travis Bell,,Travis,Bell,DL,95.0,72,310.0,1998-10-27,"Montgomery, AL, USA",2,Kennesaw State,Jefferson Davis (AL),2023.0,7.0,,"{'id': '7b112545-38e6-483c-a55c-96cf6ee49cb8', 'name': 'Bears', 'market': 'Chicago', 'alias': 'CHI', 'sr_id': 'sr:competitor:4391'}",ACT,,,33405046-04ee-4058-a950-d606f8c30852,Vikings,MIN,Minnesota,,2025-08-06T22:13:53.348170
