player_id,player_name,player_display_name,position_x,position_group,headshot_url,recent_team,season,week,season_type,opponent_team,completions,attempts,passing_yards,passing_tds,interceptions,sacks,sack_yards,sack_fumbles,sack_fumbles_lost,passing_air_yards,passing_yards_after_catch,passing_first_downs,passing_epa,passing_2pt_conversions,pacr,dakota,carries,rushing_yards,rushing_tds,rushing_fumbles,rushing_fumbles_lost,rushing_first_downs,rushing_epa,rushing_2pt_conversions,receptions,targets,receiving_yards,receiving_tds,receiving_fumbles,receiving_fumbles_lost,receiving_air_yards,receiving_yards_after_catch,receiving_first_downs,receiving_epa,receiving_2pt_conversions,racr,target_share,air_yards_share,wopr,special_teams_tds,fantasy_points,fantasy_points_ppr,gsis_id,position_y,game_id,offensive_snaps,defensive_snaps,special_teams_snaps,total_snaps,offensive_snap_pct,defensive_snap_pct,special_teams_snap_pct,gsis_id_depth_chart,position,depth_team,fanduel_fantasy_points,seasons_played,last_season,total_games
00-0019596,T.Brady,Tom Brady,QB,QB,"https://static.www.nfl.com/image/private/f_auto,q_auto/league/q7dpdlxyu5rs05rgh1le",NE,2018,1,REG,HOU,26,39,277.0,3,1.0,2.0,10.0,0,0,320.0,93.0,16.0,8.182894,0,0.865625,0.1503198,1,2.0,0,0.0,0.0,1.0,1.8376273,0,0,0,0.0,0,0.0,0.0,0.0,0.0,0.0,,0,,,,,0.0,21.28,21.28,00-0019596,QB,2018_01_HOU_NE,76.0,0.0,0.0,76.0,100.0,0.0,0.0,00-0019596,QB,1.0,22.28,5,2022,97
00-0020531,D.Brees,Drew Brees,QB,QB,"https://static.www.nfl.com/image/private/f_auto,q_auto/league/i20xlpzdmn7xubotijjd",NO,2018,1,REG,TB,37,45,439.0,3,0.0,1.0,7.0,0,0,348.0,167.0,19.0,22.273556,1,1.2614943,0.2854841,0,0.0,0,0.0,0.0,0.0,,0,0,0,0.0,0,0.0,0.0,0.0,0.0,0.0,,0,,,,,0.0,31.56,31.56,00-0020531,QB,2018_01_TB_NO,66.0,0.0,0.0,66.0,100.0,0.0,0.0,00-0020531,QB,1.0,32.56,3,2020,45
00-0021206,J.McCown,Josh McCown,QB,QB,"https://static.www.nfl.com/image/private/f_auto,q_auto/league/qcauc37wqjdaxdbq1evu",NYJ,2018,10,REG,BUF,17,34,135.0,0,2.0,3.0,19.0,0,0,185.0,106.0,7.0,-21.17874,0,0.7297297,-0.07052256,1,4.0,0,0.0,0.0,0.0,-0.14259873,0,0,0,0.0,0,0.0,0.0,0.0,0.0,0.0,,0,,,,,0.0,1.8,1.8,00-0021206,QB,2018_10_BUF_NYJ,57.0,0.0,0.0,57.0,100.0,0.0,0.0,00-0021206,QB,2.0,3.8,2,2019,8
00-0021547,A.Gates,Antonio Gates,TE,TE,"https://static.www.nfl.com/image/private/f_auto,q_auto/league/kndulvysinvn4tpvt0bc",LAC,2018,1,REG,KC,0,0,0.0,0,0.0,0.0,0.0,0,0,0.0,0.0,0.0,,0,,,0,0.0,0,0.0,0.0,0.0,,0,2,3,16.0,0,0.0,0.0,27.0,5.0,1.0,0.90538645,1,0.5925926,0.06,0.055900622,0.12913044,0.0,3.6,5.6,00-0021547,TE,2018_01_KC_LAC,34.0,0.0,0.0,34.0,40.963855421686745,0.0,0.0,00-0021547,TE,2.0,2.6,1,2018,18
00-0022127,J.Witten,Jason Witten,TE,TE,"https://static.www.nfl.com/image/private/f_auto,q_auto/league/r7uafhtwuexuaty0nhsc",DAL,2019,1,REG,NYG,0,0,0.0,0,0.0,0.0,0.0,0,0,0.0,0.0,0.0,,0,,,0,0.0,0,0.0,0.0,0.0,,0,3,4,15.0,1,0.0,0.0,3.0,16.0,1.0,0.06046539,0,5.0,0.125,0.009966778,0.19447674,0.0,7.5,10.5,00-0022127,TE,2019_01_NYG_DAL,43.0,0.0,6.0,49.0,65.15151515151516,0.0,23.07692307692308,00-0022127,TE,1.0,9.0,2,2020,26
00-0022787,M.Schaub,Matt Schaub,QB,QB,"https://static.www.nfl.com/image/private/f_auto,q_auto/league/mj2kh2nddxnw04ludcx0",ATL,2018,2,REG,CAR,0,0,0.0,0,0.0,0.0,0.0,0,0,0.0,0.0,0.0,,0,,,1,0.0,0,1.0,0.0,0.0,-1.4048574,0,0,0,0.0,0,0.0,0.0,0.0,0.0,0.0,,0,,,,,0.0,0.0,0.0,00-0022787,QB,2018_02_CAR_ATL,1.0,0.0,0.0,1.0,1.5873015873015872,0.0,0.0,00-0022787,QB,2.0,-2.0,3,2020,9
00-0022803,E.Manning,Eli Manning,QB,QB,"https://static.www.nfl.com/image/private/f_auto,q_auto/league/w51tf8uedjftbr4qpaex",NYG,2018,1,REG,JAX,23,37,224.0,0,1.0,2.0,14.0,0,0,249.0,86.0,8.0,-11.798196,0,0.8995984,-0.0006408732,1,2.0,0,0.0,0.0,0.0,-0.40816638,0,0,0,0.0,0,0.0,0.0,0.0,0.0,0.0,,0,,,,,0.0,7.16,7.16,00-0022803,QB,2018_01_JAX_NYG,71.0,0.0,0.0,71.0,98.61111111111111,0.0,0.0,00-0022803,QB,1.0,8.16,2,2019,20
00-0022824,A.Lee,Andy Lee,P,SPEC,"https://static.www.nfl.com/image/private/f_auto,q_auto/league/bfozbs2h9jueavslvw3z",ARI,2019,10,REG,TB,1,1,26.0,0,0.0,0.0,-0.0,0,0,26.0,0.0,1.0,4.2406874,0,1.0,,0,0.0,0,0.0,0.0,0.0,,0,0,0,0.0,0,0.0,0.0,0.0,0.0,0.0,,0,,,,,0.0,1.04,1.04,00-0022824,P,2019_10_ARI_TB,1.0,0.0,8.0,9.0,1.4285714285714286,0.0,26.666666666666668,00-0022824,P,1.0,1.04,4,2022,8
00-0022921,L.Fitzgerald,Larry Fitzgerald,WR,WR,"https://static.www.nfl.com/image/private/f_auto,q_auto/league/ycgjjaad5un42gy4pnga",ARI,2018,1,REG,WAS,0,0,0.0,0,0.0,0.0,0.0,0,0,0.0,0.0,0.0,,0,,,0,0.0,0,0.0,0.0,0.0,,0,7,10,76.0,0,0.0,0.0,90.0,21.0,3.0,2.1039133,0,0.84444445,0.29411766,0.43269232,0.7440611,0.0,7.6,14.6,00-0022921,WR,2018_01_WAS_ARI,52.0,0.0,0.0,52.0,98.1132075471698,0.0,0.0,00-0022921,WR,1.0,11.1,3,2020,45
00-0022924,B.Roethlisberger,Ben Roethlisberger,QB,QB,"https://static.www.nfl.com/image/private/f_auto,q_auto/league/vziogpnyp9d0xtpiuqhr",PIT,2018,1,REG,CLE,23,41,335.0,1,3.0,4.0,22.0,2,2,382.0,213.0,17.0,-6.6874714,0,0.8769634,-0.021597028,3,16.0,0,0.0,0.0,2.0,3.0177445,0,0,0,0.0,0,0.0,0.0,0.0,0.0,0.0,,0,,,,,0.0,9.0,9.0,00-0022924,QB,2018_01_PIT_CLE,84.0,0.0,0.0,84.0,100.0,0.0,0.0,00-0022924,QB,1.0,15.0,4,2021,53
00-0022942,P.Rivers,Philip Rivers,QB,QB,"https://static.www.nfl.com/image/private/f_auto,q_auto/league/voakyrtj34sghkwxaxxf",LAC,2018,1,REG,KC,34,51,424.0,3,1.0,1.0,6.0,0,0,483.0,249.0,23.0,16.011957,1,0.8778468,0.17469384,0,0.0,0,0.0,0.0,0.0,,0,0,0,0.0,0,0.0,0.0,0.0,0.0,0.0,,0,,,,,0.0,28.96,28.96,00-0022942,QB,2018_01_KC_LAC,83.0,0.0,0.0,83.0,100.0,0.0,0.0,00-0022942,QB,1.0,30.96,3,2020,53
00-0022943,B.Watson,Benjamin Watson,TE,TE,"https://static.www.nfl.com/image/private/f_auto,q_auto/league/dorymozpdnrllkqlfzpu",NO,2018,1,REG,TB,0,0,0.0,0,0.0,0.0,0.0,0,0,0.0,0.0,0.0,,0,,,0,0.0,0,0.0,0.0,0.0,,0,4,4,44.0,0,0.0,0.0,41.0,3.0,4.0,5.120501,0,1.0731708,0.09090909,0.1202346,0.22052786,0.0,4.4,8.4,00-0022943,TE,2018_01_TB_NO,52.0,0.0,4.0,56.0,78.78787878787878,0.0,12.12121212121212,00-0022943,TE,1.0,6.4,2,2019,25
00-0023436,A.Smith,Alex Smith,QB,QB,"https://static.www.nfl.com/image/private/f_auto,q_auto/league/dpa5d1a8jj6jdymocjkx",WAS,2018,1,REG,ARI,21,30,255.0,2,0.0,3.0,8.0,1,0,101.0,180.0,13.0,13.331767,0,2.5247524,0.1821727,8,14.0,0,1.0,0.0,2.0,-0.56603,0,0,0,0.0,0,0.0,0.0,0.0,0.0,0.0,,0,,,,,0.0,19.6,19.6,00-0023436,QB,2018_01_WAS_ARI,81.0,0.0,0.0,81.0,98.78048780487804,0.0,0.0,00-0023436,QB,1.0,15.6,2,2020,18
00-0023534,D.Colquitt,Dustin Colquitt,P,SPEC,"https://static.www.nfl.com/image/private/f_auto,q_auto/league/v1aymd6o0vpg73ytxzhu",KC,2019,10,REG,TEN,0,1,0.0,0,0.0,0.0,-0.0,0,0,4.0,0.0,0.0,-2.3052912,0,0.0,,0,0.0,0,0.0,0.0,0.0,,0,0,0,0.0,0,0.0,0.0,0.0,0.0,0.0,,0,,,,,0.0,0.0,0.0,00-0023534,P,2019_10_KC_TEN,1.0,0.0,9.0,10.0,1.2048192771084338,0.0,29.03225806451613,00-0023534,P,1.0,0.0,1,2019,3
00-0023564,D.Sproles,Darren Sproles,RB,RB,"https://static.www.nfl.com/image/private/f_auto,q_auto/league/gvj5ng27blmwuz170aeo",PHI,2018,1,REG,ATL,0,0,0.0,0,0.0,0.0,0.0,0,0,0.0,0.0,0.0,,0,,,5,10.0,0,0.0,0.0,1.0,-0.41270083,0,4,7,22.0,0,0.0,0.0,-3.0,22.0,1.0,-0.5681926,0,-7.3333335,0.2,-0.010526316,0.29263157,0.0,3.2,7.2,00-0023564,RB,2018_01_ATL_PHI,28.0,1.0,6.0,35.0,37.333333333333336,1.3888888888888888,24.0,00-0023564,RB,1.0,5.2,2,2019,30
00-0023645,D.Anderson,Derek Anderson,QB,QB,"https://static.www.nfl.com/image/private/f_auto,q_auto/league/w191gsxivnqgdwgydka6",BUF,2018,7,REG,IND,20,31,175.0,0,3.0,2.0,7.0,1,1,208.0,51.0,9.0,-22.780098,0,0.84134614,0.008217049,0,0.0,0,0.0,0.0,0.0,,0,0,0,0.0,0,0.0,0.0,0.0,0.0,0.0,,0,,,,,0.0,-1.0,-1.0,00-0023645,QB,2018_07_BUF_IND,57.0,0.0,0.0,57.0,100.0,0.0,0.0,00-0023645,QB,3.0,2.0,1,2018,2
00-0023662,M.Cassel,Matt Cassel,QB,QB,"https://static.www.nfl.com/image/private/f_auto,q_auto/league/n1ucqggyu5hlsqzuv5gj",DET,2018,1,REG,NYJ,2,6,14.0,0,1.0,0.0,-0.0,0,0,49.0,4.0,0.0,-8.034381,0,0.2857143,-0.14438929,1,-1.0,0,0.0,0.0,0.0,0.0,0,0,0,0.0,0,0.0,0.0,0.0,0.0,0.0,,0,,,,,0.0,-1.54,-1.54,00-0023662,QB,2018_01_NYJ_DET,7.0,0.0,0.0,7.0,9.859154929577464,0.0,0.0,00-0023662,QB,2.0,-0.5399999999999999,1,2018,2
00-0023682,R.Fitzpatrick,Ryan Fitzpatrick,QB,QB,"https://static.www.nfl.com/image/private/f_auto,q_auto/league/pkhhxwplsawnhln9rsun",TB,2018,1,REG,NO,21,28,417.0,4,0.0,0.0,-0.0,0,0,341.0,130.0,17.0,29.170437,0,1.2228739,0.38468844,12,36.0,1,0.0,0.0,3.0,1.3263024,0,0,0,0.0,0,0.0,0.0,0.0,0.0,0.0,,0,,,,,0.0,42.28,42.28,00-0023682,QB,2018_01_TB_NO,63.0,0.0,0.0,63.0,100.0,0.0,0.0,00-0023682,QB,2.0,45.28,4,2021,33
00-0023853,M.Prater,Matt Prater,K,SPEC,"https://static.www.nfl.com/image/private/f_auto,q_auto/league/fqsjhn7vjb6lzhzctyiq",DET,2018,17,REG,GB,1,1,8.0,1,0.0,0.0,-0.0,0,0,8.0,0.0,1.0,4.0709276,0,1.0,,0,0.0,0,0.0,0.0,0.0,,0,0,0,0.0,0,0.0,0.0,0.0,0.0,0.0,,0,,,,,0.0,4.32,4.32,00-0023853,K,2018_17_DET_GB,1.0,0.0,5.0,6.0,1.36986301369863,0.0,21.73913043478261,00-0023853,K,1.0,4.32,1,2018,2
00-0024221,V.Davis,Vernon Davis,TE,TE,"https://static.www.nfl.com/image/private/f_auto,q_auto/league/so5ywayfeeu4zeijln5m",WAS,2018,1,REG,ARI,0,0,0.0,0,0.0,0.0,0.0,0,0,0.0,0.0,0.0,,0,,,0,0.0,0,0.0,0.0,0.0,,0,1,1,9.0,0,0.0,0.0,6.0,3.0,1.0,1.2715472,0,1.5,0.03448276,0.05882353,0.09290061,0.0,0.9,1.9,00-0024221,TE,2018_01_WAS_ARI,49.0,0.0,0.0,49.0,59.7560975609756,0.0,0.0,00-0024221,TE,2.0,1.4,2,2019,17
00-0024243,M.Lewis,Marcedes Lewis,TE,TE,"https://static.www.nfl.com/image/private/f_auto,q_auto/league/ppq07tipygpftz5csipx",GB,2018,2,REG,MIN,0,0,0.0,0,0.0,0.0,0.0,0,0,0.0,0.0,0.0,,0,,,0,0.0,0,0.0,0.0,0.0,,0,0,1,0.0,0,0.0,0.0,-3.0,0.0,0.0,-0.7370348,0,0.0,0.024390243,-0.01,0.029585365,0.0,0.0,0.0,00-0024243,TE,2018_02_MIN_GB,14.0,0.0,8.0,22.0,17.72151898734177,0.0,21.62162162162162,00-0024243,TE,2.0,0.0,7,2024,54
00-0024334,B.Marshall,Brandon Marshall,WR,WR,"https://static.www.nfl.com/image/private/f_auto,q_auto/league/jhziqh0scfksvxen6f3s",SEA,2018,1,REG,DEN,0,0,0.0,0,0.0,0.0,0.0,0,0,0.0,0.0,0.0,,0,,,0,0.0,0,0.0,0.0,0.0,,0,3,6,46.0,1,0.0,0.0,83.0,1.0,3.0,2.754787,0,0.55421686,0.18181819,0.2462908,0.44513083,0.0,10.6,13.6,00-0024334,WR,2018_01_SEA_DEN,38.0,0.0,0.0,38.0,63.33333333333333,0.0,0.0,00-0024334,WR,2.0,12.1,1,2018,6
00-0024348,K.Williams,Kyle Williams,DT,DL,"https://static.www.nfl.com/image/private/f_auto,q_auto/league/az6qa28sbmxfklqs9waz",BUF,2018,17,REG,MIA,0,0,0.0,0,0.0,0.0,0.0,0,0,0.0,0.0,0.0,,0,,,0,0.0,0,0.0,0.0,0.0,,0,1,1,9.0,0,0.0,0.0,-1.0,10.0,0.0,0.55653274,0,0.0,0.041666668,-0.0074626864,0.05727612,0.0,0.9,1.9,00-0024348,DT,2018_17_MIA_BUF,2.0,36.0,4.0,42.0,3.278688524590164,58.06451612903226,13.79310344827586,00-0024348,DT,1.0,1.4,1,2018,1
00-0024389,De.Walker,Delanie Walker,TE,TE,"https://static.www.nfl.com/image/private/f_auto,q_auto/league/diknegkpqy0qnri7877z",TEN,2018,1,REG,MIA,0,0,0.0,0,0.0,0.0,0.0,0,0,0.0,0.0,0.0,,0,,,0,0.0,0,0.0,0.0,0.0,,0,4,7,52.0,0,0.0,0.0,46.0,20.0,4.0,-4.934593,0,1.1304348,0.18421052,0.17760618,0.4006401,0.0,5.2,9.2,00-0024389,TE,2018_01_TEN_MIA,40.0,0.0,0.0,40.0,56.33802816901409,0.0,0.0,00-0024389,TE,1.0,7.2,2,2019,7
00-0024417,S.Koch,Sam Koch,P,SPEC,"https://static.www.nfl.com/image/private/f_auto,q_auto/league/dw34lcf6qit1i1knjhpv",BAL,2018,13,REG,ATL,1,1,21.0,0,0.0,0.0,-0.0,0,0,19.0,2.0,1.0,4.4907236,0,1.1052631,,0,0.0,0,0.0,0.0,0.0,,0,0,0,0.0,0,0.0,0.0,0.0,0.0,0.0,,0,,,,,0.0,0.84,0.84,00-0024417,P,2018_13_BAL_ATL,1.0,0.0,9.0,10.0,1.2345679012345678,0.0,33.33333333333333,00-0024417,P,1.0,0.84,4,2021,8
00-0025394,A.Peterson,Adrian Peterson,RB,RB,"https://static.www.nfl.com/image/private/f_auto,q_auto/league/ug2ua3skqc9f6vkbowxc",WAS,2018,1,REG,ARI,0,0,0.0,0,0.0,0.0,0.0,0,0,0.0,0.0,0.0,,0,,,26,96.0,1,0.0,0.0,4.0,0.71759653,0,2,3,70.0,0,1.0,1.0,2.0,70.0,1.0,-0.6749397,0,35.0,0.10344828,0.019607844,0.1688979,0.0,20.6,22.6,00-0025394,RB,2018_01_WAS_ARI,43.0,0.0,0.0,43.0,52.4390243902439,0.0,0.0,00-0025394,RB,1.0,21.6,4,2021,51
00-0025396,T.Ginn,Ted Ginn,WR,WR,"https://static.www.nfl.com/image/private/f_auto,q_auto/league/o4m4txrv9l7odyebnea4",NO,2018,1,REG,TB,0,0,0.0,0,0.0,0.0,0.0,0,0,0.0,0.0,0.0,,0,,,1,5.0,0,0.0,0.0,0.0,0.036217786,0,5,6,68.0,1,0.0,0.0,72.0,4.0,3.0,3.8769867,1,0.9444444,0.13636364,0.2111437,0.35234603,0.0,15.3,20.3,00-0025396,WR,2018_01_TB_NO,52.0,0.0,0.0,52.0,78.78787878787878,0.0,0.0,00-0025396,WR,1.0,15.8,3,2020,67
00-0025399,M.Lynch,Marshawn Lynch,RB,RB,"https://static.www.nfl.com/image/private/f_auto,q_auto/league/ddhpebfqtr9yxsnbx9ht",LV,2018,1,REG,LA,0,0,0.0,0,0.0,0.0,0.0,0,0,0.0,0.0,0.0,,0,,,11,41.0,1,0.0,0.0,4.0,0.8804875,0,2,2,8.0,0,0.0,0.0,-2.0,10.0,0.0,-0.26274255,0,-4.0,0.05263158,-0.010204081,0.07180451,0.0,10.9,12.9,00-0025399,RB,2018_01_LA_OAK,27.0,0.0,0.0,27.0,36.0,0.0,0.0,00-0025399,RB,1.0,11.900000000000002,2,2019,10
00-0025415,J.Staley,Joe Staley,T,OL,"https://static.www.nfl.com/image/private/f_auto,q_auto/league/vzmoz5duiuoocv4qnyhl",SF,2018,14,REG,DEN,0,0,0.0,0,0.0,0.0,0.0,0,0,0.0,0.0,0.0,,0,,,0,0.0,0,0.0,0.0,0.0,,0,1,1,-5.0,0,0.0,0.0,-10.0,5.0,0.0,-1.0486284,0,0.0,0.03125,-0.0456621,0.01491153,0.0,-0.5,0.5,00-0025415,OT,2018_14_DEN_SF,74.0,0.0,4.0,78.0,100.0,0.0,16.0,00-0025415,T,1.0,0.0,1,2018,1
00-0025418,G.Olsen,Greg Olsen,TE,TE,"https://static.www.nfl.com/image/private/f_auto,q_auto/league/jevf1bubmrv2vvmiwq3r",CAR,2018,1,REG,DAL,0,0,0.0,0,0.0,0.0,0.0,0,0,0.0,0.0,0.0,,0,,,0,0.0,0,0.0,0.0,0.0,,0,2,2,33.0,0,0.0,0.0,25.0,8.0,1.0,3.1237285,0,1.32,0.08,0.16129032,0.23290323,0.0,3.3,5.3,00-0025418,TE,2018_01_DAL_CAR,16.0,0.0,0.0,16.0,23.52941176470588,0.0,0.0,00-0025418,TE,1.0,4.300000000000001,3,2020,34
00-0025580,M.Crosby,Mason Crosby,K,SPEC,"https://static.www.nfl.com/image/private/f_auto,q_auto/league/usbwgcjsdcugjafgjzvt",GB,2018,3,REG,WAS,0,0,0.0,0,0.0,0.0,0.0,0,0,0.0,0.0,0.0,,0,,,0,0.0,0,0.0,0.0,0.0,,0,0,1,0.0,0,0.0,0.0,-2.0,0.0,0.0,-0.6521801,0,0.0,0.022222223,-0.006134969,0.029038854,0.0,0.0,0.0,00-0025580,K,2018_03_GB_WAS,1.0,0.0,7.0,8.0,1.639344262295082,0.0,25.0,00-0025580,K,1.0,0.0,1,2018,1
00-0025708,M.Moore,Matt Moore,QB,QB,"https://static.www.nfl.com/image/private/f_auto,q_auto/league/h04zarfikqlgerdftbgp",KC,2019,1,REG,JAX,0,1,0.0,0,0.0,0.0,-0.0,0,0,-4.0,0.0,0.0,-0.30290502,0,0.0,,1,-1.0,0,0.0,0.0,0.0,-3.3719916,0,0,0,0.0,0,0.0,0.0,0.0,0.0,0.0,,0,,,,,0.0,-0.1,-0.1,00-0025708,QB,2019_01_KC_JAX,8.0,0.0,0.0,8.0,11.940298507462686,0.0,0.0,00-0025708,QB,2.0,-0.1,1,2019,6
00-0025825,B.Kern,Brett Kern,P,SPEC,"https://static.www.nfl.com/image/private/f_auto,q_auto/league/dbph1kuozunx3aorpeiw",TEN,2019,7,REG,LAC,1,1,11.0,0,0.0,0.0,-0.0,0,0,3.0,8.0,1.0,3.6674285,0,3.6666667,,0,0.0,0,0.0,0.0,0.0,,0,0,0,0.0,0,0.0,0.0,0.0,0.0,0.0,,0,,,,,0.0,0.44,0.44,00-0025825,P,2019_07_LAC_TEN,1.0,0.0,6.0,7.0,1.5625,0.0,27.27272727272727,00-0025825,P,2.0,0.44,2,2020,16
00-0025944,S.Hauschka,Stephen Hauschka,K,SPEC,"https://static.www.nfl.com/image/private/f_auto,q_auto/league/dx2dsdejdbqrjltnkstm",BUF,2018,5,REG,TEN,0,0,0.0,0,0.0,0.0,0.0,0,0,0.0,0.0,0.0,,0,,,0,0.0,0,0.0,0.0,0.0,,0,0,1,0.0,0,0.0,0.0,-8.0,0.0,0.0,-2.9638326,0,0.0,0.05,-0.052287582,0.038398694,0.0,0.0,0.0,00-0025944,K,2018_05_TEN_BUF,1.0,0.0,6.0,7.0,1.818181818181818,0.0,30.0,00-0025944,K,1.0,0.0,1,2018,1
00-0026035,D.Amendola,Danny Amendola,WR,WR,"https://static.www.nfl.com/image/private/f_auto,q_auto/league/etz06w7s0ardf49mnayz",MIA,2018,1,REG,TEN,0,0,0.0,0,0.0,0.0,0.0,0,0,0.0,0.0,0.0,,0,,,0,0.0,0,0.0,0.0,0.0,,0,4,6,26.0,0,0.0,0.0,50.0,12.0,0.0,-2.579119,0,0.52,0.21428572,0.17182131,0.4417035,0.0,2.6,6.6,00-0026035,WR,2018_01_TEN_MIA,46.0,0.0,4.0,50.0,74.19354838709677,0.0,14.285714285714285,00-0026035,WR,2.0,4.6,4,2021,85
00-0026143,M.Ryan,Matt Ryan,QB,QB,"https://static.www.nfl.com/image/private/f_auto,q_auto/league/s6zam4ekrrnonsck6vak",ATL,2018,1,REG,PHI,21,43,251.0,0,1.0,4.0,26.0,1,0,380.0,92.0,9.0,-11.715434,0,0.66052634,-0.011458652,2,8.0,0,0.0,0.0,1.0,0.938789,0,0,0,0.0,0,0.0,0.0,0.0,0.0,0.0,,0,,,,,0.0,8.84,8.84,00-0026143,QB,2018_01_ATL_PHI,71.0,0.0,0.0,71.0,98.61111111111111,0.0,0.0,00-0026143,QB,1.0,7.840000000000002,5,2022,76
00-0026153,J.Stewart,Jonathan Stewart,RB,RB,"https://static.www.nfl.com/image/private/f_auto,q_auto/league/dzvxfj3xrgnzc3jbag2n",NYG,2018,1,REG,JAX,0,0,0.0,0,0.0,0.0,0.0,0,0,0.0,0.0,0.0,,0,,,2,8.0,0,0.0,0.0,0.0,-0.23081073,0,0,0,0.0,0,0.0,0.0,0.0,0.0,0.0,,0,,,,,0.0,0.8,0.8,00-0026153,RB,2018_01_JAX_NYG,10.0,0.0,0.0,10.0,13.88888888888889,0.0,0.0,00-0026153,RB,3.0,0.8,1,2018,3
00-0026176,J.Nelson,Jordy Nelson,WR,WR,"https://static.www.nfl.com/image/private/f_auto,q_auto/league/bde2n4ozsakatgs4yyp2",LV,2018,1,REG,LA,0,0,0.0,0,0.0,0.0,0.0,0,0,0.0,0.0,0.0,,0,,,0,0.0,0,0.0,0.0,0.0,,0,3,4,23.0,0,0.0,0.0,23.0,8.0,1.0,-4.588249,0,1.0,0.10526316,0.11734694,0.24003759,0.0,2.3,5.3,00-0026176,WR,2018_01_LA_OAK,72.0,0.0,0.0,72.0,96.0,0.0,0.0,00-0026176,WR,1.0,3.8,1,2018,15
00-0026189,D.Jackson,DeSean Jackson,WR,WR,"https://static.www.nfl.com/image/private/f_auto,q_auto/league/pr5m864fqvnoozihylrh",TB,2018,1,REG,NO,0,0,0.0,0,0.0,0.0,0.0,0,0,0.0,0.0,0.0,,0,,,0,0.0,0,0.0,0.0,0.0,,0,5,5,146.0,2,0.0,0.0,117.0,29.0,4.0,12.442179,0,1.2478633,0.17857143,0.3431085,0.5080331,0.0,26.6,31.6,00-0026189,WR,2018_01_TB_NO,20.0,0.0,1.0,21.0,31.746031746031743,0.0,3.0303030303030303,00-0026189,WR,1.0,32.1,5,2022,63
00-0026197,C.Henne,Chad Henne,QB,QB,"https://static.www.nfl.com/image/private/f_auto,q_auto/league/ornr9pcnzveqlntqc7jx",KC,2018,17,REG,LV,2,3,29.0,0,0.0,0.0,-0.0,0,0,18.0,15.0,2.0,0.37695605,0,1.6111112,,1,3.0,0,0.0,0.0,0.0,-0.3308531,0,0,0,0.0,0,0.0,0.0,0.0,0.0,0.0,,0,,,,,0.0,1.46,1.46,00-0026197,QB,2018_17_OAK_KC,13.0,0.0,0.0,13.0,24.074074074074076,0.0,0.0,00-0026197,QB,2.0,1.46,4,2022,12
00-0026213,J.Charles,Jamaal Charles,RB,RB,"https://static.www.nfl.com/image/private/f_auto,q_auto/league/mdrlzgankwwjldxllgcx",JAX,2018,6,REG,DAL,0,0,0.0,0,0.0,0.0,0.0,0,0,0.0,0.0,0.0,,0,,,5,5.0,0,0.0,0.0,0.0,-2.8702443,0,1,2,5.0,0,0.0,0.0,2.0,5.0,0.0,-0.237537,0,2.5,0.07692308,0.009049774,0.12171946,0.0,1.0,2.0,00-0026213,RB,2018_06_JAX_DAL,17.0,0.0,0.0,17.0,35.41666666666667,0.0,0.0,,,,1.5,1,2018,2
00-0026293,M.Slater,Matt Slater,WR,WR,"https://static.www.nfl.com/image/private/f_auto,q_auto/league/cs1ojdzhxjuanbw6vflv",NE,2019,4,REG,NE,0,0,0.0,0,0.0,0.0,0.0,0,0,0.0,0.0,0.0,,0,,,0,0.0,0,0.0,0.0,0.0,,0,0,0,0.0,0,0.0,0.0,0.0,0.0,0.0,,0,,,,,1.0,6.0,6.0,00-0026293,WR,2019_04_NE_BUF,0.0,0.0,22.0,22.0,0.0,0.0,78.57142857142857,00-0026293,WR,3.0,0.0,1,2019,2
00-0026345,P.Garcon,Pierre Garcon,WR,WR,"https://static.www.nfl.com/image/private/f_auto,q_auto/league/xwjogot7xrfj9qwhsgtn",SF,2018,1,REG,MIN,0,0,0.0,0,0.0,0.0,0.0,0,0,0.0,0.0,0.0,,0,,,0,0.0,0,0.0,0.0,0.0,,0,2,6,21.0,0,0.0,0.0,52.0,0.0,2.0,-0.5071569,0,0.40384614,0.1875,0.15116279,0.38706395,0.0,2.1,4.1,00-0026345,WR,2018_01_SF_MIN,53.0,0.0,0.0,53.0,79.1044776119403,0.0,0.0,00-0026345,WR,1.0,3.1,1,2018,8
00-0026544,C.Daniel,Chase Daniel,QB,QB,"https://static.www.nfl.com/image/private/f_auto,q_auto/league/jt8fvgeyuhsbpo9m9t4x",CHI,2018,4,REG,TB,0,0,0.0,0,0.0,0.0,0.0,0,0,0.0,0.0,0.0,,0,,,2,-2.0,0,0.0,0.0,0.0,0.0,0,0,0,0.0,0,0.0,0.0,0.0,0.0,0.0,,0,,,,,0.0,-0.2,-0.2,00-0026544,QB,2018_04_TB_CHI,2.0,0.0,0.0,2.0,3.1746031746031744,0.0,0.0,00-0026544,QB,2.0,-0.2,5,2022,15
00-0026625,B.Hoyer,Brian Hoyer,QB,QB,"https://static.www.nfl.com/image/private/f_auto,q_auto/league/japt3mj2xctm7saqndxn",NE,2018,4,REG,MIA,0,0,0.0,0,0.0,0.0,0.0,0,0,0.0,0.0,0.0,,0,,,3,-3.0,0,0.0,0.0,0.0,0.0,0,0,0,0.0,0,0.0,0.0,0.0,0.0,0.0,,0,,,,,0.0,-0.3,-0.3,00-0026625,QB,2018_04_MIA_NE,1.0,0.0,0.0,1.0,1.2658227848101269,0.0,0.0,00-0026625,QB,2.0,-0.3,6,2023,18
00-0026898,M.Sanchez,Mark Sanchez,QB,QB,"https://static.www.nfl.com/image/private/f_auto,q_auto/league/e12qugcuc1cpgkf0crfn",WAS,2018,13,REG,PHI,13,21,100.0,0,1.0,2.0,13.0,1,0,140.0,67.0,3.0,-8.601169,0,0.71428573,0.012032401,1,8.0,0,0.0,0.0,1.0,1.590055,0,0,0,0.0,0,0.0,0.0,0.0,0.0,0.0,,0,,,,,0.0,2.8,2.8,00-0026898,QB,2018_13_WAS_PHI,36.0,0.0,0.0,36.0,72.0,0.0,0.0,00-0026898,QB,2.0,1.7999999999999998,1,2018,2
00-0026901,M.Wallace,Mike Wallace,WR,WR,"https://static.www.nfl.com/image/private/f_auto,q_auto/league/dy9z5wbsitf6l9psjq4y",PHI,2018,1,REG,ATL,0,0,0.0,0,0.0,0.0,0.0,0,0,0.0,0.0,0.0,,0,,,0,0.0,0,0.0,0.0,0.0,,0,0,3,0.0,0,0.0,0.0,109.0,0.0,0.0,-0.7305785,0,0.0,0.08571429,0.38245615,0.39629072,0.0,0.0,0.0,00-0026901,WR,2018_01_ATL_PHI,67.0,0.0,0.0,67.0,89.33333333333333,0.0,0.0,00-0026901,WR,1.0,0.0,1,2018,1
00-0026983,D.Heyward-Bey,Darrius Heyward-Bey,WR,WR,"https://static.www.nfl.com/image/private/f_auto,q_auto/league/d5otkkbb0z2rdd2bjatd",PIT,2018,10,REG,CAR,0,0,0.0,0,0.0,0.0,0.0,0,0,0.0,0.0,0.0,,0,,,0,0.0,0,0.0,0.0,0.0,,0,1,1,9.0,0,0.0,0.0,-1.0,10.0,0.0,0.6808913,0,0.0,0.037037037,-0.008264462,0.04977043,0.0,0.9,1.9,00-0026983,WR,2018_10_CAR_PIT,11.0,0.0,17.0,28.0,18.96551724137931,0.0,54.83870967741935,00-0026983,WR,3.0,1.4,1,2018,3
00-0026986,M.Crabtree,Michael Crabtree,WR,WR,"https://static.www.nfl.com/image/private/f_auto,q_auto/league/kcavcmeyaion38ewxwyk",BAL,2018,1,REG,BUF,0,0,0.0,0,0.0,0.0,0.0,0,0,0.0,0.0,0.0,,0,,,0,0.0,0,0.0,0.0,0.0,,0,3,6,38.0,1,0.0,0.0,61.0,6.0,2.0,2.4276369,0,0.6229508,0.16216215,0.2520661,0.41968954,0.0,9.8,12.8,00-0026986,WR,2018_01_BUF_BAL,54.0,0.0,0.0,54.0,65.06024096385542,0.0,0.0,00-0026986,WR,1.0,11.3,2,2019,20
00-0027029,L.McCoy,LeSean McCoy,RB,RB,"https://static.www.nfl.com/image/private/f_auto,q_auto/league/cpc1a2dgivdyevuncz7p",BUF,2018,1,REG,BAL,0,0,0.0,0,0.0,0.0,0.0,0,0,0.0,0.0,0.0,,0,,,7,22.0,0,0.0,0.0,1.0,-4.440666,0,1,3,-1.0,0,0.0,0.0,-11.0,4.0,0.0,-2.401387,0,0.09090909,0.09375,-0.03133903,0.118687674,0.0,2.1,3.1,00-0027029,RB,2018_01_BUF_BAL,35.0,0.0,0.0,35.0,51.47058823529412,0.0,0.0,00-0027029,RB,1.0,2.6,3,2020,35
00-0027061,J.Cook,Jared Cook,TE,TE,"https://static.www.nfl.com/image/private/f_auto,q_auto/league/cthoenebptadlu4g928v",LV,2018,1,REG,LA,0,0,0.0,0,0.0,0.0,0.0,0,0,0.0,0.0,0.0,,0,,,0,0.0,0,0.0,0.0,0.0,,0,9,12,180.0,0,0.0,0.0,103.0,106.0,7.0,-0.59290564,0,1.7475728,0.31578946,0.5255102,0.84154135,0.0,18.0,27.0,00-0027061,TE,2018_01_LA_OAK,67.0,0.0,0.0,67.0,89.33333333333333,0.0,0.0,00-0027061,TE,1.0,25.5,4,2021,66
00-0027139,J.Phillips,John Phillips,TE,TE,"https://static.www.nfl.com/image/private/f_auto,q_auto/league/i1t7zl2f5t0wwj72yxj7",ARI,2018,16,REG,LA,0,0,0.0,0,0.0,0.0,0.0,0,0,0.0,0.0,0.0,,0,,,0,0.0,0,0.0,0.0,0.0,,0,1,1,9.0,0,0.0,0.0,5.0,4.0,0.0,0.11604608,0,1.8,0.032258064,0.017301038,0.060497824,0.0,0.9,1.9,00-0027139,TE,2018_16_LA_ARI,11.0,0.0,9.0,20.0,19.642857142857142,0.0,36.0,00-0027139,TE,3.0,1.4,1,2018,2
00-0027150,J.Edelman,Julian Edelman,WR,WR,"https://static.www.nfl.com/image/private/f_auto,q_auto/league/u0hbuo2bsvtlg7lnxm43",NE,2018,5,REG,IND,0,0,0.0,0,0.0,0.0,0.0,0,0,0.0,0.0,0.0,,0,,,0,0.0,0,0.0,0.0,0.0,,0,7,9,57.0,0,0.0,0.0,43.0,31.0,3.0,1.0003488,0,1.3255814,0.20454545,0.1508772,0.41243222,0.0,5.7,12.7,00-0027150,WR,2018_05_IND_NE,50.0,0.0,4.0,54.0,72.46376811594203,0.0,13.333333333333334,,,,9.2,3,2020,69
00-0027215,L.Paulsen,Logan Paulsen,TE,TE,"https://static.www.nfl.com/image/private/f_auto,q_auto/league/rckjvflmpzh9tiescxcd",ATL,2018,2,REG,CAR,0,0,0.0,0,0.0,0.0,0.0,0,0,0.0,0.0,0.0,,0,,,0,0.0,0,0.0,0.0,0.0,,0,1,1,10.0,0,0.0,0.0,-2.0,12.0,1.0,0.5357963,0,0.0,0.035714287,-0.0068259384,0.04879327,0.0,1.0,2.0,00-0027215,TE,2018_02_CAR_ATL,29.0,0.0,10.0,39.0,46.03174603174603,0.0,35.714285714285715,00-0027215,TE,2.0,1.5,1,2018,8
00-0027325,L.Blount,LeGarrette Blount,RB,RB,"https://static.www.nfl.com/image/private/f_auto,q_auto/league/s3eilto1yi0yhoamvvo3",DET,2018,1,REG,NYJ,0,0,0.0,0,0.0,0.0,0.0,0,0,0.0,0.0,0.0,,0,,,4,-3.0,0,0.0,0.0,0.0,-2.9484508,0,0,0,0.0,0,0.0,0.0,0.0,0.0,0.0,,0,,,,,0.0,-0.3,-0.3,00-0027325,RB,2018_01_NYJ_DET,14.0,0.0,0.0,14.0,19.718309859154928,0.0,0.0,00-0027325,RB,1.0,-0.3,1,2018,16
00-0027440,S.Shields,Sam Shields,CB,DB,"https://static.www.nfl.com/image/private/f_auto,q_auto/league/kxj01aeqfoi8cuexcnr0",LA,2018,8,REG,GB,0,0,0.0,0,0.0,0.0,0.0,0,0,0.0,0.0,0.0,,0,,,0,0.0,0,0.0,0.0,0.0,,0,1,1,12.0,0,0.0,0.0,6.0,6.0,1.0,3.147208,0,2.0,0.03125,0.016393442,0.05835041,0.0,1.2,2.2,00-0027440,CB,2018_08_GB_LA,1.0,14.0,21.0,36.0,1.9230769230769231,17.72151898734177,63.63636363636363,00-0027440,CB,2.0,1.7000000000000002,1,2018,2
00-0027531,C.Ivory,Chris Ivory,RB,RB,"https://static.www.nfl.com/image/private/f_auto,q_auto/league/wuhrkffigvt55hcqd4yw",BUF,2018,1,REG,BAL,0,0,0.0,0,0.0,0.0,0.0,0,0,0.0,0.0,0.0,,0,,,3,3.0,0,0.0,0.0,0.0,-1.6710083,0,0,0,0.0,0,0.0,0.0,0.0,0.0,0.0,,0,,,,,0.0,0.3,0.3,00-0027531,RB,2018_01_BUF_BAL,7.0,0.0,0.0,7.0,10.294117647058822,0.0,0.0,00-0027531,RB,2.0,0.3,1,2018,14
00-0027539,A.Levine,Anthony Levine,SS,DB,"https://static.www.nfl.com/image/private/f_auto,q_auto/league/gew5y4jtrh2jd7guowwk",BAL,2019,1,REG,MIA,0,0,0.0,0,0.0,0.0,0.0,0,0,0.0,0.0,0.0,,0,,,1,60.0,0,0.0,0.0,1.0,5.283893,0,0,0,0.0,0,0.0,0.0,0.0,0.0,0.0,,0,,,,,0.0,6.0,6.0,00-0027539,DB,2019_01_BAL_MIA,1.0,14.0,18.0,33.0,1.3157894736842104,28.000000000000004,58.06451612903226,00-0027539,SS,2.0,6.0,1,2019,2
00-0027647,D.McCourty,Devin McCourty,FS,DB,"https://static.www.nfl.com/image/private/f_auto,q_auto/league/ykgtrwxckxvxdvadgqjf",NE,2020,13,REG,NE,0,0,0.0,0,0.0,0.0,0.0,0,0,0.0,0.0,0.0,,0,,,0,0.0,0,0.0,0.0,0.0,,0,0,0,0.0,0,0.0,0.0,0.0,0.0,0.0,,0,,,,,1.0,6.0,6.0,00-0027647,FS,2020_13_NE_LAC,0.0,58.0,2.0,60.0,0.0,86.56716417910447,8.0,00-0027647,FS,1.0,0.0,1,2020,1
00-0027656,R.Gronkowski,Rob Gronkowski,TE,TE,"https://static.www.nfl.com/image/private/f_auto,q_auto/league/svpo7chliiymc0r7hegp",NE,2018,1,REG,HOU,0,0,0.0,0,0.0,0.0,0.0,0,0,0.0,0.0,0.0,,0,,,0,0.0,0,0.0,0.0,0.0,,0,7,8,123.0,1,1.0,1.0,107.0,21.0,5.0,6.6099815,0,1.1495327,0.20512821,0.334375,0.5417548,0.0,16.3,23.3,00-0027656,TE,2018_01_HOU_NE,76.0,1.0,0.0,77.0,100.0,1.3157894736842104,0.0,00-0027656,TE,1.0,22.8,3,2021,52
00-0027675,E.Dickson,Ed Dickson,TE,TE,"https://static.www.nfl.com/image/private/f_auto,q_auto/league/qtxat8xwaclkqfkj5lrq",SEA,2018,8,REG,DET,0,0,0.0,0,0.0,0.0,0.0,0,0,0.0,0.0,0.0,,0,,,0,0.0,0,0.0,0.0,0.0,,0,2,2,54.0,1,0.0,0.0,23.0,31.0,2.0,6.0843825,0,2.347826,0.11764706,0.122994654,0.26256683,0.0,11.4,13.4,00-0027675,TE,2018_08_SEA_DET,20.0,0.0,3.0,23.0,30.76923076923077,0.0,13.636363636363637,,,,12.4,1,2018,11
00-0027681,B.LaFell,Brandon LaFell,WR,WR,"https://static.www.nfl.com/image/private/f_auto,q_auto/league/x4wifb5arw0neuwg1cch",LV,2018,8,REG,IND,0,0,0.0,0,0.0,0.0,0.0,0,0,0.0,0.0,0.0,,0,,,0,0.0,0,0.0,0.0,0.0,,0,3,4,39.0,1,0.0,0.0,31.0,25.0,3.0,2.4716635,0,1.2580645,0.14285715,0.15656565,0.3238817,0.0,9.9,12.9,00-0027681,WR,2018_08_IND_OAK,48.0,0.0,0.0,48.0,92.3076923076923,0.0,0.0,00-0027681,WR,3.0,11.4,1,2018,4
00-0027685,E.Sanders,Emmanuel Sanders,WR,WR,"https://static.www.nfl.com/image/private/f_auto,q_auto/league/potkibjtm855tsawozs0",DEN,2018,1,REG,SEA,0,0,0.0,0,0.0,0.0,0.0,0,0,0.0,0.0,0.0,,0,,,0,0.0,0,0.0,0.0,0.0,,0,10,11,135.0,1,0.0,0.0,104.0,51.0,3.0,3.7158856,0,1.2980769,0.2820513,0.284153,0.621984,0.0,19.5,29.5,00-0027685,WR,2018_01_SEA_DEN,65.0,0.0,0.0,65.0,85.52631578947368,0.0,0.0,00-0027685,WR,1.0,27.5,4,2021,66
00-0027688,C.McCoy,Colt McCoy,QB,QB,"https://static.www.nfl.com/image/private/f_auto,q_auto/league/mvcoi7f6thyudufnh0dx",WAS,2018,11,REG,HOU,6,12,54.0,1,0.0,2.0,13.0,0,0,135.0,18.0,4.0,-0.9731297,0,0.4,0.12064986,5,35.0,0,0.0,0.0,2.0,3.204644,0,0,0,0.0,0,0.0,0.0,0.0,0.0,0.0,,0,,,,,0.0,9.66,9.66,00-0027688,QB,2018_11_HOU_WAS,22.0,0.0,0.0,22.0,28.947368421052637,0.0,0.0,00-0027688,QB,2.0,9.66,5,2022,19
00-0027691,A.Roberts,Andre Roberts,WR,WR,"https://static.www.nfl.com/image/private/f_auto,q_auto/league/hjoyjewh7knoafxt4k93",NYJ,2018,1,REG,DET,0,0,0.0,0,0.0,0.0,0.0,0,0,0.0,0.0,0.0,,0,,,1,2.0,0,0.0,0.0,0.0,-0.45652357,0,0,0,0.0,0,0.0,0.0,0.0,0.0,0.0,,0,,,,,1.0,6.2,6.2,00-0027691,WR,2018_01_NYJ_DET,10.0,0.0,7.0,17.0,17.543859649122805,0.0,21.875,00-0027691,WR,1.0,0.2,4,2021,59
00-0027696,J.Graham,Jimmy Graham,TE,TE,"https://static.www.nfl.com/image/private/f_auto,q_auto/league/h7xs06oj6g03mippwtse",GB,2018,1,REG,CHI,0,0,0.0,0,0.0,0.0,0.0,0,0,0.0,0.0,0.0,,0,,,0,0.0,0,0.0,0.0,0.0,,0,2,4,8.0,0,0.0,0.0,40.0,4.0,0.0,-2.9994462,0,0.2,0.11111111,0.11764706,0.24901961,0.0,0.8,2.8,00-0027696,TE,2018_01_CHI_GB,62.0,0.0,0.0,62.0,98.4126984126984,0.0,0.0,00-0027696,TE,1.0,1.8,5,2023,69
00-0027793,A.Brown,Antonio Brown,WR,WR,"https://static.www.nfl.com/image/private/f_auto,q_auto/league/ecxsx9t7bfg42bgfwj3v",PIT,2018,1,REG,CLE,0,0,0.0,0,0.0,0.0,0.0,0,0,0.0,0.0,0.0,,0,,,0,0.0,0,0.0,0.0,0.0,,0,9,16,93.0,1,0.0,0.0,180.0,47.0,6.0,-3.3182008,0,0.51666665,0.3902439,0.4712042,0.91520876,0.0,15.3,24.3,00-0027793,WR,2018_01_PIT_CLE,84.0,0.0,0.0,84.0,100.0,0.0,0.0,00-0027793,WR,1.0,19.8,4,2021,59
00-0027796,J.Webb,Joe Webb,QB,QB,"https://static.www.nfl.com/image/private/f_auto,q_auto/league/hjieero9ugbyu7n1629h",HOU,2018,14,REG,IND,0,0,0.0,0,0.0,0.0,0.0,0,0,0.0,0.0,0.0,,0,,,0,0.0,0,0.0,0.0,0.0,,0,2,3,13.0,0,0.0,0.0,17.0,6.0,0.0,-0.31588525,0,0.7647059,0.078947365,0.06614786,0.16472456,0.0,1.3,3.3,00-0027796,QB,2018_14_IND_HOU,33.0,0.0,20.0,53.0,49.25373134328358,0.0,68.96551724137932,00-0027796,QB,3.0,2.3,1,2018,1
00-0027854,S.Bradford,Sam Bradford,QB,QB,"https://static.www.nfl.com/image/private/f_auto,q_auto/league/fizwrxzfdaw7v2vzzpn6",ARI,2018,1,REG,WAS,20,34,153.0,0,1.0,2.0,8.0,1,1,208.0,66.0,6.0,-13.88566,0,0.7355769,-0.03856741,2,7.0,0,0.0,0.0,1.0,0.392485,0,0,0,0.0,0,0.0,0.0,0.0,0.0,0.0,,0,,,,,0.0,2.82,2.82,00-0027854,QB,2018_01_WAS_ARI,53.0,0.0,0.0,53.0,100.0,0.0,0.0,00-0027854,QB,1.0,3.82,1,2018,3
00-0027873,J.Gresham,Jermaine Gresham,TE,TE,"https://static.www.nfl.com/image/private/f_auto,q_auto/league/higvmot083ues41wbdgi",ARI,2018,3,REG,CHI,0,0,0.0,0,0.0,0.0,0.0,0,0,0.0,0.0,0.0,,0,,,0,0.0,0,0.0,0.0,0.0,,0,1,2,9.0,0,0.0,0.0,8.0,0.0,1.0,0.72987014,0,1.125,0.08,0.033613447,0.14352942,0.0,0.9,1.9,00-0027873,TE,2018_03_CHI_ARI,17.0,0.0,0.0,17.0,32.075471698113205,0.0,0.0,,,,1.4,1,2018,8
00-0027874,D.Thomas,Demaryius Thomas,WR,WR,"https://static.www.nfl.com/image/private/f_auto,q_auto/league/p1yjsqtqimjd6iazu3h9",DEN,2018,1,REG,SEA,0,0,0.0,0,0.0,0.0,0.0,0,0,0.0,0.0,0.0,,0,,,0,0.0,0,0.0,0.0,0.0,,0,6,10,63.0,1,0.0,0.0,68.0,39.0,6.0,-1.5238329,0,0.9264706,0.25641027,0.18579236,0.51467,0.0,12.3,18.3,00-0027874,WR,2018_01_SEA_DEN,54.0,0.0,0.0,54.0,71.05263157894737,0.0,0.0,00-0027874,WR,1.0,15.3,2,2019,26
00-0027891,G.Tate,Golden Tate,WR,WR,"https://static.www.nfl.com/image/private/f_auto,q_auto/league/yfqebrp2o9t1gt1wqjku",DET,2018,1,REG,NYJ,0,0,0.0,0,0.0,0.0,0.0,0,0,0.0,0.0,0.0,,0,,,0,0.0,0,0.0,0.0,0.0,,0,7,15,79.0,1,0.0,0.0,97.0,32.0,4.0,-2.4228864,0,0.814433,0.28846154,0.24069479,0.60117865,0.0,13.9,20.9,00-0027891,WR,2018_01_NYJ_DET,59.0,0.0,0.0,59.0,83.09859154929578,0.0,0.0,00-0027891,WR,1.0,17.4,3,2020,72
00-0027902,D.Bryant,Dez Bryant,WR,WR,"https://static.www.nfl.com/image/private/f_auto,q_auto/league/jmggujwkiv7osgkhhnhl",BAL,2020,11,REG,TEN,0,0,0.0,0,0.0,0.0,0.0,0,0,0.0,0.0,0.0,,0,,,0,0.0,0,0.0,0.0,0.0,,0,4,5,28.0,0,0.0,0.0,10.0,34.0,1.0,-0.6436038,0,2.8,0.17857143,0.035971224,0.293037,0.0,2.8,6.8,00-0027902,WR,2020_11_TEN_BAL,37.0,0.0,0.0,37.0,54.41176470588235,0.0,0.0,,,,4.800000000000001,1,2020,7
00-0027925,J.Develin,James Develin,FB,RB,"https://static.www.nfl.com/image/private/f_auto,q_auto/league/ryhocvpml27otxnncc2h",NE,2018,1,REG,HOU,0,0,0.0,0,0.0,0.0,0.0,0,0,0.0,0.0,0.0,,0,,,0,0.0,0,0.0,0.0,0.0,,0,4,4,22.0,0,0.0,0.0,13.0,9.0,1.0,0.20402664,0,1.6923077,0.102564104,0.040625,0.18228365,0.0,2.2,6.2,00-0027925,FB,2018_01_HOU_NE,35.0,0.0,9.0,44.0,46.05263157894737,0.0,28.125,00-0027925,FB,3.0,4.2,2,2019,15
00-0027939,C.Newton,Cam Newton,QB,QB,"https://static.www.nfl.com/image/private/f_auto,q_auto/league/zwmgw2gmnn2kch4nquft",CAR,2018,1,REG,DAL,17,26,161.0,0,0.0,3.0,15.0,0,0,155.0,89.0,9.0,-0.6709657,0,1.0387096,0.038512226,13,58.0,1,0.0,0.0,4.0,-1.8373053,0,0,0,0.0,0,0.0,0.0,0.0,0.0,0.0,,0,,,,,0.0,18.24,18.24,00-0027939,QB,2018_01_DAL_CAR,67.0,0.0,0.0,67.0,98.52941176470588,0.0,0.0,00-0027939,QB,1.0,18.24,4,2021,38
00-0027942,A.Green,A.J. Green,WR,WR,"https://static.www.nfl.com/image/private/f_auto,q_auto/league/guj5a9vnnzqfiljupzuj",CIN,2018,1,REG,IND,0,0,0.0,0,0.0,0.0,0.0,0,0,0.0,0.0,0.0,,0,,,0,0.0,0,0.0,0.0,0.0,,0,6,8,92.0,1,2.0,1.0,97.0,19.0,5.0,2.1336744,0,0.9484536,0.2857143,0.6978417,0.9170606,0.0,13.2,19.2,00-0027942,WR,2018_01_CIN_IND,54.0,0.0,0.0,54.0,94.73684210526316,0.0,0.0,00-0027942,WR,1.0,14.200000000000005,4,2022,56
00-0027944,J.Jones,Julio Jones,WR,WR,"https://static.www.nfl.com/image/upload/f_auto,q_auto/league/omrddf2phtyztzx2nup1",ATL,2018,1,REG,PHI,0,0,0.0,0,0.0,0.0,0.0,0,0,0.0,0.0,0.0,,0,,,1,11.0,0,0.0,0.0,1.0,1.0057224,0,10,19,169.0,0,0.0,0.0,282.0,31.0,7.0,1.1281717,0,0.5992908,0.4871795,0.78333336,1.2791026,0.0,18.0,28.0,00-0027944,WR,2018_01_ATL_PHI,58.0,0.0,0.0,58.0,80.55555555555556,0.0,0.0,00-0027944,WR,1.0,26.0,6,2023,73
00-0027948,B.Gabbert,Blaine Gabbert,QB,QB,"https://static.www.nfl.com/image/private/f_auto,q_auto/league/fphhd3wedamgkps6e0dl",TEN,2018,1,REG,MIA,11,22,117.0,0,1.0,0.0,-0.0,0,0,140.0,60.0,8.0,-6.9512734,0,0.8357143,-0.087449655,0,0.0,0,0.0,0.0,0.0,,0,0,0,0.0,0,0.0,0.0,0.0,0.0,0.0,,0,,,,,0.0,2.68,2.68,00-0027948,QB,2018_01_TEN_MIA,34.0,0.0,0.0,34.0,47.88732394366197,0.0,0.0,00-0027948,QB,2.0,3.68,5,2023,29
00-0027966,M.Ingram,Mark Ingram,RB,RB,"https://static.www.nfl.com/image/private/f_auto,q_auto/league/qyju9wutyssrf0b26ran",NO,2018,5,REG,WAS,0,0,0.0,0,0.0,0.0,0.0,0,0,0.0,0.0,0.0,,0,,,16,53.0,2,0.0,0.0,5.0,0.37561327,0,2,3,20.0,0,1.0,0.0,-8.0,30.0,1.0,0.48716283,0,-2.5,0.10344828,-0.05,0.12017241,0.0,19.3,21.3,00-0027966,RB,2018_05_WAS_NO,32.0,0.0,0.0,32.0,51.61290322580645,0.0,0.0,,,,18.3,5,2022,64
00-0027981,K.Rudolph,Kyle Rudolph,TE,TE,"https://static.www.nfl.com/image/private/f_auto,q_auto/league/mtvrkfel5750mlevcvtp",MIN,2018,1,REG,SF,0,0,0.0,0,0.0,0.0,0.0,0,0,0.0,0.0,0.0,,0,,,0,0.0,0,0.0,0.0,0.0,,0,1,2,11.0,1,0.0,0.0,16.0,0.0,1.0,1.1689765,0,0.6875,0.057142857,0.06504065,0.13124274,0.0,7.1,8.1,00-0027981,TE,2018_01_SF_MIN,62.0,0.0,4.0,66.0,82.66666666666667,0.0,14.285714285714285,00-0027981,TE,1.0,7.6,5,2022,68
00-0027985,L.Kendricks,Lance Kendricks,TE,TE,"https://static.www.nfl.com/image/private/f_auto,q_auto/league/njjeo5udwowpbfnufl5l",GB,2018,1,REG,CHI,0,0,0.0,0,0.0,0.0,0.0,0,0,0.0,0.0,0.0,,0,,,0,0.0,0,0.0,0.0,0.0,,0,1,1,13.0,0,0.0,0.0,1.0,12.0,1.0,0.8034971,0,13.0,0.027777778,0.0029411765,0.04372549,0.0,1.3,2.3,00-0027985,TE,2018_01_CHI_GB,21.0,0.0,4.0,25.0,33.33333333333333,0.0,14.285714285714285,00-0027985,TE,3.0,1.8,2,2019,17
00-0027996,T.Smith,Torrey Smith,WR,WR,"https://static.www.nfl.com/image/private/f_auto,q_auto/league/sqvbn4ybxagyfwva3i51",CAR,2018,1,REG,DAL,0,0,0.0,0,0.0,0.0,0.0,0,0,0.0,0.0,0.0,,0,,,0,0.0,0,0.0,0.0,0.0,,0,1,2,15.0,0,0.0,0.0,23.0,4.0,1.0,0.9020014,0,0.65217394,0.08,0.14838709,0.22387096,0.0,1.5,2.5,00-0027996,WR,2018_01_DAL_CAR,52.0,0.0,0.0,52.0,76.47058823529412,0.0,0.0,00-0027996,WR,1.0,2.0,1,2018,8
00-0028002,R.Cobb,Randall Cobb,WR,WR,"https://static.www.nfl.com/image/private/f_auto,q_auto/league/kuwo5hnkbtesfw6n9w1s",GB,2018,1,REG,CHI,0,0,0.0,0,0.0,0.0,0.0,0,0,0.0,0.0,0.0,,0,,,0,0.0,0,0.0,0.0,0.0,,0,9,10,142.0,1,0.0,0.0,58.0,99.0,5.0,10.644525,0,2.4482758,0.2777778,0.17058824,0.53607845,0.0,20.2,29.2,00-0028002,WR,2018_01_CHI_GB,53.0,1.0,4.0,58.0,84.12698412698413,1.4084507042253522,14.285714285714285,00-0028002,WR,1.0,27.700000000000003,6,2023,121
00-0028011,S.Ridley,Stevan Ridley,RB,RB,"https://static.www.nfl.com/image/private/f_auto,q_auto/league/futdstbe48qaqcvtolzj",PIT,2018,2,REG,KC,0,0,0.0,0,0.0,0.0,0.0,0,0,0.0,0.0,0.0,,0,,,1,2.0,0,0.0,0.0,0.0,-0.4307947,0,1,1,5.0,0,0.0,0.0,4.0,1.0,0.0,0.022651535,0,1.25,0.016666668,0.0074487897,0.030214153,0.0,0.7,1.7,00-0028011,RB,2018_02_KC_PIT,3.0,1.0,7.0,11.0,3.5294117647058822,1.639344262295082,21.875,00-0028011,RB,3.0,1.2,1,2018,9
00-0028042,L.Stocker,Luke Stocker,TE,TE,"https://static.www.nfl.com/image/private/f_auto,q_auto/league/keoilbfzupthtliuou1a",TEN,2018,1,REG,MIA,0,0,0.0,0,0.0,0.0,0.0,0,0,0.0,0.0,0.0,,0,,,0,0.0,0,0.0,0.0,0.0,,0,2,2,37.0,0,0.0,0.0,33.0,4.0,1.0,2.6824422,0,1.1212121,0.05263158,0.12741312,0.16813655,0.0,3.7,5.7,00-0028042,TE,2018_01_TEN_MIA,26.0,0.0,10.0,36.0,36.61971830985916,0.0,35.714285714285715,00-0028042,TE,2.0,4.7,4,2021,46
00-0028063,T.Jones,Taiwan Jones,RB,RB,"https://static.www.nfl.com/image/private/f_auto,q_auto/league/va09vgfr7bdc2wb6ikq4",BUF,2018,4,REG,GB,0,0,0.0,0,0.0,0.0,0.0,0,0,0.0,0.0,0.0,,0,,,0,0.0,0,0.0,0.0,0.0,,0,0,1,0.0,0,0.0,0.0,30.0,0.0,0.0,-0.85159963,0,0.0,0.030303031,0.09771987,0.113858454,0.0,0.0,0.0,00-0028063,RB,2018_04_BUF_GB,1.0,0.0,17.0,18.0,1.694915254237288,0.0,73.91304347826086,00-0028063,RB,3.0,0.0,3,2020,14
00-0028064,B.Powell,Bilal Powell,RB,RB,"https://static.www.nfl.com/image/private/f_auto,q_auto/league/a5qlloemeetaqawzwuf7",NYJ,2018,1,REG,DET,0,0,0.0,0,0.0,0.0,0.0,0,0,0.0,0.0,0.0,,0,,,12,60.0,0,0.0,0.0,3.0,-0.9661718,0,1,2,5.0,0,0.0,0.0,7.0,10.0,0.0,-7.99026,0,0.71428573,0.1,0.041420117,0.17899409,0.0,6.5,7.5,00-0028064,RB,2018_01_NYJ_DET,24.0,0.0,4.0,28.0,42.10526315789473,0.0,12.5,00-0028064,RB,2.0,7.0,2,2019,19
00-0028074,A.Sherman,Anthony Sherman,RB,RB,"https://static.www.nfl.com/image/private/f_auto,q_auto/league/ibmfpy4ztgmqfwtood5x",KC,2018,1,REG,LAC,0,0,0.0,0,0.0,0.0,0.0,0,0,0.0,0.0,0.0,,0,,,0,0.0,0,0.0,0.0,0.0,,0,1,1,36.0,1,0.0,0.0,21.0,15.0,1.0,3.5374224,0,1.7142857,0.04,0.0625,0.10375,0.0,9.6,10.6,00-0028074,FB,2018_01_KC_LAC,17.0,0.0,24.0,41.0,20.48192771084337,0.0,80.0,00-0028074,RB,1.0,10.1,3,2020,17
00-0028083,J.Rodgers,Jacquizz Rodgers,RB,RB,"https://static.www.nfl.com/image/private/f_auto,q_auto/league/ztmescfueap5glplyf7w",TB,2018,1,REG,NO,0,0,0.0,0,0.0,0.0,0.0,0,0,0.0,0.0,0.0,,0,,,2,1.0,0,0.0,0.0,0.0,-1.1290982,0,1,1,2.0,0,0.0,0.0,-2.0,4.0,0.0,-0.51933736,0,-1.0,0.035714287,-0.0058651026,0.049465857,0.0,0.3,1.3,00-0028083,RB,2018_01_TB_NO,15.0,0.0,8.0,23.0,23.809523809523807,0.0,24.24242424242424,00-0028083,RB,2.0,0.8,1,2018,26
00-0028087,D.Lewis,Dion Lewis,RB,RB,"https://static.www.nfl.com/image/private/f_auto,q_auto/league/erzmtaaz3eimbg998hyq",TEN,2018,1,REG,MIA,0,0,0.0,0,0.0,0.0,0.0,0,0,0.0,0.0,0.0,,0,,,16,75.0,1,0.0,0.0,2.0,1.018926,0,5,8,35.0,0,0.0,0.0,-9.0,44.0,2.0,-6.5213475,0,-3.8888888,0.21052632,-0.034749035,0.29146516,0.0,17.0,22.0,00-0028087,RB,2018_01_TEN_MIA,51.0,0.0,0.0,51.0,71.83098591549296,0.0,0.0,00-0028087,RB,3.0,19.5,3,2020,96
00-0028091,J.Kerley,Jeremy Kerley,WR,WR,"https://static.www.nfl.com/image/private/f_auto,q_auto/league/lsfc40maht2r3k0ctu1b",BUF,2018,1,REG,BAL,0,0,0.0,0,0.0,0.0,0.0,0,0,0.0,0.0,0.0,,0,,,0,0.0,0,0.0,0.0,0.0,,0,2,4,7.0,0,0.0,0.0,15.0,15.0,0.0,-2.0337088,0,0.46666667,0.125,0.042735044,0.21741453,0.0,0.7,2.7,00-0028091,WR,2018_01_BUF_BAL,46.0,1.0,3.0,50.0,67.64705882352942,1.2048192771084338,9.090909090909092,00-0028091,WR,2.0,1.7000000000000002,1,2018,2
00-0028093,N.Paul,Niles Paul,TE,TE,"https://static.www.nfl.com/image/private/f_auto,q_auto/league/c2hufhhjyuitenxujhpz",JAX,2018,1,REG,NYG,0,0,0.0,0,0.0,0.0,0.0,0,0,0.0,0.0,0.0,,0,,,0,0.0,0,0.0,0.0,0.0,,0,0,1,0.0,0,0.0,0.0,21.0,0.0,0.0,-0.47199175,0,0.0,0.030303031,0.09130435,0.10936759,0.0,0.0,0.0,00-0028093,TE,2018_01_JAX_NYG,18.0,0.0,21.0,39.0,27.692307692307693,0.0,72.41379310344827,00-0028093,TE,3.0,0.0,1,2018,5
00-0028097,L.Smith,Lee Smith,TE,TE,"https://static.www.nfl.com/image/private/f_auto,q_auto/league/gcaqwhzrinlqicrljwlr",LV,2018,4,REG,CLE,0,0,0.0,0,0.0,0.0,0.0,0,0,0.0,0.0,0.0,,0,,,0,0.0,0,0.0,0.0,0.0,,0,3,4,23.0,0,0.0,0.0,5.0,20.0,1.0,0.6315131,0,4.6,0.071428575,0.010989011,0.114835165,0.0,2.3,5.3,00-0028097,TE,2018_04_CLE_OAK,29.0,0.0,24.0,53.0,31.18279569892473,0.0,55.81395348837209,00-0028097,TE,2.0,3.8,4,2021,31
00-0028112,C.Clay,Charles Clay,TE,TE,"https://static.www.nfl.com/image/private/f_auto,q_auto/league/gbfhfjn5cxtou5aazegt",BUF,2018,1,REG,BAL,0,0,0.0,0,0.0,0.0,0.0,0,0,0.0,0.0,0.0,,0,,,0,0.0,0,0.0,0.0,0.0,,0,0,2,0.0,0,0.0,0.0,28.0,0.0,0.0,-1.1506679,0,0.0,0.0625,0.07977208,0.14959046,0.0,0.0,0.0,00-0028112,TE,2018_01_BUF_BAL,42.0,0.0,0.0,42.0,61.76470588235294,0.0,0.0,00-0028112,TE,1.0,0.0,2,2019,26
00-0028114,D.Harris,Dwayne Harris,WR,WR,"https://static.www.nfl.com/image/private/f_auto,q_auto/league/cz34jefkstkm3mvjznvg",LV,2018,3,REG,MIA,0,0,0.0,0,0.0,0.0,0.0,0,0,0.0,0.0,0.0,,0,,,0,0.0,0,0.0,0.0,0.0,,0,2,2,11.0,0,0.0,0.0,-5.0,16.0,0.0,0.073088825,0,0.0,0.05263158,-0.02232143,0.063322365,0.0,1.1,3.1,00-0028114,WR,2018_03_OAK_MIA,2.0,0.0,16.0,18.0,2.564102564102564,0.0,59.25925925925925,00-0028114,WR,2.0,2.1,2,2019,27
00-0028116,A.Robinson,Aldrick Robinson,WR,WR,"https://static.www.nfl.com/image/private/f_auto,q_auto/league/lzdmahvzc7tm4pulh2sj",MIN,2018,3,REG,BUF,0,0,0.0,0,0.0,0.0,0.0,0,0,0.0,0.0,0.0,,0,,,0,0.0,0,0.0,0.0,0.0,,0,1,1,9.0,0,0.0,0.0,3.0,6.0,0.0,0.55799055,0,3.0,0.018181818,0.0089552235,0.033541385,0.0,0.9,1.9,00-0028116,WR,2018_03_BUF_MIN,8.0,0.0,1.0,9.0,11.940298507462686,0.0,4.166666666666666,,,,1.4,1,2018,14
00-0028128,C.Jones,Colin Jones,FS,DB,"https://static.www.nfl.com/image/private/f_auto,q_auto/league/gtpcd4mvricoawwynceu",CAR,2018,5,REG,NYG,0,0,0.0,0,0.0,0.0,0.0,0,0,0.0,0.0,0.0,,0,,,0,0.0,0,0.0,0.0,0.0,,0,0,0,0.0,0,0.0,0.0,0.0,0.0,0.0,,0,,,,,1.0,6.0,6.0,00-0028128,S,2018_05_NYG_CAR,1.0,0.0,25.0,26.0,1.7543859649122806,0.0,78.125,00-0028128,FS,2.0,0.0,2,2019,2
00-0028142,V.Green,Virgil Green,TE,TE,"https://static.www.nfl.com/image/private/f_auto,q_auto/league/wcdedz1qf7ybkujat6bu",LAC,2018,1,REG,KC,0,0,0.0,0,0.0,0.0,0.0,0,0,0.0,0.0,0.0,,0,,,0,0.0,0,0.0,0.0,0.0,,0,2,2,21.0,0,0.0,0.0,17.0,4.0,1.0,1.7147506,0,1.2352941,0.04,0.035196688,0.08463768,0.0,2.1,4.1,00-0028142,TE,2018_01_KC_LAC,44.0,0.0,4.0,48.0,53.01204819277109,0.0,13.333333333333334,00-0028142,TE,1.0,3.1,3,2020,31
00-0028149,B.Miller,Bruce Miller,FB,RB,"https://static.www.nfl.com/image/private/f_auto,q_auto/league/xmxfgtmbvqxhpp3ldkwq",JAX,2020,1,REG,IND,0,0,0.0,0,0.0,0.0,0.0,0,0,0.0,0.0,0.0,,0,,,0,0.0,0,0.0,0.0,0.0,,0,1,1,2.0,0,0.0,0.0,-1.0,3.0,1.0,0.778705,0,-2.0,0.05,-0.011235955,0.067134835,0.0,0.2,1.2,00-0028149,FB,2020_01_IND_JAX,10.0,0.0,8.0,18.0,20.40816326530612,0.0,33.33333333333333,00-0028149,FB,1.0,0.7,1,2020,4
00-0028237,C.Hogan,Chris Hogan,WR,WR,"https://static.www.nfl.com/image/private/f_auto,q_auto/league/fmpqnciwjqicsjzy63mc",NE,2018,1,REG,HOU,0,0,0.0,0,0.0,0.0,0.0,0,0,0.0,0.0,0.0,,0,,,0,0.0,0,0.0,0.0,0.0,,0,1,5,11.0,0,0.0,0.0,66.0,2.0,1.0,-2.9930618,0,0.16666667,0.12820514,0.20625,0.3366827,0.0,1.1,2.1,00-0028237,WR,2018_01_HOU_NE,69.0,0.0,1.0,70.0,90.78947368421052,0.0,3.125,00-0028237,WR,1.0,1.6,4,2021,35
00-0028263,A.Holmes,Andre Holmes,WR,WR,"https://static.www.nfl.com/image/private/f_auto,q_auto/league/ujb4sism9jdte3o8ofve",BUF,2018,1,REG,BAL,0,0,0.0,0,0.0,0.0,0.0,0,0,0.0,0.0,0.0,,0,,,0,0.0,0,0.0,0.0,0.0,,0,1,1,14.0,0,0.0,0.0,14.0,0.0,1.0,2.1781852,0,1.0,0.03125,0.03988604,0.07479523,0.0,1.4,2.4,00-0028263,WR,2018_01_BUF_BAL,13.0,1.0,24.0,38.0,15.66265060240964,1.4705882352941175,72.72727272727273,00-0028263,WR,2.0,1.9,1,2018,11
00-0028411,D.Inman,Dontrelle Inman,WR,WR,"https://static.www.nfl.com/image/private/f_auto,q_auto/league/josp2o2ri6tknqzt87qc",IND,2018,8,REG,LV,0,0,0.0,0,0.0,0.0,0.0,0,0,0.0,0.0,0.0,,0,,,0,0.0,0,0.0,0.0,0.0,,0,6,7,52.0,0,0.0,0.0,56.0,4.0,3.0,2.9517775,0,0.9285714,0.22580644,0.24347825,0.5091445,0.0,5.2,11.2,00-0028411,WR,2018_08_IND_OAK,59.0,0.0,0.0,59.0,76.62337662337663,0.0,0.0,00-0028411,WR,1.0,8.2,3,2020,25
00-0028434,D.Baldwin,Doug Baldwin,WR,WR,"https://static.www.nfl.com/image/private/f_auto,q_auto/league/kccmcttfdtl7m3g49vb8",SEA,2018,1,REG,DEN,0,0,0.0,0,0.0,0.0,0.0,0,0,0.0,0.0,0.0,,0,,,0,0.0,0,0.0,0.0,0.0,,0,0,1,0.0,0,0.0,0.0,7.0,0.0,0.0,-0.93366987,0,0.0,0.030303031,0.020771513,0.059994604,0.0,0.0,0.0,00-0028434,WR,2018_01_SEA_DEN,11.0,0.0,0.0,11.0,18.33333333333333,0.0,0.0,00-0028434,WR,1.0,0.0,1,2018,15
00-0028497,K.Aiken,Kamar Aiken,WR,WR,"https://static.www.nfl.com/image/private/f_auto,q_auto/league/u0fe10u5kbeyhe65spby",PHI,2018,2,REG,TB,0,0,0.0,0,0.0,0.0,0.0,0,0,0.0,0.0,0.0,,0,,,0,0.0,0,0.0,0.0,0.0,,0,5,6,39.0,0,0.0,0.0,33.0,11.0,1.0,-1.2207931,0,1.1818181,0.12765957,0.10185185,0.26278564,0.0,3.9,8.9,00-0028497,WR,2018_02_PHI_TB,63.0,0.0,8.0,71.0,100.0,0.0,28.57142857142857,,,,6.4,1,2018,2
00-0028581,P.DiMarco,Patrick DiMarco,FB,RB,"https://static.www.nfl.com/image/private/f_auto,q_auto/league/chit1zcsfqaoqzkqc9eh",BUF,2018,2,REG,LAC,0,0,0.0,0,0.0,0.0,0.0,0,0,0.0,0.0,0.0,,0,,,0,0.0,0,0.0,0.0,0.0,,0,1,1,24.0,0,0.0,0.0,18.0,6.0,1.0,1.6876557,0,1.3333334,0.03125,0.05202312,0.08329119,0.0,2.4,3.4,00-0028581,RB,2018_02_LAC_BUF,8.0,0.0,16.0,24.0,13.79310344827586,0.0,53.333333333333336,00-0028581,FB,1.0,2.9000000000000004,2,2019,13
00-0028664,C.Jones,Chris Jones,P,SPEC,"https://static.www.nfl.com/image/private/f_auto,q_auto/league/c6kjlharechwayxq6fzk",DAL,2020,2,REG,ATL,0,1,0.0,0,0.0,0.0,-0.0,0,0,9.0,0.0,0.0,-3.3216047,0,0.0,,0,0.0,0,0.0,0.0,0.0,,0,0,0,0.0,0,0.0,0.0,0.0,0.0,0.0,,0,,,,,0.0,0.0,0.0,00-0028664,P,2020_02_ATL_DAL,2.0,0.0,7.0,9.0,2.380952380952381,0.0,20.588235294117645,00-0028664,P,1.0,0.0,1,2020,4
00-0028825,T.Pryor,Terrelle Pryor,WR,WR,"https://static.www.nfl.com/image/private/f_auto,q_auto/league/ac6blk5o4ztsr7hvtil9",NYJ,2018,1,REG,DET,0,0,0.0,0,0.0,0.0,0.0,0,0,0.0,0.0,0.0,,0,,,0,0.0,0,0.0,0.0,0.0,,0,3,3,49.0,0,0.0,0.0,42.0,7.0,3.0,6.521829,0,1.1666666,0.15,0.24852072,0.3989645,0.0,4.9,7.9,00-0028825,WR,2018_01_NYJ_DET,24.0,0.0,0.0,24.0,42.10526315789473,0.0,0.0,,,,6.4,1,2018,8
00-0028899,R.McLeod,Rodney McLeod,FS,DB,"https://static.www.nfl.com/image/upload/f_auto,q_auto/league/ettne7rdpnkozuyhx8be",CLE,2024,6,REG,CLE,0,0,0.0,0,0.0,0.0,0.0,0,0,0.0,0.0,0.0,,0,,,0,0.0,0,0.0,0.0,0.0,,0,0,0,0.0,0,0.0,0.0,0.0,0.0,0.0,,0,,,,,1.0,6.0,6.0,00-0028899,FS,,0.0,0.0,0.0,0.0,0.0,0.0,0.0,00-0028899,FS,2.0,0.0,1,2024,1
00-0028903,G.Celek,Garrett Celek,TE,TE,"https://static.www.nfl.com/image/private/f_auto,q_auto/league/hin5nyuakhpbngjhepty",SF,2018,2,REG,DET,0,0,0.0,0,0.0,0.0,0.0,0,0,0.0,0.0,0.0,,0,,,0,0.0,0,0.0,0.0,0.0,,0,2,2,22.0,1,0.0,0.0,8.0,14.0,2.0,2.2970688,0,2.75,0.08,0.05263158,0.15684211,0.0,8.2,10.2,00-0028903,TE,2018_02_DET_SF,30.0,0.0,16.0,46.0,46.875,0.0,47.05882352941176,00-0028903,TE,1.0,9.2,1,2018,6
00-0029000,C.Beasley,Cole Beasley,WR,WR,"https://static.www.nfl.com/image/private/f_auto,q_auto/league/y5r0fhwctl6ljwvmktvu",DAL,2018,1,REG,CAR,0,0,0.0,0,0.0,0.0,0.0,0,0,0.0,0.0,0.0,,0,,,0,0.0,0,0.0,0.0,0.0,,0,7,8,73.0,0,0.0,0.0,51.0,27.0,5.0,5.3323174,0,1.4313725,0.27586207,0.2361111,0.57907087,0.0,7.3,14.3,00-0029000,WR,2018_01_DAL_CAR,45.0,0.0,2.0,47.0,69.23076923076923,0.0,9.523809523809524,00-0029000,WR,1.0,10.8,5,2022,97
00-0029068,D.Coleman,Derrick Coleman,FB,RB,"https://static.www.nfl.com/image/private/f_auto,q_auto/league/jmgzlxi6qlrvvyrzkuh2",ARI,2018,2,REG,LA,0,0,0.0,0,0.0,0.0,0.0,0,0,0.0,0.0,0.0,,0,,,1,1.0,0,0.0,0.0,0.0,-0.24343637,0,0,0,0.0,0,0.0,0.0,0.0,0.0,0.0,,0,,,,,0.0,0.1,0.1,00-0029068,FB,2018_02_ARI_LA,4.0,0.0,15.0,19.0,5.333333333333334,0.0,83.33333333333334,00-0029068,FB,1.0,0.1,1,2018,5
00-0029091,B.Sowell,Bradley Sowell,TE,TE,"https://static.www.nfl.com/image/private/f_auto,q_auto/league/ep1lqjgiwemsr9eenajg",CHI,2018,7,REG,NE,0,0,0.0,0,0.0,0.0,0.0,0,0,0.0,0.0,0.0,,0,,,0,0.0,0,0.0,0.0,0.0,,0,0,1,0.0,0,0.0,0.0,2.0,0.0,0.0,-0.3916562,0,0.0,0.020833334,0.0034965035,0.033697553,0.0,0.0,0.0,00-0029091,TE,2018_07_NE_CHI,7.0,0.0,5.0,12.0,8.333333333333332,0.0,15.151515151515152,00-0029091,TE,2.0,0.0,1,2018,2
00-0029119,D.Carrier,Derek Carrier,TE,TE,"https://static.www.nfl.com/image/private/f_auto,q_auto/league/fohbnjxhixammxtonhnd",LV,2018,1,REG,LA,0,0,0.0,0,0.0,0.0,0.0,0,0,0.0,0.0,0.0,,0,,,0,0.0,0,0.0,0.0,0.0,,0,2,3,20.0,0,0.0,0.0,30.0,13.0,0.0,-0.02265359,0,0.6666667,0.078947365,0.15306123,0.22556391,0.0,2.0,4.0,00-0029119,TE,2018_01_LA_OAK,26.0,0.0,17.0,43.0,34.66666666666667,0.0,58.620689655172406,00-0029119,TE,3.0,3.0,4,2021,17
00-0029129,R.Streater,Rod Streater,WR,WR,"https://static.www.nfl.com/image/private/f_auto,q_auto/league/szf4hqnrz6egphxvcwnf",CLE,2018,5,REG,BAL,0,0,0.0,0,0.0,0.0,0.0,0,0,0.0,0.0,0.0,,0,,,1,-11.0,0,0.0,0.0,0.0,-0.8162009,0,0,0,0.0,0,0.0,0.0,0.0,0.0,0.0,,0,,,,,0.0,-1.1,-1.1,00-0029129,WR,2018_05_BAL_CLE,18.0,0.0,21.0,39.0,22.22222222222222,0.0,63.63636363636363,00-0029129,WR,3.0,-1.1,1,2018,1
00-0029137,A.Jeffery,Alshon Jeffery,WR,WR,"https://static.www.nfl.com/image/private/f_auto,q_auto/league/qrbsgwhzlsmwgkdfjryh",PHI,2018,4,REG,TEN,0,0,0.0,0,0.0,0.0,0.0,0,0,0.0,0.0,0.0,,0,,,0,0.0,0,0.0,0.0,0.0,,0,8,9,105.0,1,1.0,0.0,98.0,26.0,6.0,11.022692,0,1.0714285,0.18,0.26133335,0.45293334,0.0,16.5,24.5,00-0029137,WR,2018_04_PHI_TEN,65.0,0.0,0.0,65.0,82.27848101265823,0.0,0.0,00-0029137,WR,1.0,21.5,3,2020,32
00-0029141,A.Morris,Alfred Morris,RB,RB,"https://static.www.nfl.com/image/private/f_auto,q_auto/league/igrm4hy4pishp4rdamin",SF,2018,1,REG,MIN,0,0,0.0,0,0.0,0.0,0.0,0,0,0.0,0.0,0.0,,0,,,12,38.0,0,2.0,1.0,3.0,-6.93832,0,0,0,0.0,0,0.0,0.0,0.0,0.0,0.0,,0,,,,,0.0,1.8,1.8,00-0029141,RB,2018_01_SF_MIN,35.0,0.0,0.0,35.0,52.23880597014925,0.0,0.0,00-0029141,RB,2.0,-0.1999999999999997,3,2020,21
00-0029159,J.Kearse,Jermaine Kearse,WR,WR,"https://static.www.nfl.com/image/private/f_auto,q_auto/league/tvnzajvst7kdglamw4t6",NYJ,2018,2,REG,MIA,0,0,0.0,0,0.0,0.0,0.0,0,0,0.0,0.0,0.0,,0,,,0,0.0,0,0.0,0.0,0.0,,0,1,2,-1.0,0,0.0,0.0,-1.0,0.0,0.0,-1.2483505,0,0.0,0.048780486,-0.0025188916,0.071407504,0.0,-0.1,0.9,00-0029159,WR,2018_02_MIA_NYJ,20.0,0.0,0.0,20.0,29.411764705882355,0.0,0.0,00-0029159,WR,1.0,0.4,1,2018,13
00-0029164,M.Remmers,Mike Remmers,T,OL,"https://static.www.nfl.com/image/private/f_auto,q_auto/league/qsp6ncqgwc9uyrgptyrc",KC,2021,1,REG,CLE,0,0,0.0,0,0.0,0.0,0.0,0,0,0.0,0.0,0.0,,0,,,0,0.0,0,0.0,0.0,0.0,,0,1,1,-2.0,0,0.0,0.0,0.0,-2.0,0.0,-0.79439294,0,0.0,0.029411765,0.0,0.04411765,0.0,-0.2,0.8,00-0029164,G,2021_01_CLE_KC,1.0,0.0,0.0,1.0,1.5384615384615383,0.0,0.0,00-0029164,T,2.0,0.3,1,2021,1
00-0029205,T.Cadet,Travaris Cadet,RB,RB,"https://static.www.nfl.com/image/private/f_auto,q_auto/league/gj0pjzj0zzefpabtuki1",CAR,2018,17,REG,NO,0,0,0.0,0,0.0,0.0,0.0,0,0,0.0,0.0,0.0,,0,,,11,17.0,0,0.0,0.0,0.0,-7.7962866,0,1,1,5.0,0,0.0,0.0,1.0,4.0,0.0,-0.7193974,0,5.0,0.033333335,0.0044247787,0.053097345,0.0,2.2,3.2,00-0029205,RB,2018_17_CAR_NO,24.0,0.0,9.0,33.0,32.87671232876712,0.0,36.0,00-0029205,RB,3.0,2.7,1,2018,1
00-0029239,B.Bolden,Brandon Bolden,RB,RB,"https://static.www.nfl.com/image/private/f_auto,q_auto/league/kqqwz35z9brhkzbs4bcn",MIA,2018,13,REG,BUF,0,0,0.0,0,0.0,0.0,0.0,0,0,0.0,0.0,0.0,,0,,,1,10.0,0,0.0,0.0,1.0,1.00777,0,0,0,0.0,0,0.0,0.0,0.0,0.0,0.0,,0,,,,,0.0,1.0,1.0,00-0029239,RB,2018_13_BUF_MIA,3.0,0.0,19.0,22.0,5.454545454545454,0.0,76.0,00-0029239,RB,3.0,1.0,5,2023,61
00-0029249,M.Ingram,Melvin Ingram,OLB,LB,"https://static.www.nfl.com/image/private/f_auto,q_auto/league/kbnd1mhegpg4n5kj7rac",LAC,2018,5,REG,LV,0,0,0.0,0,0.0,0.0,0.0,0,0,0.0,0.0,0.0,,0,,,1,0.0,0,0.0,0.0,0.0,-1.0199372,0,0,0,0.0,0,0.0,0.0,0.0,0.0,0.0,,0,,,,,0.0,0.0,0.0,00-0029249,LB,2018_05_OAK_LAC,1.0,45.0,0.0,46.0,1.851851851851852,71.42857142857143,0.0,00-0029249,OLB,1.0,0.0,1,2018,1
00-0029269,T.Benjamin,Travis Benjamin,WR,WR,"https://static.www.nfl.com/image/private/f_auto,q_auto/league/io9silocxbywvisvcvpx",LAC,2018,1,REG,KC,0,0,0.0,0,0.0,0.0,0.0,0,0,0.0,0.0,0.0,,0,,,1,19.0,0,0.0,0.0,1.0,1.069911,0,1,5,1.0,0,0.0,0.0,152.0,2.0,0.0,-2.125903,0,0.0065789474,0.1,0.3146998,0.37028986,0.0,2.0,3.0,00-0029269,WR,2018_01_KC_LAC,48.0,0.0,2.0,50.0,57.831325301204814,0.0,6.666666666666667,00-0029269,WR,2.0,2.5000000000000004,3,2021,53
00-0029273,R.Turbin,Robert Turbin,RB,RB,"https://static.www.nfl.com/image/private/f_auto,q_auto/league/vkqpomzfvo7kei1729jm",IND,2018,5,REG,NE,0,0,0.0,0,0.0,0.0,0.0,0,0,0.0,0.0,0.0,,0,,,0,0.0,0,0.0,0.0,0.0,,0,0,1,0.0,0,0.0,0.0,-6.0,0.0,0.0,-0.7350564,0,-0.0,0.016949153,-0.012765957,0.01648756,0.0,0.0,0.0,00-0029273,RB,2018_05_IND_NE,9.0,0.0,0.0,9.0,10.588235294117649,0.0,0.0,,,,0.0,1,2018,2
00-0029293,M.Jones,Marvin Jones,WR,WR,"https://static.www.nfl.com/image/private/f_auto,q_auto/league/ciy9sxefmcnwjw7ln3h2",DET,2018,1,REG,NYJ,0,0,0.0,0,0.0,0.0,0.0,0,0,0.0,0.0,0.0,,0,,,0,0.0,0,0.0,0.0,0.0,,0,4,8,54.0,0,0.0,0.0,121.0,20.0,3.0,-5.0054255,0,0.446281,0.15384616,0.30024815,0.4409429,0.0,5.4,9.4,00-0029293,WR,2018_01_NYJ_DET,64.0,0.0,0.0,64.0,90.14084507042254,0.0,0.0,00-0029293,WR,1.0,7.4,6,2023,78
00-0029319,J.Bellamy,Josh Bellamy,WR,WR,"https://static.www.nfl.com/image/private/f_auto,q_auto/league/kgyz7lr35xl5j7oxjwlw",CHI,2018,2,REG,SEA,0,0,0.0,0,0.0,0.0,0.0,0,0,0.0,0.0,0.0,,0,,,0,0.0,0,0.0,0.0,0.0,,0,1,1,6.0,0,0.0,0.0,-1.0,7.0,1.0,0.679084,0,0.0,0.029411765,-0.004830918,0.040736005,0.0,0.6,1.6,00-0029319,WR,2018_02_SEA_CHI,1.0,0.0,18.0,19.0,1.5625,0.0,66.66666666666666,00-0029319,WR,3.0,1.1,2,2019,19
00-0029388,D.Thompson,Deonte Thompson,WR,WR,"https://static.www.nfl.com/image/private/f_auto,q_auto/league/bvfgozqccoo627wuitkb",DAL,2018,1,REG,CAR,0,0,0.0,0,0.0,0.0,0.0,0,0,0.0,0.0,0.0,,0,,,0,0.0,0,0.0,0.0,0.0,,0,3,5,27.0,0,0.0,0.0,46.0,3.0,2.0,-0.8769365,0,0.5869565,0.1724138,0.21296297,0.40769476,0.0,2.7,5.7,00-0029388,WR,2018_01_DAL_CAR,31.0,0.0,5.0,36.0,47.69230769230769,0.0,23.809523809523807,00-0029388,WR,3.0,4.2,1,2018,17
00-0029410,T.Wilson,Tavon Wilson,SS,DB,"https://static.www.nfl.com/image/private/f_auto,q_auto/league/ztnf4vdx2qw6nowvmxy4",DET,2018,9,REG,MIN,0,0,0.0,0,0.0,0.0,0.0,0,0,0.0,0.0,0.0,,0,,,1,7.0,0,0.0,0.0,1.0,2.8734303,0,0,0,0.0,0,0.0,0.0,0.0,0.0,0.0,,0,,,,,0.0,0.7,0.7,00-0029410,FS,2018_09_DET_MIN,1.0,18.0,8.0,27.0,1.4084507042253522,35.294117647058826,32.0,00-0029410,SS,2.0,0.7000000000000001,1,2018,1
00-0029414,O.Charles,Orson Charles,TE,TE,"https://static.www.nfl.com/image/private/f_auto,q_auto/league/shbtvc2u3xznv47nzvm2",CLE,2018,3,REG,NYJ,0,0,0.0,0,0.0,0.0,0.0,0,0,0.0,0.0,0.0,,0,,,0,0.0,0,0.0,0.0,0.0,,0,0,1,0.0,0,0.0,0.0,18.0,0.0,0.0,-0.8647792,0,0.0,0.028571429,0.04568528,0.074836835,0.0,0.0,0.0,00-0029414,TE,2018_03_NYJ_CLE,19.0,0.0,27.0,46.0,25.333333333333336,0.0,90.0,00-0029414,TE,2.0,0.0,1,2018,5
00-0029419,D.Kelly,Dennis Kelly,T,OL,"https://static.www.nfl.com/image/private/f_auto,q_auto/league/i4ev1ltkthmoslllgfhi",TEN,2019,12,REG,JAX,0,0,0.0,0,0.0,0.0,0.0,0,0,0.0,0.0,0.0,,0,,,0,0.0,0,0.0,0.0,0.0,,0,1,1,1.0,1,0.0,0.0,1.0,0.0,1.0,0.47152606,0,1.0,0.05882353,0.007936508,0.09379085,0.0,6.1,7.1,00-0029419,OT,2019_12_JAX_TEN,7.0,0.0,6.0,13.0,14.285714285714285,0.0,20.689655172413797,00-0029419,T,2.0,6.6,1,2019,4
00-0029492,J.Olawale,Jamize Olawale,FB,RB,"https://static.www.nfl.com/image/private/f_auto,q_auto/league/dp7xdilrkk9f2i5ovne9",DAL,2018,6,REG,JAX,0,0,0.0,0,0.0,0.0,0.0,0,0,0.0,0.0,0.0,,0,,,0,0.0,0,0.0,0.0,0.0,,0,1,1,3.0,0,0.0,0.0,1.0,2.0,0.0,-0.4401288,0,3.0,0.03846154,0.004201681,0.060633484,0.0,0.3,1.3,00-0029492,RB,2018_06_JAX_DAL,9.0,0.0,18.0,27.0,18.75,0.0,62.06896551724138,00-0029492,FB,1.0,0.8,2,2019,6
00-0029528,B.Massie,Bobby Massie,T,OL,"https://static.www.nfl.com/image/private/f_auto,q_auto/league/hfjtsmseahvvdllps7eg",CHI,2020,2,REG,NYG,0,0,0.0,0,0.0,0.0,0.0,0,0,0.0,0.0,0.0,,0,,,0,0.0,0,0.0,0.0,0.0,,0,1,1,4.0,0,0.0,0.0,3.0,1.0,1.0,1.9033195,0,1.3333334,0.035714287,0.012552301,0.06235804,0.0,0.4,1.4,00-0029528,OT,2020_02_NYG_CHI,66.0,0.0,4.0,70.0,100.0,0.0,18.181818181818183,00-0029528,T,1.0,0.9,1,2020,1
00-0029567,N.Foles,Nick Foles,QB,QB,"https://static.www.nfl.com/image/private/f_auto,q_auto/league/dxuz2ir773wylutxo7zs",PHI,2018,1,REG,ATL,19,34,117.0,0,1.0,2.0,13.0,1,0,277.0,51.0,5.0,-11.164289,0,0.42238268,-0.03967685,1,-1.0,0,0.0,0.0,0.0,0.0,0,1,1,15.0,0,0.0,0.0,8.0,7.0,1.0,1.9314804,0,1.875,0.028571429,0.028070176,0.062506266,0.0,4.08,5.08,00-0029567,QB,2018_01_ATL_PHI,72.0,0.0,0.0,72.0,96.0,0.0,0.0,00-0029567,QB,2.0,3.58,5,2022,24
00-0029572,J.Wright,Jarius Wright,WR,WR,"https://static.www.nfl.com/image/private/f_auto,q_auto/league/f4xgfra44cd6qjy6havp",CAR,2018,1,REG,DAL,0,0,0.0,0,0.0,0.0,0.0,0,0,0.0,0.0,0.0,,0,,,0,0.0,0,0.0,0.0,0.0,,0,3,5,23.0,0,1.0,0.0,8.0,19.0,2.0,-1.1360338,0,2.875,0.2,0.051612902,0.33612904,0.0,2.3,5.3,00-0029572,WR,2018_01_DAL_CAR,31.0,0.0,3.0,34.0,45.588235294117645,0.0,14.285714285714285,00-0029572,WR,2.0,1.8000000000000005,2,2019,33
00-0029580,R.Matthews,Rishard Matthews,WR,WR,"https://static.www.nfl.com/image/private/f_auto,q_auto/league/fr7nzgwarzuorvi8cvlc",TEN,2018,2,REG,HOU,0,0,0.0,0,0.0,0.0,0.0,0,0,0.0,0.0,0.0,,0,,,0,0.0,0,0.0,0.0,0.0,,0,2,4,8.0,0,0.0,0.0,-1.0,5.0,0.0,-3.1057742,0,0.0,0.1904762,-0.008196721,0.27997658,0.0,0.8,2.8,00-0029580,WR,2018_02_HOU_TEN,28.0,0.0,0.0,28.0,45.16129032258064,0.0,0.0,00-0029580,WR,1.0,1.8,1,2018,5
00-0029587,R.Ellison,Rhett Ellison,TE,TE,"https://static.www.nfl.com/image/private/f_auto,q_auto/league/pqvmhpdoritjtp8ng7ep",NYG,2018,1,REG,JAX,0,0,0.0,0,0.0,0.0,0.0,0,0,0.0,0.0,0.0,,0,,,0,0.0,0,0.0,0.0,0.0,,0,1,1,16.0,0,0.0,0.0,11.0,5.0,0.0,0.4023207,0,1.4545455,0.027777778,0.046413504,0.07415612,0.0,1.6,2.6,00-0029587,TE,2018_01_JAX_NYG,29.0,0.0,8.0,37.0,40.27777777777778,0.0,27.58620689655172,00-0029587,TE,1.0,2.1,2,2019,23
00-0029608,T.Hilton,T.Y. Hilton,WR,WR,"https://static.www.nfl.com/image/private/f_auto,q_auto/league/b8kor0sgeynyd8u8cush",IND,2018,1,REG,CIN,0,0,0.0,0,0.0,0.0,0.0,0,0,0.0,0.0,0.0,,0,,,0,0.0,0,0.0,0.0,0.0,,0,5,11,46.0,1,0.0,0.0,105.0,19.0,3.0,1.475102,0,0.43809524,0.21153846,0.3697183,0.5761105,0.0,10.6,15.6,00-0029608,WR,2018_01_CIN_IND,80.0,0.0,0.0,80.0,97.5609756097561,0.0,0.0,00-0029608,WR,1.0,13.1,5,2022,77
00-0029613,D.Martin,Doug Martin,RB,RB,"https://static.www.nfl.com/image/private/f_auto,q_auto/league/lhazttk4tjpi7ggf7du4",LV,2018,1,REG,LA,0,0,0.0,0,0.0,0.0,0.0,0,0,0.0,0.0,0.0,,0,,,4,20.0,0,0.0,0.0,2.0,0.8887883,0,2,2,-3.0,0,0.0,0.0,-10.0,7.0,0.0,-1.6615086,0,0.3,0.05263158,-0.05102041,0.04323308,0.0,1.7,3.7,00-0029613,RB,2018_01_LA_OAK,10.0,0.0,0.0,10.0,13.333333333333334,0.0,0.0,00-0029613,RB,2.0,2.7,1,2018,16
00-0029615,L.Miller,Lamar Miller,RB,RB,"https://static.www.nfl.com/image/private/f_auto,q_auto/league/vqxh6ynpmczzfyl9kcgq",HOU,2018,1,REG,NE,0,0,0.0,0,0.0,0.0,0.0,0,0,0.0,0.0,0.0,,0,,,20,98.0,0,0.0,0.0,3.0,-1.1074924,0,1,2,11.0,0,0.0,0.0,3.0,9.0,0.0,-0.13710755,0,3.6666667,0.05882353,0.00795756,0.09380559,0.0,10.9,11.9,00-0029615,RB,2018_01_HOU_NE,59.0,0.0,0.0,59.0,77.63157894736842,0.0,0.0,00-0029615,RB,1.0,11.4,2,2020,17
00-0029623,A.Tanney,Alex Tanney,QB,QB,"https://static.www.nfl.com/image/private/f_auto,q_auto/league/imvd4rxtknm0ob8oul5z",NYG,2019,15,REG,MIA,1,1,1.0,0,0.0,0.0,-0.0,0,0,1.0,0.0,0.0,-0.04524401,0,1.0,,0,0.0,0,0.0,0.0,0.0,,0,0,0,0.0,0,0.0,0.0,0.0,0.0,0.0,,0,,,,,0.0,0.04,0.04,00-0029623,QB,2019_15_MIA_NYG,2.0,0.0,0.0,2.0,2.941176470588235,0.0,0.0,00-0029623,QB,3.0,0.04,1,2019,1
00-0029632,M.Sanu,Mohamed Sanu,WR,WR,"https://static.www.nfl.com/image/private/f_auto,q_auto/league/a6loroqhta6g65aqnsrk",ATL,2018,1,REG,PHI,0,0,0.0,0,0.0,0.0,0.0,0,0,0.0,0.0,0.0,,0,,,0,0.0,0,0.0,0.0,0.0,,0,4,6,18.0,0,0.0,0.0,49.0,5.0,1.0,1.117667,0,0.36734694,0.15384616,0.13611111,0.326047,0.0,1.8,5.8,00-0029632,WR,2018_01_ATL_PHI,57.0,0.0,0.0,57.0,79.16666666666666,0.0,0.0,00-0029632,WR,1.0,3.8,4,2021,64
00-0029638,M.Floyd,Michael Floyd,WR,WR,"https://static.www.nfl.com/image/private/f_auto,q_auto/league/lisxjuyoo7hiux1ac4jb",WAS,2018,6,REG,CAR,0,0,0.0,0,0.0,0.0,0.0,0,0,0.0,0.0,0.0,,0,,,0,0.0,0,0.0,0.0,0.0,,0,0,1,0.0,0,0.0,0.0,11.0,0.0,0.0,-2.034767,0,0.0,0.030303031,0.04263566,0.07529951,0.0,0.0,0.0,00-0029638,WR,2018_06_CAR_WAS,8.0,1.0,3.0,12.0,13.114754098360656,1.4084507042253522,12.5,00-0029638,WR,3.0,0.0,1,2018,10
00-0029640,B.Quick,Brian Quick,WR,WR,"https://static.www.nfl.com/image/private/f_auto,q_auto/league/tayczwuhluj2hyrva3cp",WAS,2018,5,REG,NO,0,0,0.0,0,0.0,0.0,0.0,0,0,0.0,0.0,0.0,,0,,,0,0.0,0,0.0,0.0,0.0,,0,1,1,6.0,0,0.0,0.0,5.0,1.0,0.0,0.29384357,0,1.2,0.027027028,0.014084507,0.050399695,0.0,0.6,1.6,00-0029640,WR,2018_05_WAS_NO,12.0,0.0,13.0,25.0,19.35483870967742,0.0,52.0,00-0029640,WR,2.0,1.1,1,2018,2
00-0029657,A.Hicks,Akiem Hicks,DT,DL,"https://static.www.nfl.com/image/private/f_auto,q_auto/league/u6vzbrj6xejni2lks17m",CHI,2018,13,REG,NYG,0,0,0.0,0,0.0,0.0,0.0,0,0,0.0,0.0,0.0,,0,,,1,1.0,1,0.0,0.0,1.0,2.64243,0,0,0,0.0,0,0.0,0.0,0.0,0.0,0.0,,0,,,,,0.0,6.1,6.1,00-0029657,DE,2018_13_CHI_NYG,1.0,63.0,0.0,64.0,1.3888888888888888,73.25581395348837,0.0,00-0029657,DT,1.0,6.1,1,2018,1
00-0029664,J.Gordon,Josh Gordon,WR,WR,"https://static.www.nfl.com/image/private/f_auto,q_auto/league/wwqz2ujrj7wp86tyaxof",CLE,2018,1,REG,PIT,0,0,0.0,0,0.0,0.0,0.0,0,0,0.0,0.0,0.0,,0,,,0,0.0,0,0.0,0.0,0.0,,0,1,3,17.0,1,0.0,0.0,99.0,0.0,1.0,1.0333346,0,0.17171717,0.078947365,0.23970944,0.28621766,0.0,7.7,8.7,00-0029664,WR,2018_01_PIT_CLE,69.0,0.0,0.0,69.0,75.0,0.0,0.0,00-0029664,WR,2.0,8.2,4,2022,33
00-0029665,R.Griffin,Robert Griffin,QB,QB,"https://static.www.nfl.com/image/private/f_auto,q_auto/league/f9gitqxxg3f1uybdcfhc",BAL,2018,13,REG,ATL,2,4,21.0,0,0.0,0.0,-0.0,0,0,40.0,26.0,1.0,0.5508823,0,0.525,,0,0.0,0,0.0,0.0,0.0,,0,0,0,0.0,0,0.0,0.0,0.0,0.0,0.0,,0,,,,,0.0,0.84,0.84,00-0029665,QB,2018_13_BAL_ATL,16.0,0.0,0.0,16.0,19.753086419753085,0.0,0.0,00-0029665,QB,2.0,0.84,3,2020,12
00-0029668,A.Luck,Andrew Luck,QB,QB,"https://static.www.nfl.com/image/private/f_auto,q_auto/league/ojix2ha2u58zqozaw756",IND,2018,1,REG,CIN,39,53,319.0,2,1.0,2.0,14.0,0,0,297.0,163.0,17.0,7.0785728,0,1.074074,0.12311733,1,7.0,0,0.0,0.0,1.0,1.8991145,0,0,0,0.0,0,0.0,0.0,0.0,0.0,0.0,,0,,,,,0.0,19.46,19.46,00-0029668,QB,2018_01_CIN_IND,82.0,0.0,0.0,82.0,100.0,0.0,0.0,00-0029668,QB,1.0,23.46,1,2018,19
00-0029677,B.Weeden,Brandon Weeden,QB,QB,"https://static.www.nfl.com/image/private/f_auto,q_auto/league/m8oocp4p9nskilnakgnw",HOU,2018,8,REG,MIA,0,0,0.0,0,0.0,0.0,0.0,0,0,0.0,0.0,0.0,,0,,,1,-1.0,0,0.0,0.0,0.0,0.0,0,0,0,0.0,0,0.0,0.0,0.0,0.0,0.0,,0,,,,,0.0,-0.1,-0.1,00-0029677,QB,,0.0,0.0,0.0,0.0,0.0,0.0,0.0,00-0029677,QB,2.0,-0.1,1,2018,1
00-0029682,B.Osweiler,Brock Osweiler,QB,QB,"https://static.www.nfl.com/image/private/f_auto,q_auto/league/pwkmtgeitdi79qtumb2x",MIA,2018,4,REG,NE,4,5,35.0,1,0.0,0.0,-0.0,0,0,43.0,29.0,4.0,6.820417,0,0.81395346,0.45337117,1,7.0,0,0.0,0.0,0.0,-0.7420228,0,0,0,0.0,0,0.0,0.0,0.0,0.0,0.0,,0,,,,,0.0,6.1,6.1,00-0029682,QB,2018_04_MIA_NE,13.0,0.0,0.0,13.0,26.0,0.0,0.0,00-0029682,QB,3.0,6.1000000000000005,1,2018,7
00-0029689,D.Allen,Dwayne Allen,TE,TE,"https://static.www.nfl.com/image/private/f_auto,q_auto/league/wduwt0ibzoutozuywe4b",NE,2018,4,REG,MIA,0,0,0.0,0,0.0,0.0,0.0,0,0,0.0,0.0,0.0,,0,,,0,0.0,0,0.0,0.0,0.0,,0,1,2,-4.0,0,0.0,0.0,27.0,2.0,0.0,-1.816866,0,-0.14814815,0.057142857,0.09677419,0.15345623,0.0,-0.4,0.6,00-0029689,TE,2018_04_MIA_NE,43.0,0.0,3.0,46.0,54.43037974683544,0.0,12.0,00-0029689,TE,2.0,0.0999999999999999,1,2018,3
00-0029701,R.Tannehill,Ryan Tannehill,QB,QB,"https://static.www.nfl.com/image/private/f_auto,q_auto/league/yvwju12dl6haf3r8uzrm",MIA,2018,1,REG,TEN,20,28,230.0,2,2.0,1.0,8.0,0,0,291.0,89.0,9.0,2.2100847,0,0.79037803,0.08535066,4,4.0,0,0.0,0.0,0.0,-0.97902155,0,0,0,0.0,0,0.0,0.0,0.0,0.0,0.0,,0,,,,,0.0,13.6,13.6,00-0029701,QB,2018_01_TEN_MIA,62.0,0.0,0.0,62.0,100.0,0.0,0.0,00-0029701,QB,1.0,15.600000000000003,6,2023,126
00-0029738,D.Fells,Darren Fells,TE,TE,"https://static.www.nfl.com/image/private/f_auto,q_auto/league/eh0rbweg4wbzgzpvprnv",CLE,2018,1,REG,PIT,0,0,0.0,0,0.0,0.0,0.0,0,0,0.0,0.0,0.0,,0,,,0,0.0,0,0.0,0.0,0.0,,0,1,1,12.0,0,0.0,0.0,-4.0,16.0,1.0,1.0453476,0,0.0,0.02631579,-0.00968523,0.032694023,0.0,1.2,2.2,00-0029738,TE,2018_01_PIT_CLE,39.0,0.0,28.0,67.0,46.42857142857143,0.0,77.77777777777779,00-0029738,TE,1.0,1.7000000000000002,4,2021,41
00-0029747,C.Banjo,Chris Banjo,FS,DB,"https://static.www.nfl.com/image/private/f_auto,q_auto/league/ibqowvcvkzurwo95ukg9",ARI,2021,17,REG,DAL,1,1,23.0,0,0.0,0.0,-0.0,0,0,19.0,4.0,1.0,3.7315283,0,1.2105263,,0,0.0,0,0.0,0.0,0.0,,0,0,0,0.0,0,0.0,0.0,0.0,0.0,0.0,,0,,,,,0.0,0.92,0.92,00-0029747,DB,2021_17_ARI_DAL,2.0,0.0,20.0,22.0,3.0303030303030303,0.0,80.0,00-0029747,FS,2.0,0.92,1,2021,1
00-0029764,C.Davis,Cody Davis,FS,DB,"https://static.www.nfl.com/image/private/f_auto,q_auto/league/pdijtrs1tnltal8g6cmx",JAX,2019,16,REG,ATL,0,0,0.0,0,0.0,0.0,0.0,0,0,0.0,0.0,0.0,,0,,,0,0.0,0,0.0,0.0,0.0,,0,1,1,7.0,0,0.0,0.0,2.0,5.0,1.0,3.030777,0,3.5,0.032258064,0.008403362,0.054269448,0.0,0.7,1.7,00-0029764,DB,2019_16_JAX_ATL,1.0,18.0,22.0,41.0,1.2987012987012987,28.57142857142857,91.66666666666666,00-0029764,FS,3.0,1.2000000000000002,2,2023,2
00-0029795,B.Cunningham,Benny Cunningham,RB,RB,"https://static.www.nfl.com/image/private/f_auto,q_auto/league/yo9hvf3gnoxj7prmruo8",CHI,2018,3,REG,ARI,0,0,0.0,0,0.0,0.0,0.0,0,0,0.0,0.0,0.0,,0,,,0,0.0,0,0.0,0.0,0.0,,0,1,2,9.0,0,0.0,0.0,-14.0,13.0,1.0,-1.6706861,0,-0.64285713,0.057142857,-0.041420117,0.056720205,0.0,0.9,1.9,00-0029795,RB,2018_03_CHI_ARI,6.0,0.0,14.0,20.0,11.320754716981131,0.0,63.63636363636363,00-0029795,RB,3.0,1.4,1,2018,14
00-0029848,N.Williams,Nick Williams,WR,WR,"https://static.www.nfl.com/image/private/f_auto,q_auto/league/xzbqirh5sxfjtmmnrupw",TEN,2018,5,REG,BUF,0,0,0.0,0,0.0,0.0,0.0,0,0,0.0,0.0,0.0,,0,,,0,0.0,0,0.0,0.0,0.0,,0,0,2,0.0,0,0.0,0.0,29.0,0.0,0.0,-4.9558797,0,0.0,0.08,0.16666667,0.23666666,0.0,0.0,0.0,00-0029848,WR,2018_05_TEN_BUF,20.0,0.0,3.0,23.0,36.36363636363637,0.0,15.0,00-0029848,WR,2.0,0.0,1,2018,3
00-0029854,C.Anderson,C.J. Anderson,RB,RB,"https://static.www.nfl.com/image/private/f_auto,q_auto/league/jqqdxuowpdgl06zy0g0a",CAR,2018,1,REG,DAL,0,0,0.0,0,0.0,0.0,0.0,0,0,0.0,0.0,0.0,,0,,,7,35.0,0,0.0,0.0,2.0,1.4926456,0,0,0,0.0,0,0.0,0.0,0.0,0.0,0.0,,0,,,,,0.0,3.5,3.5,00-0029854,RB,2018_01_DAL_CAR,13.0,0.0,2.0,15.0,19.11764705882353,0.0,9.523809523809524,00-0029854,RB,2.0,3.5,2,2019,14
00-0029857,R.Griffin,Ryan Griffin,QB,QB,"https://static.www.nfl.com/image/private/f_auto,q_auto/league/mpwu7c3o2lkxwqn1gras",TB,2019,14,REG,IND,2,4,18.0,0,0.0,0.0,-0.0,0,0,12.0,13.0,1.0,-0.6239215,0,1.5,,0,0.0,0,0.0,0.0,0.0,,0,0,0,0.0,0,0.0,0.0,0.0,0.0,0.0,,0,,,,,0.0,0.72,0.72,00-0029857,QB,2019_14_IND_TB,6.0,0.0,0.0,6.0,8.0,0.0,0.0,00-0029857,QB,2.0,0.72,1,2019,4
00-0029931,Z.Line,Zach Line,FB,RB,"https://static.www.nfl.com/image/private/f_auto,q_auto/league/dddfiilg9qy54xtorb6r",NO,2018,1,REG,TB,0,0,0.0,0,0.0,0.0,0.0,0,0,0.0,0.0,0.0,,0,,,0,0.0,0,0.0,0.0,0.0,,0,0,1,0.0,0,0.0,0.0,3.0,0.0,0.0,-0.6141683,0,0.0,0.022727273,0.008797654,0.040249266,0.0,0.0,0.0,00-0029931,FB,2018_01_TB_NO,12.0,0.0,13.0,25.0,18.181818181818183,0.0,39.39393939393939,00-0029931,FB,1.0,0.0,2,2019,19
00-0030068,M.Goodwin,Marquise Goodwin,WR,WR,"https://static.www.nfl.com/image/upload/f_auto,q_auto/league/cof5bbih1o9dtnonwmjp",SF,2018,1,REG,MIN,0,0,0.0,0,0.0,0.0,0.0,0,0,0.0,0.0,0.0,,0,,,0,0.0,0,0.0,0.0,0.0,,0,0,1,0.0,0,0.0,0.0,1.0,0.0,0.0,-0.6382976,0,0.0,0.03125,0.0029069767,0.048909884,0.0,0.0,0.0,00-0030068,WR,2018_01_SF_MIN,17.0,0.0,0.0,17.0,25.37313432835821,0.0,0.0,00-0030068,WR,1.0,0.0,5,2023,56
00-0030074,D.Bakhtiari,David Bakhtiari,T,OL,"https://static.www.nfl.com/image/private/f_auto,q_auto/league/mhx8ji1f0wzvvwrmcryl",GB,2022,9,REG,DET,0,0,0.0,0,0.0,0.0,0.0,0,0,0.0,0.0,0.0,,0,,,0,0.0,0,0.0,0.0,0.0,,0,0,1,0.0,0,0.0,0.0,1.0,0.0,0.0,-5.99149,0,0.0,0.025,0.002415459,0.03919082,0.0,0.0,0.0,00-0030074,OT,2022_09_GB_DET,41.0,0.0,0.0,41.0,56.16438356164384,0.0,0.0,00-0030074,T,1.0,0.0,1,2022,1
00-0030085,K.Stills,Kenny Stills,WR,WR,"https://static.www.nfl.com/image/private/f_auto,q_auto/league/wswn6tehkzj8mdfbablx",MIA,2018,1,REG,TEN,0,0,0.0,0,0.0,0.0,0.0,0,0,0.0,0.0,0.0,,0,,,0,0.0,0,0.0,0.0,0.0,,0,4,5,106.0,2,0.0,0.0,80.0,41.0,3.0,7.9711437,0,1.325,0.17857143,0.2749141,0.46029702,0.0,22.6,26.6,00-0030085,WR,2018_01_TEN_MIA,60.0,0.0,0.0,60.0,96.7741935483871,0.0,0.0,00-0030085,WR,1.0,27.6,4,2021,48
00-0030089,L.Willson,Luke Willson,TE,TE,"https://static.www.nfl.com/image/private/f_auto,q_auto/league/a6zcpjyfusebcm8i3w2w",DET,2018,1,REG,NYJ,0,0,0.0,0,0.0,0.0,0.0,0,0,0.0,0.0,0.0,,0,,,0,0.0,0,0.0,0.0,0.0,,0,0,1,0.0,0,0.0,0.0,14.0,0.0,0.0,-5.9769883,0,0.0,0.01923077,0.034739453,0.05316377,0.0,0.0,0.0,00-0030089,TE,2018_01_NYJ_DET,13.0,0.0,14.0,27.0,18.30985915492958,0.0,43.75,00-0030089,TE,1.0,0.0,3,2020,19
00-0030090,M.Hyde,Micah Hyde,FS,DB,"https://static.www.nfl.com/image/private/f_auto,q_auto/league/xxdwo2ndjc4qm9q5lpgx",BUF,2019,7,REG,MIA,0,0,0.0,0,0.0,0.0,0.0,0,0,0.0,0.0,0.0,,0,,,0,0.0,0,0.0,0.0,0.0,,0,0,0,0.0,0,0.0,0.0,0.0,0.0,0.0,,0,,,,,1.0,6.0,6.0,00-0030090,S,2019_07_MIA_BUF,0.0,72.0,4.0,76.0,0.0,100.0,15.384615384615383,00-0030090,FS,1.0,0.0,1,2019,2
00-0030107,T.Riddick,Theo Riddick,RB,RB,"https://static.www.nfl.com/image/private/f_auto,q_auto/league/aptuag5ocazmionhvnt6",DET,2018,1,REG,NYJ,0,0,0.0,0,0.0,0.0,0.0,0,0,0.0,0.0,0.0,,0,,,4,20.0,0,0.0,0.0,1.0,-0.40313601,0,5,7,15.0,0,0.0,0.0,7.0,14.0,1.0,-8.413155,0,2.142857,0.13461539,0.017369727,0.21408188,0.0,3.5,8.5,00-0030107,RB,2018_01_NYJ_DET,41.0,0.0,0.0,41.0,57.74647887323944,0.0,0.0,00-0030107,RB,1.0,6.0,2,2020,18
00-0030108,R.Griffin,Ryan Griffin,TE,TE,"https://static.www.nfl.com/image/private/f_auto,q_auto/league/izjfxtmk2dhzhrlwpt9g",HOU,2018,1,REG,NE,0,0,0.0,0,0.0,0.0,0.0,0,0,0.0,0.0,0.0,,0,,,0,0.0,0,0.0,0.0,0.0,,0,0,5,0.0,0,0.0,0.0,60.0,0.0,0.0,-6.7078433,0,0.0,0.14705883,0.1591512,0.33199406,0.0,0.0,0.0,00-0030108,TE,2018_01_HOU_NE,65.0,0.0,10.0,75.0,85.52631578947368,0.0,31.25,00-0030108,TE,1.0,0.0,5,2022,54
00-0030112,T.Bohanon,Tommy Bohanon,FB,RB,"https://static.www.nfl.com/image/private/f_auto,q_auto/league/lmoesdqqzu6v8rmnyqlk",JAX,2018,3,REG,TEN,0,0,0.0,0,0.0,0.0,0.0,0,0,0.0,0.0,0.0,,0,,,0,0.0,0,0.0,0.0,0.0,,0,1,2,5.0,0,0.0,0.0,6.0,3.0,0.0,-0.37448415,0,0.8333333,0.05882353,0.044444446,0.1193464,0.0,0.5,1.5,00-0030112,FB,2018_03_TEN_JAX,5.0,0.0,0.0,5.0,8.333333333333332,0.0,0.0,00-0030112,FB,1.0,1.0,1,2018,7
00-0030147,R.Shepard,Russell Shepard,WR,WR,"https://static.www.nfl.com/image/private/f_auto,q_auto/league/gk2saq7m1jxl90g9slks",NYG,2018,2,REG,DAL,0,0,0.0,0,0.0,0.0,0.0,0,0,0.0,0.0,0.0,,0,,,0,0.0,0,0.0,0.0,0.0,,0,0,1,0.0,0,0.0,0.0,20.0,0.0,0.0,-0.94918275,0,0.0,0.022727273,0.06968641,0.0828714,0.0,0.0,0.0,00-0030147,WR,2018_02_NYG_DAL,6.0,0.0,19.0,25.0,11.538461538461538,0.0,73.07692307692307,00-0030147,WR,2.0,0.0,2,2019,10
00-0030151,T.Bray,Tyler Bray,QB,QB,"https://static.www.nfl.com/image/private/f_auto,q_auto/league/hlzuryxbamsj6di3q6ps",CHI,2020,10,REG,MIN,1,5,18.0,0,0.0,0.0,-0.0,0,0,43.0,13.0,1.0,-1.1256111,0,0.41860464,-0.15124871,0,0.0,0,0.0,0.0,0.0,,0,0,0,0.0,0,0.0,0.0,0.0,0.0,0.0,,0,,,,,0.0,0.72,0.72,00-0030151,QB,2020_10_MIN_CHI,4.0,0.0,0.0,4.0,8.16326530612245,0.0,0.0,,,,0.72,1,2020,1
00-0030155,D.Harris,Demetrius Harris,TE,TE,"https://static.www.nfl.com/image/private/f_auto,q_auto/league/nlajcnjlosuajmqswxvl",KC,2018,3,REG,SF,0,0,0.0,0,0.0,0.0,0.0,0,0,0.0,0.0,0.0,,0,,,0,0.0,0,0.0,0.0,0.0,,0,1,3,13.0,1,0.0,0.0,41.0,0.0,1.0,-0.0529801,0,0.31707317,0.078947365,0.106770836,0.19316064,0.0,7.3,8.3,00-0030155,TE,2018_03_SF_KC,24.0,0.0,24.0,48.0,34.78260869565217,0.0,85.71428571428571,00-0030155,TE,2.0,7.8,4,2021,35
00-0030170,R.Miles,Rontez Miles,FS,DB,"https://static.www.nfl.com/image/private/f_auto,q_auto/league/ufb0jodghl5ntdimenbc",NYJ,2018,16,REG,GB,0,0,0.0,0,0.0,0.0,0.0,0,0,0.0,0.0,0.0,,0,,,1,4.0,0,0.0,0.0,1.0,1.8475453,0,0,0,0.0,0,0.0,0.0,0.0,0.0,0.0,,0,,,,,0.0,0.4,0.4,00-0030170,DB,2018_16_GB_NYJ,1.0,1.0,29.0,31.0,1.5625,1.0869565217391304,80.55555555555556,00-0030170,FS,2.0,0.4,1,2018,1
00-0030181,J.Doyle,Jack Doyle,TE,TE,"https://static.www.nfl.com/image/private/f_auto,q_auto/league/h6abyvmg2g93llboizi6",IND,2018,1,REG,CIN,0,0,0.0,0,0.0,0.0,0.0,0,0,0.0,0.0,0.0,,0,,,0,0.0,0,0.0,0.0,0.0,,0,7,10,60.0,0,1.0,1.0,59.0,15.0,2.0,-11.68181,0,1.0169492,0.1923077,0.20774648,0.43388408,0.0,4.0,11.0,00-0030181,TE,2018_01_CIN_IND,77.0,0.0,7.0,84.0,93.90243902439023,0.0,24.13793103448276,00-0030181,TE,1.0,7.5,4,2021,51
00-0030196,J.Heath,Jeff Heath,SS,DB,"https://static.www.nfl.com/image/private/f_auto,q_auto/league/knimytdhoo3rqiacbgtm",DAL,2018,10,REG,PHI,0,0,0.0,0,0.0,0.0,0.0,0,0,0.0,0.0,0.0,,0,,,1,3.0,0,0.0,0.0,1.0,2.1513124,0,0,0,0.0,0,0.0,0.0,0.0,0.0,0.0,,0,,,,,0.0,0.3,0.3,00-0030196,S,2018_10_DAL_PHI,1.0,61.0,16.0,78.0,1.639344262295082,85.91549295774648,59.25925925925925,00-0030196,SS,1.0,0.3,2,2020,2
00-0030197,D.Lacey,Deon Lacey,ILB,LB,"https://static.www.nfl.com/image/private/f_auto,q_auto/league/iahxdsgmcg9b15fxznsh",MIA,2019,17,REG,NE,0,0,0.0,0,0.0,0.0,0.0,0,0,0.0,0.0,0.0,,0,,,0,0.0,0,0.0,0.0,0.0,,0,0,1,0.0,0,0.0,0.0,30.0,0.0,0.0,-2.8551006,0,0.0,0.022727273,0.07042254,0.08338668,0.0,0.0,0.0,00-0030197,LB,2019_17_MIA_NE,2.0,1.0,17.0,20.0,2.8169014084507045,1.6129032258064515,60.71428571428571,00-0030197,ILB,2.0,0.0,1,2019,1
00-0030216,J.Hill,Josh Hill,TE,TE,"https://static.www.nfl.com/image/private/f_auto,q_auto/league/vdva7m1fxklv6gxbsg7q",NO,2018,1,REG,TB,0,0,0.0,0,0.0,0.0,0.0,0,0,0.0,0.0,0.0,,0,,,0,0.0,0,0.0,0.0,0.0,,0,1,1,15.0,0,0.0,0.0,-6.0,21.0,1.0,1.9251406,0,0.0,0.022727273,-0.017595308,0.021774193,0.0,1.5,2.5,00-0030216,TE,2018_01_TB_NO,25.0,0.0,4.0,29.0,37.87878787878788,0.0,12.12121212121212,00-0030216,TE,2.0,2.0,3,2020,37
00-0030288,R.Burkhead,Rex Burkhead,RB,RB,"https://static.www.nfl.com/image/private/f_auto,q_auto/league/ysgdnkasvp07qmrkasve",NE,2018,1,REG,HOU,0,0,0.0,0,0.0,0.0,0.0,0,0,0.0,0.0,0.0,,0,,,18,64.0,0,1.0,0.0,2.0,-3.0649211,0,1,3,5.0,0,0.0,0.0,25.0,0.0,0.0,-1.3333626,0,0.2,0.07692308,0.078125,0.17007211,0.0,6.9,7.9,00-0030288,RB,2018_01_HOU_NE,38.0,0.0,11.0,49.0,50.0,0.0,34.375,00-0030288,RB,1.0,5.4,5,2022,65
00-0030300,J.Brown,Jaron Brown,WR,WR,"https://static.www.nfl.com/image/private/f_auto,q_auto/league/y41u4egwigms9rg2p3ln",SEA,2018,1,REG,DEN,0,0,0.0,0,0.0,0.0,0.0,0,0,0.0,0.0,0.0,,0,,,0,0.0,0,0.0,0.0,0.0,,0,1,3,7.0,0,0.0,0.0,84.0,0.0,0.0,0.2628593,0,0.083333336,0.09090909,0.24925816,0.31084436,0.0,0.7,1.7,00-0030300,WR,2018_01_SEA_DEN,34.0,0.0,10.0,44.0,56.66666666666666,0.0,30.303030303030305,00-0030300,WR,2.0,1.2000000000000002,2,2019,18
00-0030404,C.Thompson,Chris Thompson,RB,RB,"https://static.www.nfl.com/image/private/f_auto,q_auto/league/ypyldro2efcy5jcrytft",WAS,2018,1,REG,ARI,0,0,0.0,0,0.0,0.0,0.0,0,0,0.0,0.0,0.0,,0,,,5,65.0,0,0.0,0.0,4.0,3.887207,0,6,7,63.0,1,0.0,0.0,11.0,59.0,4.0,6.1840835,0,5.7272725,0.2413793,0.10784314,0.43755916,0.0,18.8,24.8,00-0030404,RB,2018_01_WAS_ARI,34.0,0.0,1.0,35.0,41.46341463414634,0.0,5.0,00-0030404,RB,2.0,21.8,3,2020,27
00-0030414,S.Ware,Spencer Ware,RB,RB,"https://static.www.nfl.com/image/private/f_auto,q_auto/league/qr04afpcu3fqpgxnws6t",KC,2018,1,REG,LAC,0,0,0.0,0,0.0,0.0,0.0,0,0,0.0,0.0,0.0,,0,,,3,32.0,0,0.0,0.0,2.0,0.24448052,0,1,1,8.0,0,0.0,0.0,4.0,4.0,0.0,0.36192662,0,2.0,0.04,0.011904762,0.068333335,0.0,4.0,5.0,00-0030414,RB,2018_01_KC_LAC,10.0,0.0,4.0,14.0,17.24137931034483,0.0,13.333333333333334,00-0030414,RB,2.0,4.5,2,2019,15
00-0030422,D.Sims,Dion Sims,TE,TE,"https://static.www.nfl.com/image/private/f_auto,q_auto/league/gvok1agdl3xtz9nceqfr",CHI,2018,1,REG,GB,0,0,0.0,0,0.0,0.0,0.0,0,0,0.0,0.0,0.0,,0,,,0,0.0,0,0.0,0.0,0.0,,0,2,3,9.0,0,0.0,0.0,28.0,9.0,0.0,-2.0082562,0,0.32142857,0.09090909,0.13461539,0.23059441,0.0,0.9,2.9,00-0030422,TE,2018_01_CHI_GB,20.0,0.0,5.0,25.0,28.169014084507044,0.0,17.857142857142858,00-0030422,TE,2.0,1.9,1,2018,2
00-0030432,C.Michael,Christine Michael,RB,RB,"https://static.www.nfl.com/image/private/f_auto,q_auto/league/qlysbozgkexeoohnqrvz",IND,2018,1,REG,CIN,0,0,0.0,0,0.0,0.0,0.0,0,0,0.0,0.0,0.0,,0,,,2,9.0,0,0.0,0.0,0.0,-0.61647624,0,0,0,0.0,0,0.0,0.0,0.0,0.0,0.0,,0,,,,,0.0,0.9,0.9,00-0030432,RB,2018_01_CIN_IND,3.0,0.0,0.0,3.0,3.658536585365853,0.0,0.0,00-0030432,RB,3.0,0.9,1,2018,1
00-0030433,M.Gillislee,Mike Gillislee,RB,RB,"https://static.www.nfl.com/image/private/f_auto,q_auto/league/bz85uuhwz2daip0avjrg",NO,2018,1,REG,TB,0,0,0.0,0,0.0,0.0,0.0,0,0,0.0,0.0,0.0,,0,,,3,9.0,0,1.0,1.0,1.0,-8.807199,0,0,0,0.0,0,0.0,0.0,0.0,0.0,0.0,,0,,,,,0.0,-1.1,-1.1,00-0030433,RB,2018_01_TB_NO,7.0,0.0,16.0,23.0,10.606060606060606,0.0,48.48484848484848,00-0030433,RB,2.0,-1.1,1,2018,4
00-0030443,L.Toilolo,Levine Toilolo,TE,TE,"https://static.www.nfl.com/image/private/f_auto,q_auto/league/w6qnlfw0cuxest48srd0",DET,2018,1,REG,NYJ,0,0,0.0,0,0.0,0.0,0.0,0,0,0.0,0.0,0.0,,0,,,0,0.0,0,0.0,0.0,0.0,,0,1,1,7.0,0,0.0,0.0,4.0,3.0,1.0,0.5419699,0,1.75,0.01923077,0.009925558,0.035794046,0.0,0.7,1.7,00-0030443,TE,2018_01_NYJ_DET,19.0,0.0,5.0,24.0,26.76056338028169,0.0,15.625,00-0030443,TE,3.0,1.2000000000000002,3,2020,18
00-0030456,G.Bernard,Giovani Bernard,RB,RB,"https://static.www.nfl.com/image/private/f_auto,q_auto/league/guht9y14gftgsugb87xz",CIN,2018,1,REG,IND,0,0,0.0,0,0.0,0.0,0.0,0,0,0.0,0.0,0.0,,0,,,1,-2.0,0,0.0,0.0,0.0,-0.852482,0,1,1,11.0,0,0.0,0.0,3.0,8.0,0.0,0.55411315,0,3.6666667,0.035714287,0.021582734,0.06867934,0.0,0.9,1.9,00-0030456,RB,2018_01_CIN_IND,12.0,0.0,3.0,15.0,21.052631578947366,0.0,10.344827586206897,00-0030456,RB,2.0,1.4,5,2022,59
00-0030465,K.Barner,Kenjon Barner,RB,RB,"https://static.www.nfl.com/image/private/f_auto,q_auto/league/n8hvbyw7vdlj7svjwqg4",NE,2018,4,REG,MIA,0,0,0.0,0,0.0,0.0,0.0,0,0,0.0,0.0,0.0,,0,,,3,11.0,0,0.0,0.0,1.0,-2.2087839,0,0,0,0.0,0,0.0,0.0,0.0,0.0,0.0,,0,,,,,0.0,1.1,1.1,00-0030465,RB,2018_04_MIA_NE,7.0,0.0,1.0,8.0,8.860759493670885,0.0,4.0,,,,1.1,4,2021,37
00-0030470,V.McDonald,Vance McDonald,TE,TE,"https://static.www.nfl.com/image/private/f_auto,q_auto/league/apafzol1dcqu56cqotv9",PIT,2018,2,REG,KC,0,0,0.0,0,0.0,0.0,0.0,0,0,0.0,0.0,0.0,,0,,,0,0.0,0,0.0,0.0,0.0,,0,3,5,26.0,0,0.0,0.0,30.0,18.0,2.0,-0.6941555,0,0.8666667,0.083333336,0.05586592,0.16410615,0.0,2.6,5.6,00-0030470,TE,2018_02_KC_PIT,38.0,0.0,0.0,38.0,44.70588235294118,0.0,0.0,00-0030470,TE,1.0,4.1,3,2020,40
00-0030471,S.Williams,Shawn Williams,SS,DB,"https://static.www.nfl.com/image/private/f_auto,q_auto/league/itwadnav0rwaqupj5lws",CIN,2020,10,REG,PIT,0,0,0.0,0,0.0,0.0,0.0,0,0,0.0,0.0,0.0,,0,,,1,39.0,0,0.0,0.0,1.0,4.7672143,0,0,0,0.0,0,0.0,0.0,0.0,0.0,0.0,,0,,,,,0.0,3.9,3.9,00-0030471,S,2020_10_CIN_PIT,2.0,7.0,33.0,42.0,2.702702702702702,10.294117647058822,94.28571428571428,00-0030471,SS,2.0,3.9,1,2020,2
00-0030472,J.Reed,Jordan Reed,TE,TE,"https://static.www.nfl.com/image/private/f_auto,q_auto/league/jur0qgejd3lzv8flmxcq",WAS,2018,1,REG,ARI,0,0,0.0,0,0.0,0.0,0.0,0,0,0.0,0.0,0.0,,0,,,0,0.0,0,0.0,0.0,0.0,,0,4,5,48.0,1,0.0,0.0,28.0,25.0,3.0,5.911885,0,1.7142857,0.1724138,0.27450982,0.45077756,0.0,10.8,14.8,00-0030472,TE,2018_01_WAS_ARI,42.0,0.0,0.0,42.0,51.21951219512195,0.0,0.0,00-0030472,TE,1.0,12.8,2,2020,23
00-0030496,L.Bell,Le'Veon Bell,RB,RB,"https://static.www.nfl.com/image/private/f_auto,q_auto/league/sm3ij3pcby5ciqwaaqa1",NYJ,2019,1,REG,BUF,0,0,0.0,0,0.0,0.0,0.0,0,0,0.0,0.0,0.0,,0,,,17,60.0,0,0.0,0.0,3.0,-0.7093888,0,6,9,32.0,1,0.0,0.0,5.0,29.0,4.0,2.4314668,1,6.4,0.2195122,0.022421524,0.34496337,0.0,17.2,23.2,00-0030496,RB,2019_01_BUF_NYJ,72.0,0.0,0.0,72.0,100.0,0.0,0.0,00-0030496,RB,1.0,18.2,3,2021,35
00-0030513,L.Murray,Latavius Murray,RB,RB,"https://static.www.nfl.com/image/private/f_auto,q_auto/league/zepm7ghltyeqydn0qxcg",MIN,2018,1,REG,SF,0,0,0.0,0,0.0,0.0,0.0,0,0,0.0,0.0,0.0,,0,,,11,42.0,0,0.0,0.0,1.0,-2.6577861,0,0,0,0.0,0,0.0,0.0,0.0,0.0,0.0,,0,,,,,0.0,4.2,4.2,00-0030513,RB,2018_01_SF_MIN,15.0,0.0,0.0,15.0,20.0,0.0,0.0,00-0030513,RB,2.0,4.2,6,2023,95
00-0030516,B.Butler,Brice Butler,WR,WR,"https://static.www.nfl.com/image/private/f_auto,q_auto/league/xnr2lcdlhui4vyu6z4ir",DAL,2018,7,REG,WAS,0,0,0.0,0,0.0,0.0,0.0,0,0,0.0,0.0,0.0,,0,,,0,0.0,0,0.0,0.0,0.0,,0,0,1,0.0,0,0.0,0.0,46.0,0.0,0.0,-1.0608962,0,0.0,0.028571429,0.12742382,0.13205382,0.0,0.0,0.0,00-0030516,WR,2018_07_DAL_WAS,2.0,0.0,0.0,2.0,2.941176470588235,0.0,0.0,00-0030516,WR,2.0,0.0,1,2018,5
00-0030520,M.Glennon,Mike Glennon,QB,QB,"https://static.www.nfl.com/image/private/f_auto,q_auto/league/mubobrjbeudtezxv0t0p",ARI,2018,15,REG,ATL,10,14,111.0,1,0.0,1.0,8.0,0,0,123.0,65.0,5.0,5.011378,0,0.902439,0.21791892,0,0.0,0,0.0,0.0,0.0,,0,0,0,0.0,0,0.0,0.0,0.0,0.0,0.0,,0,,,,,0.0,8.44,8.44,00-0030520,QB,2018_15_ARI_ATL,18.0,0.0,0.0,18.0,25.352112676056336,0.0,0.0,00-0030520,QB,2.0,8.440000000000001,4,2021,15
00-0030521,J.Hunter,Justin Hunter,WR,WR,"https://static.www.nfl.com/image/private/f_auto,q_auto/league/jwfx9spolez2cofb3kvq",PIT,2018,1,REG,CLE,0,0,0.0,0,0.0,0.0,0.0,0,0,0.0,0.0,0.0,,0,,,0,0.0,0,0.0,0.0,0.0,,0,1,5,6.0,0,0.0,0.0,98.0,0.0,1.0,-0.42439708,0,0.06122449,0.12195122,0.2565445,0.36250797,0.0,0.6,1.6,00-0030521,WR,2018_01_PIT_CLE,52.0,0.0,0.0,52.0,61.90476190476191,0.0,0.0,00-0030521,WR,2.0,1.1,1,2018,4
00-0030525,T.Austin,Tavon Austin,WR,WR,"https://static.www.nfl.com/image/private/f_auto,q_auto/league/ulagxqgjnrft4wub0gus",DAL,2018,1,REG,CAR,0,0,0.0,0,0.0,0.0,0.0,0,0,0.0,0.0,0.0,,0,,,1,1.0,0,0.0,0.0,0.0,-0.39230838,0,0,0,0.0,0,0.0,0.0,0.0,0.0,0.0,,0,,,,,0.0,0.1,0.1,00-0030525,WR,2018_01_DAL_CAR,10.0,0.0,4.0,14.0,15.384615384615383,0.0,19.047619047619047,00-0030525,WR,2.0,0.1,4,2021,71
00-0030533,M.Barkley,Matt Barkley,QB,QB,"https://static.www.nfl.com/image/private/f_auto,q_auto/league/ejvscebj0ufugx5vrouq",BUF,2018,10,REG,NYJ,15,25,232.0,3,0.0,1.0,8.0,0,0,310.0,77.0,12.0,14.352385,0,0.7483871,0.24676263,3,-2.0,0,0.0,0.0,0.0,-3.768488,0,0,0,0.0,0,0.0,0.0,0.0,0.0,0.0,,0,,,,,0.0,21.08,21.08,00-0030533,QB,2018_10_BUF_NYJ,71.0,0.0,0.0,71.0,98.61111111111111,0.0,0.0,00-0030533,QB,2.0,21.08,4,2023,8
00-0030542,T.Williams,Terrance Williams,WR,WR,"https://static.www.nfl.com/image/private/f_auto,q_auto/league/emdrh1uwgitgnw1wytiv",DAL,2018,1,REG,CAR,0,0,0.0,0,0.0,0.0,0.0,0,0,0.0,0.0,0.0,,0,,,0,0.0,0,0.0,0.0,0.0,,0,1,2,6.0,0,0.0,0.0,21.0,0.0,0.0,-0.52272636,0,0.2857143,0.06896552,0.097222224,0.17150383,0.0,0.6,1.6,00-0030542,WR,2018_01_DAL_CAR,19.0,0.0,0.0,19.0,29.230769230769237,0.0,0.0,00-0030542,WR,1.0,1.1,1,2018,2
00-0030549,T.Eifert,Tyler Eifert,TE,TE,"https://static.www.nfl.com/image/private/f_auto,q_auto/league/sextvbehmeu7ydutxtsu",CIN,2018,1,REG,IND,0,0,0.0,0,0.0,0.0,0.0,0,0,0.0,0.0,0.0,,0,,,0,0.0,0,0.0,0.0,0.0,,0,3,3,44.0,0,0.0,0.0,20.0,24.0,1.0,1.7899451,0,2.2,0.10714286,0.1438849,0.26143372,0.0,4.4,7.4,00-0030549,TE,2018_01_CIN_IND,23.0,0.0,0.0,23.0,40.35087719298245,0.0,0.0,00-0030549,TE,1.0,5.9,3,2020,34
00-0030558,B.Mingo,Barkevious Mingo,OLB,LB,"https://static.www.nfl.com/image/private/f_auto,q_auto/league/zvxz5rvgtwx8k53ljx3j",CHI,2020,9,REG,TEN,0,0,0.0,0,0.0,0.0,0.0,0,0,0.0,0.0,0.0,,0,,,1,11.0,0,0.0,0.0,1.0,2.895077,0,0,0,0.0,0,0.0,0.0,0.0,0.0,0.0,,0,,,,,0.0,1.1,1.1,00-0030558,OLB,2020_09_CHI_TEN,1.0,14.0,25.0,40.0,1.818181818181818,17.28395061728395,83.33333333333334,00-0030558,OLB,2.0,1.1,1,2020,1
00-0030578,C.Patterson,Cordarrelle Patterson,RB,RB,"https://static.www.nfl.com/image/private/f_auto,q_auto/league/gy2bb38cns4nxypehbqi",NE,2018,1,REG,HOU,0,0,0.0,0,0.0,0.0,0.0,0,0,0.0,0.0,0.0,,0,,,3,13.0,0,0.0,0.0,1.0,-0.044284366,0,1,1,6.0,0,0.0,0.0,0.0,6.0,1.0,0.7079355,0,0.0,0.025641026,0.0,0.03846154,0.0,1.9,2.9,00-0030578,RB,2018_01_HOU_NE,16.0,0.0,5.0,21.0,21.052631578947366,0.0,15.625,00-0030578,RB,2.0,2.4000000000000004,7,2024,200
00-0030584,E.Fisher,Eric Fisher,T,OL,"https://static.www.nfl.com/image/private/f_auto,q_auto/league/ztwpjz1jdxa9w67ll6h4",KC,2020,3,REG,BAL,0,0,0.0,0,0.0,0.0,0.0,0,0,0.0,0.0,0.0,,0,,,0,0.0,0,0.0,0.0,0.0,,0,1,1,2.0,1,0.0,0.0,1.0,1.0,1.0,0.90466845,0,2.0,0.024390243,0.0029239766,0.03863215,0.0,6.2,7.2,00-0030584,OT,2020_03_KC_BAL,77.0,0.0,6.0,83.0,100.0,0.0,24.0,00-0030584,T,1.0,6.7,1,2020,1
00-0030648,A.Villanueva,Alejandro Villanueva,T,OL,"https://static.www.nfl.com/image/private/f_auto,q_auto/league/u0iqbfj30q64ngrmwdvr",PIT,2018,12,REG,DEN,0,0,0.0,0,0.0,0.0,0.0,0,0,0.0,0.0,0.0,,0,,,0,0.0,0,0.0,0.0,0.0,,0,1,1,2.0,1,0.0,0.0,2.0,0.0,1.0,3.991391,0,1.0,0.01724138,0.004889976,0.02928505,0.0,6.2,7.2,00-0030648,OT,2018_12_PIT_DEN,80.0,0.0,4.0,84.0,100.0,0.0,16.0,00-0030648,T,1.0,6.7,1,2018,1
00-0030656,I.Crowell,Isaiah Crowell,RB,RB,"https://static.www.nfl.com/image/private/f_auto,q_auto/league/oruiw5myfimtssv6j2ar",NYJ,2018,1,REG,DET,0,0,0.0,0,0.0,0.0,0.0,0,0,0.0,0.0,0.0,,0,,,10,102.0,2,0.0,0.0,3.0,5.495819,0,0,0,0.0,0,0.0,0.0,0.0,0.0,0.0,,0,,,,,0.0,22.2,22.2,00-0030656,RB,2018_01_NYJ_DET,24.0,0.0,0.0,24.0,42.10526315789473,0.0,0.0,00-0030656,RB,1.0,25.200000000000003,1,2018,13
00-0030663,W.Snead,Willie Snead,WR,WR,"https://static.www.nfl.com/image/private/f_auto,q_auto/league/fr5xckiwhguuaishnbju",BAL,2018,1,REG,BUF,0,0,0.0,0,0.0,0.0,0.0,0,0,0.0,0.0,0.0,,0,,,0,0.0,0,0.0,0.0,0.0,,0,4,6,49.0,1,0.0,0.0,49.0,24.0,3.0,2.3829641,0,1.0,0.16216215,0.20247933,0.38497877,0.0,10.9,14.9,00-0030663,WR,2018_01_BUF_BAL,44.0,0.0,0.0,44.0,53.01204819277109,0.0,0.0,00-0030663,WR,1.0,12.9,5,2023,126
00-0030668,C.West,Charcandrick West,RB,RB,"https://static.www.nfl.com/image/private/f_auto,q_auto/league/ccvw7oos9bzr4ojdiuac",KC,2018,16,REG,SEA,0,0,0.0,0,0.0,0.0,0.0,0,0,0.0,0.0,0.0,,0,,,1,1.0,0,0.0,0.0,1.0,-0.08919512,0,2,3,37.0,1,0.0,0.0,16.0,25.0,2.0,3.3871531,0,2.3125,0.07692308,0.042105265,0.1448583,0.0,9.8,11.8,00-0030668,RB,2018_16_KC_SEA,19.0,0.0,3.0,22.0,29.6875,0.0,9.375,00-0030668,RB,3.0,10.8,1,2018,2
00-0030669,A.Wilson,Albert Wilson,WR,WR,"https://static.www.nfl.com/image/private/f_auto,q_auto/league/slythouwdcrug0poiios",MIA,2018,1,REG,TEN,0,0,0.0,0,0.0,0.0,0.0,0,0,0.0,0.0,0.0,,0,,,2,7.0,0,0.0,0.0,1.0,-0.11003715,0,3,4,31.0,0,0.0,0.0,24.0,21.0,2.0,2.3711672,0,1.2916666,0.14285715,0.082474224,0.2720177,0.0,3.8,6.8,00-0030669,WR,2018_01_TEN_MIA,35.0,0.0,0.0,35.0,56.451612903225815,0.0,0.0,00-0030669,WR,2.0,5.300000000000001,3,2021,44
00-0030670,B.Fowler,Bennie Fowler,WR,WR,"https://static.www.nfl.com/image/private/f_auto,q_auto/league/nfcmdcfhjf347rw1cstq",NYG,2018,7,REG,ATL,0,0,0.0,0,0.0,0.0,0.0,0,0,0.0,0.0,0.0,,0,,,0,0.0,0,0.0,0.0,0.0,,0,1,1,11.0,0,0.0,0.0,4.0,7.0,1.0,0.68107784,0,2.75,0.027027028,0.014440433,0.050648842,0.0,1.1,2.1,00-0030670,WR,2018_07_NYG_ATL,35.0,0.0,11.0,46.0,51.47058823529412,0.0,44.0,,,,1.6,3,2020,25
00-0030710,T.Burton,Trey Burton,TE,TE,"https://static.www.nfl.com/image/private/f_auto,q_auto/league/vt2ce0szit4ozyh5s5iw",CHI,2018,1,REG,GB,0,0,0.0,0,0.0,0.0,0.0,0,0,0.0,0.0,0.0,,0,,,0,0.0,0,0.0,0.0,0.0,,0,1,5,15.0,0,0.0,0.0,61.0,0.0,1.0,-0.6959108,0,0.24590164,0.15151516,0.29326922,0.4325612,0.0,1.5,2.5,00-0030710,TE,2018_01_CHI_GB,61.0,0.0,0.0,61.0,85.91549295774648,0.0,0.0,00-0030710,TE,1.0,2.0,3,2020,37
00-0030711,D.Fluellen,David Fluellen,RB,RB,"https://static.www.nfl.com/image/private/f_auto,q_auto/league/hw3jqryjpuw3hhackwsm",TEN,2018,7,REG,LAC,0,0,0.0,0,0.0,0.0,0.0,0,0,0.0,0.0,0.0,,0,,,1,2.0,0,0.0,0.0,0.0,-0.56327134,0,0,0,0.0,0,0.0,0.0,0.0,0.0,0.0,,0,,,,,0.0,0.2,0.2,00-0030711,RB,2018_07_TEN_LAC,3.0,0.0,14.0,17.0,4.166666666666666,0.0,60.86956521739131,00-0030711,RB,3.0,0.2,1,2018,2
00-0030737,F.Martino,Freddie Martino,WR,WR,"https://static.www.nfl.com/image/private/f_auto,q_auto/league/ztiguqllxmcbjynsqwn9",TB,2018,1,REG,NO,0,0,0.0,0,0.0,0.0,0.0,0,0,0.0,0.0,0.0,,0,,,0,0.0,0,0.0,0.0,0.0,,0,0,1,0.0,0,0.0,0.0,3.0,0.0,0.0,-2.0920997,0,0.0,0.035714287,0.008797654,0.059729785,0.0,0.0,0.0,00-0030737,WR,2018_01_TB_NO,9.0,0.0,18.0,27.0,13.636363636363637,0.0,54.54545454545454,00-0030737,WR,3.0,0.0,1,2018,1
00-0030741,R.Nix,Roosevelt Nix,FB,RB,"https://static.www.nfl.com/image/private/f_auto,q_auto/league/ibpity8hbzwonppqziyb",PIT,2018,2,REG,KC,0,0,0.0,0,0.0,0.0,0.0,0,0,0.0,0.0,0.0,,0,,,0,0.0,0,0.0,0.0,0.0,,0,1,1,19.0,0,0.0,0.0,-1.0,20.0,1.0,1.6259863,0,-19.0,0.016666668,-0.0018621974,0.023696462,0.0,1.9,2.9,00-0030741,FB,2018_02_KC_PIT,5.0,2.0,21.0,28.0,5.88235294117647,3.278688524590164,65.625,00-0030741,FB,1.0,2.4000000000000004,2,2019,7
00-0030780,R.Hewitt,Ryan Hewitt,TE,TE,"https://static.www.nfl.com/image/private/f_auto,q_auto/league/egbpiaml7idnpcxa1x8q",IND,2018,2,REG,WAS,0,0,0.0,0,0.0,0.0,0.0,0,0,0.0,0.0,0.0,,0,,,0,0.0,0,0.0,0.0,0.0,,0,0,1,0.0,0,0.0,0.0,5.0,0.0,0.0,-0.50394726,0,0.0,0.032258064,0.03787879,0.07490225,0.0,0.0,0.0,00-0030780,TE,2018_02_IND_WAS,17.0,0.0,12.0,29.0,27.86885245901639,0.0,48.0,00-0030780,TE,2.0,0.0,1,2018,3
00-0030821,A.Hurns,Allen Hurns,WR,WR,"https://static.www.nfl.com/image/private/f_auto,q_auto/league/ficrwzwu4bfswpzu61fv",DAL,2018,1,REG,CAR,0,0,0.0,0,0.0,0.0,0.0,0,0,0.0,0.0,0.0,,0,,,0,0.0,0,0.0,0.0,0.0,,0,1,3,20.0,0,0.0,0.0,47.0,1.0,1.0,0.80431515,0,0.42553192,0.10344828,0.2175926,0.30748722,0.0,2.0,3.0,00-0030821,WR,2018_01_DAL_CAR,40.0,0.0,0.0,40.0,61.53846153846154,0.0,0.0,00-0030821,WR,1.0,2.5,2,2019,30
00-0030854,E.Swoope,Erik Swoope,TE,TE,"https://static.www.nfl.com/image/private/f_auto,q_auto/league/lgucz1buzapjyv92e7tj",IND,2018,1,REG,CIN,0,0,0.0,0,0.0,0.0,0.0,0,0,0.0,0.0,0.0,,0,,,0,0.0,0,0.0,0.0,0.0,,0,1,1,13.0,0,0.0,0.0,2.0,11.0,1.0,1.3368427,0,6.5,0.01923077,0.0070422534,0.033775732,0.0,1.3,2.3,00-0030854,TE,2018_01_CIN_IND,5.0,0.0,15.0,20.0,6.097560975609756,0.0,51.72413793103448,00-0030854,TE,2.0,1.8,1,2018,7
00-0030874,D.Williams,Damien Williams,RB,RB,"https://static.www.nfl.com/image/private/f_auto,q_auto/league/ga4vusnfwfvhp2ksqw7x",KC,2018,1,REG,LAC,0,0,0.0,0,0.0,0.0,0.0,0,0,0.0,0.0,0.0,,0,,,1,0.0,0,0.0,0.0,0.0,-0.5428627,0,0,0,0.0,0,0.0,0.0,0.0,0.0,0.0,,0,,,,,0.0,0.0,0.0,00-0030874,RB,2018_01_KC_LAC,7.0,0.0,6.0,13.0,12.06896551724138,0.0,20.0,00-0030874,RB,3.0,0.0,5,2023,40
00-0030968,K.Smith,Keith Smith,FB,RB,"https://static.www.nfl.com/image/private/f_auto,q_auto/league/jolwasweebgk37nkl7ia",LV,2018,2,REG,DEN,0,0,0.0,0,0.0,0.0,0.0,0,0,0.0,0.0,0.0,,0,,,0,0.0,0,0.0,0.0,0.0,,0,2,3,12.0,0,0.0,0.0,3.0,8.0,1.0,-3.1867032,0,4.0,0.09375,0.016216217,0.15197635,0.0,1.2,3.2,00-0030968,FB,2018_02_OAK_DEN,9.0,0.0,18.0,27.0,13.636363636363637,0.0,69.23076923076923,00-0030968,FB,1.0,2.2,6,2023,37
00-0031023,Q.Enunwa,Quincy Enunwa,WR,WR,"https://static.www.nfl.com/image/private/f_auto,q_auto/league/vsd27gfxzjt7v7izbjet",NYJ,2018,1,REG,DET,0,0,0.0,0,0.0,0.0,0.0,0,0,0.0,0.0,0.0,,0,,,0,0.0,0,0.0,0.0,0.0,,0,6,9,63.0,1,0.0,0.0,63.0,42.0,4.0,5.0771165,0,1.0,0.45,0.37278107,0.93594676,0.0,12.3,18.3,00-0031023,WR,2018_01_NYJ_DET,41.0,0.0,0.0,41.0,71.9298245614035,0.0,0.0,00-0031023,WR,2.0,15.3,2,2019,12
00-0031035,X.Grimble,Xavier Grimble,TE,TE,"https://static.www.nfl.com/image/private/f_auto,q_auto/league/crjwhcfk4bt6dqojjppj",PIT,2018,3,REG,TB,0,0,0.0,0,0.0,0.0,0.0,0,0,0.0,0.0,0.0,,0,,,0,0.0,0,0.0,0.0,0.0,,0,0,1,0.0,0,0.0,0.0,23.0,0.0,0.0,-0.4190836,0,0.0,0.027027028,0.094262294,0.10652415,0.0,0.0,0.0,00-0031035,TE,2018_03_PIT_TB,14.0,0.0,6.0,20.0,21.53846153846154,0.0,19.35483870967742,00-0031035,TE,3.0,0.0,2,2019,9
00-0031045,C.Hyde,Carlos Hyde,RB,RB,"https://static.www.nfl.com/image/private/f_auto,q_auto/league/qpmv42ldpkpdf1gpgeua",CLE,2018,1,REG,PIT,0,0,0.0,0,0.0,0.0,0.0,0,0,0.0,0.0,0.0,,0,,,22,62.0,1,0.0,0.0,3.0,-2.5741477,0,1,2,3.0,0,0.0,0.0,-9.0,11.0,0.0,-0.6030995,0,-0.33333334,0.05263158,-0.021791767,0.06369313,0.0,12.5,13.5,00-0031045,RB,2018_01_PIT_CLE,48.0,0.0,0.0,48.0,52.17391304347826,0.0,0.0,00-0031045,RB,1.0,13.0,4,2021,56
00-0031051,J.Brown,John Brown,WR,WR,"https://static.www.nfl.com/image/private/f_auto,q_auto/league/xwyc2a0qfdxbbct6lso6",BAL,2018,1,REG,BUF,0,0,0.0,0,0.0,0.0,0.0,0,0,0.0,0.0,0.0,,0,,,1,1.0,0,0.0,0.0,0.0,-0.5604998,0,3,4,44.0,1,0.0,0.0,47.0,2.0,2.0,5.096516,0,0.9361702,0.10810811,0.19421488,0.29811257,0.0,10.5,13.5,00-0031051,WR,2018_01_BUF_BAL,49.0,0.0,0.0,49.0,59.036144578313255,0.0,0.0,00-0031051,WR,1.0,12.0,5,2022,54
00-0031060,D.Thomas,De'Anthony Thomas,WR,WR,"https://static.www.nfl.com/image/private/f_auto,q_auto/league/ubevvtu8f1snobsxnnwl",KC,2018,1,REG,LAC,0,0,0.0,0,0.0,0.0,0.0,0,0,0.0,0.0,0.0,,0,,,0,0.0,0,0.0,0.0,0.0,,0,1,2,1.0,1,0.0,0.0,42.0,4.0,1.0,0.111377575,0,0.023809524,0.08,0.125,0.2075,0.0,6.1,7.1,00-0031060,WR,2018_01_KC_LAC,7.0,0.0,17.0,24.0,8.433734939759036,0.0,56.66666666666666,00-0031060,WR,2.0,6.6,2,2019,15
00-0031062,J.White,James White,RB,RB,"https://static.www.nfl.com/image/private/f_auto,q_auto/league/z1nnkmnstccnqya5d5ee",NE,2018,1,REG,HOU,0,0,0.0,0,0.0,0.0,0.0,0,0,0.0,0.0,0.0,,0,,,5,18.0,0,0.0,0.0,0.0,-2.4974232,0,4,9,38.0,1,0.0,0.0,37.0,28.0,2.0,-3.681985,0,1.027027,0.23076923,0.115625,0.42709136,0.0,11.6,15.6,00-0031062,RB,2018_01_HOU_NE,37.0,0.0,0.0,37.0,48.68421052631579,0.0,0.0,00-0031062,RB,1.0,13.6,4,2021,56
00-0031068,R.Grant,Ryan Grant,WR,WR,"https://static.www.nfl.com/image/private/f_auto,q_auto/league/im7fnk7uti759btkrdok",IND,2018,1,REG,CIN,0,0,0.0,0,0.0,0.0,0.0,0,0,0.0,0.0,0.0,,0,,,0,0.0,0,0.0,0.0,0.0,,0,8,9,59.0,0,0.0,0.0,59.0,23.0,3.0,1.4319826,0,1.0,0.17307693,0.20774648,0.4050379,0.0,5.9,13.9,00-0031068,WR,2018_01_CIN_IND,65.0,0.0,0.0,65.0,79.26829268292683,0.0,0.0,00-0031068,WR,1.0,9.9,2,2019,16
00-0031075,A.Blue,Alfred Blue,RB,RB,"https://static.www.nfl.com/image/private/f_auto,q_auto/league/qt9zmmipmlcin4gxs8wt",HOU,2018,1,REG,NE,0,0,0.0,0,0.0,0.0,0.0,0,0,0.0,0.0,0.0,,0,,,5,36.0,1,0.0,0.0,4.0,2.3785748,0,0,0,0.0,0,0.0,0.0,0.0,0.0,0.0,,0,,,,,0.0,9.6,9.6,00-0031075,RB,2018_01_HOU_NE,10.0,0.0,23.0,33.0,13.157894736842104,0.0,71.875,00-0031075,RB,2.0,9.6,1,2018,18
00-0031076,D.Fales,David Fales,QB,QB,"https://static.www.nfl.com/image/private/f_auto,q_auto/league/izwtweargevmjanrafe3",NYJ,2019,5,REG,PHI,0,0,0.0,0,0.0,1.0,7.0,0,0,0.0,0.0,0.0,-0.84204245,0,,,0,0.0,0,0.0,0.0,0.0,,0,0,0,0.0,0,0.0,0.0,0.0,0.0,0.0,,0,,,,,0.0,0.0,0.0,00-0031076,QB,2019_05_NYJ_PHI,4.0,0.0,0.0,4.0,6.666666666666667,0.0,0.0,,,,0.0,1,2019,1
00-0031102,K.Bibbs,Kapri Bibbs,RB,RB,"https://static.www.nfl.com/image/private/f_auto,q_auto/league/yvqplagyljhiso4imgiq",WAS,2018,3,REG,GB,0,0,0.0,0,0.0,0.0,0.0,0,0,0.0,0.0,0.0,,0,,,2,3.0,0,0.0,0.0,0.0,-0.4807905,0,0,0,0.0,0,0.0,0.0,0.0,0.0,0.0,,0,,,,,0.0,0.3,0.3,00-0031102,RB,2018_03_GB_WAS,5.0,0.0,7.0,12.0,8.19672131147541,0.0,25.0,,,,0.3,1,2018,9
00-0031166,S.Roberts,Seth Roberts,WR,WR,"https://static.www.nfl.com/image/private/f_auto,q_auto/league/wcralkq5mcdpsmjvkatl",LV,2018,1,REG,LA,0,0,0.0,0,0.0,0.0,0.0,0,0,0.0,0.0,0.0,,0,,,0,0.0,0,0.0,0.0,0.0,,0,1,1,11.0,0,0.0,0.0,0.0,11.0,1.0,1.9384005,0,0.0,0.02631579,0.0,0.039473683,0.0,1.1,2.1,00-0031166,WR,2018_01_LA_OAK,47.0,0.0,0.0,47.0,62.66666666666667,0.0,0.0,00-0031166,WR,2.0,1.6,3,2020,33
00-0031167,S.Simonson,Scott Simonson,TE,TE,"https://static.www.nfl.com/image/private/f_auto,q_auto/league/cocieog4hemdjlipo1qh",NYG,2018,4,REG,NO,0,0,0.0,0,0.0,0.0,0.0,0,0,0.0,0.0,0.0,,0,,,0,0.0,0,0.0,0.0,0.0,,0,1,1,7.0,0,0.0,0.0,5.0,2.0,1.0,0.7479077,0,1.4,0.024390243,0.02,0.050585367,0.0,0.7,1.7,00-0031167,TE,2018_04_NO_NYG,13.0,0.0,14.0,27.0,21.311475409836063,0.0,51.85185185185185,00-0031167,TE,2.0,1.2000000000000002,2,2019,16
00-0031189,T.Jones,T.J. Jones,WR,WR,"https://static.www.nfl.com/image/private/f_auto,q_auto/league/fqv9h42uxtxjl7jjs2dt",DET,2018,1,REG,NYJ,0,0,0.0,0,0.0,0.0,0.0,0,0,0.0,0.0,0.0,,0,,,0,0.0,0,0.0,0.0,0.0,,0,1,3,6.0,0,0.0,0.0,26.0,2.0,0.0,-0.8308812,0,0.23076923,0.057692308,0.06451613,0.13169976,0.0,0.6,1.6,00-0031189,WR,2018_01_NYJ_DET,17.0,0.0,0.0,17.0,23.943661971830984,0.0,0.0,00-0031189,WR,2.0,1.1,2,2019,33
00-0031209,S.Perry,Senorise Perry,RB,RB,"https://static.www.nfl.com/image/private/f_auto,q_auto/league/oswxcmdccm8me6v2n6ao",BUF,2019,17,REG,NYJ,0,0,0.0,0,0.0,0.0,0.0,0,0,0.0,0.0,0.0,,0,,,3,3.0,0,0.0,0.0,0.0,-2.1801353,0,1,1,1.0,0,0.0,0.0,-1.0,2.0,0.0,-0.8389626,0,-1.0,0.025641026,-0.003267974,0.03617396,0.0,0.4,1.4,00-0031209,RB,2019_17_NYJ_BUF,9.0,0.0,17.0,26.0,13.846153846153848,0.0,68.0,00-0031209,RB,3.0,0.9,2,2020,2
00-0031228,T.Gabriel,Taylor Gabriel,WR,WR,"https://static.www.nfl.com/image/private/f_auto,q_auto/league/nc4aoax8j5mnnrjewu7p",CHI,2018,1,REG,GB,0,0,0.0,0,0.0,0.0,0.0,0,0,0.0,0.0,0.0,,0,,,0,0.0,0,0.0,0.0,0.0,,0,5,5,25.0,0,0.0,0.0,6.0,19.0,1.0,-1.4733967,0,4.1666665,0.15151516,0.028846154,0.24746503,0.0,2.5,7.5,00-0031228,WR,2018_01_CHI_GB,60.0,0.0,0.0,60.0,84.50704225352112,0.0,0.0,00-0031228,WR,1.0,5.0,2,2019,27
00-0031235,O.Beckham,Odell Beckham,WR,WR,"https://static.www.nfl.com/image/private/f_auto,q_auto/league/etl34lkiscs2lpc4to2f",NYG,2018,1,REG,JAX,0,0,0.0,0,0.0,0.0,0.0,0,0,0.0,0.0,0.0,,0,,,1,-1.0,0,0.0,0.0,0.0,-1.2583832,0,11,15,111.0,0,0.0,0.0,146.0,20.0,4.0,0.7146701,0,0.760274,0.41666666,0.61603373,1.0562236,0.0,11.0,22.0,00-0031235,WR,2018_01_JAX_NYG,68.0,0.0,0.0,68.0,94.44444444444444,0.0,0.0,00-0031235,WR,1.0,19.5,6,2024,90
00-0031257,P.Richardson,Paul Richardson,WR,WR,"https://static.www.nfl.com/image/private/f_auto,q_auto/league/jxsldwomavxfbs7gueqt",WAS,2018,1,REG,ARI,0,0,0.0,0,0.0,0.0,0.0,0,0,0.0,0.0,0.0,,0,,,0,0.0,0,0.0,0.0,0.0,,0,4,6,22.0,0,0.0,0.0,20.0,9.0,1.0,-1.6938735,0,1.1,0.20689656,0.19607843,0.44759974,0.0,2.2,6.2,00-0031257,WR,2018_01_WAS_ARI,63.0,0.0,0.0,63.0,76.82926829268293,0.0,0.0,00-0031257,WR,1.0,4.2,2,2019,17
00-0031260,L.Thomas,Logan Thomas,TE,TE,"https://static.www.nfl.com/image/private/f_auto,q_auto/league/acm0ymhqdzqxdibwjphv",BUF,2018,1,REG,BAL,0,0,0.0,0,0.0,0.0,0.0,0,0,0.0,0.0,0.0,,0,,,0,0.0,0,0.0,0.0,0.0,,0,1,2,24.0,0,0.0,0.0,39.0,0.0,1.0,1.9967358,0,0.61538464,0.0625,0.11111111,0.17152777,0.0,2.4,3.4,00-0031260,TE,2018_01_BUF_BAL,20.0,1.0,24.0,45.0,29.411764705882355,1.2048192771084338,72.72727272727273,00-0031260,TE,3.0,2.9000000000000004,6,2023,73
00-0031269,T.Carrie,T.J. Carrie,CB,DB,"https://static.www.nfl.com/image/private/f_auto,q_auto/league/kezxowzth44qm6wo1fgt",IND,2020,10,REG,IND,0,0,0.0,0,0.0,0.0,0.0,0,0,0.0,0.0,0.0,,0,,,0,0.0,0,0.0,0.0,0.0,,0,0,0,0.0,0,0.0,0.0,0.0,0.0,0.0,,0,,,,,1.0,6.0,6.0,00-0031269,DB,2020_10_IND_TEN,0.0,33.0,15.0,48.0,0.0,47.14285714285714,62.5,00-0031269,CB,2.0,0.0,1,2020,1
00-0031273,C.Brate,Cameron Brate,TE,TE,"https://static.www.nfl.com/image/private/f_auto,q_auto/league/jhioqec65qy4z7s6w9a6",TB,2018,1,REG,NO,0,0,0.0,0,0.0,0.0,0.0,0,0,0.0,0.0,0.0,,0,,,0,0.0,0,0.0,0.0,0.0,,0,0,2,0.0,0,0.0,0.0,12.0,0.0,0.0,-1.6621138,0,0.0,0.071428575,0.035190616,0.13177629,0.0,0.0,0.0,00-0031273,TE,2018_01_TB_NO,24.0,0.0,0.0,24.0,38.095238095238095,0.0,0.0,00-0031273,TE,1.0,0.0,5,2022,77
00-0031280,D.Carr,Derek Carr,QB,QB,"https://static.www.nfl.com/image/private/f_auto,q_auto/league/cffbp9sqfioxa2jk2oqf",LV,2018,1,REG,LA,29,40,303.0,0,3.0,1.0,3.0,0,0,209.0,189.0,11.0,-12.6492195,0,1.4497608,0.046861157,2,1.0,0,0.0,0.0,0.0,-1.4943775,0,0,0,0.0,0,0.0,0.0,0.0,0.0,0.0,,0,,,,,0.0,6.22,6.22,00-0031280,QB,2018_01_LA_OAK,74.0,0.0,0.0,74.0,98.66666666666669,0.0,0.0,00-0031280,QB,1.0,12.22,7,2024,109
00-0031285,D.Freeman,Devonta Freeman,RB,RB,"https://static.www.nfl.com/image/private/f_auto,q_auto/league/vjhvfwypu1byxfo2uvki",ATL,2018,1,REG,PHI,0,0,0.0,0,0.0,0.0,0.0,0,0,0.0,0.0,0.0,,0,,,6,36.0,0,0.0,0.0,1.0,-2.1849937,0,3,5,14.0,0,0.0,0.0,-5.0,17.0,0.0,-3.2989628,0,-2.8,0.12820514,-0.013888889,0.18258546,0.0,5.0,8.0,00-0031285,RB,2018_01_ATL_PHI,40.0,0.0,0.0,40.0,55.55555555555556,0.0,0.0,00-0031285,RB,1.0,6.5,4,2021,37
00-0031288,A.McCarron,AJ McCarron,QB,QB,"https://static.www.nfl.com/image/private/f_auto,q_auto/league/fvakqnmsg35llkcme11h",LV,2018,9,REG,SF,1,3,8.0,0,0.0,1.0,7.0,0,0,7.0,1.0,0.0,-2.6052306,0,1.1428572,,1,0.0,0,0.0,0.0,0.0,-3.246001,0,0,0,0.0,0,0.0,0.0,0.0,0.0,0.0,,0,,,,,0.0,0.32,0.32,00-0031288,QB,2018_09_OAK_SF,10.0,0.0,0.0,10.0,17.543859649122805,0.0,0.0,00-0031288,QB,2.0,0.32,4,2023,8
00-0031299,J.Matthews,Jordan Matthews,TE,TE,"https://static.www.nfl.com/image/private/f_auto,q_auto/league/lzmaxofoalitaiiuchm7",PHI,2018,3,REG,IND,0,0,0.0,0,0.0,0.0,0.0,0,0,0.0,0.0,0.0,,0,,,0,0.0,0,0.0,0.0,0.0,,0,2,2,21.0,0,0.0,0.0,17.0,4.0,0.0,0.25248188,0,1.2352941,0.054054055,0.059027776,0.12240052,0.0,2.1,4.1,00-0031299,TE,2018_03_IND_PHI,34.0,0.0,0.0,34.0,39.53488372093023,0.0,0.0,,,,3.1,3,2024,16
00-0031301,J.Hill,Jeremy Hill,RB,RB,"https://static.www.nfl.com/image/private/f_auto,q_auto/league/rafvidcbp023aupumccx",NE,2018,1,REG,HOU,0,0,0.0,0,0.0,0.0,0.0,0,0,0.0,0.0,0.0,,0,,,4,25.0,0,0.0,0.0,1.0,0.014598853,0,1,1,6.0,0,0.0,0.0,1.0,5.0,0.0,0.2789809,0,6.0,0.025641026,0.003125,0.040649038,0.0,3.1,4.1,00-0031301,RB,2018_01_HOU_NE,12.0,0.0,6.0,18.0,15.789473684210526,0.0,18.75,00-0031301,RB,2.0,3.6,1,2018,1
00-0031319,D.Spencer,Diontae Spencer,WR,WR,"https://static.www.nfl.com/image/private/f_auto,q_auto/league/lf3axvxomg2ktozc1rei",DEN,2019,4,REG,JAX,0,0,0.0,0,0.0,0.0,0.0,0,0,0.0,0.0,0.0,,0,,,0,0.0,0,0.0,0.0,0.0,,0,1,1,8.0,0,0.0,0.0,0.0,8.0,0.0,0.29005632,0,0.0,0.028571429,0.0,0.042857144,0.0,0.8,1.8,00-0031319,WR,2019_04_JAX_DEN,2.0,1.0,12.0,15.0,3.636363636363636,1.162790697674419,36.36363636363637,00-0031319,WR,3.0,1.3,3,2021,46
00-0031325,S.Watkins,Sammy Watkins,WR,WR,"https://static.www.nfl.com/image/private/f_auto,q_auto/league/nkqk4ac4uncxocqlgp2k",KC,2018,1,REG,LAC,0,0,0.0,0,0.0,0.0,0.0,0,0,0.0,0.0,0.0,,0,,,0,0.0,0,0.0,0.0,0.0,,0,3,5,21.0,0,0.0,0.0,27.0,7.0,1.0,0.3833795,0,0.7777778,0.2,0.08035714,0.35625,0.0,2.1,5.1,00-0031325,WR,2018_01_KC_LAC,53.0,0.0,0.0,53.0,91.3793103448276,0.0,0.0,00-0031325,WR,1.0,3.6,5,2022,61
00-0031326,B.Ellington,Bruce Ellington,WR,WR,"https://static.www.nfl.com/image/private/f_auto,q_auto/league/qqlup3kfumh2ifrixmfn",HOU,2018,1,REG,NE,0,0,0.0,0,0.0,0.0,0.0,0,0,0.0,0.0,0.0,,0,,,0,0.0,0,0.0,0.0,0.0,,0,4,8,37.0,1,0.0,0.0,71.0,13.0,3.0,2.29206,0,0.52112675,0.23529412,0.1883289,0.4847714,0.0,9.7,13.7,00-0031326,WR,2018_01_HOU_NE,67.0,0.0,0.0,67.0,88.1578947368421,0.0,0.0,00-0031326,WR,2.0,11.7,1,2018,13
00-0031339,D.Moncrief,Donte Moncrief,WR,WR,"https://static.www.nfl.com/image/private/f_auto,q_auto/league/iippulnxfyjgrlj2p5qw",JAX,2018,1,REG,NYG,0,0,0.0,0,0.0,0.0,0.0,0,0,0.0,0.0,0.0,,0,,,0,0.0,0,0.0,0.0,0.0,,0,1,5,14.0,0,0.0,0.0,99.0,0.0,1.0,-5.915088,0,0.14141414,0.15151516,0.4304348,0.5285771,0.0,1.4,2.4,00-0031339,WR,2018_01_JAX_NYG,45.0,0.0,0.0,45.0,69.23076923076923,0.0,0.0,00-0031339,WR,1.0,1.9,3,2020,22
00-0031344,C.Latimer,Cody Latimer,WR,WR,"https://static.www.nfl.com/image/private/f_auto,q_auto/league/whgchcrp9pqx0waocewu",NYG,2018,2,REG,DAL,0,0,0.0,0,0.0,0.0,0.0,0,0,0.0,0.0,0.0,,0,,,0,0.0,0,0.0,0.0,0.0,,0,2,3,41.0,0,0.0,0.0,73.0,0.0,1.0,2.2231538,0,0.56164384,0.06818182,0.2543554,0.2803215,0.0,4.1,6.1,00-0031344,WR,2018_02_NYG_DAL,46.0,0.0,5.0,51.0,65.71428571428571,0.0,19.230769230769237,00-0031344,WR,2.0,5.1000000000000005,2,2019,35
00-0031359,K.Benjamin,Kelvin Benjamin,WR,WR,"https://static.www.nfl.com/image/private/f_auto,q_auto/league/ygtlhauauds9yoyatu5e",BUF,2018,1,REG,BAL,0,0,0.0,0,0.0,0.0,0.0,0,0,0.0,0.0,0.0,,0,,,0,0.0,0,0.0,0.0,0.0,,0,1,7,10.0,0,0.0,0.0,113.0,1.0,0.0,-12.038361,0,0.088495575,0.21875,0.32193732,0.5534811,0.0,1.0,2.0,00-0031359,WR,2018_01_BUF_BAL,50.0,0.0,0.0,50.0,73.52941176470588,0.0,0.0,00-0031359,WR,1.0,1.5,1,2018,15
00-0031363,M.Palardy,Michael Palardy,P,SPEC,"https://static.www.nfl.com/image/private/f_auto,q_auto/league/hoxfeahxcb9sbz83nose",CAR,2019,16,REG,IND,1,1,12.0,0,0.0,0.0,-0.0,0,0,10.0,2.0,1.0,3.8044436,0,1.2,,0,0.0,0,0.0,0.0,0.0,,0,0,0,0.0,0,0.0,0.0,0.0,0.0,0.0,,0,,,,,0.0,0.48,0.48,00-0031363,P,2019_16_CAR_IND,2.0,0.0,5.0,7.0,2.73972602739726,0.0,20.833333333333336,00-0031363,P,1.0,0.48,2,2021,4
00-0031373,M.Bryant,Martavis Bryant,WR,WR,"https://static.www.nfl.com/image/private/f_auto,q_auto/league/davxza3iibzg7aw6c5jm",LV,2018,2,REG,DEN,0,0,0.0,0,0.0,0.0,0.0,0,0,0.0,0.0,0.0,,0,,,0,0.0,0,0.0,0.0,0.0,,0,4,4,30.0,0,0.0,0.0,4.0,26.0,1.0,1.169009,0,7.5,0.125,0.021621622,0.20263514,0.0,3.0,7.0,00-0031373,WR,2018_02_OAK_DEN,26.0,0.0,0.0,26.0,39.39393939393939,0.0,0.0,,,,5.0,1,2018,7
00-0031376,J.McKinnon,Jerick McKinnon,RB,RB,"https://static.www.nfl.com/image/private/f_auto,q_auto/league/yezxe2j778cndbhkxwez",SF,2020,1,REG,ARI,0,0,0.0,0,0.0,0.0,0.0,0,0,0.0,0.0,0.0,,0,,,3,24.0,0,0.0,0.0,0.0,1.6332223,0,3,5,20.0,1,0.0,0.0,29.0,17.0,2.0,1.0221307,0,0.6896552,0.15625,0.12888889,0.3245972,0.0,10.4,13.4,00-0031376,RB,2020_01_ARI_SF,20.0,0.0,9.0,29.0,31.746031746031743,0.0,32.142857142857146,00-0031376,RB,2.0,11.9,4,2023,72
00-0031382,J.Landry,Jarvis Landry,WR,WR,"https://static.www.nfl.com/image/private/f_auto,q_auto/league/w2q9uwsjvgadwyvnvopb",CLE,2018,1,REG,PIT,0,0,0.0,0,0.0,0.0,0.0,0,0,0.0,0.0,0.0,,0,,,0,0.0,0,0.0,0.0,0.0,,0,7,15,106.0,0,0.0,0.0,197.0,19.0,3.0,-4.2748947,0,0.53807104,0.39473686,0.47699758,0.9260036,0.0,10.6,17.6,00-0031382,WR,2018_01_PIT_CLE,84.0,0.0,0.0,84.0,91.30434782608695,0.0,0.0,00-0031382,WR,1.0,17.1,5,2022,83
00-0031384,R.Rodgers,Richard Rodgers,TE,TE,"https://static.www.nfl.com/image/private/f_auto,q_auto/league/l9zei9dkcmbml3q1nshk",PHI,2018,16,REG,HOU,0,0,0.0,0,0.0,0.0,0.0,0,0,0.0,0.0,0.0,,0,,,0,0.0,0,0.0,0.0,0.0,,0,1,1,7.0,0,0.0,0.0,-2.0,9.0,1.0,0.45875126,0,0.0,0.020408163,-0.0051020407,0.027040817,0.0,0.7,1.7,00-0031384,TE,2018_16_HOU_PHI,13.0,0.0,13.0,26.0,15.66265060240964,0.0,46.42857142857143,00-0031384,TE,3.0,1.2000000000000002,4,2022,13
00-0031387,E.Ebron,Eric Ebron,TE,TE,"https://static.www.nfl.com/image/private/f_auto,q_auto/league/uaxsxymncppase7ihczd",IND,2018,1,REG,CIN,0,0,0.0,0,0.0,0.0,0.0,0,0,0.0,0.0,0.0,,0,,,0,0.0,0,0.0,0.0,0.0,,0,4,5,51.0,1,0.0,0.0,50.0,10.0,2.0,3.2539804,0,1.02,0.09615385,0.17605634,0.2674702,0.0,11.1,15.1,00-0031387,TE,2018_01_CIN_IND,37.0,0.0,0.0,37.0,45.1219512195122,0.0,0.0,00-0031387,TE,1.0,13.1,4,2021,54
00-0031395,G.Gilbert,Garrett Gilbert,QB,QB,"https://static.www.nfl.com/image/private/f_auto,q_auto/league/tqn0pjemxn7hoze93kwa",CAR,2018,17,REG,NO,2,3,40.0,0,0.0,1.0,5.0,0,0,17.0,30.0,1.0,-0.35654914,0,2.3529413,,0,0.0,0,0.0,0.0,0.0,,0,0,0,0.0,0,0.0,0.0,0.0,0.0,0.0,,0,,,,,0.0,1.6,1.6,00-0031395,QB,2018_17_CAR_NO,13.0,0.0,0.0,13.0,17.80821917808219,0.0,0.0,,,,1.6,4,2021,8
00-0031407,B.Bortles,Blake Bortles,QB,QB,"https://static.www.nfl.com/image/private/f_auto,q_auto/league/jvoui3bptgsfvgkz5e1b",JAX,2018,1,REG,NYG,18,33,176.0,1,1.0,1.0,8.0,0,0,230.0,88.0,13.0,-4.2751584,0,0.76521736,-0.036705926,4,42.0,0,0.0,0.0,1.0,0.09107735,0,0,0,0.0,0,0.0,0.0,0.0,0.0,0.0,,0,,,,,0.0,13.24,13.24,00-0031407,QB,2018_01_JAX_NYG,64.0,0.0,0.0,64.0,98.46153846153848,0.0,0.0,00-0031407,QB,1.0,14.239999999999998,2,2019,15
00-0031418,A.Seferian-Jenkins,Austin Seferian-Jenkins,TE,TE,"https://static.www.nfl.com/image/private/f_auto,q_auto/league/mvuoyejl5hzfzrkfezuj",JAX,2018,1,REG,NYG,0,0,0.0,0,0.0,0.0,0.0,0,0,0.0,0.0,0.0,,0,,,0,0.0,0,0.0,0.0,0.0,,0,3,5,25.0,0,0.0,0.0,13.0,20.0,1.0,-0.77663857,0,1.9230769,0.15151516,0.05652174,0.26683795,0.0,2.5,5.5,00-0031418,TE,2018_01_JAX_NYG,55.0,0.0,0.0,55.0,84.61538461538461,0.0,0.0,00-0031418,TE,1.0,4.0,1,2018,5
00-0031428,A.Robinson,Allen Robinson,WR,WR,"https://static.www.nfl.com/image/private/f_auto,q_auto/league/tucplhxtb3c626iekuzv",CHI,2018,1,REG,GB,0,0,0.0,0,0.0,0.0,0.0,0,0,0.0,0.0,0.0,,0,,,0,0.0,0,0.0,0.0,0.0,,0,4,7,61.0,0,0.0,0.0,107.0,2.0,3.0,3.719607,0,0.57009345,0.21212122,0.5144231,0.67827797,0.0,6.1,10.1,00-0031428,WR,2018_01_CHI_GB,67.0,0.0,0.0,67.0,94.3661971830986,0.0,0.0,00-0031428,WR,1.0,8.100000000000001,7,2024,94
00-0031431,M.Lee,Marqise Lee,WR,WR,"https://static.www.nfl.com/image/private/f_auto,q_auto/league/drsesqqzwhkilsx51j4i",JAX,2019,4,REG,DEN,0,0,0.0,0,0.0,0.0,0.0,0,0,0.0,0.0,0.0,,0,,,0,0.0,0,0.0,0.0,0.0,,0,1,1,5.0,0,0.0,0.0,5.0,0.0,1.0,1.1795475,0,1.0,0.03125,0.014450867,0.05699061,0.0,0.5,1.5,00-0031431,WR,2019_04_JAX_DEN,25.0,0.0,0.0,25.0,29.069767441860467,0.0,0.0,00-0031431,WR,1.0,1.0,1,2019,12
00-0031462,J.Cunningham,Jerome Cunningham,TE,TE,"https://static.www.nfl.com/image/private/f_auto,q_auto/league/hmszkqofxzqzxqbuawhq",DET,2018,16,REG,MIN,0,0,0.0,0,0.0,0.0,0.0,0,0,0.0,0.0,0.0,,0,,,0,0.0,0,0.0,0.0,0.0,,0,0,1,0.0,0,0.0,0.0,3.0,0.0,0.0,-0.30440858,0,0.0,0.023809524,0.009615385,0.042445056,0.0,0.0,0.0,00-0031462,TE,2018_16_MIN_DET,20.0,0.0,3.0,23.0,25.97402597402597,0.0,10.344827586206897,00-0031462,TE,3.0,0.0,1,2018,1
00-0031502,J.Berry,Jordan Berry,P,SPEC,"https://static.www.nfl.com/image/private/f_auto,q_auto/league/rltqupvbxjui0kyat1fb",PIT,2019,14,REG,ARI,0,0,0.0,0,0.0,0.0,0.0,0,0,0.0,0.0,0.0,,0,,,1,-8.0,0,1.0,1.0,0.0,-3.4986284,0,0,0,0.0,0,0.0,0.0,0.0,0.0,0.0,,0,,,,,0.0,-2.8,-2.8,00-0031502,P,2019_14_PIT_ARI,1.0,0.0,7.0,8.0,1.6666666666666667,0.0,31.818181818181817,00-0031502,P,1.0,-2.8,1,2019,4
00-0031511,D.White,DeAndrew White,WR,WR,"https://static.www.nfl.com/image/private/f_auto,q_auto/league/lqmfu6qd0olpnvocajbh",CAR,2019,8,REG,SF,0,0,0.0,0,0.0,0.0,0.0,0,0,0.0,0.0,0.0,,0,,,0,0.0,0,0.0,0.0,0.0,,0,1,1,8.0,0,0.0,0.0,5.0,3.0,0.0,0.56636506,0,1.6,0.027027028,0.015337423,0.051276736,0.0,0.8,1.8,00-0031511,WR,2019_08_CAR_SF,10.0,0.0,13.0,23.0,15.384615384615383,0.0,41.935483870967744,00-0031511,WR,3.0,1.3,1,2019,5
00-0031543,T.Long,Ty Long,P,SPEC,"https://static.www.nfl.com/image/private/f_auto,q_auto/league/qpn0xr42mkmkhmpd0nmd",LAC,2020,11,REG,NYJ,0,0,0.0,0,0.0,0.0,0.0,0,0,0.0,0.0,0.0,,0,,,1,-28.0,0,0.0,0.0,0.0,-1.9250433,0,0,0,0.0,0,0.0,0.0,0.0,0.0,0.0,,0,,,,,0.0,-2.8,-2.8,00-0031543,P,2020_11_NYJ_LAC,1.0,0.0,16.0,17.0,1.2048192771084338,0.0,55.172413793103445,00-0031543,P,2.0,-2.8000000000000003,2,2021,5
00-0031544,A.Cooper,Amari Cooper,WR,WR,"https://static.www.nfl.com/image/private/f_auto,q_auto/league/zibbxjtein7gpu5zgcj4",LV,2018,1,REG,LA,0,0,0.0,0,0.0,0.0,0.0,0,0,0.0,0.0,0.0,,0,,,1,9.0,0,0.0,0.0,0.0,0.5897473,0,1,3,9.0,0,0.0,0.0,20.0,5.0,0.0,-0.76430625,0,0.45,0.078947365,0.10204082,0.18984963,0.0,1.8,2.8,00-0031544,WR,2018_01_LA_OAK,69.0,0.0,0.0,69.0,92.0,0.0,0.0,00-0031544,WR,1.0,2.3,7,2024,118
00-0031545,K.White,Kevin White,WR,WR,"https://static.www.nfl.com/image/private/f_auto,q_auto/league/u6jclvrydlw6amytmylq",CHI,2018,7,REG,NE,0,0,0.0,0,0.0,0.0,0.0,0,0,0.0,0.0,0.0,,0,,,0,0.0,0,0.0,0.0,0.0,,0,2,2,64.0,0,0.0,0.0,60.0,4.0,2.0,0.46733475,0,1.0666667,0.041666668,0.10489511,0.13592657,0.0,6.4,8.4,00-0031545,WR,2018_07_NE_CHI,20.0,0.0,0.0,20.0,23.809523809523807,0.0,0.0,00-0031545,WR,2.0,7.4,3,2022,10
00-0031547,D.Parker,DeVante Parker,WR,WR,"https://static.www.nfl.com/image/private/f_auto,q_auto/league/beuyfjou6kckaoqqpa96",MIA,2018,3,REG,LV,0,0,0.0,0,0.0,0.0,0.0,0,0,0.0,0.0,0.0,,0,,,0,0.0,0,0.0,0.0,0.0,,0,2,3,40.0,0,0.0,0.0,74.0,2.0,1.0,0.93243444,0,0.5405405,0.125,0.2983871,0.39637098,0.0,4.0,6.0,00-0031547,WR,2018_03_OAK_MIA,34.0,0.0,0.0,34.0,75.55555555555556,0.0,0.0,,,,5.0,6,2023,75
00-0031549,N.Agholor,Nelson Agholor,WR,WR,"https://static.www.nfl.com/image/private/f_auto,q_auto/league/lfc8g0z3wmxowwggvzqh",PHI,2018,1,REG,ATL,1,1,15.0,0,0.0,0.0,-0.0,0,0,8.0,7.0,1.0,1.9314804,0,1.875,,1,16.0,0,0.0,0.0,1.0,1.5126803,0,8,10,33.0,0,0.0,0.0,49.0,6.0,2.0,-0.49456358,0,0.67346936,0.2857143,0.17192982,0.5489223,0.0,5.5,13.5,00-0031549,WR,2018_01_ATL_PHI,69.0,0.0,0.0,69.0,92.0,0.0,0.0,00-0031549,WR,3.0,9.5,7,2024,117
00-0031558,M.Williams,Maxx Williams,TE,TE,"https://static.www.nfl.com/image/private/f_auto,q_auto/league/p0j7ax3rqhrzn5nvmc06",BAL,2018,1,REG,BUF,0,0,0.0,0,0.0,0.0,0.0,0,0,0.0,0.0,0.0,,0,,,0,0.0,0,0.0,0.0,0.0,,0,3,3,32.0,0,0.0,0.0,16.0,16.0,1.0,2.7693532,0,2.0,0.08108108,0.0661157,0.16790262,0.0,3.2,6.2,00-0031558,TE,2018_01_BUF_BAL,44.0,0.0,12.0,56.0,53.01204819277109,0.0,36.36363636363637,00-0031558,TE,2.0,4.7,5,2022,37
00-0031569,J.Langford,Jeremy Langford,RB,RB,"https://static.www.nfl.com/image/private/f_auto,q_auto/league/ezohep8ggqmwfa1eqy4m",ATL,2018,17,REG,TB,0,0,0.0,0,0.0,0.0,0.0,0,0,0.0,0.0,0.0,,0,,,9,25.0,0,0.0,0.0,1.0,-2.7598197,0,0,0,0.0,0,0.0,0.0,0.0,0.0,0.0,,0,,,,,0.0,2.5,2.5,00-0031569,RB,2018_17_ATL_TB,16.0,0.0,13.0,29.0,26.229508196721312,0.0,40.625,,,,2.5,1,2018,1
00-0031570,J.Hardy,Justin Hardy,WR,WR,"https://static.www.nfl.com/image/private/f_auto,q_auto/league/bf30pn7pqvdiof0zb6a0",ATL,2018,4,REG,CIN,0,0,0.0,0,0.0,0.0,0.0,0,0,0.0,0.0,0.0,,0,,,0,0.0,0,0.0,0.0,0.0,,0,1,1,4.0,0,0.0,0.0,-1.0,5.0,0.0,-0.11054437,0,0.0,0.02631579,-0.002415459,0.037782863,0.0,0.4,1.4,00-0031570,WR,2018_04_CIN_ATL,14.0,0.0,9.0,23.0,19.17808219178082,0.0,32.142857142857146,00-0031570,WR,1.0,0.9,2,2019,35
00-0031577,J.Allen,Javorius Allen,RB,RB,"https://static.www.nfl.com/image/private/f_auto,q_auto/league/jguqo1kwlkfamf537de0",BAL,2018,1,REG,BUF,0,0,0.0,0,0.0,0.0,0.0,0,0,0.0,0.0,0.0,,0,,,4,17.0,1,0.0,0.0,2.0,1.0193454,0,5,6,15.0,0,0.0,0.0,15.0,10.0,1.0,-1.2382185,0,1.0,0.16216215,0.06198347,0.28663167,0.0,9.2,14.2,00-0031577,RB,2018_01_BUF_BAL,32.0,1.0,17.0,50.0,38.55421686746988,1.4705882352941175,51.51515151515152,00-0031577,RB,2.0,11.7,2,2019,14
00-0031585,M.Pruitt,MyCole Pruitt,TE,TE,"https://static.www.nfl.com/image/private/f_auto,q_auto/league/okk2t3ngao7qszoxxcph",TEN,2018,11,REG,IND,0,0,0.0,0,0.0,0.0,0.0,0,0,0.0,0.0,0.0,,0,,,0,0.0,0,0.0,0.0,0.0,,0,1,1,19.0,0,0.0,0.0,19.0,0.0,1.0,1.9187903,0,1.0,0.03448276,0.09178744,0.11597534,0.0,1.9,2.9,00-0031585,TE,2018_11_TEN_IND,10.0,0.0,7.0,17.0,15.625,0.0,26.923076923076923,00-0031585,TE,2.0,2.4000000000000004,7,2024,59
00-0031589,B.Hundley,Brett Hundley,QB,QB,"https://static.www.nfl.com/image/private/f_auto,q_auto/league/lgplktjykzjrnjsn9x8y",ARI,2019,8,REG,NO,0,1,0.0,0,0.0,1.0,4.0,0,0,44.0,0.0,0.0,-1.849897,0,0.0,,0,0.0,0,0.0,0.0,0.0,,0,0,0,0.0,0,0.0,0.0,0.0,0.0,0.0,,0,,,,,0.0,0.0,0.0,00-0031589,QB,2019_08_ARI_NO,3.0,0.0,0.0,3.0,6.0,0.0,0.0,00-0031589,QB,2.0,0.0,1,2019,3
00-0031590,J.Ajayi,Jay Ajayi,RB,RB,"https://static.www.nfl.com/image/private/f_auto,q_auto/league/bt0drbhvsjykf2xxvskx",PHI,2018,1,REG,ATL,0,0,0.0,0,0.0,0.0,0.0,0,0,0.0,0.0,0.0,,0,,,15,62.0,2,0.0,0.0,4.0,2.0748916,1,0,0,0.0,0,0.0,0.0,0.0,0.0,0.0,,0,,,,,0.0,20.2,20.2,00-0031590,RB,2018_01_ATL_PHI,29.0,0.0,0.0,29.0,38.66666666666666,0.0,0.0,00-0031590,RB,1.0,18.2,2,2019,7
00-0031597,T.Smith,Tye Smith,CB,DB,"https://static.www.nfl.com/image/private/f_auto,q_auto/league/zxyfhiakgitv3ultu7ug",TEN,2019,13,REG,TEN,0,0,0.0,0,0.0,0.0,0.0,0,0,0.0,0.0,0.0,,0,,,0,0.0,0,0.0,0.0,0.0,,0,0,0,0.0,0,0.0,0.0,0.0,0.0,0.0,,0,,,,,1.0,6.0,6.0,00-0031597,CB,2019_13_TEN_IND,0.0,63.0,15.0,78.0,0.0,100.0,51.72413793103448,00-0031597,CB,3.0,0.0,1,2019,1
00-0031598,N.Boyle,Nick Boyle,TE,TE,"https://static.www.nfl.com/image/private/f_auto,q_auto/league/emqvoudb71kgmkfphmuw",BAL,2018,1,REG,BUF,0,0,0.0,0,0.0,0.0,0.0,0,0,0.0,0.0,0.0,,0,,,0,0.0,0,0.0,0.0,0.0,,0,3,6,40.0,0,0.0,0.0,18.0,26.0,2.0,-0.24561074,0,2.2222223,0.16216215,0.07438017,0.29530936,0.0,4.0,7.0,00-0031598,TE,2018_01_BUF_BAL,55.0,0.0,7.0,62.0,66.26506024096386,0.0,21.21212121212121,00-0031598,TE,1.0,5.5,4,2021,39
00-0031599,C.Artis-Payne,Cameron Artis-Payne,RB,RB,"https://static.www.nfl.com/image/private/f_auto,q_auto/league/vaeghufm3dkzmsjhb8hg",CAR,2018,11,REG,DET,0,0,0.0,0,0.0,0.0,0.0,0,0,0.0,0.0,0.0,,0,,,1,1.0,0,0.0,0.0,0.0,-0.65270674,0,0,0,0.0,0,0.0,0.0,0.0,0.0,0.0,,0,,,,,0.0,0.1,0.1,00-0031599,RB,2018_11_CAR_DET,3.0,0.0,16.0,19.0,5.084745762711865,0.0,59.25925925925925,00-0031599,RB,3.0,0.1,1,2018,4
00-0031609,A.Derby,A.J. Derby,TE,TE,"https://static.www.nfl.com/image/private/f_auto,q_auto/league/c2bqxdpyb4kn75l4qj1c",MIA,2018,2,REG,NYJ,0,0,0.0,0,0.0,0.0,0.0,0,0,0.0,0.0,0.0,,0,,,0,0.0,0,0.0,0.0,0.0,,0,1,2,19.0,1,0.0,0.0,22.0,0.0,1.0,1.0509955,0,0.8636364,0.08695652,0.16058394,0.24284354,0.0,7.9,8.9,00-0031609,TE,2018_02_MIA_NYJ,31.0,0.0,15.0,46.0,54.38596491228071,0.0,60.0,00-0031609,TE,2.0,8.4,1,2018,3
00-0031665,Z.Zenner,Zach Zenner,RB,RB,"https://static.www.nfl.com/image/private/f_auto,q_auto/league/deiznogchpv1vbrmyuax",DET,2018,10,REG,CHI,0,0,0.0,0,0.0,0.0,0.0,0,0,0.0,0.0,0.0,,0,,,1,12.0,0,0.0,0.0,1.0,-0.12959418,0,0,0,0.0,0,0.0,0.0,0.0,0.0,0.0,,0,,,,,0.0,1.2,1.2,00-0031665,RB,2018_10_DET_CHI,3.0,0.0,18.0,21.0,5.084745762711865,0.0,69.23076923076923,,,,1.2000000000000002,2,2019,10
00-0031690,E.Tomlinson,Eric Tomlinson,TE,TE,"https://static.www.nfl.com/image/private/f_auto,q_auto/league/swiwooxium4wmas8wq4c",NYJ,2018,1,REG,DET,0,0,0.0,0,0.0,0.0,0.0,0,0,0.0,0.0,0.0,,0,,,0,0.0,0,0.0,0.0,0.0,,0,1,1,7.0,0,0.0,0.0,5.0,2.0,0.0,0.26795134,0,1.4,0.05,0.0295858,0.09571006,0.0,0.7,1.7,00-0031690,TE,2018_01_NYJ_DET,29.0,0.0,11.0,40.0,50.877192982456144,0.0,34.375,00-0031690,TE,1.0,1.2000000000000002,6,2024,23
00-0031731,C.Grant,Corey Grant,RB,RB,"https://static.www.nfl.com/image/private/f_auto,q_auto/league/gj5yoyyx8nulm8ss037t",JAX,2018,1,REG,NYG,0,0,0.0,0,0.0,0.0,0.0,0,0,0.0,0.0,0.0,,0,,,1,3.0,0,0.0,0.0,0.0,-0.21571407,0,0,0,0.0,0,0.0,0.0,0.0,0.0,0.0,,0,,,,,0.0,0.3,0.3,00-0031731,RB,2018_01_JAX_NYG,4.0,0.0,6.0,10.0,6.153846153846154,0.0,20.689655172413797,00-0031731,RB,3.0,0.3,1,2018,10
00-0031744,M.LaCosse,Matt LaCosse,TE,TE,"https://static.www.nfl.com/image/private/f_auto,q_auto/league/yt2cjnrobixknkfi5vud",DEN,2018,1,REG,SEA,0,0,0.0,0,0.0,0.0,0.0,0,0,0.0,0.0,0.0,,0,,,0,0.0,0,0.0,0.0,0.0,,0,0,1,0.0,0,0.0,0.0,16.0,0.0,0.0,-1.4970373,0,0.0,0.025641026,0.043715846,0.06906263,0.0,0.0,0.0,00-0031744,TE,2018_01_SEA_DEN,1.0,0.0,3.0,4.0,1.3157894736842104,0.0,9.090909090909092,00-0031744,TE,3.0,0.0,2,2019,21
00-0031782,E.Rogers,Eli Rogers,WR,WR,"https://static.www.nfl.com/image/private/f_auto,q_auto/league/wj9e3uvudi1wvdsr0qdi",PIT,2018,15,REG,NE,0,0,0.0,0,0.0,0.0,0.0,0,0,0.0,0.0,0.0,,0,,,0,0.0,0,0.0,0.0,0.0,,0,4,4,20.0,0,0.0,0.0,11.0,9.0,1.0,1.2917155,0,1.8181819,0.121212125,0.030136986,0.20291407,0.0,2.0,6.0,00-0031782,WR,2018_15_NE_PIT,28.0,0.0,0.0,28.0,45.16129032258064,0.0,0.0,,,,4.0,1,2018,3
00-0031787,J.Kumerow,Jake Kumerow,WR,WR,"https://static.www.nfl.com/image/private/f_auto,q_auto/league/lrfqprrjgaeaicqsd0f9",GB,2018,13,REG,ARI,0,0,0.0,0,0.0,0.0,0.0,0,0,0.0,0.0,0.0,,0,,,0,0.0,0,0.0,0.0,0.0,,0,1,2,11.0,0,0.0,0.0,21.0,-1.0,1.0,0.49693358,0,0.52380955,0.041666668,0.059322033,0.10402542,0.0,1.1,2.1,00-0031787,WR,2018_13_ARI_GB,5.0,1.0,14.0,20.0,6.41025641025641,1.5384615384615383,46.66666666666666,,,,1.6,5,2022,26
00-0031788,M.Lengel,Matt Lengel,TE,TE,"https://static.www.nfl.com/image/private/f_auto,q_auto/league/ofsdmsids4mwmhkdpxoz",CIN,2018,7,REG,KC,0,0,0.0,0,0.0,0.0,0.0,0,0,0.0,0.0,0.0,,0,,,0,0.0,0,0.0,0.0,0.0,,0,0,1,0.0,0,0.0,0.0,1.0,0.0,0.0,-0.5819866,0,0.0,0.03125,0.003816794,0.049546756,0.0,0.0,0.0,00-0031788,TE,2018_07_CIN_KC,5.0,0.0,8.0,13.0,8.064516129032258,0.0,30.76923076923077,00-0031788,TE,2.0,0.0,1,2018,6
00-0031796,J.Coleman,Justin Coleman,CB,DB,"https://static.www.nfl.com/image/private/f_auto,q_auto/league/v4axwk5l0cixta9m4hw7",MIA,2021,12,REG,MIA,0,0,0.0,0,0.0,0.0,0.0,0,0,0.0,0.0,0.0,,0,,,0,0.0,0,0.0,0.0,0.0,,0,0,0,0.0,0,0.0,0.0,0.0,0.0,0.0,,0,,,,,1.0,6.0,6.0,00-0031796,CB,2021_12_CAR_MIA,0.0,22.0,8.0,30.0,0.0,29.33333333333333,29.629629629629623,00-0031796,CB,2.0,0.0,1,2021,1
00-0031806,M.Brown,Malcolm Brown,RB,RB,"https://static.www.nfl.com/image/private/f_auto,q_auto/league/zxnjheichwlnvvu5qdyl",LA,2018,1,REG,LV,0,0,0.0,0,0.0,0.0,0.0,0,0,0.0,0.0,0.0,,0,,,1,5.0,0,0.0,0.0,0.0,0.08883526,0,2,2,18.0,0,0.0,0.0,7.0,11.0,1.0,1.9529752,0,2.5714285,0.060606062,0.021212121,0.10575758,0.0,2.3,4.3,00-0031806,RB,2018_01_LA_OAK,4.0,0.0,10.0,14.0,6.349206349206349,0.0,34.48275862068966,00-0031806,RB,2.0,3.3,5,2022,55
00-0031868,D.Byrd,Damiere Byrd,WR,WR,"https://static.www.nfl.com/image/private/f_auto,q_auto/league/cskulleqxehtrgkqsl3u",CAR,2018,7,REG,PHI,0,0,0.0,0,0.0,0.0,0.0,0,0,0.0,0.0,0.0,,0,,,0,0.0,0,0.0,0.0,0.0,,0,1,1,8.0,0,0.0,0.0,7.0,1.0,1.0,0.553546,0,1.1428572,0.027027028,0.026515152,0.059101146,0.0,0.8,1.8,00-0031868,WR,2018_07_CAR_PHI,1.0,0.0,8.0,9.0,1.4492753623188406,0.0,36.36363636363637,00-0031868,WR,3.0,1.3,6,2023,100
00-0031900,R.Smith,Rod Smith,RB,RB,"https://static.www.nfl.com/image/private/f_auto,q_auto/league/zmhmhduytwid1kjim5rp",DAL,2018,1,REG,CAR,0,0,0.0,0,0.0,0.0,0.0,0,0,0.0,0.0,0.0,,0,,,1,5.0,0,0.0,0.0,0.0,-0.54392356,0,0,1,0.0,0,0.0,0.0,-4.0,0.0,0.0,-1.0311186,0,-0.0,0.03448276,-0.018518519,0.038761176,0.0,0.5,0.5,00-0031900,RB,2018_01_DAL_CAR,4.0,0.0,17.0,21.0,6.153846153846154,0.0,80.95238095238095,00-0031900,RB,2.0,0.5,1,2018,15
00-0031912,C.Meredith,Cameron Meredith,WR,WR,"https://static.www.nfl.com/image/private/f_auto,q_auto/league/galvhjzccy4mw0ipexho",NO,2018,3,REG,ATL,0,0,0.0,0,0.0,0.0,0.0,0,0,0.0,0.0,0.0,,0,,,0,0.0,0,0.0,0.0,0.0,,0,1,1,11.0,1,0.0,0.0,7.0,4.0,1.0,2.1224291,0,1.5714285,0.020408163,0.025641026,0.048560962,0.0,7.1,8.1,00-0031912,WR,2018_03_NO_ATL,35.0,0.0,0.0,35.0,43.20987654320987,0.0,0.0,00-0031912,WR,2.0,7.6,1,2018,3
00-0031922,K.Lee,Khari Lee,TE,TE,"https://static.www.nfl.com/image/private/f_auto,q_auto/league/na3rt3lesebmcwilj62y",BUF,2018,4,REG,GB,0,0,0.0,0,0.0,0.0,0.0,0,0,0.0,0.0,0.0,,0,,,0,0.0,0,0.0,0.0,0.0,,0,1,1,5.0,0,0.0,0.0,-1.0,6.0,0.0,-0.10997771,0,0.0,0.030303031,-0.0032573289,0.043174416,0.0,0.5,1.5,00-0031922,TE,2018_04_BUF_GB,14.0,0.0,5.0,19.0,23.728813559322035,0.0,21.73913043478261,00-0031922,TE,3.0,1.0,1,2018,1
00-0031934,D.Smith,Devin Smith,WR,WR,"https://static.www.nfl.com/image/private/f_auto,q_auto/league/sxvloat4tcr7e6eghply",DAL,2019,2,REG,WAS,0,0,0.0,0,0.0,0.0,0.0,0,0,0.0,0.0,0.0,,0,,,0,0.0,0,0.0,0.0,0.0,,0,3,3,74.0,1,0.0,0.0,56.0,18.0,2.0,6.857201,0,1.3214285,0.1,0.21789883,0.3025292,0.0,13.4,16.4,00-0031934,WR,2019_02_DAL_WAS,18.0,0.0,3.0,21.0,26.08695652173913,0.0,12.5,00-0031934,WR,2.0,14.9,2,2021,4
00-0031941,J.Crowder,Jamison Crowder,WR,WR,"https://static.www.nfl.com/image/private/f_auto,q_auto/league/glmuevjuy3coqf1t3rqj",WAS,2018,1,REG,ARI,0,0,0.0,0,0.0,0.0,0.0,0,0,0.0,0.0,0.0,,0,,,0,0.0,0,0.0,0.0,0.0,,0,3,4,32.0,0,0.0,0.0,22.0,12.0,2.0,3.8736572,0,1.4545455,0.13793103,0.21568628,0.35787696,0.0,3.2,6.2,00-0031941,WR,2018_01_WAS_ARI,49.0,0.0,1.0,50.0,59.7560975609756,0.0,5.0,00-0031941,WR,1.0,4.7,7,2024,104
00-0031951,J.O'Shaughnessy,James O'Shaughnessy,TE,TE,"https://static.www.nfl.com/image/private/f_auto,q_auto/league/sz5g57zhnshipkpw39sz",JAX,2018,1,REG,NYG,0,0,0.0,0,0.0,0.0,0.0,0,0,0.0,0.0,0.0,,0,,,0,0.0,0,0.0,0.0,0.0,,0,0,2,0.0,0,0.0,0.0,6.0,0.0,0.0,-1.252108,0,0.0,0.060606062,0.026086956,0.10916996,0.0,0.0,0.0,00-0031951,TE,2018_01_JAX_NYG,26.0,0.0,16.0,42.0,40.0,0.0,55.172413793103445,00-0031951,TE,2.0,0.0,4,2021,40
00-0031953,G.Davis,Geremy Davis,WR,WR,"https://static.www.nfl.com/image/private/f_auto,q_auto/league/q0pogtzy8q737pqb7zr2",LAC,2018,12,REG,ARI,0,0,0.0,0,0.0,0.0,0.0,0,0,0.0,0.0,0.0,,0,,,0,0.0,0,0.0,0.0,0.0,,0,0,1,0.0,0,0.0,0.0,0.0,0.0,0.0,-0.7954915,0,,0.032258064,0.0,0.048387095,0.0,0.0,0.0,00-0031953,WR,2018_12_ARI_LAC,11.0,0.0,18.0,29.0,23.91304347826087,0.0,64.28571428571429,00-0031953,WR,3.0,0.0,2,2019,3
00-0031959,M.Murphy,Marcus Murphy,RB,RB,"https://static.www.nfl.com/image/private/f_auto,q_auto/league/y9j91g8089mu9tjj0zis",BUF,2018,1,REG,BAL,0,0,0.0,0,0.0,0.0,0.0,0,0,0.0,0.0,0.0,,0,,,6,31.0,0,0.0,0.0,0.0,-3.1380813,0,0,2,0.0,0,0.0,0.0,4.0,0.0,0.0,-1.1403221,0,0.0,0.0625,0.011396011,0.10172721,0.0,3.1,3.1,00-0031959,RB,2018_01_BUF_BAL,25.0,0.0,11.0,36.0,36.76470588235294,0.0,33.33333333333333,00-0031959,RB,3.0,3.1,1,2018,27
00-0031972,D.Jennings,Darius Jennings,WR,WR,"https://static.www.nfl.com/image/private/f_auto,q_auto/league/ttzaqozynmreovwpwwlh",TEN,2018,1,REG,MIA,0,0,0.0,0,0.0,0.0,0.0,0,0,0.0,0.0,0.0,,0,,,0,0.0,0,0.0,0.0,0.0,,0,0,0,0.0,0,0.0,0.0,0.0,0.0,0.0,,0,,,,,1.0,6.0,6.0,00-0031972,WR,2018_01_TEN_MIA,6.0,0.0,11.0,17.0,8.450704225352112,0.0,39.285714285714285,00-0031972,WR,3.0,0.0,2,2019,25
00-0032009,A.Humphries,Adam Humphries,WR,WR,"https://static.www.nfl.com/image/private/f_auto,q_auto/league/l56ywjejfpraigzs4qia",TB,2018,1,REG,NO,0,0,0.0,0,0.0,0.0,0.0,0,0,0.0,0.0,0.0,,0,,,0,0.0,0,0.0,0.0,0.0,,0,3,5,27.0,0,0.0,0.0,0.0,30.0,1.0,-0.48493674,0,0.0,0.17857143,0.0,0.26785713,0.0,2.7,5.7,00-0032009,WR,2018_01_TB_NO,45.0,0.0,4.0,49.0,71.42857142857143,0.0,12.12121212121212,00-0032009,WR,2.0,4.2,4,2021,88
00-0032054,B.Perriman,Breshad Perriman,WR,WR,"https://static.www.nfl.com/image/private/f_auto,q_auto/league/zpwov1n42bi5lsqdlxhh",CLE,2018,7,REG,TB,0,0,0.0,0,0.0,0.0,0.0,0,0,0.0,0.0,0.0,,0,,,0,0.0,0,0.0,0.0,0.0,,0,1,1,6.0,0,0.0,0.0,2.0,4.0,0.0,-0.48251277,0,3.0,0.030303031,0.006968641,0.050332595,0.0,0.6,1.6,00-0032054,WR,2018_07_CLE_TB,11.0,0.0,0.0,11.0,15.942028985507244,0.0,0.0,,,,1.1,5,2022,53
00-0032055,D.Funchess,Devin Funchess,TE,TE,"https://static.www.nfl.com/image/private/f_auto,q_auto/league/j0q0lmao9tg0rbviax6z",CAR,2018,1,REG,DAL,0,0,0.0,0,0.0,0.0,0.0,0,0,0.0,0.0,0.0,,0,,,0,0.0,0,0.0,0.0,0.0,,0,3,5,41.0,0,0.0,0.0,77.0,0.0,2.0,0.57763577,0,0.53246754,0.2,0.4967742,0.6477419,0.0,4.1,7.1,00-0032055,WR,2018_01_DAL_CAR,58.0,0.0,0.0,58.0,85.29411764705883,0.0,0.0,00-0032055,TE,1.0,5.6000000000000005,2,2019,15
00-0032058,T.Coleman,Tevin Coleman,RB,RB,"https://static.www.nfl.com/image/private/f_auto,q_auto/league/wiu4r7bvhcafs9vamqc",ATL,2018,1,REG,PHI,0,0,0.0,0,0.0,0.0,0.0,0,0,0.0,0.0,0.0,,0,,,9,19.0,1,0.0,0.0,1.0,-2.4048822,0,1,2,26.0,0,0.0,0.0,-19.0,35.0,1.0,2.2818344,0,-1.3684211,0.051282052,-0.05277778,0.03997863,0.0,10.5,11.5,00-0032058,RB,2018_01_ATL_PHI,36.0,0.0,0.0,36.0,50.0,0.0,0.0,00-0032058,RB,2.0,11.0,5,2022,58
00-0032062,B.Bell,Blake Bell,TE,TE,"https://static.www.nfl.com/image/private/f_auto,q_auto/league/eqrmmjto8koqqc9j2kjj",JAX,2018,8,REG,PHI,0,0,0.0,0,0.0,0.0,0.0,0,0,0.0,0.0,0.0,,0,,,0,0.0,0,0.0,0.0,0.0,,0,1,2,13.0,0,0.0,0.0,8.0,8.0,0.0,-0.9030137,0,1.625,0.048780486,0.031128405,0.094960615,0.0,1.3,2.3,00-0032062,TE,2018_08_PHI_JAX,33.0,0.0,10.0,43.0,50.76923076923077,0.0,41.66666666666667,00-0032062,TE,3.0,1.8,6,2023,53
00-0032063,M.Davis,Mike Davis,RB,RB,"https://static.www.nfl.com/image/private/f_auto,q_auto/league/csrqinegeyunycijua2q",SEA,2018,2,REG,CHI,0,0,0.0,0,0.0,0.0,0.0,0,0,0.0,0.0,0.0,,0,,,3,3.0,0,0.0,0.0,1.0,-0.53243804,0,1,1,-1.0,0,0.0,0.0,-6.0,5.0,0.0,-1.0875087,0,0.16666667,0.030303031,-0.020761246,0.030921673,0.0,0.2,1.2,00-0032063,RB,2018_02_SEA_CHI,9.0,0.0,17.0,26.0,14.0625,0.0,62.96296296296296,00-0032063,RB,3.0,0.7000000000000001,5,2022,58
00-0032089,B.Parker,Brian Parker,TE,TE,"https://static.www.nfl.com/image/private/f_auto,q_auto/league/lozfj8mnyln9bo6frq6r",DEN,2018,5,REG,NYJ,0,0,0.0,0,0.0,0.0,0.0,0,0,0.0,0.0,0.0,,0,,,0,0.0,0,0.0,0.0,0.0,,0,0,1,0.0,0,0.0,0.0,7.0,0.0,0.0,-0.46744484,0,0.0,0.019607844,0.021212121,0.04426025,0.0,0.0,0.0,00-0032089,TE,2018_05_DEN_NYJ,6.0,0.0,6.0,12.0,9.67741935483871,0.0,19.35483870967742,00-0032089,TE,3.0,0.0,1,2018,6
00-0032098,D.Brown,Daniel Brown,TE,TE,"https://static.www.nfl.com/image/private/f_auto,q_auto/league/fnhg5hbp5sjn3uuanqua",NYJ,2019,11,REG,WAS,0,0,0.0,0,0.0,0.0,0.0,0,0,0.0,0.0,0.0,,0,,,0,0.0,0,0.0,0.0,0.0,,0,1,1,20.0,1,0.0,0.0,20.0,0.0,1.0,2.4079432,0,1.0,0.035714287,0.06430868,0.098587506,0.0,8.0,9.0,00-0032098,TE,2019_11_NYJ_WAS,19.0,1.0,24.0,44.0,26.76056338028169,1.4492753623188406,85.71428571428571,00-0032098,TE,3.0,8.5,3,2021,9
00-0032112,J.Nelson,J.J. Nelson,WR,WR,"https://static.www.nfl.com/image/private/f_auto,q_auto/league/rdpp1eiaqse92yvujbs0",ARI,2018,2,REG,LA,0,0,0.0,0,0.0,0.0,0.0,0,0,0.0,0.0,0.0,,0,,,0,0.0,0,0.0,0.0,0.0,,0,0,1,0.0,0,0.0,0.0,6.0,0.0,0.0,-0.7895112,0,0.0,0.037037037,0.04511278,0.0871345,0.0,0.0,0.0,00-0032112,WR,2018_02_ARI_LA,23.0,0.0,0.0,23.0,47.91666666666667,0.0,0.0,00-0032112,WR,2.0,0.0,2,2019,13
00-0032117,N.O'Leary,Nick O'Leary,TE,TE,"https://static.www.nfl.com/image/private/f_auto,q_auto/league/f5411hjmqqxoa27quwfz",MIA,2018,6,REG,CHI,0,0,0.0,0,0.0,0.0,0.0,0,0,0.0,0.0,0.0,,0,,,0,0.0,0,0.0,0.0,0.0,,0,4,4,49.0,1,0.0,0.0,6.0,43.0,4.0,4.685365,0,8.166667,0.1,0.023622047,0.16653544,0.0,10.9,14.9,00-0032117,TE,2018_06_CHI_MIA,53.0,0.0,6.0,59.0,67.08860759493672,0.0,21.428571428571427,,,,12.9,2,2019,13
00-0032120,N.Sterling,Neal Sterling,TE,TE,"https://static.www.nfl.com/image/private/f_auto,q_auto/league/zeft21ybfc5pjye3lmq2",NYJ,2018,1,REG,DET,0,0,0.0,0,0.0,0.0,0.0,0,0,0.0,0.0,0.0,,0,,,0,0.0,0,0.0,0.0,0.0,,0,3,3,27.0,0,0.0,0.0,5.0,22.0,1.0,2.6148722,0,5.4,0.15,0.0295858,0.24571006,0.0,2.7,5.7,00-0032120,TE,2018_01_NYJ_DET,37.0,0.0,7.0,44.0,64.91228070175438,0.0,21.875,00-0032120,TE,2.0,4.2,1,2018,4
00-0032128,C.Conley,Chris Conley,WR,WR,"https://static.www.nfl.com/image/private/f_auto,q_auto/league/wddhtkz5tmo47x5s3qnq",KC,2018,1,REG,LAC,0,0,0.0,0,0.0,0.0,0.0,0,0,0.0,0.0,0.0,,0,,,0,0.0,0,0.0,0.0,0.0,,0,1,1,15.0,0,0.0,0.0,7.0,8.0,1.0,1.3741035,0,2.142857,0.04,0.020833334,0.07458334,0.0,1.5,2.5,00-0032128,WR,2018_01_KC_LAC,37.0,0.0,9.0,46.0,44.57831325301205,0.0,30.0,00-0032128,WR,2.0,2.0,7,2024,75
00-0032134,C.Uzomah,C.J. Uzomah,TE,TE,"https://static.www.nfl.com/image/private/f_auto,q_auto/league/hnkflpl5pzbfbdvtcv1c",CIN,2018,1,REG,IND,0,0,0.0,0,0.0,0.0,0.0,0,0,0.0,0.0,0.0,,0,,,0,0.0,0,0.0,0.0,0.0,,0,1,1,4.0,0,0.0,0.0,4.0,0.0,0.0,-0.10524161,0,1.0,0.035714287,0.02877698,0.073715314,0.0,0.4,1.4,00-0032134,TE,2018_01_CIN_IND,37.0,0.0,21.0,58.0,64.91228070175438,0.0,72.41379310344827,00-0032134,TE,2.0,0.9,6,2023,71
00-0032135,J.James,Jesse James,TE,TE,"https://static.www.nfl.com/image/private/f_auto,q_auto/league/rgk9zqdx9lmbcblem3xn",PIT,2018,1,REG,CLE,0,0,0.0,0,0.0,0.0,0.0,0,0,0.0,0.0,0.0,,0,,,0,0.0,0,0.0,0.0,0.0,,0,3,5,60.0,0,0.0,0.0,51.0,29.0,3.0,0.13293414,0,1.1764706,0.12195122,0.13350785,0.27638233,0.0,6.0,9.0,00-0032135,TE,2018_01_PIT_CLE,69.0,0.0,4.0,73.0,82.14285714285714,0.0,11.11111111111111,00-0032135,TE,2.0,7.5,4,2021,43
00-0032139,B.Koyack,Ben Koyack,TE,TE,"https://static.www.nfl.com/image/private/f_auto,q_auto/league/hg1fdty7xbpwztueey8j",JAX,2019,9,REG,HOU,0,0,0.0,0,0.0,0.0,0.0,0,0,0.0,0.0,0.0,,0,,,0,0.0,0,0.0,0.0,0.0,,0,0,1,0.0,0,0.0,0.0,-1.0,0.0,0.0,-0.79967105,0,0.0,0.022727273,-0.002631579,0.032248802,0.0,0.0,0.0,00-0032139,TE,2019_09_HOU_JAX,15.0,0.0,0.0,15.0,22.058823529411764,0.0,0.0,00-0032139,TE,3.0,0.0,1,2019,3
00-0032141,G.Swaim,Geoff Swaim,TE,TE,"https://static.www.nfl.com/image/upload/f_auto,q_auto/league/hx9yaocl4a6owbwaqajy",DAL,2018,1,REG,CAR,0,0,0.0,0,0.0,0.0,0.0,0,0,0.0,0.0,0.0,,0,,,0,0.0,0,0.0,0.0,0.0,,0,3,4,18.0,0,0.0,0.0,16.0,18.0,2.0,-0.5904569,0,1.125,0.13793103,0.074074075,0.2587484,0.0,1.8,4.8,00-0032141,TE,2018_01_DAL_CAR,57.0,0.0,11.0,68.0,87.6923076923077,0.0,52.38095238095239,00-0032141,TE,1.0,3.3,7,2024,57
00-0032144,M.Gordon,Melvin Gordon,RB,RB,"https://static.www.nfl.com/image/private/f_auto,q_auto/league/i4g8x7yotpgszlyanow0",LAC,2018,1,REG,KC,0,0,0.0,0,0.0,0.0,0.0,0,0,0.0,0.0,0.0,,0,,,15,64.0,0,0.0,0.0,3.0,-2.6626775,1,9,13,102.0,0,0.0,0.0,-16.0,119.0,6.0,1.3968257,0,-6.375,0.26,-0.033126295,0.3668116,0.0,18.6,27.6,00-0032144,RB,2018_01_KC_LAC,63.0,0.0,0.0,63.0,75.90361445783132,0.0,0.0,00-0032144,RB,1.0,24.1,6,2023,72
00-0032147,T.Sambrailo,Ty Sambrailo,T,OL,"https://static.www.nfl.com/image/private/f_auto,q_auto/league/rzx2kzsxlbhmzevaekzp",ATL,2019,17,REG,TB,0,0,0.0,0,0.0,0.0,0.0,0,0,0.0,0.0,0.0,,0,,,0,0.0,0,0.0,0.0,0.0,,0,1,1,35.0,1,0.0,0.0,15.0,20.0,1.0,3.2651727,0,2.3333333,0.020833334,0.048543688,0.065230586,0.0,9.5,10.5,00-0032147,OT,2019_17_ATL_TB,2.0,0.0,6.0,8.0,2.2222222222222223,0.0,22.22222222222222,00-0032147,T,2.0,10.0,1,2019,1
00-0032156,T.Siemian,Trevor Siemian,QB,QB,"https://static.www.nfl.com/image/private/f_auto,q_auto/league/vmksfbms9zefxezf39sb",NYJ,2019,2,REG,CLE,3,6,3.0,0,0.0,2.0,17.0,0,0,41.0,11.0,0.0,-5.561113,0,0.07317073,-0.0044430657,0,0.0,0,0.0,0.0,0.0,,0,0,0,0.0,0,0.0,0.0,0.0,0.0,0.0,,0,,,,,0.0,0.12,0.12,00-0032156,QB,2019_02_CLE_NYJ,20.0,0.0,0.0,20.0,29.411764705882355,0.0,0.0,00-0032156,QB,2.0,0.12,4,2023,16
00-0032160,T.Williams,Tyrell Williams,WR,WR,"https://static.www.nfl.com/image/private/f_auto,q_auto/league/qixhze7yidydtc1vyeih",LAC,2018,1,REG,KC,0,0,0.0,0,0.0,0.0,0.0,0,0,0.0,0.0,0.0,,0,,,0,0.0,0,0.0,0.0,0.0,,0,2,5,8.0,1,0.0,0.0,83.0,1.0,1.0,-4.8327913,0,0.09638554,0.1,0.17184265,0.27028987,0.0,6.8,8.8,00-0032160,WR,2018_01_KC_LAC,63.0,0.0,0.0,63.0,75.90361445783132,0.0,0.0,00-0032160,WR,1.0,7.8,3,2021,32
00-0032166,S.Coates,Sammie Coates,WR,WR,"https://static.www.nfl.com/image/private/f_auto,q_auto/league/qtqofzkmblah8ycd4687",HOU,2018,1,REG,NE,0,0,0.0,0,0.0,0.0,0.0,0,0,0.0,0.0,0.0,,0,,,0,0.0,0,0.0,0.0,0.0,,0,0,1,0.0,0,0.0,0.0,2.0,0.0,0.0,-0.47450456,0,0.0,0.029411765,0.0053050397,0.047831174,0.0,0.0,0.0,00-0032166,WR,2018_01_HOU_NE,6.0,0.0,11.0,17.0,7.894736842105263,0.0,34.375,00-0032166,WR,2.0,0.0,1,2018,4
00-0032170,R.Greene,Rashad Greene,WR,WR,"https://static.www.nfl.com/image/private/f_auto,q_auto/league/xte6opvwocivpjpjplzp",JAX,2018,7,REG,HOU,0,0,0.0,0,0.0,0.0,0.0,0,0,0.0,0.0,0.0,,0,,,0,0.0,0,0.0,0.0,0.0,,0,1,1,8.0,0,0.0,0.0,6.0,2.0,0.0,0.1571665,0,1.3333334,0.025,0.026200874,0.05584061,0.0,0.8,1.8,00-0032170,WR,2018_07_HOU_JAX,18.0,0.0,0.0,18.0,25.71428571428571,0.0,0.0,,,,1.3,1,2018,13
00-0032187,D.Johnson,David Johnson,RB,RB,"https://static.www.nfl.com/image/private/f_auto,q_auto/league/y7dtsyyjnoafefkbylbb",ARI,2018,1,REG,WAS,0,0,0.0,0,0.0,0.0,0.0,0,0,0.0,0.0,0.0,,0,,,9,37.0,1,0.0,0.0,4.0,1.4590597,0,5,9,30.0,0,0.0,0.0,7.0,20.0,1.0,-4.5530186,0,4.285714,0.2647059,0.033653848,0.4206165,0.0,12.7,17.7,00-0032187,RB,2018_01_WAS_ARI,35.0,0.0,0.0,35.0,66.0377358490566,0.0,0.0,00-0032187,RB,1.0,15.2,5,2022,57
00-0032200,T.Montgomery,Ty Montgomery,WR,WR,"https://static.www.nfl.com/image/private/f_auto,q_auto/league/eagn4fvhnc9cp3wxeqoz",GB,2018,1,REG,CHI,0,0,0.0,0,0.0,0.0,0.0,0,0,0.0,0.0,0.0,,0,,,2,7.0,0,0.0,0.0,0.0,0.16383488,0,2,3,21.0,0,0.0,0.0,3.0,15.0,1.0,-5.852684,0,7.0,0.083333336,0.00882353,0.13117647,0.0,2.8,4.8,00-0032200,WR,2018_01_CHI_GB,23.0,0.0,8.0,31.0,36.507936507936506,0.0,28.57142857142857,00-0032200,WR,2.0,3.8,6,2023,74
00-0032209,T.Yeldon,T.J. Yeldon,RB,RB,"https://static.www.nfl.com/image/private/f_auto,q_auto/league/ktxkn2ltkmqfb5ugunt4",JAX,2018,1,REG,NYG,0,0,0.0,0,0.0,0.0,0.0,0,0,0.0,0.0,0.0,,0,,,14,51.0,0,0.0,0.0,1.0,-1.8888129,0,3,7,18.0,1,0.0,0.0,5.0,21.0,2.0,-0.9358975,0,3.6,0.21212122,0.02173913,0.3333992,0.0,12.9,15.9,00-0032209,RB,2018_01_JAX_NYG,42.0,0.0,0.0,42.0,64.61538461538461,0.0,0.0,00-0032209,RB,2.0,14.4,3,2020,23
00-0032214,T.Kroft,Tyler Kroft,TE,TE,"https://static.www.nfl.com/image/private/f_auto,q_auto/league/ztko1uhl01ebiutefibj",CIN,2018,1,REG,IND,0,0,0.0,0,0.0,0.0,0.0,0,0,0.0,0.0,0.0,,0,,,0,0.0,0,0.0,0.0,0.0,,0,1,1,9.0,0,0.0,0.0,2.0,7.0,1.0,0.47784957,0,4.5,0.035714287,0.01438849,0.06364337,0.0,0.9,1.9,00-0032214,TE,2018_01_CIN_IND,19.0,0.0,6.0,25.0,33.33333333333333,0.0,20.689655172413797,00-0032214,TE,1.0,1.4,5,2022,34
00-0032217,D.Smith,Donovan Smith,T,OL,"https://static.www.nfl.com/image/private/f_auto,q_auto/league/iivzp0ofngoslzvvb46q",KC,2023,2,REG,JAX,0,0,0.0,0,0.0,0.0,0.0,0,0,0.0,0.0,0.0,,0,,,0,0.0,0,0.0,0.0,0.0,,0,1,1,0.0,0,0.0,0.0,0.0,0.0,0.0,-1.6393696,0,,0.025,0.0,0.0375,0.0,0.0,1.0,00-0032217,OT,2023_02_KC_JAX,67.0,0.0,3.0,70.0,100.0,0.0,13.636363636363637,00-0032217,T,1.0,0.5,1,2023,1
00-0032227,J.Heuerman,Jeff Heuerman,TE,TE,"https://static.www.nfl.com/image/private/f_auto,q_auto/league/u3cggxnuwxem6rnkwzvg",DEN,2018,1,REG,SEA,0,0,0.0,0,0.0,0.0,0.0,0,0,0.0,0.0,0.0,,0,,,0,0.0,0,0.0,0.0,0.0,,0,1,1,15.0,0,0.0,0.0,15.0,0.0,1.0,0.75826246,0,1.0,0.025641026,0.040983606,0.067150064,0.0,1.5,2.5,00-0032227,TE,2018_01_SEA_DEN,60.0,0.0,0.0,60.0,78.94736842105263,0.0,0.0,00-0032227,TE,1.0,2.0,2,2019,18
00-0032241,T.Gurley,Todd Gurley,RB,RB,"https://static.www.nfl.com/image/private/f_auto,q_auto/league/ym7oprwel3dxbab0k7x9",LA,2018,1,REG,LV,0,0,0.0,0,0.0,0.0,0.0,0,0,0.0,0.0,0.0,,0,,,20,108.0,0,0.0,0.0,6.0,0.8951599,0,3,5,39.0,1,0.0,0.0,-9.0,55.0,2.0,2.6216075,0,-4.3333335,0.15151516,-0.027272727,0.20818181,0.0,20.7,23.7,00-0032241,RB,2018_01_LA_OAK,58.0,0.0,0.0,58.0,92.06349206349206,0.0,0.0,00-0032241,RB,1.0,25.200000000000003,3,2020,47
00-0032245,S.Mannion,Sean Mannion,QB,QB,"https://static.www.nfl.com/image/private/f_auto,q_auto/league/lcuc7hhiijmt8xtitm77",LA,2018,7,REG,SF,0,0,0.0,0,0.0,0.0,0.0,0,0,0.0,0.0,0.0,,0,,,3,1.0,0,0.0,0.0,1.0,-0.47528058,0,0,0,0.0,0,0.0,0.0,0.0,0.0,0.0,,0,,,,,0.0,0.1,0.1,00-0032245,QB,2018_07_LA_SF,8.0,0.0,0.0,8.0,13.559322033898304,0.0,0.0,00-0032245,QB,2.0,0.1,3,2021,7
00-0032256,C.Walford,Clive Walford,TE,TE,"https://static.www.nfl.com/image/private/f_auto,q_auto/league/fjs40pz6ry6p7jqzckeg",MIA,2019,10,REG,IND,0,0,0.0,0,0.0,0.0,0.0,0,0,0.0,0.0,0.0,,0,,,0,0.0,0,0.0,0.0,0.0,,0,1,1,8.0,0,0.0,0.0,4.0,4.0,1.0,1.8544034,0,2.0,0.030303031,0.023121387,0.061639518,0.0,0.8,1.8,00-0032256,TE,2019_10_MIA_IND,6.0,0.0,4.0,10.0,8.955223880597014,0.0,16.0,00-0032256,TE,3.0,1.3,1,2019,4
00-0032257,D.Johnson,Duke Johnson,RB,RB,"https://static.www.nfl.com/image/private/f_auto,q_auto/league/hf7lxjjesduggqdfktsg",CLE,2018,1,REG,PIT,0,0,0.0,0,0.0,0.0,0.0,0,0,0.0,0.0,0.0,,0,,,5,17.0,0,0.0,0.0,1.0,-0.24439126,0,1,6,8.0,0,0.0,0.0,0.0,6.0,0.0,-3.9364312,0,0.0,0.15789473,0.0,0.23684211,0.0,2.5,3.5,00-0032257,RB,2018_01_PIT_CLE,43.0,0.0,0.0,43.0,46.73913043478261,0.0,0.0,00-0032257,RB,2.0,3.0,5,2022,52
00-0032319,R.Travis,Ross Travis,TE,TE,"https://static.www.nfl.com/image/private/f_auto,q_auto/league/pqolizpud8fnjlh1s44h",IND,2019,13,REG,TEN,0,0,0.0,0,0.0,0.0,0.0,0,0,0.0,0.0,0.0,,0,,,0,0.0,0,0.0,0.0,0.0,,0,2,3,31.0,0,1.0,1.0,16.0,16.0,0.0,-3.5431209,0,1.9375,0.08108108,0.054421768,0.15971686,0.0,1.1,3.1,00-0032319,TE,2019_13_TEN_IND,12.0,0.0,0.0,12.0,16.901408450704224,0.0,0.0,,,,2.1,1,2019,3
00-0032320,E.Harris,Erik Harris,FS,DB,"https://static.www.nfl.com/image/private/f_auto,q_auto/league/vzqjwjllaqqqmrvvqwry",LV,2019,5,REG,CHI,0,0,0.0,0,0.0,0.0,0.0,0,0,0.0,0.0,0.0,,0,,,1,4.0,0,0.0,0.0,1.0,1.7644508,0,0,0,0.0,0,0.0,0.0,0.0,0.0,0.0,,0,,,,,0.0,0.4,0.4,00-0032320,FS,2019_05_CHI_OAK,1.0,58.0,17.0,76.0,1.351351351351351,100.0,68.0,00-0032320,FS,2.0,0.4,1,2019,1
00-0032355,C.Rogers,Chester Rogers,WR,WR,"https://static.www.nfl.com/image/private/f_auto,q_auto/league/lkszsifhpwtjpvjvlxw5",IND,2018,1,REG,CIN,0,0,0.0,0,0.0,0.0,0.0,0,0,0.0,0.0,0.0,,0,,,0,0.0,0,0.0,0.0,0.0,,0,3,3,18.0,0,0.0,0.0,3.0,15.0,2.0,1.8541485,0,6.0,0.057692308,0.01056338,0.09393283,0.0,1.8,4.8,00-0032355,WR,2018_01_CIN_IND,47.0,0.0,2.0,49.0,57.3170731707317,0.0,6.896551724137931,00-0032355,WR,1.0,3.3,3,2021,123
00-0032362,M.Harris,Maurice Harris,WR,WR,"https://static.www.nfl.com/image/private/f_auto,q_auto/league/w31fw8vgazrlgvyp2szu",WAS,2018,5,REG,NO,0,0,0.0,0,0.0,0.0,0.0,0,0,0.0,0.0,0.0,,0,,,0,0.0,0,0.0,0.0,0.0,,0,3,8,47.0,0,0.0,0.0,110.0,11.0,1.0,-8.433439,0,0.42727274,0.21621622,0.30985916,0.54122573,0.0,4.7,7.7,00-0032362,WR,2018_05_WAS_NO,49.0,0.0,6.0,55.0,79.03225806451613,0.0,24.0,00-0032362,WR,2.0,6.2,1,2018,19
00-0032371,R.Kelley,Rob Kelley,RB,RB,"https://static.www.nfl.com/image/private/f_auto,q_auto/league/xh5lyubvptmxmccydl73",WAS,2018,1,REG,ARI,0,0,0.0,0,0.0,0.0,0.0,0,0,0.0,0.0,0.0,,0,,,3,7.0,0,0.0,0.0,0.0,-1.3540195,0,0,0,0.0,0,0.0,0.0,0.0,0.0,0.0,,0,,,,,0.0,0.7,0.7,00-0032371,RB,2018_01_WAS_ARI,8.0,0.0,9.0,17.0,9.75609756097561,0.0,45.0,00-0032371,RB,3.0,0.7000000000000001,1,2018,2
00-0032377,J.Ferguson,Josh Ferguson,RB,RB,"https://static.www.nfl.com/image/private/f_auto,q_auto/league/htmbqglun1ydytcfrltb",WAS,2019,15,REG,PHI,0,0,0.0,0,0.0,0.0,0.0,0,0,0.0,0.0,0.0,,0,,,3,9.0,0,0.0,0.0,1.0,-0.06527595,0,0,0,0.0,0,0.0,0.0,0.0,0.0,0.0,,0,,,,,0.0,0.9,0.9,00-0032377,RB,2019_15_PHI_WAS,3.0,0.0,8.0,11.0,5.454545454545454,0.0,27.58620689655172,,,,0.9,1,2019,1
00-0032390,C.Jones,Cyrus Jones,CB,DB,"https://static.www.nfl.com/image/private/f_auto,q_auto/league/bpmiikrnvmkpkk5hgjhz",BAL,2018,12,REG,BAL,0,0,0.0,0,0.0,0.0,0.0,0,0,0.0,0.0,0.0,,0,,,0,0.0,0,0.0,0.0,0.0,,0,0,0,0.0,0,0.0,0.0,0.0,0.0,0.0,,0,,,,,1.0,6.0,6.0,00-0032390,CB,2018_12_OAK_BAL,0.0,3.0,16.0,19.0,0.0,4.166666666666666,57.14285714285714,00-0032390,CB,3.0,0.0,1,2018,2
00-0032393,C.Prosise,C.J. Prosise,RB,RB,"https://static.www.nfl.com/image/private/f_auto,q_auto/league/rcutby5hu0vtijh6adle",SEA,2018,2,REG,CHI,0,0,0.0,0,0.0,0.0,0.0,0,0,0.0,0.0,0.0,,0,,,0,0.0,0,0.0,0.0,0.0,,0,3,3,22.0,0,0.0,0.0,5.0,17.0,0.0,0.74322474,0,4.4,0.09090909,0.017301038,0.14847437,0.0,2.2,5.2,00-0032393,RB,2018_02_SEA_CHI,15.0,0.0,12.0,27.0,23.4375,0.0,44.44444444444444,00-0032393,RB,3.0,3.7,3,2020,17
00-0032404,T.Ervin,Tyler Ervin,RB,RB,"https://static.www.nfl.com/image/private/f_auto,q_auto/league/tqevofjpvkvuvpdaoggm",HOU,2018,1,REG,NE,0,0,0.0,0,0.0,0.0,0.0,0,0,0.0,0.0,0.0,,0,,,0,0.0,0,0.0,0.0,0.0,,0,1,1,12.0,0,0.0,0.0,1.0,11.0,0.0,-0.1218054,0,12.0,0.029411765,0.0026525198,0.04597441,0.0,1.2,2.2,00-0032404,RB,2018_01_HOU_NE,7.0,0.0,12.0,19.0,9.210526315789473,0.0,37.5,00-0032404,RB,1.0,1.7000000000000002,3,2020,41
00-0032411,K.Dixon,Kenneth Dixon,RB,RB,"https://static.www.nfl.com/image/private/f_auto,q_auto/league/gzfijcqkmupkv6ajjruz",BAL,2018,1,REG,BUF,0,0,0.0,0,0.0,0.0,0.0,0,0,0.0,0.0,0.0,,0,,,13,44.0,1,0.0,0.0,3.0,-1.2839187,0,0,0,0.0,0,0.0,0.0,0.0,0.0,0.0,,0,,,,,0.0,10.4,10.4,00-0032411,RB,2018_01_BUF_BAL,23.0,0.0,0.0,23.0,27.710843373493976,0.0,0.0,00-0032411,RB,3.0,10.4,1,2018,8
00-0032417,P.Perkins,Paul Perkins,RB,RB,"https://static.www.nfl.com/image/private/f_auto,q_auto/league/bvq9v0mxyltlm9b8lstx",DET,2019,8,REG,NYG,0,0,0.0,0,0.0,0.0,0.0,0,0,0.0,0.0,0.0,,0,,,3,4.0,0,0.0,0.0,0.0,-1.7984582,0,0,0,0.0,0,0.0,0.0,0.0,0.0,0.0,,0,,,,,0.0,0.4,0.4,00-0032417,RB,2019_08_NYG_DET,4.0,0.0,4.0,8.0,5.47945205479452,0.0,16.0,,,,0.4,1,2019,3
00-0032419,J.Haeg,Joe Haeg,T,OL,"https://static.www.nfl.com/image/private/f_auto,q_auto/league/r1dnsh9odto6vsiyzl9i",TB,2020,21,POST,KC,0,0,0.0,0,0.0,0.0,0.0,0,0,0.0,0.0,0.0,,0,,,0,0.0,0,0.0,0.0,0.0,,0,0,1,0.0,0,0.0,0.0,2.0,0.0,0.0,-0.8708343,0,0.0,0.03448276,0.011363637,0.059678685,0.0,0.0,0.0,00-0032419,OT,,0.0,0.0,0.0,0.0,0.0,0.0,0.0,00-0032419,T,2.0,0.0,1,2020,1
00-0032423,T.Davis,Trevor Davis,WR,WR,"https://static.www.nfl.com/image/private/f_auto,q_auto/league/hinncjtjusiowdpefuj6",GB,2019,1,REG,CHI,0,0,0.0,0,0.0,0.0,0.0,0,0,0.0,0.0,0.0,,0,,,0,0.0,0,0.0,0.0,0.0,,0,1,1,28.0,0,0.0,0.0,18.0,10.0,1.0,2.3656557,0,1.5555556,0.037037037,0.07114624,0.10535793,0.0,2.8,3.8,00-0032423,WR,2019_01_GB_CHI,19.0,0.0,20.0,39.0,30.64516129032258,0.0,80.0,00-0032423,WR,1.0,3.3000000000000003,1,2019,13
00-0032426,A.Collins,Alex Collins,RB,RB,"https://static.www.nfl.com/image/private/f_auto,q_auto/league/ddlhbm7zsi5o69wh6z5o",BAL,2018,1,REG,BUF,0,0,0.0,0,0.0,0.0,0.0,0,0,0.0,0.0,0.0,,0,,,7,13.0,1,1.0,1.0,2.0,-5.5415864,0,1,1,6.0,0,0.0,0.0,-1.0,7.0,0.0,0.19474374,0,-6.0,0.027027028,-0.004132231,0.037647977,0.0,5.9,6.9,00-0032426,RB,2018_01_BUF_BAL,27.0,0.0,0.0,27.0,32.53012048192771,0.0,0.0,00-0032426,RB,1.0,6.4,3,2021,24
00-0032430,D.Morgan,David Morgan,TE,TE,"https://static.www.nfl.com/image/private/f_auto,q_auto/league/vvmtt05lja1y2iulrwdp",MIN,2018,1,REG,SF,0,0,0.0,0,0.0,0.0,0.0,0,0,0.0,0.0,0.0,,0,,,0,0.0,0,0.0,0.0,0.0,,0,1,1,9.0,0,0.0,0.0,-1.0,10.0,1.0,0.8935264,0,0.0,0.028571429,-0.0040650405,0.040011615,0.0,0.9,1.9,00-0032430,TE,2018_01_SF_MIN,32.0,0.0,6.0,38.0,42.66666666666667,0.0,21.428571428571427,00-0032430,TE,2.0,1.4,1,2018,5
00-0032436,J.Driskel,Jeff Driskel,QB,QB,"https://static.www.nfl.com/image/private/f_auto,q_auto/league/vs04xemcmwboamd8fpas",CIN,2018,7,REG,KC,4,4,39.0,0,0.0,0.0,-0.0,0,0,31.0,8.0,2.0,2.555405,0,1.2580645,,1,5.0,0,0.0,0.0,0.0,0.11500116,0,0,0,0.0,0,0.0,0.0,0.0,0.0,0.0,,0,,,,,0.0,2.06,2.06,00-0032436,QB,2018_07_CIN_KC,9.0,0.0,0.0,9.0,14.516129032258066,0.0,0.0,00-0032436,QB,2.0,2.06,5,2023,22
00-0032437,K.Grugier-Hill,Kamu Grugier-Hill,ILB,LB,"https://static.www.nfl.com/image/private/f_auto,q_auto/league/xwbgovhlzpkahi8bxbkr",ARI,2022,16,REG,TB,0,0,0.0,0,0.0,0.0,0.0,0,0,0.0,0.0,0.0,,0,,,0,0.0,0,0.0,0.0,0.0,,0,1,1,4.0,0,0.0,0.0,0.0,4.0,1.0,2.864477,0,0.0,0.023809524,0.0,0.035714287,0.0,0.4,1.4,00-0032437,OLB,2022_16_TB_ARI,1.0,18.0,22.0,41.0,1.2048192771084338,23.37662337662337,68.75,00-0032437,ILB,3.0,0.9,1,2022,1
00-0032450,D.Washington,Dwayne Washington,RB,RB,"https://static.www.nfl.com/image/private/f_auto,q_auto/league/h1nintlpbk2zyxerjpy4",NO,2018,4,REG,NYG,0,0,0.0,0,0.0,0.0,0.0,0,0,0.0,0.0,0.0,,0,,,2,2.0,0,0.0,0.0,0.0,-1.2021621,0,0,0,0.0,0,0.0,0.0,0.0,0.0,0.0,,0,,,,,0.0,0.2,0.2,00-0032450,RB,2018_04_NO_NYG,2.0,0.0,12.0,14.0,2.898550724637681,0.0,44.44444444444444,,,,0.2,5,2022,17
00-0032466,G.Fant,George Fant,T,OL,"https://static.www.nfl.com/image/upload/f_auto,q_auto/league/ldacexcnjy4isq1imivf",SEA,2018,14,REG,MIN,0,0,0.0,0,0.0,0.0,0.0,0,0,0.0,0.0,0.0,,0,,,0,0.0,0,0.0,0.0,0.0,,0,1,1,9.0,0,0.0,0.0,0.0,9.0,0.0,0.73342586,0,0.0,0.0625,0.0,0.09375,0.0,0.9,1.9,00-0032466,OT,2018_14_MIN_SEA,37.0,0.0,3.0,40.0,57.8125,0.0,13.636363636363637,00-0032466,T,2.0,1.4,2,2019,4
00-0032472,T.Madden,Tre Madden,FB,RB,"https://static.www.nfl.com/image/private/f_auto,q_auto/league/gxkbbtamw8l5tpecbssm",SEA,2018,1,REG,DEN,0,0,0.0,0,0.0,0.0,0.0,0,0,0.0,0.0,0.0,,0,,,0,0.0,0,0.0,0.0,0.0,,0,1,1,7.0,0,0.0,0.0,0.0,7.0,0.0,0.41789672,0,0.0,0.030303031,0.0,0.045454547,0.0,0.7,1.7,00-0032472,FB,2018_01_SEA_DEN,6.0,1.0,22.0,29.0,7.894736842105263,1.6666666666666667,66.66666666666666,00-0032472,FB,1.0,1.2000000000000002,1,2018,5
00-0032496,M.Farley,Matthias Farley,FS,DB,"https://static.www.nfl.com/image/private/f_auto,q_auto/league/yz4nj2cu0emfjudr3ofz",TEN,2021,1,REG,ARI,1,1,6.0,0,0.0,0.0,-0.0,0,0,4.0,2.0,1.0,3.0622718,0,1.5,,0,0.0,0,0.0,0.0,0.0,,0,0,0,0.0,0,0.0,0.0,0.0,0.0,0.0,,0,,,,,0.0,0.24,0.24,00-0032496,DB,2021_01_ARI_TEN,1.0,2.0,18.0,21.0,1.4925373134328357,2.7777777777777777,69.23076923076923,00-0032496,FS,2.0,0.24,2,2022,2
00-0032508,H.Valles,Hakeem Valles,TE,TE,"https://static.www.nfl.com/image/private/f_auto,q_auto/league/ieiahqsygsyjbwlvl3cy",DET,2018,1,REG,NYJ,0,0,0.0,0,0.0,0.0,0.0,0,0,0.0,0.0,0.0,,0,,,0,0.0,0,0.0,0.0,0.0,,0,1,2,5.0,0,0.0,0.0,20.0,0.0,0.0,-0.47380823,0,0.25,0.03846154,0.049627792,0.09243176,0.0,0.5,1.5,00-0032508,TE,2018_01_NYJ_DET,18.0,0.0,0.0,18.0,25.352112676056336,0.0,0.0,00-0032508,TE,3.0,1.0,1,2018,2
00-0032540,T.Carson,Tra Carson,RB,RB,"https://static.www.nfl.com/image/private/f_auto,q_auto/league/cpbomacc0snqelgvpz58",GB,2019,5,REG,DAL,0,0,0.0,0,0.0,0.0,0.0,0,0,0.0,0.0,0.0,,0,,,6,14.0,0,0.0,0.0,1.0,-2.1708257,0,4,4,18.0,0,0.0,0.0,4.0,14.0,0.0,-0.15333176,0,4.5,0.12903225,0.017699115,0.20593777,0.0,3.2,7.2,00-0032540,RB,2019_05_GB_DAL,24.0,0.0,13.0,37.0,33.80281690140845,0.0,39.39393939393939,,,,5.2,1,2019,2
00-0032543,A.Erickson,Alex Erickson,WR,WR,"https://static.www.nfl.com/image/private/f_auto,q_auto/league/tnd77vbkyo8srrrkaisu",CIN,2018,4,REG,ATL,0,0,0.0,0,0.0,0.0,0.0,0,0,0.0,0.0,0.0,,0,,,1,8.0,0,0.0,0.0,0.0,0.62508535,0,1,2,8.0,0,0.0,0.0,10.0,11.0,0.0,-0.36202317,0,0.8,0.048780486,0.03508772,0.097732134,0.0,1.6,2.6,00-0032543,WR,2018_04_CIN_ATL,36.0,0.0,9.0,45.0,48.0,0.0,32.142857142857146,00-0032543,WR,1.0,2.1,5,2023,131
00-0032562,C.Wick,Cole Wick,TE,TE,"https://static.www.nfl.com/image/private/f_auto,q_auto/league/iht2lfaubsm1jhgvi9tu",SF,2018,5,REG,ARI,0,0,0.0,0,0.0,0.0,0.0,0,0,0.0,0.0,0.0,,0,,,0,0.0,0,0.0,0.0,0.0,,0,0,1,0.0,0,0.0,0.0,1.0,0.0,0.0,-1.1772828,0,0.0,0.018518519,0.0038461538,0.030470086,0.0,0.0,0.0,00-0032562,TE,2018_05_ARI_SF,5.0,0.0,12.0,17.0,4.854368932038835,0.0,46.15384615384615,00-0032562,TE,3.0,0.0,1,2018,1
00-0032575,M.Skura,Matt Skura,C,OL,"https://static.www.nfl.com/image/private/f_auto,q_auto/league/h9enr0ycapsfxudjqe43",BAL,2020,9,REG,IND,0,0,0.0,0,0.0,0.0,0.0,0,0,0.0,0.0,0.0,,0,,,1,0.0,0,1.0,0.0,0.0,-0.59213275,0,0,0,0.0,0,0.0,0.0,0.0,0.0,0.0,,0,,,,,0.0,0.0,0.0,00-0032575,C,2020_09_BAL_IND,64.0,0.0,4.0,68.0,100.0,0.0,16.666666666666664,00-0032575,C,1.0,-2.0,1,2020,1
00-0032577,D.Foster,D.J. Foster,RB,RB,"https://static.www.nfl.com/image/private/f_auto,q_auto/league/thjquiyzbnepofa1mb94",ARI,2020,9,REG,MIA,0,0,0.0,0,0.0,0.0,0.0,0,0,0.0,0.0,0.0,,0,,,1,2.0,0,0.0,0.0,0.0,-0.4153468,0,1,1,7.0,0,0.0,0.0,4.0,3.0,1.0,0.66216576,0,1.75,0.03846154,0.016,0.06889231,0.0,0.9,1.9,00-0032577,RB,2020_09_MIA_ARI,5.0,0.0,1.0,6.0,7.042253521126761,0.0,3.571428571428571,,,,1.4,1,2020,2
00-0032592,S.Neasman,Sharrod Neasman,CB,DB,"https://static.www.nfl.com/image/private/f_auto,q_auto/league/yut5typ5hmpbucewbnwd",ATL,2020,1,REG,SEA,0,0,0.0,0,0.0,0.0,0.0,0,0,0.0,0.0,0.0,,0,,,1,2.0,0,1.0,1.0,0.0,-3.1054194,0,0,0,0.0,0,0.0,0.0,0.0,0.0,0.0,,0,,,,,0.0,-1.8,-1.8,00-0032592,S,2020_01_SEA_ATL,1.0,0.0,24.0,25.0,1.2195121951219512,0.0,85.71428571428571,00-0032592,CB,2.0,-1.8,1,2020,1
00-0032593,B.Wilds,Brandon Wilds,RB,RB,"https://static.www.nfl.com/image/private/f_auto,q_auto/league/pnkbbcmp3qmc3ncxfm7a",JAX,2018,2,REG,NE,0,0,0.0,0,0.0,0.0,0.0,0,0,0.0,0.0,0.0,,0,,,3,4.0,0,0.0,0.0,0.0,-1.4753691,0,0,0,0.0,0,0.0,0.0,0.0,0.0,0.0,,0,,,,,0.0,0.4,0.4,00-0032593,RB,2018_02_NE_JAX,5.0,0.0,0.0,5.0,7.042253521126761,0.0,0.0,,,,0.4,1,2018,3
00-0032599,J.Perkins,Joshua Perkins,TE,TE,"https://static.www.nfl.com/image/private/f_auto,q_auto/league/xxy4pbngyjfvrlkytvhk",PHI,2018,2,REG,TB,0,0,0.0,0,0.0,0.0,0.0,0,0,0.0,0.0,0.0,,0,,,0,0.0,0,0.0,0.0,0.0,,0,4,6,57.0,0,0.0,0.0,55.0,11.0,3.0,1.8966933,0,1.0363636,0.12765957,0.16975309,0.31031653,0.0,5.7,9.7,00-0032599,TE,2018_02_PHI_TB,25.0,0.0,16.0,41.0,31.64556962025317,0.0,57.14285714285714,00-0032599,TE,3.0,7.7,2,2019,6
00-0032602,J.McKissic,J.D. McKissic,RB,RB,"https://static.www.nfl.com/image/private/f_auto,q_auto/league/zi77vkqwrmklt5ic6lc6",SEA,2018,13,REG,SF,0,0,0.0,0,0.0,0.0,0.0,0,0,0.0,0.0,0.0,,0,,,0,0.0,0,0.0,0.0,0.0,,0,0,1,0.0,0,0.0,0.0,7.0,0.0,0.0,-0.5455206,0,0.0,0.05882353,0.04761905,0.12156863,0.0,0.0,0.0,00-0032602,RB,2018_13_SF_SEA,2.0,1.0,16.0,19.0,2.5316455696202533,1.694915254237288,55.172413793103445,,,,0.0,5,2022,57
00-0032626,G.Allison,Geronimo Allison,WR,WR,"https://static.www.nfl.com/image/private/f_auto,q_auto/league/pngohl9rhrwyiaf7ywnz",GB,2018,1,REG,CHI,0,0,0.0,0,0.0,0.0,0.0,0,0,0.0,0.0,0.0,,0,,,0,0.0,0,0.0,0.0,0.0,,0,5,8,69.0,1,0.0,0.0,112.0,11.0,3.0,5.58402,0,0.6160714,0.22222222,0.32941177,0.5639216,0.0,12.9,17.9,00-0032626,WR,2018_01_CHI_GB,43.0,1.0,14.0,58.0,68.25396825396825,1.4084507042253522,50.0,00-0032626,WR,1.0,15.4,3,2021,23
00-0032634,D.Grinnage,David Grinnage,TE,TE,"https://static.www.nfl.com/image/private/f_auto,q_auto/league/xzwdae27ugz08bfuce7b",JAX,2018,6,REG,DAL,0,0,0.0,0,0.0,0.0,0.0,0,0,0.0,0.0,0.0,,0,,,0,0.0,0,0.0,0.0,0.0,,0,1,1,7.0,0,0.0,0.0,4.0,3.0,0.0,0.36120635,0,1.75,0.03846154,0.018099548,0.070361994,0.0,0.7,1.7,00-0032634,TE,2018_06_JAX_DAL,9.0,0.0,0.0,9.0,18.75,0.0,0.0,,,,1.2000000000000002,1,2018,3
00-0032661,B.Braunecker,Ben Braunecker,TE,TE,"https://static.www.nfl.com/image/private/f_auto,q_auto/league/rjixl9e7vu8gze8324ne",CHI,2018,6,REG,MIA,0,0,0.0,0,0.0,0.0,0.0,0,0,0.0,0.0,0.0,,0,,,0,0.0,0,0.0,0.0,0.0,,0,0,1,0.0,0,0.0,0.0,13.0,0.0,0.0,-5.2623477,0,0.0,0.033333335,0.039634146,0.0777439,0.0,0.0,0.0,00-0032661,TE,2018_06_CHI_MIA,8.0,0.0,15.0,23.0,10.126582278481012,0.0,53.57142857142857,00-0032661,TE,3.0,0.0,2,2019,11
00-0032707,A.Jones,Andy Jones,WR,WR,"https://static.www.nfl.com/image/private/f_auto,q_auto/league/mdjom6h1xosrxbulj0gw",DET,2018,12,REG,CHI,0,0,0.0,0,0.0,0.0,0.0,0,0,0.0,0.0,0.0,,0,,,0,0.0,0,0.0,0.0,0.0,,0,1,3,4.0,0,0.0,0.0,4.0,1.0,1.0,-2.294936,0,1.0,0.08108108,0.031007752,0.14332704,0.0,0.4,1.4,00-0032707,WR,2018_12_CHI_DET,22.0,0.0,8.0,30.0,32.35294117647059,0.0,33.33333333333333,,,,0.9,1,2018,5
00-0032725,S.Anderson,Stephen Anderson,TE,TE,"https://static.www.nfl.com/image/private/f_auto,q_auto/league/inufsxftnotmpeot1lh2",LAC,2020,13,REG,NE,0,0,0.0,0,0.0,0.0,0.0,0,0,0.0,0.0,0.0,,0,,,0,0.0,0,0.0,0.0,0.0,,0,1,2,6.0,0,0.0,0.0,11.0,0.0,1.0,-0.29980525,0,0.54545456,0.03846154,0.033950616,0.08145774,0.0,0.6,1.6,00-0032725,TE,2020_13_NE_LAC,16.0,0.0,17.0,33.0,23.88059701492537,0.0,68.0,00-0032725,TE,2.0,1.1,3,2022,23
00-0032728,Te.Jones,Tevin Jones,WR,WR,"https://static.www.nfl.com/image/private/f_auto,q_auto/league/urta5cwlyagell20pqlo",PIT,2019,11,REG,CLE,0,0,0.0,0,0.0,0.0,0.0,0,0,0.0,0.0,0.0,,0,,,0,0.0,0,0.0,0.0,0.0,,0,2,4,24.0,0,0.0,0.0,74.0,0.0,0.0,-7.03265,0,0.3243243,0.093023255,0.17745803,0.2637555,0.0,2.4,4.4,00-0032728,WR,2019_11_PIT_CLE,36.0,0.0,6.0,42.0,51.42857142857142,0.0,23.07692307692308,,,,3.4000000000000004,1,2019,4
00-0032741,P.Barber,Peyton Barber,RB,RB,"https://static.www.nfl.com/image/private/f_auto,q_auto/league/yjcjcrdiztmfwjgcfbux",TB,2018,1,REG,NO,0,0,0.0,0,0.0,0.0,0.0,0,0,0.0,0.0,0.0,,0,,,19,69.0,0,0.0,0.0,2.0,-3.4071188,0,0,0,0.0,0,0.0,0.0,0.0,0.0,0.0,,0,,,,,0.0,6.9,6.9,00-0032741,RB,2018_01_TB_NO,45.0,0.0,0.0,45.0,71.42857142857143,0.0,0.0,00-0032741,RB,1.0,6.9,4,2021,58
00-0032745,A.Cross,Alan Cross,TE,TE,"https://static.www.nfl.com/image/private/f_auto,q_auto/league/flcn8rvasatcy4cuoe1k",TB,2018,1,REG,NO,0,0,0.0,0,0.0,0.0,0.0,0,0,0.0,0.0,0.0,,0,,,0,0.0,0,0.0,0.0,0.0,,0,0,1,0.0,0,0.0,0.0,0.0,0.0,0.0,-0.9869714,0,,0.035714287,0.0,0.05357143,0.0,0.0,0.0,00-0032745,TE,2018_01_TB_NO,11.0,0.0,18.0,29.0,16.666666666666664,0.0,54.54545454545454,00-0032745,TE,3.0,0.0,1,2018,8
00-0032760,J.Doctson,Josh Doctson,WR,WR,"https://static.www.nfl.com/image/private/f_auto,q_auto/league/mkq3ycvjnr0ltb0yjczi",WAS,2018,1,REG,ARI,0,0,0.0,0,0.0,0.0,0.0,0,0,0.0,0.0,0.0,,0,,,0,0.0,0,0.0,0.0,0.0,,0,1,3,11.0,0,0.0,0.0,13.0,2.0,1.0,-0.44368124,0,0.84615386,0.10344828,0.12745099,0.2443881,0.0,1.1,2.1,00-0032760,WR,2018_01_WAS_ARI,73.0,0.0,0.0,73.0,89.02439024390245,0.0,0.0,00-0032760,WR,1.0,1.6,1,2018,15
00-0032765,M.Thomas,Michael Thomas,WR,WR,"https://static.www.nfl.com/image/private/f_auto,q_auto/league/sxldsbuw65hfmkzqhw96",NO,2018,1,REG,TB,0,0,0.0,0,0.0,0.0,0.0,0,0,0.0,0.0,0.0,,0,,,0,0.0,0,0.0,0.0,0.0,,0,16,17,180.0,1,1.0,1.0,128.0,63.0,7.0,5.0667696,0,1.40625,0.38636363,0.37536657,0.842302,0.0,22.0,38.0,00-0032765,WR,2018_01_TB_NO,63.0,0.0,0.0,63.0,95.45454545454544,0.0,0.0,,,,33.0,5,2023,58
00-0032773,N.Kwiatkoski,Nick Kwiatkoski,ILB,LB,"https://static.www.nfl.com/image/private/f_auto,q_auto/league/y4kxbbep5gxsvsdjjdnf",CHI,2018,17,REG,MIN,0,0,0.0,0,0.0,0.0,0.0,0,0,0.0,0.0,0.0,,0,,,0,0.0,0,0.0,0.0,0.0,,0,0,0,0.0,0,0.0,0.0,0.0,0.0,0.0,,1,,,,,0.0,2.0,2.0,00-0032773,ILB,2018_17_CHI_MIN,2.0,15.0,19.0,36.0,3.4482758620689653,21.73913043478261,86.36363636363636,00-0032773,ILB,2.0,0.0,1,2018,1
00-0032778,T.Sharpe,Tajae Sharpe,WR,WR,"https://static.www.nfl.com/image/private/f_auto,q_auto/league/c8fgfxrl2gmdv8thgw1p",TEN,2018,1,REG,MIA,0,0,0.0,0,0.0,0.0,0.0,0,0,0.0,0.0,0.0,,0,,,0,0.0,0,0.0,0.0,0.0,,0,1,3,17.0,0,0.0,0.0,31.0,13.0,1.0,-5.036745,0,0.5483871,0.078947365,0.11969112,0.20220484,0.0,1.7,2.7,00-0032778,WR,2018_01_TEN_MIA,60.0,0.0,1.0,61.0,84.50704225352112,0.0,3.571428571428571,00-0032778,WR,2.0,2.2,4,2021,48
00-0032780,J.Howard,Jordan Howard,RB,RB,"https://static.www.nfl.com/image/private/f_auto,q_auto/league/nbvb6bsrmjupmqrrf1n4",CHI,2018,1,REG,GB,0,0,0.0,0,0.0,0.0,0.0,0,0,0.0,0.0,0.0,,0,,,15,82.0,0,0.0,0.0,3.0,0.863306,0,5,5,25.0,0,0.0,0.0,8.0,17.0,0.0,0.3257727,0,3.125,0.15151516,0.03846154,0.2541958,0.0,10.7,15.7,00-0032780,RB,2018_01_CHI_GB,50.0,0.0,0.0,50.0,70.4225352112676,0.0,0.0,00-0032780,RB,1.0,13.2,5,2022,43
00-0032782,W.Smallwood,Wendell Smallwood,RB,RB,"https://static.www.nfl.com/image/private/f_auto,q_auto/league/r20rhl0c17ql8dtnl5kz",PHI,2018,2,REG,TB,0,0,0.0,0,0.0,0.0,0.0,0,0,0.0,0.0,0.0,,0,,,7,28.0,0,0.0,0.0,1.0,0.48113754,0,1,1,2.0,0,1.0,1.0,-3.0,5.0,0.0,-0.67067313,0,-0.6666667,0.021276595,-0.009259259,0.025433412,0.0,1.0,2.0,00-0032782,RB,2018_02_PHI_TB,25.0,0.0,19.0,44.0,31.64556962025317,0.0,67.85714285714286,00-0032782,RB,3.0,1.5000000000000004,3,2021,53
00-0032790,D.Houston-Carson,DeAndre Houston-Carson,FS,DB,"https://static.www.nfl.com/image/private/f_auto,q_auto/league/fxpb4ojlixre6s7tn5ru",CHI,2021,9,REG,PIT,0,0,0.0,0,0.0,0.0,0.0,0,0,0.0,0.0,0.0,,0,,,0,0.0,0,0.0,0.0,0.0,,0,0,0,0.0,0,0.0,0.0,0.0,0.0,0.0,,0,,,,,1.0,6.0,6.0,00-0032790,DB,2021_09_CHI_PIT,0.0,71.0,11.0,82.0,0.0,100.0,31.428571428571427,00-0032790,FS,2.0,0.0,1,2021,1
00-0032791,J.Grant,Jakeem Grant,WR,WR,"https://static.www.nfl.com/image/private/f_auto,q_auto/league/f2ujcvb61rknhjyxcrsu",MIA,2018,1,REG,TEN,0,0,0.0,0,0.0,0.0,0.0,0,0,0.0,0.0,0.0,,0,,,0,0.0,0,0.0,0.0,0.0,,0,5,7,38.0,0,0.0,0.0,112.0,3.0,2.0,1.2464201,0,0.3392857,0.25,0.38487974,0.6444158,1.0,9.8,14.8,00-0032791,WR,2018_01_TEN_MIA,25.0,0.0,6.0,31.0,40.32258064516129,0.0,21.428571428571427,00-0032791,WR,1.0,6.300000000000001,4,2021,119
00-0032792,N.Sudfeld,Nate Sudfeld,QB,QB,"https://static.www.nfl.com/image/private/f_auto,q_auto/league/it5e3w2ufgfp7sc5wgo2",PHI,2018,16,REG,HOU,0,1,0.0,0,0.0,0.0,-0.0,0,0,10.0,0.0,0.0,-0.2787508,0,0.0,,0,0.0,0,0.0,0.0,0.0,,0,0,0,0.0,0,0.0,0.0,0.0,0.0,0.0,,0,,,,,0.0,0.0,0.0,00-0032792,QB,2018_16_HOU_PHI,1.0,0.0,0.0,1.0,1.2048192771084338,0.0,0.0,00-0032792,QB,2.0,0.0,3,2022,5
00-0032793,B.Countess,Blake Countess,SS,DB,"https://static.www.nfl.com/image/private/f_auto,q_auto/league/gtcvlfetdzz2sdsmqf7v",LA,2018,3,REG,LA,0,0,0.0,0,0.0,0.0,0.0,0,0,0.0,0.0,0.0,,0,,,0,0.0,0,0.0,0.0,0.0,,0,0,0,0.0,0,0.0,0.0,0.0,0.0,0.0,,0,,,,,1.0,6.0,6.0,00-0032793,CB,2018_03_LAC_LA,0.0,0.0,19.0,19.0,0.0,0.0,76.0,00-0032793,SS,2.0,0.0,1,2018,1
00-0032794,D.Vitale,Dan Vitale,FB,RB,"https://static.www.nfl.com/image/private/f_auto,q_auto/league/x9z1hqodjhb8dio4dr1w",GB,2018,16,REG,NYJ,0,0,0.0,0,0.0,0.0,0.0,0,0,0.0,0.0,0.0,,0,,,0,0.0,0,0.0,0.0,0.0,,0,1,2,2.0,0,0.0,0.0,3.0,0.0,1.0,-0.6913949,0,0.6666667,0.03773585,0.007874016,0.062115584,0.0,0.2,1.2,00-0032794,RB,2018_16_GB_NYJ,8.0,1.0,23.0,32.0,12.5,1.0869565217391304,63.888888888888886,00-0032794,FB,3.0,0.7,2,2019,10
00-0032795,C.Core,Cody Core,WR,WR,"https://static.www.nfl.com/image/private/f_auto,q_auto/league/aan5zyvrcyn0wfeh2xdi",CIN,2018,6,REG,PIT,0,0,0.0,0,0.0,0.0,0.0,0,0,0.0,0.0,0.0,,0,,,0,0.0,0,0.0,0.0,0.0,,0,0,3,0.0,0,0.0,0.0,43.0,0.0,0.0,-2.4797094,0,0.0,0.07317073,0.10591133,0.18389402,0.0,0.0,0.0,00-0032795,WR,2018_06_PIT_CIN,8.0,0.0,18.0,26.0,10.81081081081081,0.0,66.66666666666666,00-0032795,WR,3.0,0.0,2,2019,11
00-0032807,C.Fejedelem,Clayton Fejedelem,SS,DB,"https://static.www.nfl.com/image/private/f_auto,q_auto/league/mlxzah8tensxhgwc7z3x",CIN,2018,7,REG,KC,0,0,0.0,0,0.0,0.0,0.0,0,0,0.0,0.0,0.0,,0,,,1,0.0,0,1.0,0.0,0.0,-3.313027,0,0,0,0.0,0,0.0,0.0,0.0,0.0,0.0,,0,,,,,0.0,0.0,0.0,00-0032807,DB,2018_07_CIN_KC,1.0,0.0,24.0,25.0,1.6129032258064515,0.0,92.3076923076923,00-0032807,SS,2.0,-2.0,4,2022,6
00-0032813,E.Penny,Elijhaa Penny,RB,RB,"https://static.www.nfl.com/image/private/f_auto,q_auto/league/jiebuu94lu81xzneqrsf",NYG,2018,7,REG,ATL,0,0,0.0,0,0.0,0.0,0.0,0,0,0.0,0.0,0.0,,0,,,1,2.0,0,0.0,0.0,1.0,0.32821745,0,0,0,0.0,0,0.0,0.0,0.0,0.0,0.0,,0,,,,,0.0,0.2,0.2,00-0032813,FB,2018_07_NYG_ATL,6.0,0.0,1.0,7.0,9.230769230769232,0.0,4.0,00-0032813,RB,3.0,0.2,4,2021,34
00-0032881,T.Lewis,Tommylee Lewis,WR,WR,"https://static.www.nfl.com/image/private/f_auto,q_auto/league/qvf3ud6rgqusejdd4f5u",NO,2018,12,REG,ATL,0,0,0.0,0,0.0,0.0,0.0,0,0,0.0,0.0,0.0,,0,,,0,0.0,0,0.0,0.0,0.0,,0,1,1,28.0,1,0.0,0.0,27.0,1.0,1.0,2.4296403,0,1.037037,0.045454547,0.097826086,0.13666008,0.0,8.8,9.8,00-0032881,WR,2018_12_ATL_NO,28.0,0.0,0.0,28.0,51.85185185185185,0.0,0.0,,,,9.3,3,2021,16
00-0032897,D.Watt,Derek Watt,FB,RB,"https://static.www.nfl.com/image/private/f_auto,q_auto/league/jrhk6npb7u3tmgzt7rwn",LAC,2018,1,REG,KC,0,0,0.0,0,0.0,0.0,0.0,0,0,0.0,0.0,0.0,,0,,,1,1.0,0,0.0,0.0,1.0,0.5794231,0,0,0,0.0,0,0.0,0.0,0.0,0.0,0.0,,0,,,,,0.0,0.1,0.1,00-0032897,FB,2018_01_KC_LAC,7.0,0.0,24.0,31.0,8.433734939759036,0.0,80.0,00-0032897,FB,1.0,0.1,5,2022,32
00-0032911,S.Pulley,Spencer Pulley,C,OL,"https://static.www.nfl.com/image/private/f_auto,q_auto/league/hvyebzfdomw94gdyce0g",NYG,2018,10,REG,SF,0,0,0.0,0,0.0,0.0,0.0,0,0,0.0,0.0,0.0,,0,,,0,0.0,0,0.0,0.0,0.0,,0,1,1,-2.0,0,0.0,0.0,-2.0,0.0,0.0,-1.885765,0,0.0,0.032258064,-0.0073260074,0.04325889,0.0,-0.2,0.8,00-0032911,C,2018_10_NYG_SF,60.0,0.0,0.0,60.0,100.0,0.0,0.0,00-0032911,C,1.0,0.3,1,2018,1
00-0032935,J.Holton,Johnny Holton,WR,WR,"https://static.www.nfl.com/image/private/f_auto,q_auto/league/has0upkyuzqewhty3pb2",LV,2018,12,REG,BAL,0,0,0.0,0,0.0,0.0,0.0,0,0,0.0,0.0,0.0,,0,,,0,0.0,0,0.0,0.0,0.0,,0,0,1,0.0,0,0.0,0.0,45.0,0.0,0.0,-0.74482167,0,0.0,0.030303031,0.15100671,0.15115924,0.0,0.0,0.0,00-0032935,WR,2018_12_OAK_BAL,5.0,0.0,5.0,10.0,8.771929824561402,0.0,17.857142857142858,,,,0.0,2,2019,14
00-0032940,D.Washington,DeAndre Washington,RB,RB,"https://static.www.nfl.com/image/private/f_auto,q_auto/league/r89dcprs99qahleja3mz",LV,2018,8,REG,IND,0,0,0.0,0,0.0,0.0,0.0,0,0,0.0,0.0,0.0,,0,,,1,4.0,0,0.0,0.0,0.0,-0.15017214,0,0,0,0.0,0,0.0,0.0,0.0,0.0,0.0,,0,,,,,0.0,0.4,0.4,00-0032940,RB,2018_08_IND_OAK,2.0,0.0,8.0,10.0,3.8461538461538463,0.0,30.76923076923077,00-0032940,RB,3.0,0.4,3,2020,28
00-0032945,D.Williams,Duke Williams,WR,WR,"https://static.www.nfl.com/image/private/f_auto,q_auto/league/eqfjdj83ogwlnoumgacf",BUF,2019,5,REG,TEN,0,0,0.0,0,0.0,0.0,0.0,0,0,0.0,0.0,0.0,,0,,,0,0.0,0,0.0,0.0,0.0,,0,4,4,29.0,1,0.0,0.0,19.0,10.0,3.0,4.2241645,0,1.5263158,0.13793103,0.15966387,0.31866124,0.0,8.9,12.9,00-0032945,WR,2019_05_BUF_TEN,49.0,0.0,6.0,55.0,76.5625,0.0,25.0,,,,10.9,1,2019,6
00-0032950,C.Wentz,Carson Wentz,QB,QB,"https://static.www.nfl.com/image/private/f_auto,q_auto/league/indtay8ngoq8ubhhydbp",PHI,2018,3,REG,IND,25,37,255.0,1,1.0,5.0,28.0,1,1,288.0,92.0,12.0,-6.5725775,0,0.8854167,0.062339682,3,10.0,0,0.0,0.0,1.0,-1.0166976,0,0,0,0.0,0,0.0,0.0,0.0,0.0,0.0,,0,,,,,0.0,11.2,11.2,00-0032950,QB,2018_03_IND_PHI,86.0,0.0,0.0,86.0,100.0,0.0,0.0,00-0032950,QB,1.0,12.2,7,2024,69
00-0032956,A.Janovich,Andy Janovich,FB,RB,"https://static.www.nfl.com/image/private/f_auto,q_auto/league/w4nnz0yrfilgpexcseqy",DEN,2018,2,REG,LV,0,0,0.0,0,0.0,0.0,0.0,0,0,0.0,0.0,0.0,,0,,,0,0.0,0,0.0,0.0,0.0,,0,1,1,11.0,0,0.0,0.0,7.0,4.0,0.0,0.71836036,0,1.5714285,0.029411765,0.020648967,0.058571924,0.0,1.1,2.1,00-0032956,FB,2018_02_OAK_DEN,11.0,0.0,17.0,28.0,16.666666666666664,0.0,65.38461538461539,00-0032956,FB,1.0,1.6,4,2021,24
00-0032958,W.Parks,Will Parks,FS,DB,"https://static.www.nfl.com/image/private/f_auto,q_auto/league/lfhinmy4ca72xl7c9ead",NYJ,2022,6,REG,NYJ,0,0,0.0,0,0.0,0.0,0.0,0,0,0.0,0.0,0.0,,0,,,0,0.0,0,0.0,0.0,0.0,,0,0,0,0.0,0,0.0,0.0,0.0,0.0,0.0,,0,,,,,1.0,6.0,6.0,00-0032958,S,2022_06_NYJ_GB,0.0,0.0,14.0,14.0,0.0,0.0,48.27586206896552,00-0032958,FS,3.0,0.0,1,2022,1
00-0032959,C.Peake,Charone Peake,WR,WR,"https://static.www.nfl.com/image/private/f_auto,q_auto/league/f7a4bmcrcxmoyaagieop",NYJ,2018,7,REG,MIN,0,0,0.0,0,0.0,0.0,0.0,0,0,0.0,0.0,0.0,,0,,,0,0.0,0,0.0,0.0,0.0,,0,0,1,0.0,0,0.0,0.0,11.0,0.0,0.0,-5.2345233,0,0.0,0.023809524,0.02244898,0.05142857,0.0,0.0,0.0,00-0032959,WR,2018_07_MIN_NYJ,9.0,0.0,27.0,36.0,12.857142857142856,0.0,69.23076923076923,00-0032959,WR,2.0,0.0,1,2018,3
00-0032964,B.Marshall,Byron Marshall,RB,RB,"https://static.www.nfl.com/image/private/f_auto,q_auto/league/sdfnye7daaffwtre1mbl",WAS,2018,11,REG,HOU,0,0,0.0,0,0.0,0.0,0.0,0,0,0.0,0.0,0.0,,0,,,2,5.0,0,0.0,0.0,0.0,-0.5115094,0,0,1,0.0,0,0.0,0.0,1.0,0.0,0.0,-0.73559934,0,0.0,0.027777778,0.002415459,0.043357488,0.0,0.5,0.5,00-0032964,RB,2018_11_HOU_WAS,18.0,0.0,12.0,30.0,23.684210526315788,0.0,44.44444444444444,,,,0.5,1,2018,4
00-0032966,C.Coleman,Corey Coleman,WR,WR,"https://static.www.nfl.com/image/private/f_auto,q_auto/league/yawvrg2sh7ryru2z2kwe",NYG,2018,10,REG,SF,0,0,0.0,0,0.0,0.0,0.0,0,0,0.0,0.0,0.0,,0,,,0,0.0,0,0.0,0.0,0.0,,0,1,1,11.0,0,0.0,0.0,11.0,0.0,1.0,1.7155471,0,1.0,0.032258064,0.04029304,0.07659222,0.0,1.1,2.1,00-0032966,WR,2018_10_NYG_SF,8.0,0.0,6.0,14.0,13.333333333333334,0.0,20.0,00-0032966,WR,3.0,1.6,1,2018,17
00-0032972,D.Booker,Devontae Booker,RB,RB,"https://static.www.nfl.com/image/private/f_auto,q_auto/league/y5fw68qxcmxykv1uchlo",DEN,2018,1,REG,SEA,0,0,0.0,0,0.0,0.0,0.0,0,0,0.0,0.0,0.0,,0,,,2,4.0,0,0.0,0.0,0.0,-1.0257659,0,2,2,11.0,0,0.0,0.0,-8.0,19.0,0.0,-0.588683,0,-1.375,0.051282052,-0.021857923,0.06162253,0.0,1.5,3.5,00-0032972,RB,2018_01_SEA_DEN,19.0,0.0,9.0,28.0,25.0,0.0,27.27272727272727,00-0032972,RB,2.0,2.5,4,2021,64
00-0032975,J.Williams,Jonathan Williams,RB,RB,"https://static.www.nfl.com/image/private/f_auto,q_auto/league/dnlboggtjcflj9fxauub",NO,2018,1,REG,TB,0,0,0.0,0,0.0,0.0,0.0,0,0,0.0,0.0,0.0,,0,,,1,0.0,0,0.0,0.0,0.0,-0.4280218,0,0,0,0.0,0,0.0,0.0,0.0,0.0,0.0,,0,,,,,0.0,0.0,0.0,00-0032975,RB,2018_01_TB_NO,3.0,0.0,0.0,3.0,4.545454545454546,0.0,0.0,,,,0.0,6,2023,22
00-0032977,R.Higgins,Rashard Higgins,WR,WR,"https://static.www.nfl.com/image/private/f_auto,q_auto/league/mdn4he3iuc2mwx3cfvfj",CLE,2018,1,REG,PIT,0,0,0.0,0,0.0,0.0,0.0,0,0,0.0,0.0,0.0,,0,,,0,0.0,0,0.0,0.0,0.0,,0,1,3,38.0,0,0.0,0.0,48.0,13.0,1.0,1.9805622,0,0.7916667,0.078947365,0.11622276,0.19977699,0.0,3.8,4.8,00-0032977,WR,2018_01_PIT_CLE,57.0,0.0,1.0,58.0,67.85714285714286,0.0,2.7777777777777777,00-0032977,WR,2.0,4.300000000000001,4,2021,46
00-0032980,M.Johnson,Marcus Johnson,WR,WR,"https://static.www.nfl.com/image/private/f_auto,q_auto/league/pwq2yi4ewqtsx6buynay",IND,2018,3,REG,PHI,0,0,0.0,0,0.0,0.0,0.0,0,0,0.0,0.0,0.0,,0,,,1,-2.0,0,0.0,0.0,0.0,-0.9096971,0,0,0,0.0,0,0.0,0.0,0.0,0.0,0.0,,0,,,,,0.0,-0.2,-0.2,00-0032980,WR,2018_03_IND_PHI,2.0,0.0,10.0,12.0,3.225806451612903,0.0,37.03703703703704,00-0032980,WR,3.0,-0.2,5,2022,34
00-0032986,J.Holtz,J.P. Holtz,TE,TE,"https://static.www.nfl.com/image/private/f_auto,q_auto/league/qmr1ixr4moaj0cri78sq",CHI,2019,4,REG,MIN,0,0,0.0,0,0.0,0.0,0.0,0,0,0.0,0.0,0.0,,0,,,0,0.0,0,0.0,0.0,0.0,,0,1,1,7.0,0,0.0,0.0,1.0,6.0,0.0,0.35373777,0,7.0,0.030303031,0.004878049,0.04886918,0.0,0.7,1.7,00-0032986,TE,2019_04_MIN_CHI,17.0,0.0,6.0,23.0,23.61111111111111,0.0,30.0,00-0032986,TE,2.0,1.2000000000000002,2,2020,6
00-0033006,J.Mickens,Jaydon Mickens,WR,WR,"https://static.www.nfl.com/image/private/f_auto,q_auto/league/edjmdcnmfcqucsqym7ku",TB,2020,5,REG,CHI,0,0,0.0,0,0.0,0.0,0.0,0,0,0.0,0.0,0.0,,0,,,0,0.0,0,0.0,0.0,0.0,,0,2,2,22.0,0,0.0,0.0,6.0,16.0,1.0,1.0081007,0,3.6666667,0.048780486,0.015665796,0.08413679,0.0,2.2,4.2,00-0033006,WR,2020_05_TB_CHI,7.0,0.0,10.0,17.0,9.722222222222223,0.0,35.714285714285715,00-0033006,WR,1.0,3.2,2,2021,10
00-0033009,T.Boyd,Tyler Boyd,WR,WR,"https://static.www.nfl.com/image/private/f_auto,q_auto/league/vconwllovf9jqxpu9mow",CIN,2018,1,REG,IND,0,0,0.0,0,0.0,0.0,0.0,0,0,0.0,0.0,0.0,,0,,,0,0.0,0,0.0,0.0,0.0,,0,3,5,26.0,0,0.0,0.0,12.0,13.0,1.0,0.13521415,0,2.1666667,0.17857143,0.086330935,0.3282888,0.0,2.6,5.6,00-0033009,WR,2018_01_CIN_IND,50.0,0.0,0.0,50.0,87.71929824561403,0.0,0.0,00-0033009,WR,1.0,4.1,7,2024,230
00-0033025,J.Richard,Jalen Richard,RB,RB,"https://static.www.nfl.com/image/private/f_auto,q_auto/league/evmn0ccnvk73tukpmk5f",LV,2018,1,REG,LA,0,0,0.0,0,0.0,0.0,0.0,0,0,0.0,0.0,0.0,,0,,,5,24.0,0,0.0,0.0,1.0,-0.8318256,0,9,11,55.0,0,0.0,0.0,32.0,29.0,2.0,-2.1914816,0,1.71875,0.28947368,0.1632653,0.54849625,0.0,7.9,16.9,00-0033025,RB,2018_01_LA_OAK,37.0,0.0,3.0,40.0,49.333333333333336,0.0,10.344827586206897,00-0033025,RB,3.0,12.4,4,2021,104
00-0033045,E.Elliott,Ezekiel Elliott,RB,RB,"https://static.www.nfl.com/image/upload/f_auto,q_auto/league/qf0zgze0wkbvu9rlvolf",DAL,2018,1,REG,CAR,0,0,0.0,0,0.0,0.0,0.0,0,0,0.0,0.0,0.0,,0,,,15,69.0,1,0.0,0.0,3.0,0.18595129,0,3,4,17.0,0,0.0,0.0,-1.0,18.0,0.0,-1.7128706,0,-17.0,0.13793103,-0.0046296297,0.20365581,0.0,14.6,17.6,00-0033045,RB,2018_01_DAL_CAR,60.0,0.0,0.0,60.0,92.3076923076923,0.0,0.0,00-0033045,RB,1.0,16.1,7,2024,118
00-0033049,D.Jackson,Darius Jackson,RB,RB,"https://static.www.nfl.com/image/private/f_auto,q_auto/league/bmanrbbyt4fi777iarsx",DAL,2018,17,REG,NYG,0,0,0.0,0,0.0,0.0,0.0,0,0,0.0,0.0,0.0,,0,,,6,16.0,0,0.0,0.0,0.0,-1.4341058,0,0,1,0.0,0,0.0,0.0,-1.0,0.0,0.0,-0.51435184,0,-0.0,0.023255814,-0.0023923444,0.033209078,0.0,1.6,1.6,00-0033049,RB,2018_17_DAL_NYG,18.0,0.0,7.0,25.0,23.37662337662337,0.0,25.0,,,,1.6,1,2018,1
00-0033054,R.Gathers,Rico Gathers,TE,TE,"https://static.www.nfl.com/image/private/f_auto,q_auto/league/qovjpn6bhqobiwiv2b0c",DAL,2018,2,REG,NYG,0,0,0.0,0,0.0,0.0,0.0,0,0,0.0,0.0,0.0,,0,,,0,0.0,0,0.0,0.0,0.0,,0,0,2,0.0,0,0.0,0.0,23.0,0.0,0.0,-1.3522356,0,0.0,0.08695652,0.1036036,0.2029573,0.0,0.0,0.0,00-0033054,TE,2018_02_NYG_DAL,6.0,0.0,0.0,6.0,11.538461538461538,0.0,0.0,00-0033054,TE,3.0,0.0,1,2018,7
00-0033060,L.Carroo,Leonte Carroo,WR,WR,"https://static.www.nfl.com/image/private/f_auto,q_auto/league/rtyecvs5rx9awmpdk4c8",MIA,2018,10,REG,GB,0,0,0.0,0,0.0,0.0,0.0,0,0,0.0,0.0,0.0,,0,,,1,14.0,0,0.0,0.0,1.0,2.8845668,0,1,1,20.0,0,0.0,0.0,19.0,1.0,1.0,3.1203353,0,1.0526316,0.027777778,0.08370044,0.10025697,0.0,3.4,4.4,00-0033060,WR,2018_10_MIA_GB,18.0,1.0,15.0,34.0,25.71428571428571,1.7543859649122806,62.5,00-0033060,WR,2.0,3.9,1,2018,3
00-0033080,S.DeValve,Seth DeValve,TE,TE,"https://static.www.nfl.com/image/private/f_auto,q_auto/league/nrihd72oevgvvbhb8l6g",CLE,2018,5,REG,BAL,0,0,0.0,0,0.0,0.0,0.0,0,0,0.0,0.0,0.0,,0,,,0,0.0,0,0.0,0.0,0.0,,0,1,1,26.0,0,0.0,0.0,16.0,10.0,1.0,1.4964968,0,1.625,0.023809524,0.039119806,0.06309815,0.0,2.6,3.6,00-0033080,TE,2018_05_BAL_CLE,10.0,0.0,8.0,18.0,12.34567901234568,0.0,24.24242424242424,00-0033080,TE,2.0,3.1,3,2020,13
00-0033083,D.Thompson,Darian Thompson,FS,DB,"https://static.www.nfl.com/image/private/f_auto,q_auto/league/nfzpwopmrdccg8or1hj4",DAL,2020,2,REG,ATL,0,0,0.0,0,0.0,0.0,0.0,0,0,0.0,0.0,0.0,,0,,,1,3.0,0,0.0,0.0,0.0,-2.5365553,0,0,0,0.0,0,0.0,0.0,0.0,0.0,0.0,,0,,,,,0.0,0.3,0.3,00-0033083,DB,2020_02_ATL_DAL,2.0,40.0,11.0,53.0,2.564102564102564,47.61904761904761,32.35294117647059,00-0033083,FS,1.0,0.3,1,2020,2
00-0033085,J.Hawkins,Jerald Hawkins,T,OL,"https://static.www.nfl.com/image/private/f_auto,q_auto/league/qxv0dm3zyuz3eqcx1f3z",PIT,2020,13,REG,WAS,0,0,0.0,0,0.0,0.0,0.0,0,0,0.0,0.0,0.0,,0,,,0,0.0,0,0.0,0.0,0.0,,0,0,1,0.0,0,0.0,0.0,0.0,0.0,0.0,-1.0825694,0,,0.018867925,0.0,0.028301887,0.0,0.0,0.0,00-0033085,OT,2020_13_WAS_PIT,4.0,0.0,0.0,4.0,5.555555555555555,0.0,0.0,,,,0.0,1,2020,1
00-0033094,M.Hall,Marvin Hall,WR,WR,"https://static.www.nfl.com/image/private/f_auto,q_auto/league/dgyruyvyeuy4cwxhysox",ATL,2018,2,REG,CAR,0,0,0.0,0,0.0,0.0,0.0,0,0,0.0,0.0,0.0,,0,,,0,0.0,0,0.0,0.0,0.0,,0,1,1,30.0,0,0.0,0.0,21.0,9.0,1.0,2.0827441,0,1.4285715,0.035714287,0.07167236,0.10374208,0.0,3.0,4.0,00-0033094,WR,2018_02_CAR_ATL,9.0,0.0,18.0,27.0,12.676056338028168,0.0,64.28571428571429,00-0033094,WR,3.0,3.5,4,2021,51
00-0033095,G.Griffin,Garrett Griffin,TE,TE,"https://static.www.nfl.com/image/private/f_auto,q_auto/league/ss70hidq9xcteze3rdeg",NO,2018,20,POST,LA,0,0,0.0,0,0.0,0.0,0.0,0,0,0.0,0.0,0.0,,0,,,0,0.0,0,0.0,0.0,0.0,,0,2,2,12.0,1,0.0,0.0,0.0,12.0,1.0,1.2242032,0,0.0,0.051282052,0.0,0.07692308,0.0,7.2,9.2,00-0033095,TE,,0.0,0.0,0.0,0.0,0.0,0.0,0.0,,,,8.2,2,2021,3
00-0033104,C.Kessler,Cody Kessler,QB,QB,"https://static.www.nfl.com/image/private/f_auto,q_auto/league/gkvutiyutml2atftmu09",JAX,2018,7,REG,HOU,21,30,156.0,1,1.0,4.0,28.0,1,0,170.0,61.0,9.0,-4.68701,0,0.91764706,0.060629062,2,8.0,0,0.0,0.0,1.0,-0.26665953,0,0,0,0.0,0,0.0,0.0,0.0,0.0,0.0,,0,,,,,0.0,9.04,9.04,00-0033104,QB,2018_07_HOU_JAX,39.0,0.0,0.0,39.0,55.71428571428572,0.0,0.0,00-0033104,QB,2.0,8.040000000000001,1,2018,5
00-0033111,P.Cooper,Pharoh Cooper,WR,WR,"https://static.www.nfl.com/image/private/f_auto,q_auto/league/mnsqfcfqiehw5aocr1lg",LA,2018,13,REG,DET,0,0,0.0,0,0.0,0.0,0.0,0,0,0.0,0.0,0.0,,0,,,0,0.0,0,0.0,0.0,0.0,,0,0,1,0.0,0,0.0,0.0,6.0,0.0,0.0,-1.0020666,0,0.0,0.03125,0.017191976,0.058909383,0.0,0.0,0.0,00-0033111,WR,2018_13_LA_DET,3.0,0.0,7.0,10.0,4.411764705882353,0.0,22.58064516129032,00-0033111,WR,2.0,0.0,5,2022,57
00-0033112,T.Hemingway,Temarrick Hemingway,TE,TE,"https://static.www.nfl.com/image/private/f_auto,q_auto/league/ikzbygp007w9gn1rofoo",WAS,2020,5,REG,LA,0,0,0.0,0,0.0,0.0,0.0,0,0,0.0,0.0,0.0,,0,,,0,0.0,0,0.0,0.0,0.0,,0,1,1,10.0,0,0.0,0.0,4.0,6.0,1.0,0.8178188,0,2.5,0.035714287,0.03305785,0.07671192,0.0,1.0,2.0,00-0033112,TE,2020_05_LA_WAS,5.0,0.0,9.0,14.0,9.25925925925926,0.0,30.0,,,,1.5,1,2020,2
00-0033114,M.Thomas,Mike Thomas,WR,WR,"https://static.www.nfl.com/image/private/f_auto,q_auto/league/sytj4awk8kseyootqzec",LA,2019,8,REG,CIN,0,0,0.0,0,0.0,0.0,0.0,0,0,0.0,0.0,0.0,,0,,,0,0.0,0,0.0,0.0,0.0,,0,0,1,0.0,0,0.0,0.0,14.0,0.0,0.0,-0.66795295,0,0.0,0.033333335,0.044444446,0.08111111,0.0,0.0,0.0,00-0033114,WR,2019_08_CIN_LA,4.0,0.0,10.0,14.0,6.451612903225806,0.0,41.66666666666667,00-0033114,WR,2.0,0.0,4,2022,26
00-0033118,K.Drake,Kenyan Drake,RB,RB,"https://static.www.nfl.com/image/private/f_auto,q_auto/league/rp5apwel9vuk49b4lykn",MIA,2018,1,REG,TEN,0,0,0.0,0,0.0,0.0,0.0,0,0,0.0,0.0,0.0,,0,,,14,48.0,0,0.0,0.0,3.0,-3.157944,0,3,4,18.0,0,0.0,0.0,11.0,11.0,1.0,-1.4733149,0,1.6363636,0.14285715,0.03780069,0.2407462,0.0,6.6,9.6,00-0033118,RB,2018_01_TEN_MIA,47.0,0.0,0.0,47.0,75.80645161290323,0.0,0.0,00-0033118,RB,1.0,8.100000000000001,6,2023,102
00-0033127,W.Fuller,Will Fuller,WR,WR,"https://static.www.nfl.com/image/private/f_auto,q_auto/league/dgemxvhu8ffqmvmqczks",HOU,2018,2,REG,TEN,0,0,0.0,0,0.0,0.0,0.0,0,0,0.0,0.0,0.0,,0,,,0,0.0,0,0.0,0.0,0.0,,0,8,9,113.0,1,0.0,0.0,133.0,14.0,6.0,11.356589,0,0.84962404,0.29032257,0.33333334,0.6688172,0.0,17.3,25.3,00-0033127,WR,2018_02_HOU_TEN,55.0,0.0,0.0,55.0,80.88235294117648,0.0,0.0,00-0033127,WR,1.0,24.3,4,2021,33
00-0033132,K.Byard,Kevin Byard,FS,DB,"https://static.www.nfl.com/image/upload/f_auto,q_auto/league/uqesj1ki6bpa2slj7yvl",TEN,2018,2,REG,HOU,1,1,66.0,1,0.0,0.0,-0.0,0,0,17.0,49.0,1.0,7.646471,0,3.8823528,,0,0.0,0,0.0,0.0,0.0,,0,0,0,0.0,0,0.0,0.0,0.0,0.0,0.0,,0,,,,,0.0,6.64,6.64,00-0033132,FS,2018_02_HOU_TEN,1.0,68.0,7.0,76.0,1.4705882352941175,100.0,26.923076923076923,00-0033132,FS,1.0,6.640000000000001,2,2019,2
00-0033164,T.Pope,Troymaine Pope,RB,RB,"https://static.www.nfl.com/image/private/f_auto,q_auto/league/qgwjblnzedbxfulfhltu",LAC,2019,4,REG,MIA,0,0,0.0,0,0.0,0.0,0.0,0,0,0.0,0.0,0.0,,0,,,10,20.0,0,0.0,0.0,0.0,-3.597948,0,2,2,14.0,1,0.0,0.0,3.0,11.0,1.0,2.249408,0,4.6666665,0.06666667,0.012448133,0.108713694,0.0,9.4,11.4,00-0033164,RB,2019_04_LAC_MIA,25.0,0.0,11.0,36.0,38.46153846153847,0.0,50.0,00-0033164,RB,3.0,10.4,2,2020,9
00-0033215,C.Grayson,Cyril Grayson,WR,WR,"https://static.www.nfl.com/image/private/f_auto,q_auto/league/klv5np9csnnm6p6zpkcs",TB,2019,17,REG,ATL,0,0,0.0,0,0.0,0.0,0.0,0,0,0.0,0.0,0.0,,0,,,0,0.0,0,0.0,0.0,0.0,,0,1,1,3.0,0,0.0,0.0,2.0,1.0,0.0,-1.3904312,0,1.5,0.04347826,0.007843138,0.07070759,0.0,0.3,1.3,00-0033215,WR,2019_17_ATL_TB,4.0,0.0,0.0,4.0,7.547169811320755,0.0,0.0,00-0033215,WR,3.0,0.8,3,2021,6
00-0033258,D.Daniels,Darrell Daniels,TE,TE,"https://static.www.nfl.com/image/private/f_auto,q_auto/league/uite1keyl09qsvofsqzf",SEA,2018,5,REG,LA,0,0,0.0,0,0.0,0.0,0.0,0,0,0.0,0.0,0.0,,0,,,0,0.0,0,0.0,0.0,0.0,,0,0,1,0.0,0,0.0,0.0,21.0,0.0,0.0,-0.4779698,0,0.0,0.05263158,0.09859155,0.14796145,0.0,0.0,0.0,00-0033258,TE,2018_05_LA_SEA,21.0,1.0,7.0,29.0,33.87096774193548,1.4925373134328357,24.13793103448276,,,,0.0,4,2021,18
00-0033266,J.Natson,JoJo Natson,WR,WR,"https://static.www.nfl.com/image/private/f_auto,q_auto/league/ctmojzcskxm2rhyotsxo",CLE,2020,3,REG,WAS,0,0,0.0,0,0.0,0.0,0.0,0,0,0.0,0.0,0.0,,0,,,1,3.0,0,0.0,0.0,0.0,-0.18112433,0,0,0,0.0,0,0.0,0.0,0.0,0.0,0.0,,0,,,,,0.0,0.3,0.3,00-0033266,WR,2020_03_WAS_CLE,5.0,0.0,4.0,9.0,7.575757575757576,0.0,14.285714285714285,00-0033266,WR,3.0,0.3,1,2020,3
00-0033275,P.Walker,P.J. Walker,QB,QB,"https://static.www.nfl.com/image/upload/f_auto,q_auto/league/rfbfapksdwh1o4othraq",CAR,2020,8,REG,ATL,1,4,3.0,0,0.0,0.0,-0.0,0,0,36.0,6.0,0.0,-2.826851,0,0.083333336,,0,0.0,0,0.0,0.0,0.0,,0,0,0,0.0,0,0.0,0.0,0.0,0.0,0.0,,0,,,,,0.0,0.12,0.12,00-0033275,QB,2020_08_ATL_CAR,9.0,0.0,0.0,9.0,16.071428571428573,0.0,0.0,00-0033275,QB,3.0,0.12,4,2023,20
00-0033295,E.McGuire,Elijah McGuire,RB,RB,"https://static.www.nfl.com/image/private/f_auto,q_auto/league/hf6svwovhi83xfee214j",NYJ,2018,9,REG,MIA,0,0,0.0,0,0.0,0.0,0.0,0,0,0.0,0.0,0.0,,0,,,7,30.0,0,0.0,0.0,2.0,-0.850995,0,3,5,37.0,0,0.0,0.0,18.0,31.0,2.0,1.7152746,0,2.0555556,0.13157895,0.05642633,0.23686685,0.0,6.7,9.7,00-0033295,RB,2018_09_NYJ_MIA,38.0,0.0,0.0,38.0,55.88235294117647,0.0,0.0,,,,8.2,1,2018,8
00-0033296,A.Armah,Alex Armah,RB,RB,"https://static.www.nfl.com/image/private/f_auto,q_auto/league/pvbqmdwlukehpxovupsg",CAR,2018,1,REG,DAL,0,0,0.0,0,0.0,0.0,0.0,0,0,0.0,0.0,0.0,,0,,,1,1.0,1,0.0,0.0,1.0,0.53578025,0,0,0,0.0,0,0.0,0.0,0.0,0.0,0.0,,0,,,,,0.0,6.1,6.1,00-0033296,RB,2018_01_DAL_CAR,19.0,0.0,17.0,36.0,29.230769230769237,0.0,80.95238095238095,00-0033296,RB,1.0,6.1,5,2023,34
00-0033300,C.McDermott,Conor McDermott,T,OL,"https://static.www.nfl.com/image/private/f_auto,q_auto/league/cj0p7gori3mozhonb9lk",NYJ,2021,16,REG,JAX,0,0,0.0,0,0.0,0.0,0.0,0,0,0.0,0.0,0.0,,0,,,0,0.0,0,0.0,0.0,0.0,,0,1,1,1.0,1,0.0,0.0,1.0,0.0,1.0,2.4646783,0,1.0,0.04761905,0.01010101,0.07849928,0.0,6.1,7.1,00-0033300,OT,2021_16_JAX_NYJ,11.0,0.0,5.0,16.0,18.33333333333333,0.0,22.727272727272727,00-0033300,T,2.0,6.6,1,2021,2
00-0033306,V.Bolden,Victor Bolden,WR,WR,"https://static.www.nfl.com/image/private/f_auto,q_auto/league/kmdby2vcvsafzpkpsp5l",SF,2018,5,REG,ARI,0,0,0.0,0,0.0,0.0,0.0,0,0,0.0,0.0,0.0,,0,,,0,0.0,0,0.0,0.0,0.0,,0,1,4,10.0,0,0.0,0.0,47.0,1.0,1.0,-2.803767,0,0.21276596,0.074074075,0.18076923,0.23764957,0.0,1.0,2.0,00-0033306,WR,2018_05_ARI_SF,58.0,0.0,8.0,66.0,100.0,0.0,30.76923076923077,,,,1.5,1,2018,1
00-0033308,M.Breida,Matt Breida,RB,RB,"https://static.www.nfl.com/image/private/f_auto,q_auto/league/rc4m1xw0xmtsrxswd0bg",SF,2018,1,REG,MIN,0,0,0.0,0,0.0,0.0,0.0,0,0,0.0,0.0,0.0,,0,,,11,46.0,0,0.0,0.0,2.0,-2.276087,0,1,2,5.0,0,0.0,0.0,5.0,5.0,0.0,-0.2445195,0,1.0,0.0625,0.014534884,0.103924416,0.0,5.1,6.1,00-0033308,RB,2018_01_SF_MIN,30.0,0.0,4.0,34.0,44.776119402985074,0.0,14.285714285714285,00-0033308,RB,1.0,5.6000000000000005,6,2023,102
00-0033338,C.Carter,Cethan Carter,TE,TE,"https://static.www.nfl.com/image/private/f_auto,q_auto/league/soxu9ft40rqaizt9yizp",CIN,2019,15,REG,NE,0,0,0.0,0,0.0,0.0,0.0,0,0,0.0,0.0,0.0,,0,,,0,0.0,0,0.0,0.0,0.0,,0,2,2,13.0,1,0.0,0.0,8.0,5.0,2.0,2.8364527,0,1.625,0.06896552,0.0349345,0.12790242,0.0,7.3,9.3,00-0033338,TE,2019_15_NE_CIN,33.0,0.0,22.0,55.0,51.5625,0.0,78.57142857142857,00-0033338,TE,3.0,8.3,3,2021,10
00-0033357,T.Hill,Taysom Hill,QB,QB,"https://static.www.nfl.com/image/private/f_auto,q_auto/league/pjp1aahvacigoh0sorpg",NO,2018,3,REG,ATL,0,0,0.0,0,0.0,0.0,0.0,0,0,0.0,0.0,0.0,,0,,,3,39.0,0,0.0,0.0,2.0,3.4822483,0,0,0,0.0,0,0.0,0.0,0.0,0.0,0.0,,0,,,,,0.0,3.9,3.9,00-0033357,TE,2018_03_NO_ATL,5.0,1.0,28.0,34.0,6.172839506172839,1.4705882352941175,80.0,00-0033357,QB,3.0,3.9,7,2024,202
00-0033367,C.Board,C.J. Board,WR,WR,"https://static.www.nfl.com/image/private/f_auto,q_auto/league/pzshlaz0iihftpmg9imt",JAX,2019,9,REG,HOU,0,0,0.0,0,0.0,0.0,0.0,0,0,0.0,0.0,0.0,,0,,,0,0.0,0,0.0,0.0,0.0,,0,1,3,23.0,0,0.0,0.0,24.0,5.0,1.0,-0.15486404,0,0.9583333,0.06818182,0.06315789,0.14648326,0.0,2.3,3.3,00-0033367,WR,2019_09_HOU_JAX,8.0,0.0,0.0,8.0,11.76470588235294,0.0,0.0,00-0033367,WR,2.0,2.8000000000000003,4,2022,26
00-0033373,T.Mizzell,Taquan Mizzell,RB,RB,"https://static.www.nfl.com/image/private/f_auto,q_auto/league/hgm2eiin7bfergfrjhxi",CHI,2018,9,REG,BUF,0,0,0.0,0,0.0,0.0,0.0,0,0,0.0,0.0,0.0,,0,,,0,0.0,0,0.0,0.0,0.0,,0,1,2,5.0,0,0.0,0.0,-1.0,8.0,0.0,-0.39317417,0,-5.0,0.1,-0.0047393367,0.14668247,0.0,0.5,1.5,00-0033373,RB,2018_09_CHI_BUF,9.0,0.0,15.0,24.0,17.647058823529413,0.0,51.72413793103448,,,,1.0,1,2018,16
00-0033374,R.Ortiz,Ricky Ortiz,FB,RB,"https://static.www.nfl.com/image/private/f_auto,q_auto/league/dt4lvt5dpo92g8xdifnm",ATL,2018,5,REG,PIT,0,0,0.0,0,0.0,0.0,0.0,0,0,0.0,0.0,0.0,,0,,,0,0.0,0,0.0,0.0,0.0,,0,0,1,0.0,0,0.0,0.0,1.0,0.0,0.0,-0.81105494,0,0.0,0.022222223,0.0027855153,0.035283193,0.0,0.0,0.0,00-0033374,RB,2018_05_ATL_PIT,14.0,0.0,7.0,21.0,18.91891891891892,0.0,25.925925925925924,00-0033374,FB,1.0,0.0,2,2019,4
00-0033379,T.White,Tim White,WR,WR,"https://static.www.nfl.com/image/private/f_auto,q_auto/league/caxmcdcvqnix2vkutbq4",BAL,2018,4,REG,PIT,0,0,0.0,0,0.0,0.0,0.0,0,0,0.0,0.0,0.0,,0,,,0,0.0,0,0.0,0.0,0.0,,0,1,1,14.0,0,0.0,0.0,14.0,0.0,1.0,2.164134,0,1.0,0.025,0.035443038,0.062310126,0.0,1.4,2.4,00-0033379,WR,2018_04_BAL_PIT,2.0,0.0,10.0,12.0,2.5974025974025974,0.0,35.714285714285715,,,,1.9,1,2018,1
00-0033382,A.Carr,Austin Carr,WR,WR,"https://static.www.nfl.com/image/private/f_auto,q_auto/league/uuln9v0o8aeurocrzvxp",NO,2018,1,REG,TB,0,0,0.0,0,0.0,0.0,0.0,0,0,0.0,0.0,0.0,,0,,,0,0.0,0,0.0,0.0,0.0,,0,2,2,20.0,0,0.0,0.0,13.0,7.0,0.0,1.4240054,0,1.5384616,0.045454547,0.038123168,0.094868034,0.0,2.0,4.0,00-0033382,WR,2018_01_TB_NO,45.0,0.0,0.0,45.0,68.18181818181817,0.0,0.0,00-0033382,WR,3.0,3.0,3,2020,19
00-0033386,C.Hollister,Cody Hollister,WR,WR,"https://static.www.nfl.com/image/private/f_auto,q_auto/league/naicfqo1ayh448qi86xq",TEN,2019,13,REG,IND,0,0,0.0,0,0.0,0.0,0.0,0,0,0.0,0.0,0.0,,0,,,0,0.0,0,0.0,0.0,0.0,,0,2,2,13.0,0,0.0,0.0,10.0,3.0,0.0,0.18655622,0,1.3,0.0952381,0.0625,0.18660714,0.0,1.3,3.3,00-0033386,WR,2019_13_TEN_IND,2.0,0.0,6.0,8.0,3.508771929824561,0.0,20.689655172413797,00-0033386,WR,2.0,2.3,4,2022,9
00-0033387,J.Hollister,Jacob Hollister,TE,TE,"https://static.www.nfl.com/image/private/f_auto,q_auto/league/qdny7ap8ly1ozectd8zu",NE,2018,2,REG,JAX,0,0,0.0,0,0.0,0.0,0.0,0,0,0.0,0.0,0.0,,0,,,0,0.0,0,0.0,0.0,0.0,,0,3,3,35.0,0,0.0,0.0,23.0,12.0,1.0,2.6293402,0,1.5217391,0.08571429,0.10798122,0.20415828,0.0,3.5,6.5,00-0033387,TE,2018_02_NE_JAX,14.0,0.0,10.0,24.0,23.33333333333333,0.0,35.714285714285715,00-0033387,TE,3.0,5.0,4,2021,36
00-0033400,M.Haack,Matt Haack,P,SPEC,"https://static.www.nfl.com/image/private/f_auto,q_auto/league/piyf9wj7piroy6fqscvn",MIA,2019,7,REG,BUF,0,0,0.0,0,0.0,0.0,0.0,0,0,0.0,0.0,0.0,,0,,,1,2.0,0,0.0,0.0,1.0,2.4237692,0,0,0,0.0,0,0.0,0.0,0.0,0.0,0.0,,0,,,,,0.0,0.2,0.2,00-0033400,P,2019_07_MIA_BUF,1.0,0.0,7.0,8.0,1.36986301369863,0.0,26.923076923076923,00-0033400,P,1.0,0.2,1,2019,6
00-0033421,A.Auclair,Antony Auclair,TE,TE,"https://static.www.nfl.com/image/private/f_auto,q_auto/league/qkktgjw9l0ntyfiobegs",TB,2018,4,REG,CHI,0,0,0.0,0,0.0,0.0,0.0,0,0,0.0,0.0,0.0,,0,,,0,0.0,0,0.0,0.0,0.0,,0,1,1,8.0,0,0.0,0.0,6.0,2.0,0.0,0.34407797,0,1.3333334,0.02631579,0.016438356,0.050980534,0.0,0.8,1.8,00-0033421,TE,2018_04_TB_CHI,19.0,0.0,15.0,34.0,29.6875,0.0,53.57142857142857,00-0033421,TE,2.0,1.3,4,2021,13
00-0033434,B.Wilson,Bobo Wilson,WR,WR,"https://static.www.nfl.com/image/private/f_auto,q_auto/league/dxmqeel8jwf3yokvtg9a",TB,2018,14,REG,NO,0,0,0.0,0,0.0,0.0,0.0,0,0,0.0,0.0,0.0,,0,,,0,0.0,0,0.0,0.0,0.0,,0,1,1,8.0,0,0.0,0.0,1.0,7.0,0.0,-1.0688831,0,8.0,0.027027028,0.0021459227,0.042042688,0.0,0.8,1.8,00-0033434,WR,2018_14_NO_TB,18.0,0.0,14.0,32.0,24.65753424657534,0.0,53.84615384615385,,,,1.3,2,2019,18
00-0033441,K.Hatcher,Keon Hatcher,WR,WR,"https://static.www.nfl.com/image/private/f_auto,q_auto/league/xiahm288zxajbteu026w",LV,2018,12,REG,BAL,0,0,0.0,0,0.0,0.0,0.0,0,0,0.0,0.0,0.0,,0,,,0,0.0,0,0.0,0.0,0.0,,0,1,2,8.0,0,0.0,0.0,14.0,8.0,0.0,-1.3011574,0,0.5714286,0.060606062,0.046979867,0.123794995,0.0,0.8,1.8,00-0033441,WR,2018_12_OAK_BAL,2.0,0.0,0.0,2.0,3.508771929824561,0.0,0.0,,,,1.3,1,2018,1
00-0033455,A.Firkser,Anthony Firkser,TE,TE,"https://static.www.nfl.com/image/private/f_auto,q_auto/league/rta4x11kt1dt4hifufjq",TEN,2018,6,REG,BAL,0,0,0.0,0,0.0,0.0,0.0,0,0,0.0,0.0,0.0,,0,,,0,0.0,0,0.0,0.0,0.0,,0,2,2,25.0,0,0.0,0.0,11.0,14.0,1.0,2.3253524,0,2.2727273,0.14285715,0.06626506,0.26067126,0.0,2.5,4.5,00-0033455,TE,2018_06_BAL_TEN,16.0,0.0,4.0,20.0,34.78260869565217,0.0,19.047619047619047,,,,3.5,6,2023,78
00-0033460,J.Ross,John Ross,WR,WR,"https://static.www.nfl.com/image/private/f_auto,q_auto/league/u6ysgs3kj738n662uehl",CIN,2018,1,REG,IND,0,0,0.0,0,0.0,0.0,0.0,0,0,0.0,0.0,0.0,,0,,,0,0.0,0,0.0,0.0,0.0,,0,1,2,3.0,1,0.0,0.0,22.0,0.0,1.0,0.8635865,0,0.13636364,0.071428575,0.15827338,0.21793422,0.0,6.3,7.3,00-0033460,WR,2018_01_CIN_IND,37.0,0.0,0.0,37.0,64.91228070175438,0.0,0.0,00-0033460,WR,2.0,6.8,5,2024,33
00-0033464,J.Chesson,Jehu Chesson,WR,WR,"https://static.www.nfl.com/image/private/f_auto,q_auto/league/nmn44gw214duhlpzasyi",WAS,2018,2,REG,IND,0,0,0.0,0,0.0,0.0,0.0,0,0,0.0,0.0,0.0,,0,,,0,0.0,0,0.0,0.0,0.0,,0,0,1,0.0,0,0.0,0.0,15.0,0.0,0.0,-1.6153402,0,0.0,0.022727273,0.04601227,0.0662995,0.0,0.0,0.0,00-0033464,WR,2018_02_IND_WAS,1.0,0.0,18.0,19.0,1.639344262295082,0.0,72.0,,,,0.0,1,2018,3
00-0033466,I.McKenzie,Isaiah McKenzie,WR,WR,"https://static.www.nfl.com/image/upload/f_auto,q_auto/league/gy6grhpxsegfgklfadte",BUF,2018,10,REG,NYJ,0,0,0.0,0,0.0,0.0,0.0,0,0,0.0,0.0,0.0,,0,,,3,32.0,0,0.0,0.0,2.0,3.0483253,0,1,1,14.0,0,0.0,0.0,-4.0,18.0,1.0,0.9382529,0,0.0,0.03846154,-0.012578616,0.048887275,0.0,4.6,5.6,00-0033466,WR,2018_10_BUF_NYJ,7.0,0.0,8.0,15.0,9.722222222222223,0.0,26.666666666666668,,,,5.1000000000000005,6,2023,192
00-0033471,I.Ford,Isaiah Ford,WR,WR,"https://static.www.nfl.com/image/private/f_auto,q_auto/league/ycqftcjsc9vyqmc8tlmw",MIA,2018,13,REG,BUF,0,0,0.0,0,0.0,0.0,0.0,0,0,0.0,0.0,0.0,,0,,,0,0.0,0,0.0,0.0,0.0,,0,0,1,0.0,0,0.0,0.0,6.0,0.0,0.0,-0.74390614,0,0.0,0.041666668,0.024896266,0.079927385,0.0,0.0,0.0,00-0033471,WR,2018_13_BUF_MIA,14.0,0.0,0.0,14.0,25.454545454545453,0.0,0.0,,,,0.0,4,2021,28
00-0033474,G.Dieter,Gehrig Dieter,WR,WR,"https://static.www.nfl.com/image/private/f_auto,q_auto/league/ex3zzzxojejpl5rqskmq",KC,2018,13,REG,LV,0,0,0.0,0,0.0,0.0,0.0,0,0,0.0,0.0,0.0,,0,,,0,0.0,0,0.0,0.0,0.0,,0,0,1,0.0,0,0.0,0.0,41.0,0.0,0.0,-0.8824223,0,0.0,0.027027028,0.09512761,0.107129864,0.0,0.0,0.0,00-0033474,WR,2018_13_KC_OAK,4.0,0.0,14.0,18.0,5.714285714285714,0.0,43.75,00-0033474,WR,3.0,0.0,2,2020,4
00-0033481,M.Kemp,Marcus Kemp,WR,WR,"https://static.www.nfl.com/image/private/f_auto,q_auto/league/hetkew9ad3agbj8cq1r3",KC,2018,3,REG,SF,0,0,0.0,0,0.0,0.0,0.0,0,0,0.0,0.0,0.0,,0,,,0,0.0,0,0.0,0.0,0.0,,0,1,1,7.0,0,0.0,0.0,-1.0,8.0,0.0,-0.014074212,0,0.0,0.02631579,-0.0026041667,0.037650768,0.0,0.7,1.7,00-0033481,WR,2018_03_SF_KC,1.0,0.0,18.0,19.0,1.4492753623188406,0.0,64.28571428571429,00-0033481,WR,3.0,1.2000000000000002,4,2022,9
00-0033528,J.Sprinkle,Jeremy Sprinkle,TE,TE,"https://static.www.nfl.com/image/private/f_auto,q_auto/league/cncqiyqmj7ohm5k70bog",WAS,2018,7,REG,DAL,0,0,0.0,0,0.0,0.0,0.0,0,0,0.0,0.0,0.0,,0,,,0,0.0,0,0.0,0.0,0.0,,0,0,1,0.0,0,0.0,0.0,9.0,0.0,0.0,-0.551518,0,0.0,0.041666668,0.033210333,0.085747235,0.0,0.0,0.0,00-0033528,TE,2018_07_DAL_WAS,19.0,0.0,18.0,37.0,27.94117647058824,0.0,64.28571428571429,00-0033528,TE,3.0,0.0,4,2021,27
00-0033530,R.Davis,Robert Davis,WR,WR,"https://static.www.nfl.com/image/private/f_auto,q_auto/league/cqtclxiwsfbxniwvrldy",WAS,2019,4,REG,NYG,0,0,0.0,0,0.0,0.0,0.0,0,0,0.0,0.0,0.0,,0,,,0,0.0,0,0.0,0.0,0.0,,0,1,2,11.0,0,0.0,0.0,18.0,0.0,1.0,-2.9914386,0,0.6111111,0.07692308,0.077586204,0.16969496,0.0,1.1,2.1,00-0033530,WR,2019_04_WAS_NYG,22.0,0.0,2.0,24.0,43.13725490196079,0.0,10.0,00-0033530,WR,3.0,1.6,1,2019,3
00-0033536,M.Williams,Mike Williams,WR,WR,"https://static.www.nfl.com/image/private/f_auto,q_auto/league/oaa76gdfwdhaum4b5qkh",LAC,2018,1,REG,KC,0,0,0.0,0,0.0,0.0,0.0,0,0,0.0,0.0,0.0,,0,,,0,0.0,0,0.0,0.0,0.0,,0,5,6,81.0,0,0.0,0.0,88.0,15.0,5.0,6.1459455,0,0.92045456,0.12,0.18219462,0.30753624,0.0,8.1,13.1,00-0033536,WR,2018_01_KC_LAC,44.0,0.0,0.0,44.0,53.01204819277109,0.0,0.0,00-0033536,WR,2.0,10.6,7,2024,106
00-0033550,D.Webb,Davis Webb,QB,QB,"https://static.www.nfl.com/image/private/f_auto,q_auto/league/rxvilxbyuvwvorzzxhxf",BUF,2021,10,REG,NYJ,0,0,0.0,0,0.0,0.0,0.0,0,0,0.0,0.0,0.0,,0,,,2,-3.0,0,0.0,0.0,0.0,0.0,0,0,0,0.0,0,0.0,0.0,0.0,0.0,0.0,,0,,,,,0.0,-0.3,-0.3,00-0033550,QB,2021_10_BUF_NYJ,2.0,0.0,0.0,2.0,3.508771929824561,0.0,0.0,,,,-0.3,2,2022,2
00-0033556,T.Cohen,Tarik Cohen,RB,RB,"https://static.www.nfl.com/image/private/f_auto,q_auto/league/pm0uewrl0ugotlc5wbpc",CHI,2018,1,REG,GB,0,0,0.0,0,0.0,0.0,0.0,0,0,0.0,0.0,0.0,,0,,,5,25.0,0,0.0,0.0,2.0,1.6533062,0,3,4,16.0,0,0.0,0.0,-10.0,28.0,1.0,1.2689056,0,-1.6,0.121212125,-0.048076924,0.14816433,0.0,4.1,7.1,00-0033556,RB,2018_01_CHI_GB,28.0,0.0,4.0,32.0,44.44444444444444,0.0,14.285714285714285,00-0033556,RB,2.0,5.6,3,2020,92
00-0033557,J.Reeves-Maybin,Jalen Reeves-Maybin,OLB,LB,"https://static.www.nfl.com/image/upload/f_auto,q_auto/league/oczccxuvy4ltvjy4fhmu",DET,2023,1,REG,KC,0,0,0.0,0,0.0,0.0,0.0,0,0,0.0,0.0,0.0,,0,,,1,3.0,0,0.0,0.0,1.0,2.5288293,0,0,0,0.0,0,0.0,0.0,0.0,0.0,0.0,,0,,,,,0.0,0.3,0.3,00-0033557,LB,2023_01_DET_KC,1.0,0.0,23.0,24.0,1.4492753623188406,0.0,88.46153846153845,00-0033557,OLB,3.0,0.3,2,2024,4
00-0033559,M.Roberts,Michael Roberts,TE,TE,"https://static.www.nfl.com/image/private/f_auto,q_auto/league/budz2kcuoa7xbjfrfurg",DET,2018,2,REG,SF,0,0,0.0,0,0.0,0.0,0.0,0,0,0.0,0.0,0.0,,0,,,0,0.0,0,0.0,0.0,0.0,,0,1,1,15.0,1,0.0,0.0,15.0,0.0,1.0,3.9893086,0,1.0,0.01923077,0.032608695,0.051672243,0.0,7.5,8.5,00-0033559,TE,2018_02_DET_SF,7.0,0.0,7.0,14.0,9.090909090909092,0.0,20.588235294117645,00-0033559,TE,2.0,8.0,1,2018,7
00-0033562,R.Switzer,Ryan Switzer,WR,WR,"https://static.www.nfl.com/image/private/f_auto,q_auto/league/s7w7b3uxhppii72mttcu",PIT,2018,1,REG,CLE,0,0,0.0,0,0.0,0.0,0.0,0,0,0.0,0.0,0.0,,0,,,1,8.0,0,0.0,0.0,0.0,0.09621728,0,0,1,0.0,0,0.0,0.0,2.0,0.0,0.0,-0.8444321,0,0.0,0.024390243,0.005235602,0.040250286,0.0,0.8,0.8,00-0033562,WR,2018_01_PIT_CLE,7.0,0.0,16.0,23.0,8.333333333333332,0.0,44.44444444444444,00-0033562,WR,3.0,0.8,2,2019,53
00-0033564,J.Butt,Jake Butt,TE,TE,"https://static.www.nfl.com/image/private/f_auto,q_auto/league/faqk9sw4zigenjoavboi",DEN,2018,1,REG,SEA,0,0,0.0,0,0.0,0.0,0.0,0,0,0.0,0.0,0.0,,0,,,0,0.0,0,0.0,0.0,0.0,,0,2,4,29.0,0,0.0,0.0,44.0,18.0,2.0,-0.63309014,0,0.65909094,0.102564104,0.12021858,0.23799916,0.0,2.9,4.9,00-0033564,TE,2018_01_SEA_DEN,38.0,0.0,6.0,44.0,50.0,0.0,18.181818181818183,00-0033564,TE,2.0,3.9,2,2020,6
00-0033566,D.King,Desmond King,CB,DB,"https://static.www.nfl.com/image/private/f_auto,q_auto/league/jer13zsb22rmdldq5jtr",LAC,2018,13,REG,LAC,0,0,0.0,0,0.0,0.0,0.0,0,0,0.0,0.0,0.0,,0,,,0,0.0,0,0.0,0.0,0.0,,0,0,0,0.0,0,0.0,0.0,0.0,0.0,0.0,,0,,,,,1.0,6.0,6.0,00-0033566,DB,2018_13_LAC_PIT,0.0,56.0,9.0,65.0,0.0,82.35294117647058,32.142857142857146,00-0033566,CB,1.0,0.0,2,2019,7
00-0033567,B.Hill,Brian Hill,RB,RB,"https://static.www.nfl.com/image/private/f_auto,q_auto/league/bsgtdhaylnpxdhfxtx0y",ATL,2018,14,REG,GB,0,0,0.0,0,0.0,0.0,0.0,0,0,0.0,0.0,0.0,,0,,,1,5.0,0,0.0,0.0,1.0,0.3445718,0,0,0,0.0,0,0.0,0.0,0.0,0.0,0.0,,0,,,,,0.0,0.5,0.5,00-0033567,RB,2018_14_ATL_GB,10.0,0.0,9.0,19.0,13.6986301369863,0.0,32.142857142857146,,,,0.5,3,2020,30
00-0033573,S.Gibson,Shelton Gibson,WR,WR,"https://static.www.nfl.com/image/private/f_auto,q_auto/league/ooeitkt377s485zhchsi",PHI,2018,2,REG,TB,0,0,0.0,0,0.0,0.0,0.0,0,0,0.0,0.0,0.0,,0,,,0,0.0,0,0.0,0.0,0.0,,0,0,2,0.0,0,0.0,0.0,52.0,0.0,0.0,-2.8257759,0,0.0,0.04255319,0.16049382,0.17617546,0.0,0.0,0.0,00-0033573,WR,2018_02_PHI_TB,36.0,0.0,9.0,45.0,45.56962025316456,0.0,32.142857142857146,00-0033573,WR,1.0,0.0,1,2018,4
00-0033581,D.Henderson,De'Angelo Henderson Sr.,RB,RB,"https://static.www.nfl.com/image/private/f_auto,q_auto/league/jgr8ujycflajknnwxlnr",NYJ,2018,17,REG,NE,0,0,0.0,0,0.0,0.0,0.0,0,0,0.0,0.0,0.0,,0,,,2,19.0,0,1.0,1.0,0.0,-1.4000435,0,0,0,0.0,0,0.0,0.0,0.0,0.0,0.0,,0,,,,,0.0,-0.1,-0.1,00-0033581,RB,2018_17_NYJ_NE,3.0,0.0,0.0,3.0,5.263157894736842,0.0,0.0,00-0033581,RB,3.0,-0.0999999999999998,1,2018,1
00-0033594,C.Carson,Chris Carson,RB,RB,"https://static.www.nfl.com/image/private/f_auto,q_auto/league/zxjqunrgf4j8p2eg4xyl",SEA,2018,1,REG,DEN,0,0,0.0,0,0.0,0.0,0.0,0,0,0.0,0.0,0.0,,0,,,7,51.0,0,1.0,1.0,1.0,-5.4045277,0,3,5,28.0,0,0.0,0.0,-1.0,28.0,1.0,-0.8481748,0,-28.0,0.15151516,-0.002967359,0.22519557,0.0,5.9,8.9,00-0033594,RB,2018_01_SEA_DEN,25.0,0.0,6.0,31.0,41.66666666666667,0.0,18.181818181818183,00-0033594,RB,1.0,7.4,4,2021,49
00-0033597,C.Kelly,Chad Kelly,QB,QB,"https://static.www.nfl.com/image/private/f_auto,q_auto/league/msrm2dj2ksmjxpym2rqs",DEN,2018,6,REG,LA,0,0,0.0,0,0.0,0.0,0.0,0,0,0.0,0.0,0.0,,0,,,1,-1.0,0,0.0,0.0,0.0,0.0,0,0,0,0.0,0,0.0,0.0,0.0,0.0,0.0,,0,,,,,0.0,-0.1,-0.1,00-0033597,QB,,0.0,0.0,0.0,0.0,0.0,0.0,0.0,00-0033597,QB,2.0,-0.1,1,2018,1
00-0033604,K.Hogan,Krishawn Hogan,WR,WR,"https://static.www.nfl.com/image/private/f_auto,q_auto/league/wxw9mclsvbju33ixnqz9",NO,2019,16,REG,TEN,0,0,0.0,0,0.0,0.0,0.0,0,0,0.0,0.0,0.0,,0,,,0,0.0,0,0.0,0.0,0.0,,0,1,1,4.0,0,0.0,0.0,2.0,2.0,0.0,-1.0189835,0,2.0,0.025641026,0.007168459,0.04347946,0.0,0.4,1.4,00-0033604,WR,2019_16_NO_TEN,7.0,0.0,16.0,23.0,11.11111111111111,0.0,47.05882352941176,00-0033604,WR,3.0,0.9,1,2019,1
00-0033611,R.Seals-Jones,Ricky Seals-Jones,TE,TE,"https://static.www.nfl.com/image/private/f_auto,q_auto/league/nqwpbsutfe0anvjkqeux",ARI,2018,1,REG,WAS,0,0,0.0,0,0.0,0.0,0.0,0,0,0.0,0.0,0.0,,0,,,0,0.0,0,0.0,0.0,0.0,,0,3,6,19.0,0,0.0,0.0,53.0,5.0,2.0,-5.9406004,0,0.35849056,0.1764706,0.25480768,0.44307128,0.0,1.9,4.9,00-0033611,TE,2018_01_WAS_ARI,49.0,0.0,0.0,49.0,92.45283018867924,0.0,0.0,00-0033611,TE,1.0,3.4000000000000004,4,2021,36
00-0033627,J.Croom,Jason Croom,TE,TE,"https://static.www.nfl.com/image/private/f_auto,q_auto/league/ce3qgmgn139gn6vu44zz",BUF,2018,1,REG,BAL,0,0,0.0,0,0.0,0.0,0.0,0,0,0.0,0.0,0.0,,0,,,0,0.0,0,0.0,0.0,0.0,,0,2,3,18.0,0,0.0,0.0,27.0,12.0,1.0,-1.3729824,0,0.6666667,0.09375,0.07692308,0.19447115,0.0,1.8,3.8,00-0033627,TE,2018_01_BUF_BAL,19.0,1.0,16.0,36.0,22.89156626506024,1.4705882352941175,48.48484848484848,00-0033627,TE,2.0,2.8,2,2020,13
00-0033633,T.Gentry,Tanner Gentry,WR,WR,"https://static.www.nfl.com/image/private/f_auto,q_auto/league/ykdkdfncfuiirn9qsrk9",BUF,2022,5,REG,PIT,0,0,0.0,0,0.0,0.0,0.0,0,0,0.0,0.0,0.0,,0,,,0,0.0,0,0.0,0.0,0.0,,0,0,1,0.0,0,0.0,0.0,7.0,0.0,0.0,-0.7896298,0,0.0,0.027777778,0.015486726,0.052507374,0.0,0.0,0.0,00-0033633,WR,2022_05_PIT_BUF,9.0,0.0,1.0,10.0,16.363636363636363,0.0,4.0,,,,0.0,1,2022,1
00-0033642,B.Bello,B.J. Bello,MLB,LB,"https://static.www.nfl.com/image/private/f_auto,q_auto/league/qcodwdsis92iva0h2wft",NYJ,2019,15,REG,NYJ,0,0,0.0,0,0.0,0.0,0.0,0,0,0.0,0.0,0.0,,0,,,0,0.0,0,0.0,0.0,0.0,,0,0,0,0.0,0,0.0,0.0,0.0,0.0,0.0,,0,,,,,1.0,6.0,6.0,00-0033642,LB,2019_15_NYJ_BAL,0.0,2.0,15.0,17.0,0.0,2.941176470588235,53.57142857142857,00-0033642,MLB,2.0,0.0,1,2019,1
00-0033658,B.Jarwin,Blake Jarwin,TE,TE,"https://static.www.nfl.com/image/private/f_auto,q_auto/league/fsn8rvgup22r5e53mu7i",DAL,2018,1,REG,CAR,0,0,0.0,0,0.0,0.0,0.0,0,0,0.0,0.0,0.0,,0,,,0,0.0,0,0.0,0.0,0.0,,0,0,1,0.0,0,0.0,0.0,32.0,0.0,0.0,-0.9112293,0,0.0,0.03448276,0.14814815,0.15542784,0.0,0.0,0.0,00-0033658,TE,2018_01_DAL_CAR,22.0,0.0,15.0,37.0,33.84615384615385,0.0,71.42857142857143,00-0033658,TE,2.0,0.0,4,2021,39
00-0033681,K.Cole,Keelan Cole,WR,WR,"https://static.www.nfl.com/image/private/f_auto,q_auto/league/djdjurxk3b6y347zirvz",JAX,2018,1,REG,NYG,0,0,0.0,0,0.0,0.0,0.0,0,0,0.0,0.0,0.0,,0,,,0,0.0,0,0.0,0.0,0.0,,0,3,4,54.0,0,0.0,0.0,39.0,15.0,3.0,1.5722672,0,1.3846154,0.121212125,0.16956522,0.30051383,0.0,5.4,8.4,00-0033681,WR,2018_01_JAX_NYG,49.0,0.0,0.0,49.0,75.38461538461539,0.0,0.0,00-0033681,WR,1.0,6.9,5,2022,118
00-0033696,S.Culkin,Sean Culkin,TE,TE,"https://static.www.nfl.com/image/private/f_auto,q_auto/league/pj36sitdqfq76pveqckq",LAC,2018,12,REG,ARI,0,0,0.0,0,0.0,0.0,0.0,0,0,0.0,0.0,0.0,,0,,,0,0.0,0,0.0,0.0,0.0,,0,1,1,24.0,0,0.0,0.0,24.0,0.0,1.0,2.271966,0,1.0,0.032258064,0.1904762,0.18172044,0.0,2.4,3.4,00-0033696,TE,2018_12_ARI_LAC,5.0,0.0,10.0,15.0,7.462686567164178,0.0,35.714285714285715,00-0033696,TE,3.0,2.9000000000000004,2,2019,3
00-0033705,A.Patton,Andre Patton,WR,WR,"https://static.www.nfl.com/image/private/f_auto,q_auto/league/dca3n5hsrjgafphple2g",LAC,2019,4,REG,MIA,0,0,0.0,0,0.0,0.0,0.0,0,0,0.0,0.0,0.0,,0,,,0,0.0,0,0.0,0.0,0.0,,0,2,4,22.0,0,0.0,0.0,49.0,10.0,2.0,0.4814658,0,0.4489796,0.13333334,0.2033195,0.34232366,0.0,2.2,4.2,00-0033705,WR,2019_04_LAC_MIA,21.0,0.0,12.0,33.0,32.30769230769231,0.0,54.54545454545454,,,,3.2,1,2019,7
00-0033720,C.Thompson,Colin Thompson,TE,TE,"https://static.www.nfl.com/image/private/f_auto,q_auto/league/lbjhmxtdg1i6ichpzrbw",CAR,2020,8,REG,ATL,0,0,0.0,0,0.0,0.0,0.0,0,0,0.0,0.0,0.0,,0,,,0,0.0,0,0.0,0.0,0.0,,0,0,1,0.0,0,0.0,0.0,-1.0,0.0,0.0,-0.5121308,0,0.0,0.03846154,-0.004524887,0.054524887,0.0,0.0,0.0,00-0033720,TE,2020_08_ATL_CAR,12.0,0.0,11.0,23.0,21.428571428571427,0.0,50.0,00-0033720,TE,3.0,0.0,2,2021,3
00-0033725,C.Clement,Corey Clement,RB,RB,"https://static.www.nfl.com/image/private/f_auto,q_auto/league/rrbdxl0frmnyr1qcgexd",PHI,2018,1,REG,ATL,0,0,0.0,0,0.0,0.0,0.0,0,0,0.0,0.0,0.0,,0,,,5,26.0,0,0.0,0.0,1.0,-0.22061983,0,0,0,0.0,0,0.0,0.0,0.0,0.0,0.0,,0,,,,,0.0,2.6,2.6,00-0033725,RB,2018_01_ATL_PHI,17.0,1.0,17.0,35.0,23.61111111111111,1.3333333333333337,68.0,00-0033725,RB,3.0,2.6,4,2022,53
00-0033733,G.Ward,Greg Ward,WR,WR,"https://static.www.nfl.com/image/private/f_auto,q_auto/league/avy32bijim6pgiiu8gtz",PHI,2019,12,REG,SEA,0,0,0.0,0,0.0,0.0,0.0,0,0,0.0,0.0,0.0,,0,,,0,0.0,0,0.0,0.0,0.0,,0,6,7,40.0,0,0.0,0.0,21.0,26.0,3.0,1.8286588,0,1.9047619,0.15555556,0.07692308,0.2871795,0.0,4.0,10.0,00-0033733,WR,2019_12_SEA_PHI,37.0,0.0,7.0,44.0,57.8125,0.0,31.818181818181817,,,,7.0,3,2021,60
00-0033742,T.Swoopes,Tyrone Swoopes,TE,TE,"https://static.www.nfl.com/image/private/f_auto,q_auto/league/ezsap0lrb7u92giefiyb",SEA,2018,6,REG,LV,0,0,0.0,0,0.0,0.0,0.0,0,0,0.0,0.0,0.0,,0,,,0,0.0,0,0.0,0.0,0.0,,0,1,1,23.0,0,0.0,0.0,8.0,15.0,1.0,3.1101873,0,2.875,0.04347826,0.035714287,0.09021739,0.0,2.3,3.3,00-0033742,TE,2018_06_SEA_OAK,27.0,0.0,5.0,32.0,42.1875,0.0,26.31578947368421,,,,2.8000000000000003,2,2019,2
00-0033760,J.Davis,Justin Davis,RB,RB,"https://static.www.nfl.com/image/private/f_auto,q_auto/league/lxkhwmzny52eexsdyqnq",LA,2018,14,REG,CHI,0,0,0.0,0,0.0,0.0,0.0,0,0,0.0,0.0,0.0,,0,,,1,19.0,0,0.0,0.0,1.0,0.08218222,0,0,0,0.0,0,0.0,0.0,0.0,0.0,0.0,,0,,,,,0.0,1.9,1.9,00-0033760,RB,2018_14_LA_CHI,1.0,0.0,8.0,9.0,1.36986301369863,0.0,34.78260869565217,00-0033760,RB,3.0,1.9,1,2018,2
00-0033770,J.Hardee,Justin Hardee,CB,DB,"https://static.www.nfl.com/image/private/f_auto,q_auto/league/cgnntlve9jglm2cqwigt",NO,2018,4,REG,NYG,0,0,0.0,0,0.0,0.0,0.0,0,0,0.0,0.0,0.0,,0,,,0,0.0,0,0.0,0.0,0.0,,0,1,1,10.0,0,0.0,0.0,8.0,2.0,1.0,3.047106,0,1.25,0.030303031,0.032,0.067854546,0.0,1.0,2.0,00-0033770,DB,2018_04_NO_NYG,1.0,0.0,17.0,18.0,1.4492753623188406,0.0,62.96296296296296,00-0033770,CB,3.0,1.5,2,2019,2
00-0033773,R.McCarron,Riley McCarron,WR,WR,"https://static.www.nfl.com/image/private/f_auto,q_auto/league/p2ktqatwl7ryhwjiycio",NE,2018,1,REG,HOU,0,0,0.0,0,0.0,0.0,0.0,0,0,0.0,0.0,0.0,,0,,,0,0.0,0,0.0,0.0,0.0,,0,0,1,0.0,0,0.0,0.0,27.0,0.0,0.0,-0.5395764,0,0.0,0.025641026,0.084375,0.09752404,0.0,0.0,0.0,00-0033773,WR,2018_01_HOU_NE,16.0,0.0,11.0,27.0,21.052631578947366,0.0,34.375,00-0033773,WR,3.0,0.0,1,2018,1
00-0033789,T.Logan,T.J. Logan,RB,RB,"https://static.www.nfl.com/image/private/f_auto,q_auto/league/ujf1khcqyjvzh8lukjdv",ARI,2018,10,REG,KC,0,0,0.0,0,0.0,0.0,0.0,0,0,0.0,0.0,0.0,,0,,,0,0.0,0,0.0,0.0,0.0,,0,2,2,14.0,0,0.0,0.0,4.0,10.0,0.0,-1.1610065,0,3.5,0.054054055,0.014925373,0.09152884,0.0,1.4,3.4,00-0033789,RB,2018_10_ARI_KC,3.0,0.0,6.0,9.0,4.10958904109589,0.0,24.0,00-0033789,RB,3.0,2.4000000000000004,2,2019,25
00-0033791,B.Wilson,Brandon Wilson,FS,DB,"https://static.www.nfl.com/image/private/f_auto,q_auto/league/qivxnok733r3757ruzqy",CIN,2019,6,REG,BAL,0,0,0.0,0,0.0,0.0,0.0,0,0,0.0,0.0,0.0,,0,,,0,0.0,0,0.0,0.0,0.0,,0,0,0,0.0,0,0.0,0.0,0.0,0.0,0.0,,0,,,,,1.0,6.0,6.0,00-0033791,DB,2019_06_CIN_BAL,0.0,52.0,14.0,66.0,0.0,67.53246753246754,56.00000000000001,00-0033791,FS,2.0,0.0,2,2020,3
00-0033798,M.Schreck,Mason Schreck,TE,TE,"https://static.www.nfl.com/image/private/f_auto,q_auto/league/clgbpt0n6wqmkgaeeucy",CIN,2020,13,REG,MIA,0,0,0.0,0,0.0,0.0,0.0,0,0,0.0,0.0,0.0,,0,,,0,0.0,0,0.0,0.0,0.0,,0,0,1,0.0,0,0.0,0.0,2.0,0.0,0.0,-0.76691544,0,0.0,0.037037037,0.012345679,0.06419753,0.0,0.0,0.0,00-0033798,TE,2020_13_CIN_MIA,1.0,1.0,11.0,13.0,1.818181818181818,1.4084507042253522,45.83333333333333,00-0033798,TE,3.0,0.0,2,2022,3
00-0033838,T.Edmunds,Trey Edmunds,RB,RB,"https://static.www.nfl.com/image/private/f_auto,q_auto/league/xuzfvi2xmfnlkmlbqun3",PIT,2019,8,REG,MIA,0,0,0.0,0,0.0,0.0,0.0,0,0,0.0,0.0,0.0,,0,,,1,0.0,0,0.0,0.0,0.0,-0.78614265,0,0,0,0.0,0,0.0,0.0,0.0,0.0,0.0,,0,,,,,0.0,0.0,0.0,00-0033838,RB,2019_08_MIA_PIT,2.0,0.0,14.0,16.0,3.389830508474576,0.0,63.63636363636363,00-0033838,RB,3.0,0.0,1,2019,6
00-0033839,D.Westbrook,Dede Westbrook,WR,WR,"https://static.www.nfl.com/image/private/f_auto,q_auto/league/jjlxw2ircxecpx3ipeax",JAX,2018,1,REG,NYG,0,0,0.0,0,0.0,0.0,0.0,0,0,0.0,0.0,0.0,,0,,,0,0.0,0,0.0,0.0,0.0,,0,5,6,51.0,0,0.0,0.0,55.0,10.0,4.0,3.7286253,0,0.92727274,0.18181819,0.23913044,0.44011858,0.0,5.1,10.1,00-0033839,WR,2018_01_JAX_NYG,33.0,0.0,0.0,33.0,50.76923076923077,0.0,0.0,00-0033839,WR,2.0,7.6,4,2021,103
00-0033840,C.Hansen,Chad Hansen,WR,WR,"https://static.www.nfl.com/image/private/f_auto,q_auto/league/vnqylrclnnacn5lymvrk",HOU,2020,13,REG,IND,0,0,0.0,0,0.0,0.0,0.0,0,0,0.0,0.0,0.0,,0,,,0,0.0,0,0.0,0.0,0.0,,0,5,7,101.0,0,0.0,0.0,111.0,13.0,5.0,6.2607327,0,0.9099099,0.1891892,0.28388748,0.48250502,0.0,10.1,15.1,00-0033840,WR,2020_13_IND_HOU,59.0,0.0,0.0,59.0,92.1875,0.0,0.0,,,,15.6,1,2020,5
00-0033856,L.Fournette,Leonard Fournette,RB,RB,"https://static.www.nfl.com/image/private/f_auto,q_auto/league/atxppoc7zqcjnbnk0awz",JAX,2018,1,REG,NYG,0,0,0.0,0,0.0,0.0,0.0,0,0,0.0,0.0,0.0,,0,,,9,41.0,0,0.0,0.0,2.0,0.55693907,0,3,3,14.0,0,0.0,0.0,-8.0,22.0,2.0,1.3500233,0,-1.75,0.09090909,-0.034782607,0.11201581,0.0,5.5,8.5,00-0033856,RB,2018_01_JAX_NYG,21.0,0.0,0.0,21.0,32.30769230769231,0.0,0.0,00-0033856,RB,1.0,7.000000000000001,6,2023,75
00-0033859,J.Malone,Josh Malone,WR,WR,"https://static.www.nfl.com/image/private/f_auto,q_auto/league/q0qpgsvrkxi4al0dkjij",CIN,2018,2,REG,BAL,0,0,0.0,0,0.0,0.0,0.0,0,0,0.0,0.0,0.0,,0,,,0,0.0,0,0.0,0.0,0.0,,0,0,1,0.0,0,0.0,0.0,0.0,0.0,0.0,-0.49450713,0,,0.024390243,0.0,0.036585364,0.0,0.0,0.0,00-0033859,WR,2018_02_BAL_CIN,6.0,0.0,6.0,12.0,6.976744186046512,0.0,20.0,00-0033859,WR,2.0,0.0,2,2020,4
00-0033871,C.Davis,Corey Davis,WR,WR,"https://static.www.nfl.com/image/private/f_auto,q_auto/league/hr0uv4ai1zhkn7nof2a2",TEN,2018,1,REG,MIA,0,0,0.0,0,0.0,0.0,0.0,0,0,0.0,0.0,0.0,,0,,,0,0.0,0,0.0,0.0,0.0,,0,6,13,62.0,0,0.0,0.0,112.0,25.0,4.0,-3.3999217,0,0.5535714,0.34210527,0.43243244,0.81586057,0.0,6.2,12.2,00-0033871,WR,2018_01_TEN_MIA,65.0,0.0,0.0,65.0,91.54929577464787,0.0,0.0,00-0033871,WR,1.0,9.2,5,2022,73
00-0033879,O.Howard,O.J. Howard,TE,TE,"https://static.www.nfl.com/image/private/f_auto,q_auto/league/wlvviyfhdn5fz5p04r95",TB,2018,1,REG,NO,0,0,0.0,0,0.0,0.0,0.0,0,0,0.0,0.0,0.0,,0,,,0,0.0,0,0.0,0.0,0.0,,0,2,2,54.0,0,0.0,0.0,36.0,18.0,2.0,4.650595,0,1.5,0.071428575,0.10557185,0.18104315,0.0,5.4,7.4,00-0033879,TE,2018_01_TB_NO,40.0,0.0,9.0,49.0,63.49206349206349,0.0,27.27272727272727,00-0033879,TE,1.0,6.4,5,2022,49
00-0033893,D.Cook,Dalvin Cook,RB,RB,"https://static.www.nfl.com/image/upload/f_auto,q_auto/league/kl291pby4vjh160bkirg",MIN,2018,1,REG,SF,0,0,0.0,0,0.0,0.0,0.0,0,0,0.0,0.0,0.0,,0,,,16,40.0,0,1.0,1.0,1.0,-11.690576,0,6,7,55.0,0,0.0,0.0,-16.0,69.0,3.0,2.0340242,0,-3.4375,0.2,-0.06504065,0.25447154,0.0,7.5,13.5,00-0033893,RB,2018_01_SF_MIN,59.0,0.0,0.0,59.0,78.66666666666666,0.0,0.0,00-0033893,RB,1.0,10.5,7,2024,91
00-0033895,G.Everett,Gerald Everett,TE,TE,"https://static.www.nfl.com/image/private/f_auto,q_auto/league/te11unippqhdc6auox6i",LA,2018,2,REG,ARI,0,0,0.0,0,0.0,0.0,0.0,0,0,0.0,0.0,0.0,,0,,,0,0.0,0,0.0,0.0,0.0,,0,1,1,17.0,0,0.0,0.0,5.0,12.0,0.0,1.4963584,0,3.4,0.032258064,0.016722407,0.06009278,0.0,1.7,2.7,00-0033895,TE,2018_02_ARI_LA,8.0,0.0,1.0,9.0,10.666666666666668,0.0,5.555555555555555,00-0033895,TE,2.0,2.2,7,2024,104
00-0033896,A.Shaheen,Adam Shaheen,TE,TE,"https://static.www.nfl.com/image/private/f_auto,q_auto/league/rvj5swstfh0vf6f6w2hr",CHI,2018,11,REG,MIN,0,0,0.0,0,0.0,0.0,0.0,0,0,0.0,0.0,0.0,,0,,,0,0.0,0,0.0,0.0,0.0,,0,0,0,0.0,0,0.0,0.0,0.0,0.0,0.0,,1,,,,,0.0,2.0,2.0,00-0033896,TE,2018_11_MIN_CHI,18.0,0.0,0.0,18.0,25.352112676056336,0.0,0.0,,,,0.0,4,2021,33
00-0033899,D.Kizer,DeShone Kizer,QB,QB,"https://static.www.nfl.com/image/private/f_auto,q_auto/league/ajaqaaxoogjnfgxduv4u",GB,2018,1,REG,CHI,4,7,55.0,0,1.0,2.0,21.0,1,1,65.0,34.0,3.0,-7.904371,0,0.84615386,0.015800511,0,0.0,0,0.0,0.0,0.0,,0,0,0,0.0,0,0.0,0.0,0.0,0.0,0.0,,0,,,,,0.0,-1.8,-1.8,00-0033899,QB,2018_01_CHI_GB,14.0,0.0,0.0,14.0,22.22222222222222,0.0,0.0,00-0033899,QB,2.0,-0.7999999999999998,1,2018,3
00-0033911,T.Taylor,Taywan Taylor,WR,WR,"https://static.www.nfl.com/image/private/f_auto,q_auto/league/n0kolr3zjappzojczo5w",TEN,2018,1,REG,MIA,0,0,0.0,0,0.0,0.0,0.0,0,0,0.0,0.0,0.0,,0,,,0,0.0,0,0.0,0.0,0.0,,0,0,1,0.0,0,0.0,0.0,28.0,0.0,0.0,-1.458038,0,0.0,0.02631579,0.10810811,0.11514936,0.0,0.0,0.0,00-0033911,WR,2018_01_TEN_MIA,9.0,0.0,0.0,9.0,12.676056338028168,0.0,0.0,00-0033911,WR,2.0,0.0,3,2020,15
00-0033925,D.Foreman,D'Onta Foreman,RB,RB,"https://static.www.nfl.com/image/private/f_auto,q_auto/league/fhxviqgdrngc8gvvhnor",HOU,2018,16,REG,PHI,0,0,0.0,0,0.0,0.0,0.0,0,0,0.0,0.0,0.0,,0,,,7,-1.0,0,1.0,0.0,0.0,-4.896639,0,2,2,28.0,1,0.0,0.0,18.0,10.0,1.0,2.8171039,0,1.5555556,0.05,0.043062203,0.10514354,0.0,8.7,10.7,00-0033925,RB,2018_16_HOU_PHI,33.0,0.0,0.0,33.0,47.82608695652174,0.0,0.0,,,,7.699999999999999,6,2024,56
00-0033932,K.Golladay,Kenny Golladay,WR,WR,"https://static.www.nfl.com/image/private/f_auto,q_auto/league/vck7awhkwwhui3ndgts3",DET,2018,1,REG,NYJ,0,0,0.0,0,0.0,0.0,0.0,0,0,0.0,0.0,0.0,,0,,,0,0.0,0,0.0,0.0,0.0,,0,7,12,114.0,0,0.0,0.0,115.0,52.0,6.0,-1.1535615,0,0.99130434,0.23076923,0.2853598,0.5459057,0.0,11.4,18.4,00-0033932,WR,2018_01_NYJ_DET,67.0,0.0,0.0,67.0,94.3661971830986,0.0,0.0,00-0033932,WR,2.0,17.9,5,2022,56
00-0033933,C.Williams,Chad Williams,WR,WR,"https://static.www.nfl.com/image/private/f_auto,q_auto/league/euzfm4rfpar0i5lmm2df",ARI,2018,1,REG,WAS,0,0,0.0,0,0.0,0.0,0.0,0,0,0.0,0.0,0.0,,0,,,0,0.0,0,0.0,0.0,0.0,,0,0,3,0.0,0,0.0,0.0,45.0,0.0,0.0,-2.1899407,0,0.0,0.0882353,0.21634616,0.28379524,0.0,0.0,0.0,00-0033933,WR,2018_01_WAS_ARI,51.0,0.0,0.0,51.0,96.22641509433964,0.0,0.0,00-0033933,WR,1.0,0.0,2,2019,11
00-0033936,C.Beathard,C.J. Beathard,QB,QB,"https://static.www.nfl.com/image/private/f_auto,q_auto/league/yw8euaevcvwswbx5w27w",SF,2018,4,REG,LAC,23,37,298.0,2,2.0,1.0,10.0,0,0,205.0,170.0,13.0,-1.8345344,0,1.4536586,0.063785166,7,19.0,0,1.0,0.0,1.0,-1.7990956,0,0,0,0.0,0,0.0,0.0,0.0,0.0,0.0,,0,,,,,0.0,17.82,17.82,00-0033936,QB,2018_04_SF_LAC,61.0,0.0,0.0,61.0,100.0,0.0,0.0,00-0033936,QB,2.0,17.82,5,2023,24
00-0033948,J.Williams,Jamaal Williams,RB,RB,"https://static.www.nfl.com/image/private/f_auto,q_auto/league/qerbr9qnhpn27cyogu4x",GB,2018,1,REG,CHI,0,0,0.0,0,0.0,0.0,0.0,0,0,0.0,0.0,0.0,,0,,,15,47.0,0,0.0,0.0,2.0,-3.8718019,0,0,2,0.0,0,0.0,0.0,28.0,0.0,0.0,-1.952216,0,0.0,0.055555556,0.08235294,0.1409804,0.0,4.7,4.7,00-0033948,RB,2018_01_CHI_GB,40.0,0.0,0.0,40.0,63.49206349206349,0.0,0.0,00-0033948,RB,1.0,4.7,7,2024,124
00-0033950,W.Gallman,Wayne Gallman,RB,RB,"https://static.www.nfl.com/image/private/f_auto,q_auto/league/zrc9lbsy94hxanrf5voo",NYG,2018,1,REG,JAX,0,0,0.0,0,0.0,0.0,0.0,0,0,0.0,0.0,0.0,,0,,,1,-1.0,0,0.0,0.0,0.0,-0.81760126,0,2,2,9.0,0,0.0,0.0,0.0,9.0,0.0,0.30296683,0,0.0,0.055555556,0.0,0.083333336,0.0,0.8,2.8,00-0033950,RB,2018_01_JAX_NYG,6.0,0.0,4.0,10.0,8.333333333333332,0.0,13.79310344827586,00-0033950,RB,2.0,1.8,4,2021,42
00-0033951,M.Mack,Marlon Mack,RB,RB,"https://static.www.nfl.com/image/private/f_auto,q_auto/league/d3sdoo1yiey5oiyblulk",IND,2018,2,REG,WAS,0,0,0.0,0,0.0,0.0,0.0,0,0,0.0,0.0,0.0,,0,,,10,34.0,0,0.0,0.0,1.0,-0.98848575,0,1,2,2.0,0,0.0,0.0,-9.0,6.0,0.0,-0.98981273,0,-0.22222222,0.06451613,-0.06818182,0.049046922,0.0,3.6,4.6,00-0033951,RB,2018_02_IND_WAS,18.0,0.0,0.0,18.0,29.508196721311474,0.0,0.0,00-0033951,RB,3.0,4.1000000000000005,5,2022,40
00-0033953,J.Leggett,Jordan Leggett,TE,TE,"https://static.www.nfl.com/image/private/f_auto,q_auto/league/kjcxnm0lntsec4idp0gi",NYJ,2018,3,REG,CLE,0,0,0.0,0,0.0,0.0,0.0,0,0,0.0,0.0,0.0,,0,,,0,0.0,0,0.0,0.0,0.0,,0,0,1,0.0,0,0.0,0.0,8.0,0.0,0.0,-0.83699703,0,0.0,0.033333335,0.03960396,0.07772277,0.0,0.0,0.0,00-0033953,TE,2018_03_NYJ_CLE,20.0,0.0,5.0,25.0,30.303030303030305,0.0,16.666666666666664,,,,0.0,1,2018,14
00-0033957,R.Adams,Rodney Adams,WR,WR,"https://static.www.nfl.com/image/private/f_auto,q_auto/league/ae8lsm9ahaczhqfz1pvo",CHI,2021,13,REG,ARI,0,0,0.0,0,0.0,0.0,0.0,0,0,0.0,0.0,0.0,,0,,,0,0.0,0,0.0,0.0,0.0,,0,0,1,0.0,0,0.0,0.0,15.0,0.0,0.0,-0.8159439,0,0.0,0.025,0.06666667,0.08416667,0.0,0.0,0.0,00-0033957,WR,2021_13_ARI_CHI,11.0,0.0,0.0,11.0,13.750000000000002,0.0,0.0,,,,0.0,1,2021,1
00-0033958,N.Peterman,Nathan Peterman,QB,QB,"https://static.www.nfl.com/image/private/f_auto,q_auto/league/owifll49p0mmsjgf7rhn",BUF,2018,1,REG,BAL,5,18,24.0,0,2.0,3.0,12.0,0,0,148.0,25.0,0.0,-23.950865,0,0.16216215,-0.13323717,1,1.0,0,0.0,0.0,0.0,-0.8163583,0,0,0,0.0,0,0.0,0.0,0.0,0.0,0.0,,0,,,,,0.0,-2.94,-2.94,00-0033958,QB,2018_01_BUF_BAL,34.0,0.0,0.0,34.0,50.0,0.0,0.0,00-0033958,QB,1.0,-0.94,5,2023,10
00-0033968,S.Coley,Stacy Coley,WR,WR,"https://static.www.nfl.com/image/private/f_auto,q_auto/league/yawmfaxmvob2piqusoji",MIN,2018,2,REG,GB,0,0,0.0,0,0.0,0.0,0.0,0,0,0.0,0.0,0.0,,0,,,0,0.0,0,0.0,0.0,0.0,,0,0,1,0.0,0,0.0,0.0,9.0,0.0,0.0,-0.22384624,0,0.0,0.020833334,0.024930747,0.048701525,0.0,0.0,0.0,00-0033968,WR,2018_02_MIN_GB,13.0,0.0,5.0,18.0,17.80821917808219,0.0,13.513513513513514,00-0033968,WR,2.0,0.0,1,2018,3
00-0033994,F.Brown,Fred Brown,WR,WR,"https://static.www.nfl.com/image/private/f_auto,q_auto/league/ljihjkepcfnshjkom2un",DEN,2019,6,REG,TEN,0,0,0.0,0,0.0,0.0,0.0,0,0,0.0,0.0,0.0,,0,,,0,0.0,0,0.0,0.0,0.0,,0,1,1,5.0,0,0.0,0.0,5.0,0.0,0.0,-0.42626297,0,1.0,0.03846154,0.023923445,0.07443872,0.0,0.5,1.5,00-0033994,WR,2019_06_TEN_DEN,9.0,0.0,16.0,25.0,13.043478260869565,0.0,59.25925925925925,00-0033994,WR,3.0,1.0,1,2019,2
00-0034011,D.Arnold,Dan Arnold,TE,TE,"https://static.www.nfl.com/image/private/f_auto,q_auto/league/wym2o0jlxcvswj3gy9kv",NO,2018,7,REG,BAL,0,0,0.0,0,0.0,0.0,0.0,0,0,0.0,0.0,0.0,,0,,,0,0.0,0,0.0,0.0,0.0,,0,2,3,35.0,0,0.0,0.0,32.0,11.0,2.0,1.3740952,0,1.09375,0.10714286,0.17297298,0.28179535,0.0,3.5,5.5,00-0034011,TE,2018_07_NO_BAL,12.0,0.0,0.0,12.0,16.216216216216218,0.0,0.0,00-0034011,TE,3.0,4.5,5,2022,47
00-0034034,R.Davis,Rashard Davis,WR,WR,"https://static.www.nfl.com/image/private/f_auto,q_auto/league/row1skup96vnnn29zsdq",TEN,2019,17,REG,HOU,0,0,0.0,0,0.0,0.0,0.0,0,0,0.0,0.0,0.0,,0,,,0,0.0,0,0.0,0.0,0.0,,0,1,1,16.0,0,0.0,0.0,16.0,0.0,1.0,1.5548524,0,1.0,0.04761905,0.056338027,0.11086519,0.0,1.6,2.6,00-0034034,WR,2019_17_TEN_HOU,1.0,0.0,5.0,6.0,1.4925373134328357,0.0,20.0,,,,2.1,1,2019,1
00-0034052,B.Zylstra,Brandon Zylstra,WR,WR,"https://static.www.nfl.com/image/private/f_auto,q_auto/league/arx0mz7gc5dm0wfc5kfx",MIN,2018,7,REG,NYJ,0,0,0.0,0,0.0,0.0,0.0,0,0,0.0,0.0,0.0,,0,,,0,0.0,0,0.0,0.0,0.0,,0,1,1,23.0,0,0.0,0.0,15.0,8.0,1.0,1.9210671,0,1.5333333,0.025641026,0.03875969,0.065593325,0.0,2.3,3.3,00-0034052,WR,2018_07_MIN_NYJ,1.0,0.0,28.0,29.0,1.4285714285714286,0.0,71.7948717948718,00-0034052,WR,2.0,2.8000000000000003,4,2021,24
00-0034054,R.Cracraft,River Cracraft,WR,WR,"https://static.www.nfl.com/image/private/f_auto,q_auto/league/zd4y2ok3owqbqx6bvkpm",DEN,2018,17,REG,LAC,0,0,0.0,0,0.0,0.0,0.0,0,0,0.0,0.0,0.0,,0,,,0,0.0,0,0.0,0.0,0.0,,0,1,2,44.0,0,0.0,0.0,74.0,1.0,1.0,0.19508342,0,0.5945946,0.04255319,0.21203439,0.21225385,0.0,4.4,5.4,00-0034054,WR,2018_17_LAC_DEN,8.0,1.0,15.0,24.0,13.559322033898304,1.2345679012345678,68.18181818181817,00-0034054,WR,2.0,4.9,5,2024,28
00-0034064,C.Wadman,Colby Wadman,P,SPEC,"https://static.www.nfl.com/image/private/f_auto,q_auto/league/hlmh4uiswctg0tlo0yh1",DEN,2018,11,REG,LAC,1,1,12.0,0,0.0,0.0,-0.0,0,0,-1.0,13.0,1.0,3.3937395,0,0.0,,0,0.0,0,0.0,0.0,0.0,,0,0,0,0.0,0,0.0,0.0,0.0,0.0,0.0,,0,,,,,0.0,0.48,0.48,00-0034064,P,2018_11_DEN_LAC,2.0,0.0,8.0,10.0,3.4482758620689653,0.0,32.0,00-0034064,P,1.0,0.48,2,2019,4
00-0034081,S.Mitchell,Steven Mitchell,WR,WR,"https://static.www.nfl.com/image/private/f_auto,q_auto/league/lavpxb848zx0stc1imzb",HOU,2019,9,REG,JAX,0,0,0.0,0,0.0,0.0,0.0,0,0,0.0,0.0,0.0,,0,,,0,0.0,0,0.0,0.0,0.0,,0,0,1,0.0,0,0.0,0.0,15.0,0.0,0.0,-1.0224425,0,0.0,0.035714287,0.08287293,0.11158248,0.0,0.0,0.0,00-0034081,WR,2019_09_HOU_JAX,11.0,0.0,0.0,11.0,15.714285714285714,0.0,0.0,00-0034081,WR,2.0,0.0,2,2020,5
00-0034101,M.Flanagan,Matt Flanagan,TE,TE,"https://static.www.nfl.com/image/private/f_auto,q_auto/league/hxj9ygsevktjzaq2twox",WAS,2018,17,REG,PHI,0,0,0.0,0,0.0,0.0,0.0,0,0,0.0,0.0,0.0,,0,,,0,0.0,0,0.0,0.0,0.0,,0,1,1,14.0,0,0.0,0.0,7.0,7.0,1.0,0.75132483,0,2.0,0.037037037,0.026515152,0.07411616,0.0,1.4,2.4,00-0034101,TE,2018_17_PHI_WAS,12.0,0.0,13.0,25.0,25.53191489361702,0.0,72.22222222222221,,,,1.9,1,2018,1
00-0034104,C.Sims,Cam Sims,WR,WR,"https://static.www.nfl.com/image/private/f_auto,q_auto/league/rskkpergva4snsvgathy",WAS,2019,16,REG,NYG,0,0,0.0,0,0.0,0.0,0.0,0,0,0.0,0.0,0.0,,0,,,0,0.0,0,0.0,0.0,0.0,,0,1,1,15.0,0,0.0,0.0,14.0,1.0,1.0,1.5836109,0,1.0714285,0.027027028,0.047457628,0.07376088,0.0,1.5,2.5,00-0034104,WR,2019_16_NYG_WAS,6.0,0.0,12.0,18.0,8.333333333333332,0.0,36.36363636363637,00-0034104,WR,3.0,2.0,4,2022,37
00-0034109,P.Lindsay,Phillip Lindsay,RB,RB,"https://static.www.nfl.com/image/private/f_auto,q_auto/league/soywd4cnq19pigrwabb5",DEN,2018,1,REG,SEA,0,0,0.0,0,0.0,0.0,0.0,0,0,0.0,0.0,0.0,,0,,,15,71.0,0,0.0,0.0,5.0,-0.56345415,0,2,3,31.0,1,0.0,0.0,-1.0,31.0,1.0,0.9943882,0,-31.0,0.07692308,-0.0027322404,0.113472044,0.0,16.2,18.2,00-0034109,RB,2018_01_SEA_DEN,28.0,0.0,12.0,40.0,36.84210526315789,0.0,36.36363636363637,00-0034109,RB,3.0,17.200000000000003,5,2022,83
00-0034115,J.Wilson,Jeffery Wilson,RB,RB,"https://static.www.nfl.com/image/private/f_auto,q_auto/league/zorqrtlrizlltgd6pnob",SF,2018,12,REG,TB,0,0,0.0,0,0.0,0.0,0.0,0,0,0.0,0.0,0.0,,0,,,7,33.0,0,0.0,0.0,2.0,0.9635382,0,1,1,8.0,0,0.0,0.0,0.0,8.0,0.0,0.13599326,0,0.0,0.032258064,0.0,0.048387095,0.0,4.1,5.1,00-0034115,RB,2018_12_SF_TB,25.0,0.0,10.0,35.0,34.24657534246575,0.0,37.03703703703704,,,,4.6000000000000005,7,2024,69
00-0034131,K.Benkert,Kurt Benkert,QB,QB,"https://static.www.nfl.com/image/private/f_auto,q_auto/league/lq7drrswvcbnkyghztab",GB,2021,14,REG,CHI,0,0,0.0,0,0.0,0.0,0.0,0,0,0.0,0.0,0.0,,0,,,2,-1.0,0,0.0,0.0,0.0,0.0,0,0,0,0.0,0,0.0,0.0,0.0,0.0,0.0,,0,,,,,0.0,-0.1,-0.1,00-0034131,QB,,0.0,0.0,0.0,0.0,0.0,0.0,0.0,00-0034131,QB,2.0,-0.1,1,2021,1
00-0034132,C.Blake,Christian Blake,WR,WR,"https://static.www.nfl.com/image/private/f_auto,q_auto/league/xaaqzgbfsqhs4qvdndrz",ATL,2019,10,REG,NO,0,0,0.0,0,0.0,0.0,0.0,0,0,0.0,0.0,0.0,,0,,,0,0.0,0,0.0,0.0,0.0,,0,2,2,15.0,0,0.0,0.0,15.0,0.0,1.0,1.2201532,0,1.0,0.0625,0.057915058,0.13429055,0.0,1.5,3.5,00-0034132,WR,2019_10_ATL_NO,17.0,0.0,11.0,28.0,20.98765432098765,0.0,44.0,00-0034132,WR,3.0,2.5,3,2021,19
00-0034164,T.Cannon,Trenton Cannon,RB,RB,"https://static.www.nfl.com/image/private/f_auto,q_auto/league/hkpxcipgs7jtgdwpkjel",NYJ,2018,1,REG,DET,0,0,0.0,0,0.0,0.0,0.0,0,0,0.0,0.0,0.0,,0,,,6,15.0,0,0.0,0.0,0.0,-3.2298143,0,1,1,6.0,0,0.0,0.0,6.0,0.0,1.0,2.247587,0,1.0,0.05,0.03550296,0.09985207,0.0,2.1,3.1,00-0034164,RB,2018_01_NYJ_DET,9.0,0.0,13.0,22.0,12.676056338028168,0.0,40.625,00-0034164,RB,3.0,2.6,3,2021,45
00-0034169,M.Baugh,Marcus Baugh,TE,TE,"https://static.www.nfl.com/image/private/f_auto,q_auto/league/chxibegpxlq45cc9fev1",WAS,2020,2,REG,ARI,0,0,0.0,0,0.0,0.0,0.0,0,0,0.0,0.0,0.0,,0,,,0,0.0,0,0.0,0.0,0.0,,0,1,1,2.0,0,0.0,0.0,0.0,2.0,0.0,-0.29497582,0,0.0,0.030303031,0.0,0.045454547,0.0,0.2,1.2,00-0034169,TE,2020_02_WAS_ARI,15.0,0.0,7.0,22.0,22.388059701492537,0.0,25.0,00-0034169,TE,3.0,0.7,1,2020,1
00-0034171,J.Cabinda,Jason Cabinda,FB,RB,"https://static.www.nfl.com/image/private/f_auto,q_auto/league/nvi4viyciscnso8qgbtn",DET,2020,4,REG,NO,0,0,0.0,0,0.0,0.0,0.0,0,0,0.0,0.0,0.0,,0,,,0,0.0,0,0.0,0.0,0.0,,0,1,1,4.0,0,0.0,0.0,0.0,4.0,0.0,-0.1216133,0,0.0,0.033333335,0.0,0.05,0.0,0.4,1.4,00-0034171,FB,2020_04_NO_DET,5.0,0.0,16.0,21.0,8.064516129032258,0.0,64.0,00-0034171,FB,3.0,0.9,4,2023,19
00-0034179,R.Greene,Raven Greene,FS,DB,"https://static.www.nfl.com/image/private/f_auto,q_auto/league/xkdclbkqqd47mz97fizd",GB,2018,10,REG,MIA,0,0,0.0,0,0.0,0.0,0.0,0,0,0.0,0.0,0.0,,0,,,1,26.0,0,0.0,0.0,1.0,4.059288,0,0,0,0.0,0,0.0,0.0,0.0,0.0,0.0,,0,,,,,0.0,2.6,2.6,00-0034179,SAF,2018_10_MIA_GB,1.0,32.0,19.0,52.0,1.4285714285714286,56.14035087719298,79.16666666666666,00-0034179,FS,2.0,2.6,1,2018,1
00-0034184,G.Edwards,Gus Edwards,RB,RB,"https://static.www.nfl.com/image/private/f_auto,q_auto/league/tvxpivjku1lbpf7tfafl",BAL,2018,6,REG,TEN,0,0,0.0,0,0.0,0.0,0.0,0,0,0.0,0.0,0.0,,0,,,10,42.0,0,0.0,0.0,3.0,1.6516476,0,0,0,0.0,0,0.0,0.0,0.0,0.0,0.0,,0,,,,,0.0,4.2,4.2,00-0034184,RB,2018_06_BAL_TEN,14.0,0.0,13.0,27.0,30.434782608695656,0.0,61.90476190476191,,,,4.2,6,2024,92
00-0034192,N.Keizer,Nick Keizer,TE,TE,"https://static.www.nfl.com/image/private/f_auto,q_auto/league/zuebnpizkvrjzmxlxf6v",KC,2020,3,REG,BAL,0,0,0.0,0,0.0,0.0,0.0,0,0,0.0,0.0,0.0,,0,,,0,0.0,0,0.0,0.0,0.0,,0,0,1,0.0,0,0.0,0.0,8.0,0.0,0.0,-1.4694998,0,0.0,0.024390243,0.023391813,0.052959636,0.0,0.0,0.0,00-0034192,TE,2020_03_KC_BAL,22.0,0.0,12.0,34.0,37.93103448275862,0.0,48.0,00-0034192,TE,2.0,0.0,1,2020,8
00-0034193,K.Rader,Kevin Rader,TE,TE,"https://static.www.nfl.com/image/private/f_auto,q_auto/league/buopatfei7mdyxxxi9bv",PIT,2020,17,REG,CLE,0,0,0.0,0,0.0,0.0,0.0,0,0,0.0,0.0,0.0,,0,,,0,0.0,0,0.0,0.0,0.0,,0,0,1,0.0,0,0.0,0.0,4.0,0.0,0.0,-1.4395779,0,0.0,0.023809524,0.00982801,0.042593893,0.0,0.0,0.0,00-0034193,TE,2020_17_PIT_CLE,12.0,0.0,12.0,24.0,17.391304347826086,0.0,48.0,,,,0.0,3,2023,5
00-0034201,D.Turner,De'Lance Turner,RB,RB,"https://static.www.nfl.com/image/private/f_auto,q_auto/league/eyoauplfm4yffbfu9ijf",BAL,2018,4,REG,PIT,0,0,0.0,0,0.0,0.0,0.0,0,0,0.0,0.0,0.0,,0,,,1,4.0,0,0.0,0.0,0.0,-0.061662007,0,1,1,10.0,0,0.0,0.0,0.0,10.0,0.0,0.38378307,0,0.0,0.025,0.0,0.0375,0.0,1.4,2.4,00-0034201,RB,2018_04_BAL_PIT,5.0,0.0,16.0,21.0,8.064516129032258,0.0,57.14285714285714,00-0034201,RB,3.0,1.9,2,2019,3
00-0034207,J.Badet,Jeff Badet,WR,WR,"https://static.www.nfl.com/image/private/f_auto,q_auto/league/q5nwe08ka3mrnuanrqic",WAS,2020,10,REG,DET,0,0,0.0,0,0.0,0.0,0.0,0,0,0.0,0.0,0.0,,0,,,0,0.0,0,0.0,0.0,0.0,,0,0,1,0.0,0,0.0,0.0,25.0,0.0,0.0,-0.22888036,0,0.0,0.01923077,0.07936508,0.08440171,0.0,0.0,0.0,00-0034207,WR,2020_10_WAS_DET,5.0,0.0,0.0,5.0,5.555555555555555,0.0,0.0,00-0034207,WR,3.0,0.0,1,2020,1
00-0034208,M.Boone,Mike Boone,RB,RB,"https://static.www.nfl.com/image/private/f_auto,q_auto/league/rcrpzluchltmk9stwtfc",MIN,2018,3,REG,BUF,0,0,0.0,0,0.0,0.0,0.0,0,0,0.0,0.0,0.0,,0,,,2,11.0,0,0.0,0.0,1.0,0.4204537,0,1,1,0.0,0,0.0,0.0,-5.0,5.0,0.0,-0.9904834,0,-0.0,0.018181818,-0.014925373,0.016824966,0.0,1.1,2.1,00-0034208,RB,2018_03_BUF_MIN,13.0,0.0,0.0,13.0,19.402985074626866,0.0,0.0,00-0034208,RB,3.0,1.6,7,2024,51
00-0034221,R.Thomas,Roc Thomas,RB,RB,"https://static.www.nfl.com/image/private/f_auto,q_auto/league/tlhpjc9tui7j6zfxoyfm",MIN,2018,4,REG,LA,0,0,0.0,0,0.0,0.0,0.0,0,0,0.0,0.0,0.0,,0,,,1,4.0,0,0.0,0.0,0.0,-0.1283171,0,0,1,0.0,0,0.0,0.0,2.0,0.0,0.0,-0.75020736,0,0.0,0.020408163,0.006535948,0.03518741,0.0,0.4,0.4,00-0034221,RB,2018_04_MIN_LA,4.0,0.0,14.0,18.0,5.405405405405405,0.0,43.75,00-0034221,RB,3.0,0.4,1,2018,5
00-0034253,D.Hilliard,Dontrell Hilliard,RB,RB,"https://static.www.nfl.com/image/private/f_auto,q_auto/league/ukhyslngeuojxkjqfq9f",CLE,2018,8,REG,PIT,0,0,0.0,0,0.0,0.0,0.0,0,0,0.0,0.0,0.0,,0,,,0,0.0,0,0.0,0.0,0.0,,0,1,1,24.0,0,0.0,0.0,0.0,24.0,1.0,1.393632,0,0.0,0.030303031,0.0,0.045454547,0.0,2.4,3.4,00-0034253,RB,2018_08_CLE_PIT,15.0,0.0,16.0,31.0,23.4375,0.0,53.333333333333336,00-0034253,RB,3.0,2.9000000000000004,5,2022,66
00-0034256,D.Scott,Da'Mari Scott,WR,WR,"https://static.www.nfl.com/image/private/f_auto,q_auto/league/nebin0nevleumqvsk0fu",NYG,2019,13,REG,GB,0,0,0.0,0,0.0,0.0,0.0,0,0,0.0,0.0,0.0,,0,,,0,0.0,0,0.0,0.0,0.0,,0,1,2,11.0,0,0.0,0.0,22.0,0.0,1.0,0.22713618,0,0.5,0.055555556,0.079422385,0.138929,0.0,1.1,2.1,00-0034256,WR,2019_13_GB_NYG,22.0,0.0,4.0,26.0,32.83582089552239,0.0,18.181818181818183,,,,1.6,1,2019,3
00-0034258,D.Willies,Derrick Willies,WR,WR,"https://static.www.nfl.com/image/private/f_auto,q_auto/league/rmioj9lqsbhzgojtsq0u",CLE,2018,5,REG,BAL,0,0,0.0,0,0.0,0.0,0.0,0,0,0.0,0.0,0.0,,0,,,0,0.0,0,0.0,0.0,0.0,,0,3,5,61.0,0,1.0,0.0,57.0,32.0,2.0,0.73274547,0,1.0701754,0.11904762,0.1393643,0.27612644,0.0,6.1,9.1,00-0034258,WR,2018_05_BAL_CLE,25.0,0.0,15.0,40.0,28.735632183908045,0.0,45.45454545454545,00-0034258,WR,3.0,5.6000000000000005,1,2018,1
00-0034267,J.Scott,Jaleel Scott,WR,WR,"https://static.www.nfl.com/image/private/f_auto,q_auto/league/npoq59gzmfmtwmrfdnhk",BAL,2019,17,REG,PIT,0,0,0.0,0,0.0,0.0,0.0,0,0,0.0,0.0,0.0,,0,,,0,0.0,0,0.0,0.0,0.0,,0,1,3,6.0,0,0.0,0.0,39.0,6.0,0.0,-1.3548586,0,0.15384616,0.15,0.2888889,0.42722222,0.0,0.6,1.6,00-0034267,WR,2019_17_PIT_BAL,18.0,0.0,0.0,18.0,24.0,0.0,0.0,00-0034267,WR,3.0,1.1,2,2020,2
00-0034268,J.Moore,J'Mon Moore,WR,WR,"https://static.www.nfl.com/image/private/f_auto,q_auto/league/x812ydgnxirh4jsanqm9",GB,2018,6,REG,SF,0,0,0.0,0,0.0,0.0,0.0,0,0,0.0,0.0,0.0,,0,,,0,0.0,0,0.0,0.0,0.0,,0,1,1,10.0,0,0.0,0.0,4.0,6.0,1.0,0.45351958,0,2.5,0.022727273,0.010810811,0.041658476,0.0,1.0,2.0,00-0034268,WR,2018_06_SF_GB,16.0,0.0,1.0,17.0,28.07017543859649,0.0,3.0303030303030303,00-0034268,WR,2.0,1.5,1,2018,3
00-0034273,D.Ratley,Damion Ratley,WR,WR,"https://static.www.nfl.com/image/private/f_auto,q_auto/league/yafh5dzxcfpwqwrirmdd",CLE,2018,6,REG,LAC,0,0,0.0,0,0.0,0.0,0.0,0,0,0.0,0.0,0.0,,0,,,0,0.0,0,0.0,0.0,0.0,,0,6,8,82.0,0,0.0,0.0,132.0,9.0,3.0,3.0192244,0,0.6212121,0.18604651,0.3211679,0.5038873,0.0,8.2,14.2,00-0034273,WR,2018_06_LAC_CLE,66.0,0.0,13.0,79.0,88.0,0.0,44.82758620689656,00-0034273,WR,2.0,11.2,3,2020,22
00-0034286,R.James,Richie James,WR,WR,"https://static.www.nfl.com/image/private/f_auto,q_auto/league/qusoivtzbud2wl0spptz",SF,2018,5,REG,ARI,0,0,0.0,0,0.0,0.0,0.0,0,0,0.0,0.0,0.0,,0,,,0,0.0,0,0.0,0.0,0.0,,0,1,1,7.0,0,0.0,0.0,0.0,7.0,0.0,0.24432094,0,0.0,0.018518519,0.0,0.027777778,0.0,0.7,1.7,00-0034286,WR,2018_05_ARI_SF,26.0,0.0,2.0,28.0,25.24271844660194,0.0,7.6923076923076925,00-0034286,WR,3.0,1.2000000000000002,5,2023,148
00-0034297,B.Pringle,Byron Pringle,WR,WR,"https://static.www.nfl.com/image/private/f_auto,q_auto/league/qgwipkdsunodvqlumsmp",KC,2019,3,REG,BAL,0,0,0.0,0,0.0,0.0,0.0,0,0,0.0,0.0,0.0,,0,,,0,0.0,0,0.0,0.0,0.0,,0,1,1,7.0,0,0.0,0.0,7.0,0.0,0.0,0.4965989,0,1.0,0.028571429,0.023728814,0.059467312,0.0,0.7,1.7,00-0034297,WR,2019_03_BAL_KC,2.0,0.0,16.0,18.0,3.0303030303030303,0.0,61.53846153846154,00-0034297,WR,3.0,1.2000000000000002,5,2023,96
00-0034301,D.Williams,Darrel Williams,RB,RB,"https://static.www.nfl.com/image/private/f_auto,q_auto/league/qloiwle7db59cznhqhub",KC,2018,14,REG,BAL,0,0,0.0,0,0.0,0.0,0.0,0,0,0.0,0.0,0.0,,0,,,0,0.0,0,0.0,0.0,0.0,,0,1,1,8.0,0,0.0,0.0,-4.0,12.0,0.0,-0.052201036,0,-2.0,0.020833334,-0.010958904,0.023578767,0.0,0.8,1.8,00-0034301,RB,2018_14_BAL_KC,3.0,0.0,14.0,17.0,3.333333333333333,0.0,50.0,00-0034301,RB,3.0,1.3,5,2022,53
00-0034309,C.Beebe,Chad Beebe,WR,WR,"https://static.www.nfl.com/image/private/f_auto,q_auto/league/dd7cmld2lqxgqnizif4p",MIN,2018,9,REG,DET,0,0,0.0,0,0.0,0.0,0.0,0,0,0.0,0.0,0.0,,0,,,0,0.0,0,0.0,0.0,0.0,,0,3,3,21.0,0,0.0,0.0,8.0,13.0,2.0,3.3142521,0,2.625,0.13636364,0.061068702,0.24729355,0.0,2.1,5.1,00-0034309,WR,2018_09_DET_MIN,14.0,0.0,0.0,14.0,27.450980392156865,0.0,0.0,,,,3.6,3,2020,25
00-0034311,J.Stanton,Johnny Stanton,FB,RB,"https://static.www.nfl.com/image/private/f_auto,q_auto/league/fick0qg9xwij9svv1rxk",CLE,2021,6,REG,ARI,0,0,0.0,0,0.0,0.0,0.0,0,0,0.0,0.0,0.0,,0,,,0,0.0,0,0.0,0.0,0.0,,0,1,1,6.0,0,0.0,0.0,2.0,4.0,0.0,-0.52716565,0,3.0,0.032258064,0.008298756,0.054196224,0.0,0.6,1.6,00-0034311,RB,2021_06_ARI_CLE,2.0,0.0,12.0,14.0,3.389830508474576,0.0,52.17391304347826,,,,1.1,1,2021,3
00-0034319,D.Yelder,Deon Yelder,TE,TE,"https://static.www.nfl.com/image/private/f_auto,q_auto/league/ipykvobx6lilpvc5vyca",KC,2019,4,REG,DET,0,0,0.0,0,0.0,0.0,0.0,0,0,0.0,0.0,0.0,,0,,,0,0.0,0,0.0,0.0,0.0,,0,2,2,43.0,0,0.0,0.0,17.0,26.0,2.0,3.6268103,0,2.5294118,0.051282052,0.03586498,0.10202856,0.0,4.3,6.3,00-0034319,TE,2019_04_KC_DET,5.0,0.0,0.0,5.0,7.142857142857142,0.0,0.0,00-0034319,TE,2.0,5.3,3,2021,11
00-0034331,J.Samuels,Jaylen Samuels,RB,RB,"https://static.www.nfl.com/image/private/f_auto,q_auto/league/stceem3dtyjhdlqlaqxn",PIT,2018,8,REG,CLE,0,0,0.0,0,0.0,0.0,0.0,0,0,0.0,0.0,0.0,,0,,,4,17.0,0,0.0,0.0,1.0,0.22689545,0,0,0,0.0,0,0.0,0.0,0.0,0.0,0.0,,0,,,,,0.0,1.7,1.7,00-0034331,RB,2018_08_CLE_PIT,6.0,0.0,9.0,15.0,8.333333333333332,0.0,30.0,00-0034331,RB,2.0,1.7000000000000002,4,2021,34
00-0034335,M.Allen,Marcus Allen,ILB,LB,"https://static.www.nfl.com/image/private/f_auto,q_auto/league/vvpy4ouo24iqozvyp4rc",PIT,2022,8,REG,PHI,0,0,0.0,0,0.0,0.0,0.0,0,0,0.0,0.0,0.0,,0,,,1,4.0,0,0.0,0.0,1.0,2.6432612,0,0,0,0.0,0,0.0,0.0,0.0,0.0,0.0,,0,,,,,0.0,0.4,0.4,00-0034335,LB,2022_08_PIT_PHI,1.0,0.0,18.0,19.0,1.25,0.0,69.23076923076923,00-0034335,ILB,3.0,0.4,1,2022,1
00-0034339,T.Quinn,Trey Quinn,WR,WR,"https://static.www.nfl.com/image/private/f_auto,q_auto/league/ln6e9abuw9gjvaqjwltw",WAS,2018,11,REG,HOU,0,0,0.0,0,0.0,0.0,0.0,0,0,0.0,0.0,0.0,,0,,,1,0.0,0,0.0,0.0,0.0,-0.5719381,0,4,4,49.0,0,0.0,0.0,33.0,16.0,4.0,3.800192,0,1.4848485,0.11111111,0.07971015,0.22246377,0.0,4.9,8.9,00-0034339,WR,2018_11_HOU_WAS,54.0,0.0,4.0,58.0,71.05263157894737,0.0,14.814814814814811,,,,6.9,2,2019,26
00-0034343,J.Rosen,Josh Rosen,QB,QB,"https://static.www.nfl.com/image/private/f_auto,q_auto/league/nqycxzi8tkcyauk55mj8",ARI,2018,3,REG,CHI,4,7,36.0,0,1.0,1.0,7.0,0,0,77.0,-1.0,2.0,-0.66452926,0,0.46753246,0.056131124,1,12.0,0,0.0,0.0,1.0,0.06332903,0,0,0,0.0,0,0.0,0.0,0.0,0.0,0.0,,0,,,,,0.0,0.64,0.64,00-0034343,QB,2018_03_CHI_ARI,13.0,0.0,0.0,13.0,24.52830188679245,0.0,0.0,00-0034343,QB,2.0,1.64,3,2021,22
00-0034349,K.Johnson,Kerryon Johnson,RB,RB,"https://static.www.nfl.com/image/private/f_auto,q_auto/league/tmqxfjwvjlcfacertjqp",DET,2018,1,REG,NYJ,0,0,0.0,0,0.0,0.0,0.0,0,0,0.0,0.0,0.0,,0,,,5,17.0,0,0.0,0.0,1.0,-0.17063653,0,3,3,20.0,0,0.0,0.0,-1.0,21.0,0.0,-0.035143282,0,-20.0,0.057692308,-0.0024813896,0.08480149,0.0,3.7,6.7,00-0034349,RB,2018_01_NYJ_DET,16.0,0.0,0.0,16.0,22.53521126760564,0.0,0.0,00-0034349,RB,2.0,5.2,3,2020,32
00-0034358,D.Guice,Derrius Guice,RB,RB,"https://static.www.nfl.com/image/private/f_auto,q_auto/league/vkzgf6tpbcidlbnvyvon",WAS,2019,1,REG,PHI,0,0,0.0,0,0.0,0.0,0.0,0,0,0.0,0.0,0.0,,0,,,10,18.0,0,0.0,0.0,0.0,-5.536242,0,3,3,20.0,0,0.0,0.0,-1.0,21.0,1.0,1.3886011,0,-20.0,0.069767445,-0.0030864198,0.10249067,0.0,3.8,6.8,00-0034358,RB,2019_01_WAS_PHI,24.0,0.0,0.0,24.0,35.82089552238806,0.0,0.0,00-0034358,RB,1.0,5.3,1,2019,5
00-0034360,L.Carter,Lorenzo Carter,OLB,LB,"https://static.www.nfl.com/image/private/f_auto,q_auto/league/vzt4cv29hrn9dw0wtpze",ATL,2022,2,REG,ATL,0,0,0.0,0,0.0,0.0,0.0,0,0,0.0,0.0,0.0,,0,,,0,0.0,0,0.0,0.0,0.0,,0,0,0,0.0,0,0.0,0.0,0.0,0.0,0.0,,0,,,,,1.0,6.0,6.0,00-0034360,LB,2022_02_ATL_LA,0.0,53.0,1.0,54.0,0.0,85.48387096774194,4.3478260869565215,00-0034360,OLB,1.0,0.0,1,2022,1
00-0034364,J.Akins,Jordan Akins,TE,TE,"https://static.www.nfl.com/image/private/f_auto,q_auto/league/fgkl9zfpy2yxrkxfge84",HOU,2018,1,REG,NE,0,0,0.0,0,0.0,0.0,0.0,0,0,0.0,0.0,0.0,,0,,,0,0.0,0,0.0,0.0,0.0,,0,2,2,11.0,0,0.0,0.0,11.0,0.0,0.0,-0.36921313,0,1.0,0.05882353,0.02917772,0.1086597,0.0,1.1,3.1,00-0034364,TE,2018_01_HOU_NE,39.0,0.0,6.0,45.0,51.31578947368421,0.0,18.75,00-0034364,TE,2.0,2.1,7,2024,103
00-0034366,K.Coutee,Keke Coutee,WR,WR,"https://static.www.nfl.com/image/private/f_auto,q_auto/league/b63h388y8kzvntk6tuqx",HOU,2018,4,REG,IND,0,0,0.0,0,0.0,0.0,0.0,0,0,0.0,0.0,0.0,,0,,,2,-2.0,0,0.0,0.0,0.0,-1.4568069,0,11,15,109.0,0,0.0,0.0,51.0,92.0,6.0,3.428302,0,2.137255,0.375,0.1491228,0.666886,0.0,10.7,21.7,00-0034366,WR,2018_04_HOU_IND,79.0,0.0,0.0,79.0,92.94117647058825,0.0,0.0,00-0034366,WR,3.0,19.2,5,2022,54
00-0034367,N.Hines,Nyheim Hines,RB,RB,"https://static.www.nfl.com/image/private/f_auto,q_auto/league/lgpfurgix754r54hvas4",IND,2018,1,REG,CIN,0,0,0.0,0,0.0,0.0,0.0,0,0,0.0,0.0,0.0,,0,,,5,19.0,0,0.0,0.0,2.0,0.19714978,0,7,9,33.0,0,0.0,0.0,-5.0,42.0,3.0,0.6271144,0,-6.6,0.17307693,-0.017605634,0.24729145,0.0,5.2,12.2,00-0034367,RB,2018_01_CIN_IND,37.0,0.0,0.0,37.0,45.1219512195122,0.0,0.0,00-0034367,RB,3.0,8.700000000000001,5,2022,204
00-0034369,K.Lauletta,Kyle Lauletta,QB,QB,"https://static.www.nfl.com/image/private/f_auto,q_auto/league/pp8tdknrv8r1cmq1rgkf",NYG,2018,14,REG,WAS,0,5,0.0,0,1.0,0.0,-0.0,0,0,76.0,0.0,0.0,-6.7054243,0,0.0,-0.19819754,1,-2.0,0,0.0,0.0,0.0,-1.8139889,0,0,0,0.0,0,0.0,0.0,0.0,0.0,0.0,,0,,,,,0.0,-2.2,-2.2,00-0034369,QB,2018_14_NYG_WAS,17.0,0.0,0.0,17.0,26.15384615384616,0.0,0.0,00-0034369,QB,3.0,-1.2,1,2018,1
00-0034370,D.Hamilton,DaeSean Hamilton,WR,WR,"https://static.www.nfl.com/image/private/f_auto,q_auto/league/thfspx6c8befeosbsj1b",DEN,2018,5,REG,NYJ,0,0,0.0,0,0.0,0.0,0.0,0,0,0.0,0.0,0.0,,0,,,0,0.0,0,0.0,0.0,0.0,,0,3,3,44.0,0,0.0,0.0,27.0,17.0,2.0,2.7896795,0,1.6296296,0.05882353,0.08181818,0.14550802,0.0,4.4,7.4,00-0034370,WR,2018_05_DEN_NYJ,33.0,0.0,13.0,46.0,42.85714285714285,0.0,41.935483870967744,00-0034370,WR,2.0,5.9,3,2020,48
00-0034378,I.Smith,Ito Smith,RB,RB,"https://static.www.nfl.com/image/private/f_auto,q_auto/league/dh6fxo1jdenrkgcwdpib",ATL,2018,2,REG,CAR,0,0,0.0,0,0.0,0.0,0.0,0,0,0.0,0.0,0.0,,0,,,9,46.0,0,1.0,0.0,3.0,-0.50430447,0,1,1,8.0,0,0.0,0.0,2.0,6.0,0.0,0.5438645,0,4.0,0.035714287,0.0068259384,0.058349587,0.0,5.4,6.4,00-0034378,RB,2018_02_CAR_ATL,19.0,0.0,0.0,19.0,30.15873015873016,0.0,0.0,00-0034378,RB,3.0,3.9,4,2021,35
00-0034389,D.Cruikshank,Dane Cruikshank,SS,DB,"https://static.www.nfl.com/image/private/f_auto,q_auto/league/lnq0ypzkle8qqwbtbqr3",TEN,2018,2,REG,HOU,0,0,0.0,0,0.0,0.0,0.0,0,0,0.0,0.0,0.0,,0,,,0,0.0,0,0.0,0.0,0.0,,0,1,1,66.0,1,0.0,0.0,17.0,49.0,1.0,7.646471,0,3.8823528,0.04761905,0.13934426,0.16896956,0.0,12.6,13.6,00-0034389,DB,2018_02_HOU_TEN,1.0,1.0,16.0,18.0,1.4705882352941175,1.6129032258064515,61.53846153846154,00-0034389,SS,2.0,13.1,2,2019,2
00-0034393,T.Fumagalli,Troy Fumagalli,TE,TE,"https://static.www.nfl.com/image/private/f_auto,q_auto/league/ec3s3n119ph0se5reacd",DEN,2019,2,REG,CHI,0,0,0.0,0,0.0,0.0,0.0,0,0,0.0,0.0,0.0,,0,,,0,0.0,0,0.0,0.0,0.0,,0,1,1,7.0,0,0.0,0.0,5.0,2.0,0.0,0.41600713,0,1.4,0.02,0.01992032,0.043944225,0.0,0.7,1.7,00-0034393,TE,2019_02_CHI_DEN,14.0,0.0,9.0,23.0,16.867469879518072,0.0,37.5,00-0034393,TE,3.0,1.2000000000000002,2,2020,13
00-0034395,D.Fountain,Daurice Fountain,WR,WR,"https://static.www.nfl.com/image/upload/f_auto,q_auto/league/o1qlrzg7ddwfh7igt5e7",IND,2020,3,REG,NYJ,0,0,0.0,0,0.0,0.0,0.0,0,0,0.0,0.0,0.0,,0,,,0,0.0,0,0.0,0.0,0.0,,0,2,2,23.0,0,0.0,0.0,23.0,0.0,2.0,1.434086,0,1.0,0.08,0.16083916,0.23258741,0.0,2.3,4.3,00-0034395,WR,2020_03_NYJ_IND,19.0,0.0,6.0,25.0,29.6875,0.0,22.22222222222222,00-0034395,WR,3.0,3.3000000000000003,1,2020,2
00-0034400,J.Wilkins,Jordan Wilkins,RB,RB,"https://static.www.nfl.com/image/private/f_auto,q_auto/league/ltz7ffp0fnywwhcm2d3z",IND,2018,1,REG,CIN,0,0,0.0,0,0.0,0.0,0.0,0,0,0.0,0.0,0.0,,0,,,14,40.0,0,0.0,0.0,1.0,-5.9886284,0,3,3,21.0,0,0.0,0.0,-5.0,26.0,0.0,1.4051329,0,-4.2,0.057692308,-0.017605634,0.07421452,0.0,6.1,9.1,00-0034400,RB,2018_01_CIN_IND,46.0,0.0,7.0,53.0,56.09756097560976,0.0,24.13793103448276,00-0034400,RB,1.0,7.6,4,2022,45
00-0034407,R.McCloud,Ray-Ray McCloud,WR,WR,"https://static.www.nfl.com/image/upload/f_auto,q_auto/league/k3ykgsntuqdb0nl4grxk",BUF,2018,3,REG,MIN,0,0,0.0,0,0.0,0.0,0.0,0,0,0.0,0.0,0.0,,0,,,0,0.0,0,0.0,0.0,0.0,,0,1,1,6.0,0,0.0,0.0,-3.0,9.0,0.0,0.22330464,0,0.0,0.045454547,-0.015789473,0.057129186,0.0,0.6,1.6,00-0034407,WR,2018_03_BUF_MIN,14.0,0.0,3.0,17.0,20.0,0.0,12.5,00-0034407,WR,2.0,1.1,6,2024,177
00-0034412,L.Falk,Luke Falk,QB,QB,"https://static.www.nfl.com/image/private/f_auto,q_auto/league/caeic48dkstqkisxvs0x",NYJ,2019,2,REG,CLE,20,25,198.0,0,0.0,2.0,15.0,0,0,124.0,120.0,6.0,-4.962313,0,1.5967742,0.07208233,0,0.0,0,0.0,0.0,0.0,,0,0,0,0.0,0,0.0,0.0,0.0,0.0,0.0,,0,,,,,0.0,7.92,7.92,00-0034412,QB,2019_02_CLE_NYJ,48.0,0.0,0.0,48.0,70.58823529411765,0.0,0.0,,,,7.92,1,2019,3
00-0034414,B.Scott,Boston Scott,RB,RB,"https://static.www.nfl.com/image/upload/f_auto,q_auto/league/eqdpw33quvi1wbwakaak",PHI,2019,6,REG,MIN,0,0,0.0,0,0.0,0.0,0.0,0,0,0.0,0.0,0.0,,0,,,4,30.0,0,0.0,0.0,1.0,-1.6117271,0,0,0,0.0,0,0.0,0.0,0.0,0.0,0.0,,0,,,,,0.0,3.0,3.0,00-0034414,RB,2019_06_PHI_MIN,4.0,0.0,3.0,7.0,5.633802816901409,0.0,10.714285714285714,,,,3.0,5,2023,110
00-0034420,J.Thomas,Jordan Thomas,TE,TE,"https://static.www.nfl.com/image/private/f_auto,q_auto/league/lhqymyl9yfmt9gfqb0ro",HOU,2018,1,REG,NE,0,0,0.0,0,0.0,0.0,0.0,0,0,0.0,0.0,0.0,,0,,,0,0.0,0,0.0,0.0,0.0,,0,1,2,27.0,0,0.0,0.0,22.0,5.0,1.0,1.659014,0,1.2272727,0.05882353,0.05835544,0.1290841,0.0,2.7,3.7,00-0034420,LB,2018_01_HOU_NE,13.0,0.0,4.0,17.0,17.105263157894736,0.0,12.5,00-0034420,TE,3.0,3.2,3,2020,20
00-0034426,J.Wims,Javon Wims,WR,WR,"https://static.www.nfl.com/image/private/f_auto,q_auto/league/yz9qgdgesqc9nbkv832p",CHI,2018,4,REG,TB,0,0,0.0,0,0.0,0.0,0.0,0,0,0.0,0.0,0.0,,0,,,0,0.0,0,0.0,0.0,0.0,,0,0,1,0.0,0,0.0,0.0,4.0,0.0,0.0,-0.8152633,0,0.0,0.03846154,0.014814815,0.06806268,0.0,0.0,0.0,00-0034426,WR,2018_04_TB_CHI,1.0,0.0,0.0,1.0,1.5873015873015872,0.0,0.0,00-0034426,WR,3.0,0.0,3,2020,24
00-0034427,Da.Williams,Dave Williams,RB,RB,"https://static.www.nfl.com/image/private/f_auto,q_auto/league/ljq6ab6ehmjwvcq2knbv",JAX,2018,7,REG,HOU,0,0,0.0,0,0.0,0.0,0.0,0,0,0.0,0.0,0.0,,0,,,1,2.0,0,0.0,0.0,0.0,-0.40407184,0,0,0,0.0,0,0.0,0.0,0.0,0.0,0.0,,0,,,,,0.0,0.2,0.2,00-0034427,RB,2018_07_HOU_JAX,6.0,0.0,0.0,6.0,8.571428571428571,0.0,0.0,00-0034427,RB,3.0,0.2,1,2018,3
00-0034432,B.Scarbrough,Bo Scarbrough,RB,RB,"https://static.www.nfl.com/image/private/f_auto,q_auto/league/y9zcmooqisc5cex2tqxb",DET,2019,11,REG,DAL,0,0,0.0,0,0.0,0.0,0.0,0,0,0.0,0.0,0.0,,0,,,14,55.0,1,0.0,0.0,3.0,-0.60967654,0,0,0,0.0,0,0.0,0.0,0.0,0.0,0.0,,0,,,,,0.0,11.5,11.5,00-0034432,RB,2019_11_DAL_DET,31.0,0.0,0.0,31.0,46.96969696969697,0.0,0.0,,,,11.5,2,2020,7
00-0034433,N.Bawden,Nick Bawden,FB,RB,"https://static.www.nfl.com/image/private/f_auto,q_auto/league/rz1cgqj4rvl2xjffxyia",DET,2019,1,REG,ARI,0,0,0.0,0,0.0,0.0,0.0,0,0,0.0,0.0,0.0,,0,,,0,0.0,0,0.0,0.0,0.0,,0,1,1,0.0,0,0.0,0.0,-1.0,1.0,0.0,-0.6390011,0,-0.0,0.024390243,-0.0021141649,0.035105452,0.0,0.0,1.0,00-0034433,RB,2019_01_DET_ARI,22.0,0.0,29.0,51.0,25.58139534883721,0.0,72.5,00-0034433,FB,3.0,0.5,3,2023,11
00-0034435,K.Crossen,Keion Crossen,CB,DB,"https://static.www.nfl.com/image/private/f_auto,q_auto/league/ocvxmo4ggct27fv9dn8x",NYG,2021,14,REG,LAC,0,0,0.0,0,0.0,0.0,0.0,0,0,0.0,0.0,0.0,,0,,,0,0.0,0,0.0,0.0,0.0,,0,0,1,0.0,0,0.0,0.0,13.0,0.0,0.0,-2.8510377,0,0.0,0.029411765,0.04113924,0.072915114,0.0,0.0,0.0,00-0034435,DB,2021_14_NYG_LAC,1.0,1.0,27.0,29.0,1.4285714285714286,1.3888888888888888,96.42857142857144,00-0034435,CB,2.0,0.0,1,2021,1
00-0034438,L.Woodside,Logan Woodside,QB,QB,"https://static.www.nfl.com/image/upload/f_auto,q_auto/league/hf5rgpjctslpwjzl0er9",TEN,2020,11,REG,BAL,1,1,7.0,0,0.0,0.0,-0.0,0,0,7.0,0.0,1.0,3.0192826,0,1.0,,0,0.0,0,0.0,0.0,0.0,,0,0,0,0.0,0,0.0,0.0,0.0,0.0,0.0,,0,,,,,0.0,0.28,0.28,00-0034438,QB,2020_11_TEN_BAL,1.0,0.0,0.0,1.0,1.4285714285714286,0.0,0.0,00-0034438,QB,2.0,0.28,3,2023,20
00-0034439,R.Izzo,Ryan Izzo,TE,TE,"https://static.www.nfl.com/image/private/f_auto,q_auto/league/mrgkhzunyljetpkfadkt",NE,2019,1,REG,PIT,0,0,0.0,0,0.0,0.0,0.0,0,0,0.0,0.0,0.0,,0,,,0,0.0,0,0.0,0.0,0.0,,0,1,2,3.0,0,0.0,0.0,9.0,1.0,0.0,-1.0614619,0,0.33333334,0.054054055,0.03214286,0.10358108,0.0,0.3,1.3,00-0034439,TE,2019_01_PIT_NE,45.0,0.0,0.0,45.0,64.28571428571429,0.0,0.0,00-0034439,TE,2.0,0.8,2,2020,14
00-0034440,J.Jackson,Justin Jackson,RB,RB,"https://static.www.nfl.com/image/private/f_auto,q_auto/league/n7pvb1trbn9rtttlw7df",LAC,2018,6,REG,CLE,0,0,0.0,0,0.0,0.0,0.0,0,0,0.0,0.0,0.0,,0,,,3,4.0,0,0.0,0.0,0.0,-2.8045325,0,1,1,8.0,0,0.0,0.0,-3.0,11.0,0.0,0.24944939,0,-2.6666667,0.04761905,-0.012765957,0.0624924,0.0,1.2,2.2,00-0034440,RB,2018_06_LAC_CLE,5.0,0.0,15.0,20.0,6.666666666666667,0.0,51.72413793103448,00-0034440,RB,3.0,1.7000000000000002,5,2022,61
00-0034445,N.Gates,Nick Gates,C,OL,"https://static.www.nfl.com/image/upload/f_auto,q_auto/league/mm6y8qrgmgv0nu5jvxbo",NYG,2020,15,REG,CLE,0,0,0.0,0,0.0,0.0,0.0,0,0,0.0,0.0,0.0,,0,,,0,0.0,0,0.0,0.0,0.0,,0,0,1,0.0,0,0.0,0.0,8.0,0.0,0.0,-2.573928,0,0.0,0.03125,0.026845638,0.065666944,0.0,0.0,0.0,00-0034445,G,2020_15_CLE_NYG,54.0,0.0,2.0,56.0,100.0,0.0,11.76470588235294,00-0034445,C,1.0,0.0,1,2020,1
00-0034449,B.Howell,Buddy Howell,RB,RB,"https://static.www.nfl.com/image/private/f_auto,q_auto/league/iqoes3t0jkt62cpqmuvo",HOU,2019,11,REG,BAL,0,0,0.0,0,0.0,0.0,0.0,0,0,0.0,0.0,0.0,,0,,,2,5.0,0,0.0,0.0,0.0,-0.6116764,0,0,0,0.0,0,0.0,0.0,0.0,0.0,0.0,,0,,,,,0.0,0.5,0.5,00-0034449,RB,2019_11_HOU_BAL,4.0,0.0,13.0,17.0,6.557377049180328,0.0,56.52173913043478,00-0034449,RB,2.0,0.5,3,2021,5
00-0034457,J.Adams,Josh Adams,RB,RB,"https://static.www.nfl.com/image/private/f_auto,q_auto/league/ppc3a6qvlxjxmkwxbphn",PHI,2018,3,REG,IND,0,0,0.0,0,0.0,0.0,0.0,0,0,0.0,0.0,0.0,,0,,,6,30.0,0,0.0,0.0,1.0,-0.4181773,0,0,0,0.0,0,0.0,0.0,0.0,0.0,0.0,,0,,,,,0.0,3.0,3.0,00-0034457,RB,2018_03_IND_PHI,9.0,0.0,0.0,9.0,10.465116279069768,0.0,0.0,,,,3.0,3,2020,22
00-0034489,J.Tolliver,Jalen Tolliver,WR,WR,"https://static.www.nfl.com/image/private/f_auto,q_auto/league/eghpk65s1q2vczdf9gry",ARI,2018,14,REG,DET,0,0,0.0,0,0.0,0.0,0.0,0,0,0.0,0.0,0.0,,0,,,0,0.0,0,0.0,0.0,0.0,,0,2,2,22.0,0,0.0,0.0,8.0,14.0,2.0,1.2536631,0,2.75,0.048780486,0.021052632,0.087907575,0.0,2.2,4.2,00-0034489,WR,2018_14_DET_ARI,13.0,0.0,5.0,18.0,18.30985915492958,0.0,20.833333333333336,,,,3.2,1,2018,3
00-0034496,S.Chandler,Sean Chandler,SS,DB,"https://static.www.nfl.com/image/private/f_auto,q_auto/league/m4glij7rkgkyhu01igmi",CAR,2021,12,REG,MIA,0,0,0.0,0,0.0,0.0,0.0,0,0,0.0,0.0,0.0,,0,,,1,14.0,0,0.0,0.0,1.0,3.5159445,0,0,0,0.0,0,0.0,0.0,0.0,0.0,0.0,,0,,,,,0.0,1.4,1.4,00-0034496,DB,2021_12_CAR_MIA,1.0,14.0,18.0,33.0,1.3333333333333337,23.728813559322035,66.66666666666666,00-0034496,SS,1.0,1.4,2,2022,2
00-0034499,J.Davis,Jawill Davis,WR,WR,"https://static.www.nfl.com/image/private/f_auto,q_auto/league/ovxnuaqurfd2nccer8is",NYG,2018,5,REG,CAR,0,0,0.0,0,0.0,0.0,0.0,0,0,0.0,0.0,0.0,,0,,,0,0.0,0,0.0,0.0,0.0,,0,2,4,27.0,0,0.0,0.0,54.0,2.0,1.0,-0.091174684,0,0.5,0.10810811,0.135,0.25666216,0.0,2.7,4.7,00-0034499,WR,2018_05_NYG_CAR,10.0,0.0,10.0,20.0,17.543859649122805,0.0,31.25,,,,3.7,1,2018,5
00-0034509,K.Ford,Keith Ford,RB,RB,"https://static.www.nfl.com/image/private/f_auto,q_auto/league/tagamx47ebjwvjjk9zuw",BUF,2018,15,REG,DET,0,0,0.0,0,0.0,0.0,0.0,0,0,0.0,0.0,0.0,,0,,,14,46.0,0,0.0,0.0,3.0,-2.110336,0,1,1,7.0,0,0.0,0.0,2.0,5.0,0.0,0.37615123,0,3.5,0.04347826,0.0050125313,0.06872616,0.0,5.3,6.3,00-0034509,RB,2018_15_DET_BUF,39.0,0.0,0.0,39.0,59.09090909090909,0.0,0.0,,,,5.800000000000001,1,2018,2
00-0034510,R.Foster,Robert Foster,WR,WR,"https://static.www.nfl.com/image/private/f_auto,q_auto/league/fmcyiy4oxx9soub8zbui",BUF,2018,1,REG,BAL,0,0,0.0,0,0.0,0.0,0.0,0,0,0.0,0.0,0.0,,0,,,0,0.0,0,0.0,0.0,0.0,,0,0,2,0.0,0,0.0,0.0,65.0,0.0,0.0,-0.6539935,0,0.0,0.0625,0.18518518,0.22337963,0.0,0.0,0.0,00-0034510,WR,2018_01_BUF_BAL,16.0,0.0,4.0,20.0,23.52941176470588,0.0,12.12121212121212,00-0034510,WR,3.0,0.0,3,2020,24
00-0034512,C.Phillips,Cam Phillips,WR,WR,"https://static.www.nfl.com/image/private/f_auto,q_auto/league/bcflijys3gae61fdmfv2",BUF,2018,8,REG,NE,0,0,0.0,0,0.0,0.0,0.0,0,0,0.0,0.0,0.0,,0,,,0,0.0,0,0.0,0.0,0.0,,0,1,1,9.0,0,0.0,0.0,2.0,7.0,0.0,0.35185206,0,4.5,0.025,0.004819277,0.040873494,0.0,0.9,1.9,00-0034512,WR,2018_08_NE_BUF,11.0,0.0,4.0,15.0,14.864864864864863,0.0,14.814814814814811,00-0034512,WR,2.0,1.4,1,2018,1
00-0034532,J.Franks,Jordan Franks,TE,TE,"https://static.www.nfl.com/image/private/f_auto,q_auto/league/xlsa8rdfaysafmfyjy7m",CIN,2018,8,REG,TB,0,0,0.0,0,0.0,0.0,0.0,0,0,0.0,0.0,0.0,,0,,,0,0.0,0,0.0,0.0,0.0,,0,1,1,32.0,0,0.0,0.0,23.0,9.0,1.0,1.7227503,0,1.3913044,0.03125,0.074433655,0.09897856,0.0,3.2,4.2,00-0034532,TE,2018_08_TB_CIN,2.0,0.0,22.0,24.0,2.985074626865672,0.0,66.66666666666666,,,,3.7,1,2018,3
00-0034560,J.Jones,J.J. Jones,WR,WR,"https://static.www.nfl.com/image/private/f_auto,q_auto/league/uvfhpfx8uvtyj50b8lpy",LAC,2018,2,REG,BUF,0,0,0.0,0,0.0,0.0,0.0,0,0,0.0,0.0,0.0,,0,,,1,0.0,0,0.0,0.0,0.0,-0.7526609,0,0,0,0.0,0,0.0,0.0,0.0,0.0,0.0,,0,,,,,0.0,0.0,0.0,00-0034560,WR,2018_02_LAC_BUF,2.0,0.0,10.0,12.0,3.4482758620689653,0.0,33.33333333333333,00-0034560,WR,3.0,0.0,1,2018,4
00-0034565,D.Newsome,Detrez Newsome,RB,RB,"https://static.www.nfl.com/image/private/f_auto,q_auto/league/nxw9d9uxbh2qsyle689j",LAC,2018,2,REG,BUF,0,0,0.0,0,0.0,0.0,0.0,0,0,0.0,0.0,0.0,,0,,,1,0.0,0,0.0,0.0,0.0,-0.41751397,0,0,0,0.0,0,0.0,0.0,0.0,0.0,0.0,,0,,,,,0.0,0.0,0.0,00-0034565,RB,2018_02_LAC_BUF,2.0,0.0,7.0,9.0,3.4482758620689653,0.0,23.33333333333333,00-0034565,RB,3.0,0.0,1,2018,3
00-0034571,T.Scott,Trenton Scott,T,OL,"https://static.www.nfl.com/image/upload/f_auto,q_auto/league/v5tyxvb4cdtzumhdzbd0",WAS,2024,3,REG,CIN,0,0,0.0,0,0.0,0.0,0.0,0,0,0.0,0.0,0.0,,0,,,0,0.0,0,0.0,0.0,0.0,,0,1,1,1.0,1,0.0,0.0,1.0,0.0,1.0,0.87774354,0,1.0,0.04347826,0.004651163,0.068473205,0.0,6.1,7.1,00-0034571,OT,,0.0,0.0,0.0,0.0,0.0,0.0,0.0,00-0034571,T,2.0,6.6,1,2024,1
00-0034575,D.Wells,David Wells,TE,TE,"https://static.www.nfl.com/image/upload/f_auto,q_auto/league/ft7ynz8n2ehrduolhihy",TB,2023,2,REG,CHI,0,0,0.0,0,0.0,0.0,0.0,0,0,0.0,0.0,0.0,,0,,,0,0.0,0,0.0,0.0,0.0,,0,2,2,-10.0,0,1.0,0.0,0.0,-10.0,1.0,-1.7841487,0,0.0,0.0625,0.0,0.09375,0.0,-1.0,1.0,00-0034575,TE,2023_02_CHI_TB,17.0,0.0,8.0,25.0,23.943661971830984,0.0,29.629629629629623,00-0034575,TE,2.0,-2.0,1,2023,1
00-0034578,R.Bonnafon,Reggie Bonnafon,RB,RB,"https://static.www.nfl.com/image/private/f_auto,q_auto/league/revwhbm7uizs4oiwqdo3",CAR,2019,3,REG,ARI,0,0,0.0,0,0.0,0.0,0.0,0,0,0.0,0.0,0.0,,0,,,2,5.0,0,0.0,0.0,0.0,-0.5047908,0,0,0,0.0,0,0.0,0.0,0.0,0.0,0.0,,0,,,,,0.0,0.5,0.5,00-0034578,RB,2019_03_CAR_ARI,3.0,0.0,15.0,18.0,4.918032786885246,0.0,50.0,00-0034578,RB,3.0,0.5,4,2022,16
00-0034593,C.Lacy,Chris Lacy,WR,WR,"https://static.www.nfl.com/image/private/f_auto,q_auto/league/aopxp9h0dbs4beiar23d",DET,2018,17,REG,GB,0,0,0.0,0,0.0,0.0,0.0,0,0,0.0,0.0,0.0,,0,,,0,0.0,0,0.0,0.0,0.0,,0,0,1,0.0,0,0.0,0.0,9.0,0.0,0.0,-0.49524105,0,0.0,0.030303031,0.04225352,0.07503201,0.0,0.0,0.0,00-0034593,WR,2018_17_DET_GB,33.0,0.0,10.0,43.0,45.20547945205479,0.0,43.47826086956522,,,,0.0,2,2019,4
00-0034597,R.Nall,Ryan Nall,RB,RB,"https://static.www.nfl.com/image/private/f_auto,q_auto/league/qh4cznlh73ud2b9loalu",CHI,2019,17,REG,MIN,0,0,0.0,0,0.0,0.0,0.0,0,0,0.0,0.0,0.0,,0,,,2,8.0,0,0.0,0.0,1.0,0.14985842,0,0,0,0.0,0,0.0,0.0,0.0,0.0,0.0,,0,,,,,0.0,0.8,0.8,00-0034597,RB,2019_17_CHI_MIN,4.0,0.0,15.0,19.0,8.16326530612245,0.0,60.0,00-0034597,RB,3.0,0.8,3,2021,11
00-0034614,G.Igwebuike,Godwin Igwebuike,RB,RB,"https://static.www.nfl.com/image/private/f_auto,q_auto/league/d0jsvuhu4xwkyegnlauh",DET,2021,8,REG,PHI,0,0,0.0,0,0.0,0.0,0.0,0,0,0.0,0.0,0.0,,0,,,3,18.0,0,0.0,0.0,1.0,-0.118009605,0,3,3,40.0,0,0.0,0.0,8.0,32.0,2.0,2.4655013,0,5.0,0.09375,0.04232804,0.17025463,0.0,5.8,8.8,00-0034614,RB,2021_08_PHI_DET,11.0,0.0,15.0,26.0,17.46031746031746,0.0,62.5,00-0034614,RB,2.0,7.3,2,2022,17
00-0034621,S.Wilson,Shaun Wilson,RB,RB,"https://static.www.nfl.com/image/private/f_auto,q_auto/league/i623ykztphsbp6cnw5b3",TB,2018,1,REG,NO,0,0,0.0,0,0.0,0.0,0.0,0,0,0.0,0.0,0.0,,0,,,1,6.0,0,0.0,0.0,0.0,-0.11992299,0,0,0,0.0,0,0.0,0.0,0.0,0.0,0.0,,0,,,,,0.0,0.6,0.6,00-0034621,RB,2018_01_TB_NO,2.0,0.0,5.0,7.0,3.1746031746031744,0.0,15.151515151515152,,,,0.6000000000000001,1,2018,11
00-0034631,V.Smith,Vyncint Smith,WR,WR,"https://static.www.nfl.com/image/private/f_auto,q_auto/league/jjwvixdxj0lapvuqwbz9",HOU,2018,1,REG,NE,0,0,0.0,0,0.0,0.0,0.0,0,0,0.0,0.0,0.0,,0,,,0,0.0,0,0.0,0.0,0.0,,0,0,2,0.0,0,0.0,0.0,88.0,0.0,0.0,-3.773107,0,0.0,0.05882353,0.23342176,0.2516305,0.0,0.0,0.0,00-0034631,WR,2018_01_HOU_NE,37.0,0.0,0.0,37.0,48.68421052631579,0.0,0.0,00-0034631,WR,2.0,0.0,4,2021,33
00-0034646,B.Powell,Brandon Powell,WR,WR,"https://static.www.nfl.com/image/private/f_auto,q_auto/league/cqtogvopabvi3gcuaosi",DET,2018,10,REG,CHI,0,0,0.0,0,0.0,0.0,0.0,0,0,0.0,0.0,0.0,,0,,,0,0.0,0,0.0,0.0,0.0,,0,1,3,6.0,0,0.0,0.0,16.0,3.0,1.0,-1.3187689,0,0.375,0.071428575,0.04597701,0.13932677,0.0,0.6,1.6,00-0034646,WR,2018_10_DET_CHI,24.0,0.0,0.0,24.0,30.76923076923077,0.0,0.0,00-0034646,WR,2.0,1.1,6,2024,139
00-0034652,C.Batson,Cameron Batson,WR,WR,"https://static.www.nfl.com/image/private/f_auto,q_auto/league/pow47zamr7jdcca5ibsl",TEN,2018,7,REG,LAC,0,0,0.0,0,0.0,0.0,0.0,0,0,0.0,0.0,0.0,,0,,,0,0.0,0,0.0,0.0,0.0,,0,1,1,0.0,0,0.0,0.0,0.0,0.0,0.0,-0.38062936,0,,0.03125,0.0,0.046875,0.0,0.0,1.0,00-0034652,WR,2018_07_TEN_LAC,6.0,0.0,0.0,6.0,8.333333333333332,0.0,0.0,00-0034652,WR,3.0,0.5,3,2021,41
00-0034653,D.Burnett,Deontay Burnett,WR,WR,"https://static.www.nfl.com/image/private/f_auto,q_auto/league/iyteeepnw4u0hssvjzxe",NYJ,2018,7,REG,MIN,0,0,0.0,0,0.0,0.0,0.0,0,0,0.0,0.0,0.0,,0,,,0,0.0,0,0.0,0.0,0.0,,0,1,2,9.0,0,0.0,0.0,7.0,6.0,0.0,0.20829755,0,1.2857143,0.04761905,0.014285714,0.08142857,0.0,0.9,1.9,00-0034653,WR,2018_07_MIN_NYJ,15.0,0.0,0.0,15.0,21.12676056338028,0.0,0.0,,,,1.4,3,2020,9
00-0034654,D.Dawkins,Dalyn Dawkins,RB,RB,"https://static.www.nfl.com/image/private/f_auto,q_auto/league/loz7fcvw2grvnn9zplud",TEN,2019,6,REG,DEN,0,0,0.0,0,0.0,0.0,0.0,0,0,0.0,0.0,0.0,,0,,,2,2.0,0,0.0,0.0,0.0,-1.0837016,0,0,0,0.0,0,0.0,0.0,0.0,0.0,0.0,,0,,,,,0.0,0.2,0.2,00-0034654,RB,2019_06_TEN_DEN,4.0,0.0,0.0,4.0,5.797101449275362,0.0,0.0,,,,0.2,1,2019,2
00-0034660,R.Gafford,Rico Gafford,WR,WR,"https://static.www.nfl.com/image/private/f_auto,q_auto/league/yotlvbawckg5e7shvr2y",LV,2019,14,REG,TEN,0,0,0.0,0,0.0,0.0,0.0,0,0,0.0,0.0,0.0,,0,,,0,0.0,0,0.0,0.0,0.0,,0,1,1,49.0,1,0.0,0.0,34.0,15.0,1.0,4.8775315,0,1.4411764,0.033333335,0.14285715,0.15,0.0,10.9,11.9,00-0034660,WR,2019_14_TEN_OAK,12.0,0.0,0.0,12.0,19.047619047619047,0.0,0.0,00-0034660,WR,3.0,11.4,2,2020,4
00-0034672,E.Wolf,Ethan Wolf,TE,TE,"https://static.www.nfl.com/image/private/f_auto,q_auto/league/axn5dxyd6e9jcixash1g",NO,2021,16,REG,MIA,0,0,0.0,0,0.0,0.0,0.0,0,0,0.0,0.0,0.0,,0,,,0,0.0,0,0.0,0.0,0.0,,0,2,2,8.0,0,0.0,0.0,2.0,6.0,0.0,-0.390935,0,4.0,0.11111111,0.02631579,0.18508773,0.0,0.8,2.8,00-0034672,TE,2021_16_MIA_NO,13.0,0.0,6.0,19.0,24.52830188679245,0.0,23.07692307692308,,,,1.8,1,2021,1
00-0034676,J.Washington,James Washington,WR,WR,"https://static.www.nfl.com/image/private/f_auto,q_auto/league/z5svt5lojqlibpxitvty",PIT,2018,2,REG,KC,0,0,0.0,0,0.0,0.0,0.0,0,0,0.0,0.0,0.0,,0,,,0,0.0,0,0.0,0.0,0.0,,0,1,5,14.0,1,0.0,0.0,127.0,5.0,1.0,-0.1908978,0,0.11023622,0.083333336,0.23649907,0.29054934,0.0,7.4,8.4,00-0034676,WR,2018_02_KC_PIT,67.0,0.0,0.0,67.0,78.82352941176471,0.0,0.0,00-0034676,WR,2.0,7.9,5,2022,66
00-0034679,M.Walton,Mark Walton,HB,RB,"https://static.www.nfl.com/image/private/f_auto,q_auto/league/bagm3hmxx07fqbe2xumb",CIN,2018,4,REG,ATL,0,0,0.0,0,0.0,0.0,0.0,0,0,0.0,0.0,0.0,,0,,,5,9.0,0,0.0,0.0,1.0,-2.1931682,0,2,4,28.0,0,0.0,0.0,-3.0,27.0,1.0,2.9425316,0,-9.333333,0.09756097,-0.010526316,0.13897304,0.0,3.7,5.7,00-0034679,RB,2018_04_CIN_ATL,28.0,0.0,0.0,28.0,37.333333333333336,0.0,0.0,00-0034679,RB,3.0,4.7,2,2019,13
00-0034681,C.Edmonds,Chase Edmonds,RB,RB,"https://static.www.nfl.com/image/private/f_auto,q_auto/league/y0u4btecdge4tsun4p2h",ARI,2018,1,REG,WAS,0,0,0.0,0,0.0,0.0,0.0,0,0,0.0,0.0,0.0,,0,,,4,24.0,0,0.0,0.0,2.0,0.8393283,0,4,4,24.0,0,0.0,0.0,4.0,20.0,0.0,0.27552378,0,6.0,0.11764706,0.01923077,0.18993212,0.0,4.8,8.8,00-0034681,RB,2018_01_WAS_ARI,18.0,0.0,5.0,23.0,33.9622641509434,0.0,25.0,00-0034681,RB,2.0,6.800000000000001,6,2023,109
00-0034684,J.Townsend,Johnny Townsend,P,SPEC,"https://static.www.nfl.com/image/private/f_auto,q_auto/league/pezzfoj9b38mi0irh4e0",LV,2018,10,REG,LAC,0,0,0.0,0,0.0,0.0,0.0,0,0,0.0,0.0,0.0,,0,,,1,42.0,0,0.0,0.0,1.0,5.246491,0,0,0,0.0,0,0.0,0.0,0.0,0.0,0.0,,0,,,,,0.0,4.2,4.2,00-0034684,P,2018_10_LAC_OAK,1.0,0.0,5.0,6.0,1.5873015873015872,0.0,23.809523809523807,00-0034684,P,1.0,4.2,1,2018,2
00-0034686,A.Tate,Auden Tate,WR,WR,"https://static.www.nfl.com/image/private/f_auto,q_auto/league/gp64utjveglpbit53u3t",CIN,2018,10,REG,NO,0,0,0.0,0,0.0,0.0,0.0,0,0,0.0,0.0,0.0,,0,,,0,0.0,0,0.0,0.0,0.0,,0,0,1,0.0,0,0.0,0.0,12.0,0.0,0.0,-0.4356269,0,0.0,0.045454547,0.06122449,0.11103896,0.0,0.0,0.0,00-0034686,WR,2018_10_NO_CIN,8.0,0.0,10.0,18.0,18.181818181818183,0.0,35.714285714285715,,,,0.0,4,2021,30
00-0034705,J.Franklin,John Franklin,WR,WR,"https://static.www.nfl.com/image/private/f_auto,q_auto/league/arlseo7rbaeylylcnpr1",TB,2019,17,REG,ATL,0,0,0.0,0,0.0,0.0,0.0,0,0,0.0,0.0,0.0,,0,,,1,11.0,0,0.0,0.0,1.0,0.83521605,0,0,0,0.0,0,0.0,0.0,0.0,0.0,0.0,,0,,,,,0.0,1.1,1.1,00-0034705,WR,2019_17_ATL_TB,2.0,0.0,0.0,2.0,3.7735849056603774,0.0,0.0,,,,1.1,1,2019,1
00-0034710,D.Kidsy,Darvin Kidsy,WR,WR,"https://static.www.nfl.com/image/private/f_auto,q_auto/league/grfutadlsiyk3c8n7u8y",WAS,2018,17,REG,PHI,0,0,0.0,0,0.0,0.0,0.0,0,0,0.0,0.0,0.0,,0,,,0,0.0,0,0.0,0.0,0.0,,0,1,2,8.0,0,0.0,0.0,18.0,2.0,1.0,1.9939588,0,0.44444445,0.074074075,0.06818182,0.15883838,0.0,0.8,1.8,00-0034710,WR,2018_17_PHI_WAS,10.0,0.0,0.0,10.0,21.27659574468085,0.0,0.0,,,,1.3,1,2018,1
00-0034726,D.Leavitt,Dallin Leavitt,SS,DB,"https://static.www.nfl.com/image/private/f_auto,q_auto/league/puozg5rjuz6vf3cudgx5",LV,2021,14,REG,KC,0,0,0.0,0,0.0,0.0,0.0,0,0,0.0,0.0,0.0,,0,,,1,4.0,0,0.0,0.0,1.0,0.976132,0,0,0,0.0,0,0.0,0.0,0.0,0.0,0.0,,0,,,,,0.0,0.4,0.4,00-0034726,DB,2021_14_LV_KC,1.0,14.0,23.0,38.0,1.5625,21.875,92.0,00-0034726,SS,2.0,0.4,2,2022,3
00-0034735,C.McElroy,Codey McElroy,TE,TE,"https://static.www.nfl.com/image/private/f_auto,q_auto/league/jzeu0mzarw5bosseecho",TB,2019,16,REG,HOU,0,0,0.0,0,0.0,0.0,0.0,0,0,0.0,0.0,0.0,,0,,,0,0.0,0,0.0,0.0,0.0,,0,1,1,30.0,0,0.0,0.0,30.0,0.0,1.0,2.6233046,0,1.0,0.021276595,0.048154093,0.06562276,0.0,3.0,4.0,00-0034735,TE,2019_16_HOU_TB,3.0,0.0,6.0,9.0,4.10958904109589,0.0,20.689655172413797,,,,3.5,2,2021,2
00-0034747,M.Ateman,Marcell Ateman,WR,WR,"https://static.www.nfl.com/image/private/f_auto,q_auto/league/q5cbbfy8hxkcx7jwb7ve",LV,2018,11,REG,ARI,0,0,0.0,0,0.0,0.0,0.0,0,0,0.0,0.0,0.0,,0,,,0,0.0,0,0.0,0.0,0.0,,0,4,5,50.0,0,0.0,0.0,43.0,16.0,1.0,2.5034897,0,1.1627907,0.17857143,0.18297872,0.39594224,0.0,5.0,9.0,00-0034747,WR,2018_11_OAK_ARI,65.0,0.0,0.0,65.0,94.20289855072464,0.0,0.0,00-0034747,WR,3.0,7.0,2,2019,10
00-0034750,R.Penny,Rashaad Penny,RB,RB,"https://static.www.nfl.com/image/private/f_auto,q_auto/league/mwvzwst6cfcwifblqtsj",SEA,2018,1,REG,DEN,0,0,0.0,0,0.0,0.0,0.0,0,0,0.0,0.0,0.0,,0,,,7,8.0,0,0.0,0.0,0.0,-3.5367575,0,4,5,35.0,0,0.0,0.0,7.0,27.0,1.0,1.0455185,0,5.0,0.15151516,0.020771513,0.24181278,0.0,4.3,8.3,00-0034750,RB,2018_01_SEA_DEN,26.0,0.0,0.0,26.0,43.333333333333336,0.0,0.0,00-0034750,RB,2.0,6.3,6,2023,82
00-0034751,J.Jackson,Josh Jackson,CB,DB,"https://static.www.nfl.com/image/private/f_auto,q_auto/league/cdhgtve6ofjjbjqxzmfl",GB,2018,2,REG,GB,0,0,0.0,0,0.0,0.0,0.0,0,0,0.0,0.0,0.0,,0,,,0,0.0,0,0.0,0.0,0.0,,0,0,0,0.0,0,0.0,0.0,0.0,0.0,0.0,,0,,,,,1.0,6.0,6.0,00-0034751,CB,2018_02_MIN_GB,0.0,34.0,16.0,50.0,0.0,43.03797468354431,43.24324324324324,00-0034751,CB,3.0,0.0,1,2018,1
00-0034765,T.Smith,Tre'Quan Smith,WR,WR,"https://static.www.nfl.com/image/private/f_auto,q_auto/league/w0fqbjft1n3akkw7o6jc",NO,2018,1,REG,TB,0,0,0.0,0,0.0,0.0,0.0,0,0,0.0,0.0,0.0,,0,,,0,0.0,0,0.0,0.0,0.0,,0,0,1,0.0,0,0.0,0.0,20.0,0.0,0.0,-0.52199847,0,0.0,0.022727273,0.058651026,0.07514663,0.0,0.0,0.0,00-0034765,WR,2018_01_TB_NO,11.0,0.0,0.0,11.0,16.666666666666664,0.0,0.0,00-0034765,WR,2.0,0.0,5,2022,62
00-0034766,C.Herndon,Christopher Herndon,TE,TE,"https://static.www.nfl.com/image/private/f_auto,q_auto/league/orypxaqv1ux3nbqssqqx",NYJ,2018,2,REG,MIA,0,0,0.0,0,0.0,0.0,0.0,0,0,0.0,0.0,0.0,,0,,,0,0.0,0,0.0,0.0,0.0,,0,2,4,30.0,0,1.0,0.0,62.0,4.0,2.0,-3.4702024,0,0.48387095,0.09756097,0.15617129,0.25566137,0.0,3.0,5.0,00-0034766,TE,2018_02_MIA_NYJ,46.0,0.0,8.0,54.0,80.7017543859649,0.0,32.0,00-0034766,TE,3.0,2.0,4,2021,31
00-0034772,A.Callaway,Antonio Callaway,WR,WR,"https://static.www.nfl.com/image/private/f_auto,q_auto/league/qebxtrpadsvtqkgvfy2u",CLE,2018,1,REG,PIT,0,0,0.0,0,0.0,0.0,0.0,0,0,0.0,0.0,0.0,,0,,,0,0.0,0,0.0,0.0,0.0,,0,0,1,0.0,0,0.0,0.0,16.0,0.0,0.0,-0.53414685,0,0.0,0.02631579,0.03874092,0.06659233,0.0,0.0,0.0,00-0034772,WR,2018_01_PIT_CLE,17.0,0.0,4.0,21.0,20.23809523809524,0.0,11.11111111111111,00-0034772,WR,2.0,0.0,3,2020,53
00-0034788,J.Graham,Jaeden Graham,TE,TE,"https://static.www.nfl.com/image/private/f_auto,q_auto/league/fybmurkbrd7waa35tpc8",ATL,2019,6,REG,ARI,0,0,0.0,0,0.0,0.0,0.0,0,0,0.0,0.0,0.0,,0,,,0,0.0,0,0.0,0.0,0.0,,0,1,1,21.0,0,0.0,0.0,9.0,12.0,1.0,1.9308072,0,2.3333333,0.029411765,0.030100334,0.06518788,0.0,2.1,3.1,00-0034788,TE,2019_06_ATL_ARI,8.0,1.0,25.0,34.0,11.594202898550725,1.5151515151515151,78.125,00-0034788,TE,3.0,2.6,2,2020,11
00-0034799,K.Ballage,Kalen Ballage,RB,RB,"https://static.www.nfl.com/image/private/f_auto,q_auto/league/zxxklmhekefz5gaaxqi0",MIA,2018,4,REG,NE,0,0,0.0,0,0.0,0.0,0.0,0,0,0.0,0.0,0.0,,0,,,1,3.0,0,0.0,0.0,0.0,-0.22403808,0,0,0,0.0,0,0.0,0.0,0.0,0.0,0.0,,0,,,,,0.0,0.3,0.3,00-0034799,RB,2018_04_MIA_NE,1.0,1.0,14.0,16.0,2.0,1.2658227848101269,56.00000000000001,00-0034799,RB,2.0,0.3,4,2021,53
00-0034808,J.Kelly,John Kelly,RB,RB,"https://static.www.nfl.com/image/private/f_auto,q_auto/league/vqih30rje8wvdeado2m9",LA,2018,15,REG,PHI,0,0,0.0,0,0.0,0.0,0.0,0,0,0.0,0.0,0.0,,0,,,2,4.0,0,0.0,0.0,0.0,-1.2746974,0,0,0,0.0,0,0.0,0.0,0.0,0.0,0.0,,0,,,,,0.0,0.4,0.4,00-0034808,RB,2018_15_PHI_LA,7.0,0.0,5.0,12.0,9.090909090909092,0.0,16.666666666666664,00-0034808,RB,3.0,0.4,3,2021,5
00-0034816,R.Jones,Ronald Jones,RB,RB,"https://static.www.nfl.com/image/private/f_auto,q_auto/league/juku3wy4sv0xwobxw7xp",TB,2018,4,REG,CHI,0,0,0.0,0,0.0,0.0,0.0,0,0,0.0,0.0,0.0,,0,,,10,29.0,0,0.0,0.0,1.0,-1.7445616,0,1,2,-1.0,0,0.0,0.0,-7.0,1.0,0.0,-1.8449223,0,0.14285715,0.05263158,-0.019178081,0.06552271,0.0,2.8,3.8,00-0034816,RB,2018_04_TB_CHI,21.0,0.0,8.0,29.0,32.8125,0.0,28.57142857142857,00-0034816,RB,3.0,3.3000000000000003,5,2022,82
00-0034830,H.Hurst,Hayden Hurst,TE,TE,"https://static.www.nfl.com/image/private/f_auto,q_auto/league/evevkgcgy0suudtprryp",BAL,2018,5,REG,CLE,0,0,0.0,0,0.0,0.0,0.0,0,0,0.0,0.0,0.0,,0,,,0,0.0,0,0.0,0.0,0.0,,0,1,2,7.0,0,0.0,0.0,13.0,7.0,0.0,-0.43741745,0,0.53846157,0.03508772,0.02832244,0.072457284,0.0,0.7,1.7,00-0034830,TE,2018_05_BAL_CLE,21.0,0.0,0.0,21.0,24.13793103448276,0.0,0.0,00-0034830,TE,3.0,1.2000000000000002,7,2024,89
00-0034834,S.Hubbard,Sam Hubbard,DE,DL,"https://static.www.nfl.com/image/private/f_auto,q_auto/league/fedpaaymkmox3miypjkl",CIN,2018,15,REG,LV,0,0,0.0,0,0.0,0.0,0.0,0,0,0.0,0.0,0.0,,0,,,0,0.0,0,0.0,0.0,0.0,,0,0,1,0.0,0,0.0,0.0,1.0,0.0,0.0,-1.1070879,0,0.0,0.030303031,0.0029498525,0.04751944,0.0,0.0,0.0,00-0034834,DE,2018_15_OAK_CIN,3.0,37.0,15.0,55.0,4.918032786885246,47.43589743589743,45.45454545454545,00-0034834,DE,2.0,0.0,2,2024,2
00-0034838,R.Freeman,Royce Freeman,RB,RB,"https://static.www.nfl.com/image/private/f_auto,q_auto/league/omv74ajxzfk50f5te1mp",DEN,2018,1,REG,SEA,0,0,0.0,0,0.0,0.0,0.0,0,0,0.0,0.0,0.0,,0,,,15,71.0,0,0.0,0.0,3.0,-2.4408305,0,0,0,0.0,0,0.0,0.0,0.0,0.0,0.0,,0,,,,,0.0,7.1,7.1,00-0034838,RB,2018_01_SEA_DEN,29.0,0.0,0.0,29.0,38.15789473684211,0.0,0.0,00-0034838,RB,1.0,7.1000000000000005,6,2023,65
00-0034845,S.Michel,Sony Michel,RB,RB,"https://static.www.nfl.com/image/private/f_auto,q_auto/league/eydtwcqcaegkuwivq0ln",NE,2018,2,REG,JAX,0,0,0.0,0,0.0,0.0,0.0,0,0,0.0,0.0,0.0,,0,,,10,34.0,0,0.0,0.0,1.0,-3.8574827,0,1,2,7.0,0,0.0,0.0,9.0,1.0,0.0,-0.31510857,0,0.7777778,0.057142857,0.04225352,0.11529175,0.0,4.1,5.1,00-0034845,RB,2018_02_NE_JAX,13.0,0.0,6.0,19.0,21.666666666666668,0.0,21.428571428571427,00-0034845,RB,2.0,4.6000000000000005,5,2022,85
00-0034867,M.Turner,Malik Turner,WR,WR,"https://static.www.nfl.com/image/private/f_auto,q_auto/league/r7wv14bgrb5ohjmqsf9p",SEA,2018,12,REG,CAR,0,0,0.0,0,0.0,0.0,0.0,0,0,0.0,0.0,0.0,,0,,,0,0.0,0,0.0,0.0,0.0,,0,1,2,19.0,0,0.0,0.0,14.0,10.0,1.0,1.644014,0,1.3571428,0.071428575,0.045602605,0.13906468,0.0,1.9,2.9,00-0034867,WR,2018_12_SEA_CAR,7.0,0.0,0.0,7.0,11.475409836065571,0.0,0.0,00-0034867,WR,3.0,2.4000000000000004,3,2021,22
00-0034903,T.Campbell,Tevaughn Campbell,CB,DB,"https://static.www.nfl.com/image/private/f_auto,q_auto/league/qb4fu699shbcolgy8nxz",LAC,2021,4,REG,LV,0,0,0.0,0,0.0,0.0,0.0,0,0,0.0,0.0,0.0,,0,,,0,0.0,0,0.0,0.0,0.0,,0,0,1,0.0,0,0.0,0.0,10.0,0.0,0.0,-2.7671607,0,0.0,0.02631579,0.032786883,0.062424503,0.0,0.0,0.0,00-0034903,DB,2021_04_LV_LAC,1.0,40.0,20.0,61.0,1.282051282051282,66.66666666666666,76.92307692307693,00-0034903,CB,2.0,0.0,1,2021,1
00-0034922,I.Hyman,Ishmael Hyman,WR,WR,"https://static.www.nfl.com/image/private/f_auto,q_auto/league/z5krizipkrgqbw4sgs8e",TB,2019,15,REG,DET,0,0,0.0,0,0.0,0.0,0.0,0,0,0.0,0.0,0.0,,0,,,0,0.0,0,0.0,0.0,0.0,,0,1,1,3.0,0,0.0,0.0,2.0,1.0,1.0,1.0017371,0,1.5,0.024390243,0.0043763677,0.039648823,0.0,0.3,1.3,00-0034922,WR,2019_15_TB_DET,10.0,0.0,0.0,10.0,13.513513513513514,0.0,0.0,,,,0.8,1,2019,2
00-0034930,T.Benson,Trinity Benson,WR,WR,"https://static.www.nfl.com/image/private/f_auto,q_auto/league/ieftt22eccs8cjnodaxb",DET,2021,1,REG,SF,0,0,0.0,0,0.0,0.0,0.0,0,0,0.0,0.0,0.0,,0,,,0,0.0,0,0.0,0.0,0.0,,0,3,6,19.0,0,0.0,0.0,55.0,0.0,1.0,-3.379543,0,0.34545454,0.10714286,0.15759312,0.27102947,0.0,1.9,4.9,00-0034930,WR,2021_01_SF_DET,49.0,0.0,0.0,49.0,52.68817204301075,0.0,0.0,00-0034930,WR,2.0,3.4000000000000004,1,2021,7
00-0034988,K.Smith,Kaden Smith,TE,TE,"https://static.www.nfl.com/image/private/f_auto,q_auto/league/gbwycqfz69f3c3ozzt0g",NYG,2019,10,REG,NYJ,0,0,0.0,0,0.0,0.0,0.0,0,0,0.0,0.0,0.0,,0,,,0,0.0,0,0.0,0.0,0.0,,0,1,1,1.0,0,0.0,0.0,1.0,0.0,0.0,-0.003178932,0,1.0,0.02631579,0.0040816325,0.042330828,0.0,0.1,1.1,00-0034988,TE,2019_10_NYG_NYJ,41.0,0.0,4.0,45.0,56.94444444444444,0.0,12.5,00-0034988,TE,2.0,0.6,3,2021,27
00-0034995,D.Williams,Dexter Williams,RB,RB,"https://static.www.nfl.com/image/private/f_auto,q_auto/league/j13nyurtcej8pa7jg494",GB,2019,7,REG,LV,0,0,0.0,0,0.0,0.0,0.0,0,0,0.0,0.0,0.0,,0,,,3,2.0,0,0.0,0.0,0.0,-1.1253637,0,0,0,0.0,0,0.0,0.0,0.0,0.0,0.0,,0,,,,,0.0,0.2,0.2,00-0034995,RB,2019_07_OAK_GB,3.0,0.0,11.0,14.0,4.615384615384616,0.0,40.74074074074074,00-0034995,RB,3.0,0.2,2,2020,3
00-0035006,O.Johnson,Olabisi Johnson,WR,WR,"https://static.www.nfl.com/image/private/f_auto,q_auto/league/uzlf6ftfizmo32d9v0x5",MIN,2019,4,REG,CHI,0,0,0.0,0,0.0,0.0,0.0,0,0,0.0,0.0,0.0,,0,,,0,0.0,0,0.0,0.0,0.0,,0,4,4,35.0,0,0.0,0.0,25.0,10.0,2.0,1.7261657,0,1.4,0.114285715,0.13089006,0.2630516,0.0,3.5,7.5,00-0035006,WR,2019_04_MIN_CHI,36.0,0.0,4.0,40.0,58.06451612903226,0.0,20.0,00-0035006,WR,2.0,5.5,2,2020,38
00-0035013,J.Hilliman,Jon Hilliman,RB,RB,"https://static.www.nfl.com/image/private/f_auto,q_auto/league/oagfqcqfdbieehnioifx",NYG,2019,4,REG,WAS,0,0,0.0,0,0.0,0.0,0.0,0,0,0.0,0.0,0.0,,0,,,10,33.0,0,1.0,1.0,2.0,-5.32977,0,0,0,0.0,0,0.0,0.0,0.0,0.0,0.0,,0,,,,,0.0,1.3,1.3,00-0035013,RB,2019_04_WAS_NYG,25.0,0.0,9.0,34.0,49.01960784313725,0.0,45.0,,,,1.3000000000000005,1,2019,3
00-0035022,P.Hart,Penny Hart,WR,WR,"https://static.www.nfl.com/image/private/f_auto,q_auto/league/x56attwx7uv6a8zbetsq",SEA,2020,14,REG,NYJ,0,0,0.0,0,0.0,0.0,0.0,0,0,0.0,0.0,0.0,,0,,,1,19.0,0,0.0,0.0,1.0,1.1664478,0,1,1,3.0,0,0.0,0.0,-1.0,4.0,0.0,-0.2042556,0,0.0,0.03125,-0.004405286,0.043791298,0.0,2.2,3.2,00-0035022,WR,2020_14_NYJ_SEA,26.0,0.0,15.0,41.0,47.27272727272727,0.0,53.57142857142857,00-0035022,WR,3.0,2.7,3,2022,13
00-0035025,H.Hentges,Hale Hentges,TE,TE,"https://static.www.nfl.com/image/private/f_auto,q_auto/league/qn06ratsj85aw7o2bzfn",WAS,2019,8,REG,MIN,0,0,0.0,0,0.0,0.0,0.0,0,0,0.0,0.0,0.0,,0,,,0,0.0,0,0.0,0.0,0.0,,0,1,1,13.0,0,0.0,0.0,-4.0,17.0,1.0,0.69348633,0,0.0,0.04761905,-0.02877698,0.051284686,0.0,1.3,2.3,00-0035025,TE,2019_08_WAS_MIN,18.0,0.0,6.0,24.0,41.86046511627907,0.0,30.0,00-0035025,TE,3.0,1.8,1,2019,5
00-0035040,D.Blough,David Blough,QB,QB,"https://static.www.nfl.com/image/private/f_auto,q_auto/league/enumsdgbnfykd6znzeck",DET,2019,13,REG,CHI,22,38,280.0,2,1.0,2.0,21.0,0,0,349.0,108.0,13.0,4.3543487,0,0.8022923,0.026170287,1,1.0,0,0.0,0.0,0.0,-0.5497875,0,0,0,0.0,0,0.0,0.0,0.0,0.0,0.0,,0,,,,,0.0,17.3,17.3,00-0035040,QB,2019_13_CHI_DET,76.0,0.0,0.0,76.0,100.0,0.0,0.0,00-0035040,QB,3.0,18.300000000000004,4,2022,9
00-0035099,K.Blasingame,Khari Blasingame,FB,RB,"https://static.www.nfl.com/image/upload/f_auto,q_auto/league/beioi5h4lq0obt8yx35v",TEN,2019,14,REG,LV,0,0,0.0,0,0.0,0.0,0.0,0,0,0.0,0.0,0.0,,0,,,0,0.0,0,0.0,0.0,0.0,,0,2,2,47.0,0,0.0,0.0,23.0,24.0,2.0,3.8731809,0,2.0434783,0.074074075,0.07823129,0.16587302,0.0,4.7,6.7,00-0035099,FB,2019_14_TEN_OAK,12.0,0.0,15.0,27.0,19.672131147540984,0.0,53.57142857142857,00-0035099,FB,3.0,5.7,5,2023,21
00-0035101,D.Davis,Davion Davis,WR,WR,"https://static.www.nfl.com/image/private/f_auto,q_auto/league/sqsasalphgxytdferwds",HOU,2021,13,REG,IND,0,0,0.0,0,0.0,0.0,0.0,0,0,0.0,0.0,0.0,,0,,,0,0.0,0,0.0,0.0,0.0,,0,0,2,0.0,0,0.0,0.0,10.0,0.0,0.0,-6.4209247,0,0.0,0.07692308,0.07751938,0.16964819,0.0,0.0,0.0,00-0035101,WR,2021_13_IND_HOU,20.0,0.0,4.0,24.0,37.735849056603776,0.0,18.181818181818183,00-0035101,WR,3.0,0.0,1,2021,2
00-0035102,B.Dillon,Brandon Dillon,TE,TE,"https://static.www.nfl.com/image/private/f_auto,q_auto/league/cdfez6yy9dzvblsnc3ou",MIN,2020,12,REG,CAR,0,0,0.0,0,0.0,0.0,0.0,0,0,0.0,0.0,0.0,,0,,,0,0.0,0,0.0,0.0,0.0,,0,1,1,6.0,0,0.0,0.0,5.0,1.0,0.0,-0.37799627,0,1.2,0.023255814,0.014164306,0.044798736,0.0,0.6,1.6,00-0035102,TE,2020_12_CAR_MIN,10.0,0.0,2.0,12.0,12.82051282051282,0.0,7.142857142857142,,,,1.1,1,2020,1
00-0035104,A.Hollins,Alexander Hollins,WR,WR,"https://static.www.nfl.com/image/private/f_auto,q_auto/league/mmztaportamkis4gklpf",MIN,2019,14,REG,DET,0,0,0.0,0,0.0,0.0,0.0,0,0,0.0,0.0,0.0,,0,,,0,0.0,0,0.0,0.0,0.0,,0,0,1,0.0,0,0.0,0.0,27.0,0.0,0.0,-1.579174,0,0.0,0.03448276,0.1255814,0.1396311,0.0,0.0,0.0,00-0035104,WR,2019_14_DET_MIN,5.0,0.0,0.0,5.0,6.849315068493151,0.0,0.0,00-0035104,WR,3.0,0.0,1,2019,4
00-0035120,K.Doss,Keelan Doss,WR,WR,"https://static.www.nfl.com/image/private/f_auto,q_auto/league/w1y0ujmc2ycaxfpysv0u",LV,2019,4,REG,IND,0,0,0.0,0,0.0,0.0,0.0,0,0,0.0,0.0,0.0,,0,,,0,0.0,0,0.0,0.0,0.0,,0,1,1,14.0,0,0.0,0.0,5.0,9.0,1.0,1.8086395,0,2.8,0.035714287,0.028901733,0.07380264,0.0,1.4,2.4,00-0035120,WR,2019_04_OAK_IND,14.0,0.0,1.0,15.0,21.21212121212121,0.0,3.333333333333333,00-0035120,WR,3.0,1.9,2,2023,8
00-0035126,A.Wesley,Antoine Wesley,WR,WR,"https://static.www.nfl.com/image/private/f_auto,q_auto/league/qbvjkexq50bd0ik1get4",ARI,2021,8,REG,GB,0,0,0.0,0,0.0,0.0,0.0,0,0,0.0,0.0,0.0,,0,,,0,0.0,0,0.0,0.0,0.0,,0,1,3,7.0,0,0.0,0.0,51.0,1.0,1.0,1.7623876,0,0.13725491,0.09677419,0.18021202,0.2713097,0.0,0.7,1.7,00-0035126,WR,2021_08_GB_ARI,32.0,0.0,0.0,32.0,53.333333333333336,0.0,0.0,00-0035126,WR,2.0,1.2000000000000002,1,2021,10
00-0035146,T.McSorley,Trace McSorley,QB,QB,"https://static.www.nfl.com/image/private/f_auto,q_auto/league/gfl6nhrkzshnhcsxfvqy",BAL,2019,17,REG,PIT,0,0,0.0,0,0.0,0.0,0.0,0,0,0.0,0.0,0.0,,0,,,1,1.0,0,0.0,0.0,1.0,0.45316085,0,0,0,0.0,0,0.0,0.0,0.0,0.0,0.0,,0,,,,,0.0,0.1,0.1,00-0035146,QB,2019_17_PIT_BAL,1.0,0.0,0.0,1.0,1.3333333333333337,0.0,0.0,00-0035146,QB,3.0,0.1,3,2022,8
00-0035148,D.Thompson,Darwin Thompson,RB,RB,"https://static.www.nfl.com/image/private/f_auto,q_auto/league/l1hcf7i4flghdacmhorc",KC,2019,1,REG,JAX,0,0,0.0,0,0.0,0.0,0.0,0,0,0.0,0.0,0.0,,0,,,0,0.0,0,0.0,0.0,0.0,,0,1,1,3.0,0,0.0,0.0,0.0,3.0,0.0,0.016416218,0,0.0,0.029411765,0.0,0.04411765,0.0,0.3,1.3,00-0035148,RB,2019_01_KC_JAX,2.0,0.0,9.0,11.0,3.4482758620689653,0.0,30.0,00-0035148,RB,3.0,0.8,2,2020,17
00-0035161,J.Lovett,John Lovett,QB,QB,"https://static.www.nfl.com/image/private/f_auto,q_auto/league/fvipxqujnb0t4bdy1ydz",GB,2020,9,REG,SF,0,0,0.0,0,0.0,0.0,0.0,0,0,0.0,0.0,0.0,,0,,,3,6.0,0,0.0,0.0,0.0,-1.1545244,0,0,0,0.0,0,0.0,0.0,0.0,0.0,0.0,,0,,,,,0.0,0.6,0.6,00-0035161,FB,2020_09_GB_SF,10.0,0.0,14.0,24.0,15.384615384615383,0.0,51.85185185185185,00-0035161,FB,2.0,0.6000000000000001,1,2020,1
00-0035164,C.Thompson,Cody Thompson,WR,WR,"https://static.www.nfl.com/image/upload/f_auto,q_auto/league/dghmeq55sg0rb1ppakkr",SEA,2023,4,REG,NYG,0,0,0.0,0,0.0,0.0,0.0,0,0,0.0,0.0,0.0,,0,,,0,0.0,0,0.0,0.0,0.0,,0,1,1,10.0,0,0.0,0.0,6.0,4.0,0.0,0.41286147,0,1.6666666,0.03846154,0.046875,0.09050481,0.0,1.0,2.0,00-0035164,WR,2023_04_SEA_NYG,6.0,0.0,11.0,17.0,8.0,0.0,50.0,00-0035164,WR,2.0,1.5,1,2023,1
00-0035181,D.Shepherd,Darrius Shepherd,WR,WR,"https://static.www.nfl.com/image/private/f_auto,q_auto/league/mxa4mlth6p0bf5pfg3so",GB,2019,6,REG,DET,0,0,0.0,0,0.0,0.0,0.0,0,0,0.0,0.0,0.0,,0,,,0,0.0,0,0.0,0.0,0.0,,0,1,2,1.0,0,0.0,0.0,8.0,3.0,0.0,-7.7703648,0,0.125,0.05263158,0.021798365,0.09420622,0.0,0.1,1.1,00-0035181,WR,2019_06_DET_GB,29.0,0.0,11.0,40.0,39.18918918918919,0.0,36.66666666666666,00-0035181,WR,3.0,0.6,2,2020,13
00-0035184,D.Ozigbo,Devine Ozigbo,RB,RB,"https://static.www.nfl.com/image/private/f_auto,q_auto/league/teht8fiw2mu5g8xmdoqm",JAX,2019,17,REG,IND,0,0,0.0,0,0.0,0.0,0.0,0,0,0.0,0.0,0.0,,0,,,9,27.0,0,0.0,0.0,1.0,-0.5317297,0,3,5,23.0,0,0.0,0.0,6.0,20.0,1.0,0.097653456,0,3.8333333,0.12820514,0.02586207,0.21041115,0.0,5.0,8.0,00-0035184,RB,2019_17_IND_JAX,23.0,0.0,13.0,36.0,40.35087719298245,0.0,48.14814814814815,00-0035184,RB,3.0,6.5,5,2023,10
00-0035187,A.Walter,Austin Walter,RB,RB,"https://static.www.nfl.com/image/private/f_auto,q_auto/league/ra41toaybxgxojhemusk",SF,2020,10,REG,NO,0,0,0.0,0,0.0,0.0,0.0,0,0,0.0,0.0,0.0,,0,,,1,3.0,0,0.0,0.0,0.0,-0.21481547,0,1,1,27.0,0,0.0,0.0,-6.0,33.0,1.0,1.0316403,0,-4.5,0.025641026,-0.022727273,0.022552447,0.0,3.0,4.0,00-0035187,RB,2020_10_SF_NO,12.0,0.0,8.0,20.0,16.666666666666664,0.0,28.57142857142857,00-0035187,RB,3.0,3.5,2,2021,5
00-0035215,D.Harty,Deonte Harty,WR,WR,"https://static.www.nfl.com/image/upload/f_auto,q_auto/league/fh7rbtvohdkaacqaxqke",NO,2019,2,REG,LA,0,0,0.0,0,0.0,0.0,0.0,0,0,0.0,0.0,0.0,,0,,,0,0.0,0,0.0,0.0,0.0,,0,1,1,-7.0,0,0.0,0.0,-4.0,-3.0,0.0,-1.4850096,0,0.0,0.03125,-0.016736401,0.035159517,0.0,-0.7,0.3,00-0035215,WR,2019_02_NO_LA,1.0,0.0,10.0,11.0,1.5384615384615383,0.0,37.03703703703704,00-0035215,WR,1.0,-0.2,5,2023,141
00-0035217,B.Snell,Benny Snell,RB,RB,"https://static.www.nfl.com/image/private/f_auto,q_auto/league/fo3ppnx6djkougdmpthf",PIT,2019,2,REG,SEA,0,0,0.0,0,0.0,0.0,0.0,0,0,0.0,0.0,0.0,,0,,,1,23.0,0,0.0,0.0,1.0,1.9556247,0,0,0,0.0,0,0.0,0.0,0.0,0.0,0.0,,0,,,,,0.0,2.3,2.3,00-0035217,RB,2019_02_SEA_PIT,2.0,0.0,20.0,22.0,3.508771929824561,0.0,68.96551724137932,00-0035217,RB,3.0,2.3000000000000003,4,2022,61
00-0035222,Z.Gentry,Zach Gentry,TE,TE,"https://static.www.nfl.com/image/upload/f_auto,q_auto/league/a8vddwqiybkx41wwtjy4",PIT,2019,15,REG,BUF,0,0,0.0,0,0.0,0.0,0.0,0,0,0.0,0.0,0.0,,0,,,0,0.0,0,0.0,0.0,0.0,,0,1,1,4.0,0,0.0,0.0,2.0,2.0,1.0,1.0050207,0,2.0,0.027777778,0.006535948,0.04624183,0.0,0.4,1.4,00-0035222,TE,2019_15_BUF_PIT,15.0,0.0,0.0,15.0,23.809523809523807,0.0,0.0,00-0035222,TE,3.0,0.9,3,2022,27
00-0035223,U.Gilbert,Ulysees Gilbert,ILB,LB,"https://static.www.nfl.com/image/private/f_auto,q_auto/league/cuiogahz0e5enpzl6fbr",PIT,2021,1,REG,PIT,0,0,0.0,0,0.0,0.0,0.0,0,0,0.0,0.0,0.0,,0,,,0,0.0,0,0.0,0.0,0.0,,0,0,0,0.0,0,0.0,0.0,0.0,0.0,0.0,,0,,,,,1.0,6.0,6.0,00-0035223,LB,2021_01_PIT_BUF,0.0,0.0,19.0,19.0,0.0,0.0,65.51724137931035,00-0035223,ILB,3.0,0.0,1,2021,1
00-0035231,C.Wilkins,Christian Wilkins,DT,DL,"https://static.www.nfl.com/image/upload/f_auto,q_auto/league/ogy5fqw1xsut7lcxffyw",MIA,2019,16,REG,CIN,0,0,0.0,0,0.0,0.0,0.0,0,0,0.0,0.0,0.0,,0,,,0,0.0,0,0.0,0.0,0.0,,0,1,1,1.0,1,1.0,0.0,0.0,1.0,1.0,0.703562,0,0.0,0.019607844,0.0,0.029411765,0.0,6.1,7.1,00-0035231,DT,2019_16_CIN_MIA,1.0,60.0,11.0,72.0,1.1494252873563218,62.5,29.72972972972973,00-0035231,DE,1.0,4.6,2,2021,2
00-0035232,D.Haskins,Dwayne Haskins,QB,QB,"https://static.www.nfl.com/image/private/f_auto,q_auto/league/cctguuvjeglkuo1o6yvx",WAS,2019,4,REG,NYG,9,17,107.0,0,3.0,2.0,21.0,0,0,132.0,72.0,5.0,-14.218382,0,0.81060606,-0.0062754243,2,23.0,0,0.0,0.0,1.0,3.179048,0,0,0,0.0,0,0.0,0.0,0.0,0.0,0.0,,0,,,,,0.0,0.58,0.58,00-0035232,QB,2019_04_WAS_NYG,33.0,0.0,0.0,33.0,64.70588235294117,0.0,0.0,00-0035232,QB,2.0,3.5800000000000005,2,2020,16
00-0035246,J.Arcega-Whiteside,J.J. Arcega-Whiteside,WR,WR,"https://static.www.nfl.com/image/private/f_auto,q_auto/league/ybukzc2rvl0mqfnn387e",PHI,2019,2,REG,ATL,0,0,0.0,0,0.0,0.0,0.0,0,0,0.0,0.0,0.0,,0,,,0,0.0,0,0.0,0.0,0.0,,0,1,4,4.0,0,0.0,0.0,65.0,0.0,0.0,-3.592187,0,0.06153846,0.08510638,0.14772727,0.23106867,0.0,0.4,1.4,00-0035246,WR,2019_02_PHI_ATL,75.0,1.0,3.0,79.0,92.5925925925926,1.5151515151515151,13.043478260869565,00-0035246,WR,2.0,0.9,3,2021,19
00-0035259,T.Wesco,Trevon Wesco,TE,TE,"https://static.www.nfl.com/image/private/f_auto,q_auto/league/ptq3iidy6uyg3f31gjl5",NYJ,2019,10,REG,NYG,0,0,0.0,0,0.0,0.0,0.0,0,0,0.0,0.0,0.0,,0,,,1,2.0,0,0.0,0.0,1.0,2.1086178,0,1,1,15.0,0,0.0,0.0,8.0,7.0,1.0,1.2164525,0,1.875,0.037037037,0.037037037,0.08148148,0.0,1.7,2.7,00-0035259,TE,2019_10_NYG_NYJ,17.0,0.0,5.0,22.0,26.15384615384616,0.0,15.625,00-0035259,TE,3.0,2.2,5,2023,20
00-0035268,R.Armstead,Ryquell Armstead,RB,RB,"https://static.www.nfl.com/image/private/f_auto,q_auto/league/jgcl3vn95zrklzlulgut",JAX,2019,1,REG,KC,0,0,0.0,0,0.0,0.0,0.0,0,0,0.0,0.0,0.0,,0,,,1,7.0,0,0.0,0.0,0.0,0.57106245,0,0,1,0.0,0,0.0,0.0,-4.0,0.0,0.0,-0.4339113,0,-0.0,0.030303031,-0.01826484,0.032669157,0.0,0.7,0.7,00-0035268,RB,2019_01_KC_JAX,8.0,0.0,10.0,18.0,13.79310344827586,0.0,33.33333333333333,00-0035268,RB,2.0,0.7000000000000001,2,2021,16
00-0035273,Q.Ollison,Qadree Ollison,RB,RB,"https://static.www.nfl.com/image/private/f_auto,q_auto/league/ifvzpr0bzxjwbpv0zpml",ATL,2019,11,REG,CAR,0,0,0.0,0,0.0,0.0,0.0,0,0,0.0,0.0,0.0,,0,,,4,11.0,1,1.0,0.0,1.0,0.82913125,0,0,1,0.0,0,0.0,0.0,-1.0,0.0,0.0,-0.5479347,0,-0.0,0.032258064,-0.0034722222,0.04595654,0.0,7.1,7.1,00-0035273,RB,2019_11_ATL_CAR,12.0,0.0,9.0,21.0,19.047619047619047,0.0,39.130434782608695,00-0035273,RB,3.0,5.1,3,2021,13
00-0035275,J.Scarlett,Jordan Scarlett,RB,RB,"https://static.www.nfl.com/image/private/f_auto,q_auto/league/k3w7dtbs4tpvnvzo6l6h",CAR,2019,8,REG,SF,0,0,0.0,0,0.0,0.0,0.0,0,0,0.0,0.0,0.0,,0,,,4,9.0,0,0.0,0.0,0.0,-4.49301,0,0,0,0.0,0,0.0,0.0,0.0,0.0,0.0,,0,,,,,0.0,0.9,0.9,00-0035275,RB,2019_08_CAR_SF,4.0,0.0,20.0,24.0,6.153846153846154,0.0,64.51612903225806,00-0035275,RB,3.0,0.9,1,2019,1
00-0035277,M.Jackson,Michael Jackson,CB,DB,"https://static.www.nfl.com/image/upload/f_auto,q_auto/league/nbudnfgau5q49t7mik4g",SEA,2022,2,REG,SEA,0,0,0.0,0,0.0,0.0,0.0,0,0,0.0,0.0,0.0,,0,,,0,0.0,0,0.0,0.0,0.0,,0,0,0,0.0,0,0.0,0.0,0.0,0.0,0.0,,0,,,,,1.0,6.0,6.0,00-0035277,CB,2022_02_SEA_SF,0.0,73.0,6.0,79.0,0.0,100.0,26.08695652173913,00-0035277,CB,1.0,0.0,1,2022,1
00-0035287,K.Johnson,KeeSean Johnson,WR,WR,"https://static.www.nfl.com/image/private/f_auto,q_auto/league/xevuoqg8h0chgypuqy8k",ARI,2019,1,REG,DET,0,0,0.0,0,0.0,0.0,0.0,0,0,0.0,0.0,0.0,,0,,,0,0.0,0,0.0,0.0,0.0,,0,5,10,46.0,0,0.0,0.0,113.0,3.0,3.0,-2.8696964,0,0.40707964,0.1923077,0.20925926,0.43494302,0.0,4.6,9.6,00-0035287,WR,2019_01_DET_ARI,68.0,0.0,0.0,68.0,76.40449438202246,0.0,0.0,00-0035287,WR,2.0,7.1000000000000005,2,2020,18
00-0035290,J.Johnson,Jaquan Johnson,FS,DB,"https://static.www.nfl.com/image/private/f_auto,q_auto/league/d83fqx8f4xboaay0iefs",BUF,2020,16,REG,NE,1,1,13.0,0,0.0,0.0,-0.0,0,0,10.0,3.0,1.0,3.1153674,0,1.3,,0,0.0,0,0.0,0.0,0.0,,0,0,0,0.0,0,0.0,0.0,0.0,0.0,0.0,,0,,,,,0.0,0.52,0.52,00-0035290,DB,2020_16_BUF_NE,1.0,6.0,17.0,24.0,2.0,8.571428571428571,62.96296296296296,00-0035290,FS,2.0,0.52,1,2020,1
00-0035297,K.Harmon,Kelvin Harmon,WR,WR,"https://static.www.nfl.com/image/upload/f_auto,q_auto/league/fface3xneon0qi0kttvd",WAS,2019,1,REG,PHI,0,0,0.0,0,0.0,0.0,0.0,0,0,0.0,0.0,0.0,,0,,,0,0.0,0,0.0,0.0,0.0,,0,2,2,31.0,0,0.0,0.0,26.0,5.0,2.0,2.195511,0,1.1923077,0.046511628,0.08024691,0.12594028,0.0,3.1,5.1,00-0035297,WR,2019_01_WAS_PHI,14.0,0.0,13.0,27.0,20.8955223880597,0.0,46.42857142857143,00-0035297,WR,2.0,4.1,1,2019,25
00-0035298,S.Miller,Scott Miller,WR,WR,"https://static.www.nfl.com/image/upload/f_auto,q_auto/league/v5fxl6tig8qarofg0lo1",TB,2019,4,REG,LA,0,0,0.0,0,0.0,0.0,0.0,0,0,0.0,0.0,0.0,,0,,,0,0.0,0,0.0,0.0,0.0,,0,0,1,0.0,0,0.0,0.0,39.0,0.0,0.0,-1.7533092,0,0.0,0.025,0.10051546,0.107860826,0.0,0.0,0.0,00-0035298,WR,2019_04_TB_LA,8.0,0.0,0.0,8.0,10.81081081081081,0.0,0.0,00-0035298,WR,2.0,0.0,6,2024,111
00-0035304,C.Gillaspia,Cullen Gillaspia,FB,RB,"https://static.www.nfl.com/image/private/f_auto,q_auto/league/nalegoem45fmncudsllg",HOU,2020,3,REG,PIT,0,0,0.0,0,0.0,0.0,0.0,0,0,0.0,0.0,0.0,,0,,,0,0.0,0,0.0,0.0,0.0,,0,1,1,6.0,0,0.0,0.0,-2.0,8.0,0.0,-0.22351635,0,-3.0,0.037037037,-0.007017544,0.050643276,0.0,0.6,1.6,00-0035304,RB,2020_03_HOU_PIT,2.0,0.0,18.0,20.0,4.081632653061225,0.0,66.66666666666666,00-0035304,FB,1.0,1.1,1,2020,1
00-0035308,T.Sweeney,Tommy Sweeney,TE,TE,"https://static.www.nfl.com/image/upload/f_auto,q_auto/league/ixhp102leeriycsx1pkl",BUF,2019,1,REG,NYJ,0,0,0.0,0,0.0,0.0,0.0,0,0,0.0,0.0,0.0,,0,,,0,0.0,0,0.0,0.0,0.0,,0,2,2,35.0,0,0.0,0.0,24.0,11.0,1.0,2.5848067,0,1.4583334,0.057142857,0.08391608,0.14445554,0.0,3.5,5.5,00-0035308,TE,2019_01_BUF_NYJ,22.0,0.0,0.0,22.0,32.35294117647059,0.0,0.0,00-0035308,TE,3.0,4.5,3,2022,13
00-0035310,C.Cox,Chandler Cox,FB,RB,"https://static.www.nfl.com/image/private/f_auto,q_auto/league/gfoujc315g6dzntlqxnc",MIA,2020,4,REG,SEA,0,0,0.0,0,0.0,0.0,0.0,0,0,0.0,0.0,0.0,,0,,,0,0.0,0,0.0,0.0,0.0,,0,1,1,3.0,0,0.0,0.0,0.0,3.0,1.0,0.32631245,0,0.0,0.022222223,0.0,0.033333335,0.0,0.3,1.3,00-0035310,FB,2020_04_SEA_MIA,8.0,0.0,6.0,14.0,11.267605633802818,0.0,23.07692307692308,00-0035310,FB,1.0,0.8,1,2020,2
00-0035311,M.Gaskin,Myles Gaskin,RB,RB,"https://static.www.nfl.com/image/upload/f_auto,q_auto/league/dn5kacxm99pb95u8dle1",MIA,2019,10,REG,IND,0,0,0.0,0,0.0,0.0,0.0,0,0,0.0,0.0,0.0,,0,,,0,0.0,0,0.0,0.0,0.0,,0,1,1,0.0,0,0.0,0.0,-5.0,5.0,0.0,-3.07048,0,-0.0,0.030303031,-0.028901733,0.025223332,0.0,0.0,1.0,00-0035311,RB,2019_10_MIA_IND,5.0,0.0,0.0,5.0,7.462686567164178,0.0,0.0,00-0035311,RB,3.0,0.5,5,2024,39
00-0035313,T.Godwin,Terry Godwin,WR,WR,"https://static.www.nfl.com/image/private/f_auto,q_auto/league/gjydumzkxelrd5rziupn",JAX,2020,10,REG,GB,0,0,0.0,0,0.0,0.0,0.0,0,0,0.0,0.0,0.0,,0,,,0,0.0,0,0.0,0.0,0.0,,0,0,2,0.0,0,0.0,0.0,29.0,0.0,0.0,-2.8020623,0,0.0,0.05882353,0.15104167,0.19396447,0.0,0.0,0.0,00-0035313,WR,2020_10_JAX_GB,2.0,0.0,5.0,7.0,3.076923076923077,0.0,17.24137931034483,,,,0.0,1,2020,2
00-0035327,C.Moore,C.J. Moore,FS,DB,"https://static.www.nfl.com/image/upload/f_auto,q_auto/league/lnna9lfl2zadwrtpkhea",DET,2020,15,REG,TEN,0,0,0.0,0,0.0,0.0,0.0,0,0,0.0,0.0,0.0,,0,,,1,3.0,0,0.0,0.0,0.0,-2.629056,0,0,0,0.0,0,0.0,0.0,0.0,0.0,0.0,,0,,,,,0.0,0.3,0.3,00-0035327,DB,2020_15_DET_TEN,1.0,0.0,15.0,16.0,1.4925373134328357,0.0,60.0,00-0035327,FS,3.0,0.3,3,2022,4
00-0035342,P.Laird,Patrick Laird,RB,RB,"https://static.www.nfl.com/image/private/f_auto,q_auto/league/lhildzn90os4dmucczjw",MIA,2019,10,REG,IND,0,0,0.0,0,0.0,0.0,0.0,0,0,0.0,0.0,0.0,,0,,,2,4.0,0,0.0,0.0,0.0,-1.2353028,0,2,2,15.0,0,0.0,0.0,6.0,9.0,2.0,1.8760144,0,2.5,0.060606062,0.03468208,0.11518655,0.0,1.9,3.9,00-0035342,RB,2019_10_MIA_IND,10.0,0.0,18.0,28.0,14.925373134328357,0.0,72.0,00-0035342,RB,3.0,2.9,3,2021,20
00-0035350,P.Williams,Preston Williams,WR,WR,"https://static.www.nfl.com/image/private/f_auto,q_auto/league/ycedbmymomppxkrh6gcc",MIA,2019,1,REG,BAL,0,0,0.0,0,0.0,0.0,0.0,0,0,0.0,0.0,0.0,,0,,,0,0.0,0,0.0,0.0,0.0,,0,3,5,24.0,1,0.0,0.0,73.0,0.0,2.0,2.3219738,0,0.32876712,0.15625,0.17422435,0.35633203,0.0,8.4,11.4,00-0035350,WR,2019_01_BAL_MIA,21.0,1.0,10.0,32.0,42.0,1.3157894736842104,32.25806451612903,00-0035350,WR,2.0,9.9,3,2021,34
00-0035374,M.Walker,Michael Walker,WR,WR,"https://static.www.nfl.com/image/private/f_auto,q_auto/league/hif6vcfhct6nesewer3o",JAX,2019,13,REG,TB,0,0,0.0,0,0.0,0.0,0.0,0,0,0.0,0.0,0.0,,0,,,0,0.0,0,0.0,0.0,0.0,,0,1,2,6.0,0,0.0,0.0,6.0,4.0,0.0,-0.46817645,0,1.0,0.05263158,0.029411765,0.09953561,0.0,0.6,1.6,00-0035374,WR,2019_13_TB_JAX,9.0,2.0,21.0,32.0,12.0,2.702702702702702,95.45454545454544,00-0035374,WR,2.0,1.1,1,2019,6
00-0035399,S.Morgan,Stanley Morgan,WR,WR,"https://static.www.nfl.com/image/upload/f_auto,q_auto/league/wxgibmduh5kodwlvbgct",CIN,2019,5,REG,ARI,0,0,0.0,0,0.0,0.0,0.0,0,0,0.0,0.0,0.0,,0,,,0,0.0,0,0.0,0.0,0.0,,0,1,2,6.0,0,0.0,0.0,5.0,6.0,0.0,-1.1978184,0,1.2,0.054054055,0.021645023,0.09623259,0.0,0.6,1.6,00-0035399,WR,2019_05_ARI_CIN,3.0,0.0,13.0,16.0,3.896103896103896,0.0,44.82758620689656,,,,1.1,3,2022,9
00-0035401,D.Willis,Damion Willis,WR,WR,"https://static.www.nfl.com/image/private/f_auto,q_auto/league/qc6dvlvsaekyjgcqdkou",CIN,2019,1,REG,SEA,0,0,0.0,0,0.0,0.0,0.0,0,0,0.0,0.0,0.0,,0,,,0,0.0,0,0.0,0.0,0.0,,0,3,5,30.0,0,0.0,0.0,49.0,4.0,2.0,0.79259396,0,0.6122449,0.10204082,0.13802817,0.24968094,0.0,3.0,6.0,00-0035401,WR,2019_01_CIN_SEA,69.0,0.0,0.0,69.0,88.46153846153845,0.0,0.0,00-0035401,WR,2.0,4.5,1,2019,7
00-0035414,J.Guyton,Jalen Guyton,WR,WR,"https://static.www.nfl.com/image/upload/f_auto,q_auto/league/a6j9njysh2lwdjblxvxw",LAC,2019,14,REG,JAX,0,0,0.0,0,0.0,0.0,0.0,0,0,0.0,0.0,0.0,,0,,,0,0.0,0,0.0,0.0,0.0,,0,0,2,0.0,0,0.0,0.0,75.0,0.0,0.0,-1.7448322,0,0.0,0.07692308,0.29761904,0.32371795,0.0,0.0,0.0,00-0035414,WR,2019_14_LAC_JAX,8.0,1.0,5.0,14.0,11.940298507462686,1.639344262295082,18.51851851851852,,,,0.0,5,2023,61
00-0035428,D.Helm,Daniel Helm,TE,TE,"https://static.www.nfl.com/image/private/f_auto,q_auto/league/aevwno51rzt28qzgkm3v",LV,2021,12,REG,DAL,0,0,0.0,0,0.0,0.0,0.0,0,0,0.0,0.0,0.0,,0,,,0,0.0,0,0.0,0.0,0.0,,0,0,1,0.0,0,0.0,0.0,4.0,0.0,0.0,-1.5076671,0,0.0,0.02631579,0.010781671,0.047020853,0.0,0.0,0.0,00-0035428,TE,2021_12_LV_DAL,17.0,0.0,19.0,36.0,18.47826086956521,0.0,46.34146341463415,00-0035428,TE,3.0,0.0,1,2021,2
00-0035432,J.Moore,Jason Moore,WR,WR,"https://static.www.nfl.com/image/private/f_auto,q_auto/league/gbbc1ckeorj74mpfvstq",LAC,2019,6,REG,PIT,0,0,0.0,0,0.0,0.0,0.0,0,0,0.0,0.0,0.0,,0,,,0,0.0,0,0.0,0.0,0.0,,0,2,2,43.0,0,0.0,0.0,37.0,6.0,2.0,3.5172453,0,1.1621622,0.04761905,0.07613169,0.12472075,0.0,4.3,6.3,00-0035432,WR,2019_06_PIT_LAC,5.0,1.0,12.0,18.0,7.936507936507936,1.639344262295082,50.0,,,,5.3,3,2022,6
00-0035448,D.Crockett,Damarea Crockett,RB,RB,"https://static.www.nfl.com/image/private/f_auto,q_auto/league/bhihbxc1ert3qwrlyx7t",DEN,2021,3,REG,NYJ,0,0,0.0,0,0.0,0.0,0.0,0,0,0.0,0.0,0.0,,0,,,3,7.0,0,0.0,0.0,0.0,-0.8934331,0,0,0,0.0,0,0.0,0.0,0.0,0.0,0.0,,0,,,,,0.0,0.7,0.7,00-0035448,RB,2021_03_NYJ_DEN,4.0,0.0,16.0,20.0,5.88235294117647,0.0,69.56521739130434,,,,0.7000000000000001,1,2021,1
00-0035457,T.Johnson,Tyron Johnson,WR,WR,"https://static.www.nfl.com/image/private/f_auto,q_auto/league/vrm7fxgx1p0cdabbo7ce",LAC,2020,4,REG,TB,0,0,0.0,0,0.0,0.0,0.0,0,0,0.0,0.0,0.0,,0,,,0,0.0,0,0.0,0.0,0.0,,0,1,1,53.0,1,0.0,0.0,52.0,1.0,1.0,4.6104455,0,1.0192307,0.04,0.27659574,0.25361702,0.0,11.3,12.3,00-0035457,WR,2020_04_LAC_TB,8.0,0.0,10.0,18.0,15.09433962264151,0.0,31.25,,,,11.8,3,2022,23
00-0035489,W.Hills,Wes Hills,RB,RB,"https://static.www.nfl.com/image/private/f_auto,q_auto/league/kxvtw7tugtuh36zptnko",DET,2019,15,REG,TB,0,0,0.0,0,0.0,0.0,0.0,0,0,0.0,0.0,0.0,,0,,,10,21.0,2,0.0,0.0,3.0,0.38528126,0,2,2,1.0,0,0.0,0.0,-2.0,3.0,0.0,-1.5606,0,-0.5,0.046511628,-0.0056497175,0.06581264,0.0,14.2,16.2,00-0035489,RB,2019_15_TB_DET,23.0,0.0,0.0,23.0,35.9375,0.0,0.0,,,,15.2,1,2019,1
00-0035510,J.Smith,Jeff Smith,WR,WR,"https://static.www.nfl.com/image/upload/f_auto,q_auto/league/nrlg2m2ohbrp0duq1g3b",NYJ,2019,15,REG,BAL,0,0,0.0,0,0.0,0.0,0.0,0,0,0.0,0.0,0.0,,0,,,0,0.0,0,0.0,0.0,0.0,,0,1,2,12.0,0,0.0,0.0,48.0,0.0,1.0,0.4795004,0,0.25,0.06896552,0.2,0.24344827,0.0,1.2,2.2,00-0035510,WR,2019_15_NYJ_BAL,14.0,0.0,4.0,18.0,23.33333333333333,0.0,14.285714285714285,,,,1.7000000000000002,4,2022,24
00-0035527,A.Isabella,Andy Isabella,WR,WR,"https://static.www.nfl.com/image/upload/f_auto,q_auto/league/qpqphhsofn96dvojfsx1",ARI,2019,4,REG,SEA,0,0,0.0,0,0.0,0.0,0.0,0,0,0.0,0.0,0.0,,0,,,1,5.0,0,0.0,0.0,0.0,-0.7941398,0,0,0,0.0,0,0.0,0.0,0.0,0.0,0.0,,0,,,,,0.0,0.5,0.5,00-0035527,WR,2019_04_SEA_ARI,8.0,0.0,5.0,13.0,12.903225806451612,0.0,20.0,00-0035527,WR,1.0,0.5,5,2023,56
00-0035529,H.Butler,Hakeem Butler,WR,WR,"https://static.www.nfl.com/image/private/f_auto,q_auto/league/oghggusz6f5y52yoslzi",PHI,2020,7,REG,NYG,0,0,0.0,0,0.0,0.0,0.0,0,0,0.0,0.0,0.0,,0,,,0,0.0,0,0.0,0.0,0.0,,0,0,1,0.0,0,0.0,0.0,3.0,0.0,0.0,-2.6381636,0,0.0,0.024390243,0.008130081,0.042276423,0.0,0.0,0.0,00-0035529,TE,2020_07_NYG_PHI,1.0,0.0,14.0,15.0,1.2345679012345678,0.0,53.84615384615385,00-0035529,WR,3.0,0.0,1,2020,1
00-0035539,I.Nauta,Isaac Nauta,TE,TE,"https://static.www.nfl.com/image/private/f_auto,q_auto/league/nr3byepe2tjg8v8iot3z",DET,2019,14,REG,MIN,0,0,0.0,0,0.0,0.0,0.0,0,0,0.0,0.0,0.0,,0,,,0,0.0,0,0.0,0.0,0.0,,0,1,1,3.0,0,0.0,0.0,2.0,1.0,0.0,-0.064464435,0,1.5,0.02631579,0.008,0.045073684,0.0,0.3,1.3,00-0035539,TE,2019_14_DET_MIN,6.0,0.0,12.0,18.0,8.450704225352112,0.0,46.15384615384615,00-0035539,TE,3.0,0.8,2,2020,4
00-0035547,J.Fortson,Joseph Fortson,TE,TE,"https://static.www.nfl.com/image/private/f_auto,q_auto/league/gxhstzqswbn4z05r9rqv",KC,2021,2,REG,BAL,0,0,0.0,0,0.0,0.0,0.0,0,0,0.0,0.0,0.0,,0,,,0,0.0,0,0.0,0.0,0.0,,0,1,1,11.0,0,0.0,0.0,7.0,4.0,0.0,-0.28705505,0,1.5714285,0.033333335,0.027027028,0.06891892,0.0,1.1,2.1,00-0035547,TE,2021_02_KC_BAL,2.0,1.0,12.0,15.0,3.92156862745098,1.3157894736842104,44.44444444444444,00-0035547,TE,1.0,1.6,3,2024,17
00-0035548,V.Bryant,Ventell Bryant,WR,WR,"https://static.www.nfl.com/image/private/f_auto,q_auto/league/k7tj2w8kpuhq2gtpvi37",DAL,2019,13,REG,BUF,0,0,0.0,0,0.0,0.0,0.0,0,0,0.0,0.0,0.0,,0,,,0,0.0,0,0.0,0.0,0.0,,0,1,1,15.0,1,0.0,0.0,15.0,0.0,1.0,2.0072148,0,1.0,0.020408163,0.042016808,0.06002401,0.0,7.5,8.5,00-0035548,WR,2019_13_BUF_DAL,1.0,0.0,13.0,14.0,1.282051282051282,0.0,56.52173913043478,00-0035548,WR,3.0,8.0,1,2019,1
00-0035551,T.Brooks-James,Tony Brooks-James,RB,RB,"https://static.www.nfl.com/image/private/f_auto,q_auto/league/zn6yi45uu1wgpm8x08ph",PIT,2019,9,REG,IND,0,0,0.0,0,0.0,0.0,0.0,0,0,0.0,0.0,0.0,,0,,,1,0.0,0,0.0,0.0,0.0,-0.49638027,0,0,0,0.0,0,0.0,0.0,0.0,0.0,0.0,,0,,,,,0.0,0.0,0.0,00-0035551,RB,2019_09_IND_PIT,4.0,0.0,0.0,4.0,6.557377049180328,0.0,0.0,,,,0.0,2,2020,4
00-0035553,C.Jones,Charles Jones,TE,TE,"https://static.www.nfl.com/image/private/f_auto,q_auto/league/cx7tosfq741z1xu3lbnf",JAX,2019,17,REG,IND,0,0,0.0,0,0.0,0.0,0.0,0,0,0.0,0.0,0.0,,0,,,0,0.0,0,0.0,0.0,0.0,,0,1,1,5.0,0,0.0,0.0,3.0,2.0,0.0,-0.634114,0,1.6666666,0.025641026,0.012931035,0.04751326,0.0,0.5,1.5,00-0035553,TE,2019_17_IND_JAX,10.0,0.0,0.0,10.0,15.151515151515152,0.0,0.0,,,,1.0,1,2019,1
00-0035562,J.Horsted,Jesper Horsted,TE,TE,"https://static.www.nfl.com/image/private/f_auto,q_auto/league/mqbodeysdvvvuhkctewa",CHI,2019,12,REG,NYG,0,0,0.0,0,0.0,0.0,0.0,0,0,0.0,0.0,0.0,,0,,,0,0.0,0,0.0,0.0,0.0,,0,1,1,4.0,0,0.0,0.0,-1.0,5.0,0.0,0.023051495,0,0.0,0.024390243,-0.002739726,0.03466756,0.0,0.4,1.4,00-0035562,TE,2019_12_NYG_CHI,4.0,0.0,8.0,12.0,6.666666666666667,0.0,29.629629629629623,,,,0.9,4,2023,11
00-0035572,P.Hesse,Parker Hesse,TE,TE,"https://static.www.nfl.com/image/private/f_auto,q_auto/league/gjzgdhrxeze35hqygj1y",ATL,2021,2,REG,TB,0,0,0.0,0,0.0,0.0,0.0,0,0,0.0,0.0,0.0,,0,,,0,0.0,0,0.0,0.0,0.0,,0,0,1,0.0,0,0.0,0.0,0.0,0.0,0.0,-0.43889835,0,,0.020833334,0.0,0.03125,0.0,0.0,0.0,00-0035572,TE,2021_02_ATL_TB,6.0,0.0,8.0,14.0,8.0,0.0,26.666666666666668,,,,0.0,2,2022,13
00-0035577,D.Hodges,Devlin Hodges,QB,QB,"https://static.www.nfl.com/image/private/f_auto,q_auto/league/ehkdoer4nv2qp2ddam83",PIT,2019,5,REG,BAL,7,9,68.0,0,0.0,0.0,-0.0,0,0,47.0,17.0,4.0,2.652877,0,1.4468085,0.20631258,2,20.0,0,0.0,0.0,1.0,2.0807638,0,0,0,0.0,0,0.0,0.0,0.0,0.0,0.0,,0,,,,,0.0,4.72,4.72,00-0035577,QB,2019_05_BAL_PIT,25.0,0.0,0.0,25.0,42.3728813559322,0.0,0.0,00-0035577,QB,2.0,4.720000000000001,1,2019,8
00-0035590,R.Ridley,Riley Ridley,WR,WR,"https://static.www.nfl.com/image/private/f_auto,q_auto/league/r9fsvecapqc351xr2qie",CHI,2019,14,REG,DAL,0,0,0.0,0,0.0,0.0,0.0,0,0,0.0,0.0,0.0,,0,,,0,0.0,0,0.0,0.0,0.0,,0,1,1,5.0,0,0.0,0.0,5.0,0.0,0.0,0.107254356,0,1.0,0.032258064,0.025125628,0.06597504,0.0,0.5,1.5,00-0035590,WR,2019_14_DAL_CHI,28.0,0.0,4.0,32.0,38.88888888888889,0.0,13.333333333333334,00-0035590,WR,2.0,1.0,2,2020,7
00-0035592,T.Fulgham,Travis Fulgham,WR,WR,"https://static.www.nfl.com/image/private/f_auto,q_auto/league/xe4kdnx9a9p9735nhwh5",DET,2019,16,REG,DEN,0,0,0.0,0,0.0,0.0,0.0,0,0,0.0,0.0,0.0,,0,,,0,0.0,0,0.0,0.0,0.0,,0,0,2,0.0,0,0.0,0.0,56.0,0.0,0.0,-1.8024181,0,0.0,0.08695652,0.23045267,0.29175165,0.0,0.0,0.0,00-0035592,WR,2019_16_DET_DEN,17.0,0.0,8.0,25.0,33.33333333333333,0.0,29.629629629629623,,,,0.0,2,2020,14
00-0035593,J.Winfree,Juwann Winfree,WR,WR,"https://static.www.nfl.com/image/private/f_auto,q_auto/league/fty9irxwcqq7malchotw",GB,2021,8,REG,ARI,0,0,0.0,0,0.0,0.0,0.0,0,0,0.0,0.0,0.0,,0,,,0,0.0,0,0.0,0.0,0.0,,0,4,6,30.0,0,1.0,0.0,24.0,14.0,2.0,0.06242565,0,1.25,0.17142858,0.20869565,0.4032298,0.0,3.0,7.0,00-0035593,WR,2021_08_GB_ARI,55.0,0.0,0.0,55.0,74.32432432432432,0.0,0.0,,,,3.0,3,2023,9
00-0035596,K.Whyte,Kerrith Whyte,RB,RB,"https://static.www.nfl.com/image/private/f_auto,q_auto/league/wkjzrhylwknzyztlza5g",PIT,2019,12,REG,CIN,0,0,0.0,0,0.0,0.0,0.0,0,0,0.0,0.0,0.0,,0,,,6,43.0,0,0.0,0.0,2.0,1.7301748,0,0,0,0.0,0,0.0,0.0,0.0,0.0,0.0,,0,,,,,0.0,4.3,4.3,00-0035596,RB,2019_12_PIT_CIN,7.0,0.0,3.0,10.0,9.859154929577464,0.0,10.0,,,,4.3,1,2019,9
00-0035597,J.Ursua,John Ursua,WR,WR,"https://static.www.nfl.com/image/private/f_auto,q_auto/league/unhfaasxtecti2bpdozv",SEA,2019,17,REG,SF,0,0,0.0,0,0.0,0.0,0.0,0,0,0.0,0.0,0.0,,0,,,0,0.0,0,0.0,0.0,0.0,,0,1,1,11.0,0,0.0,0.0,11.0,0.0,1.0,3.1887069,0,1.0,0.02631579,0.043650795,0.07002924,0.0,1.1,2.1,00-0035597,WR,2019_17_SF_SEA,6.0,0.0,0.0,6.0,7.6923076923076925,0.0,0.0,00-0035597,WR,3.0,1.6,1,2019,2
00-0035602,A.Bachman,Alex Bachman,WR,WR,"https://static.www.nfl.com/image/private/f_auto,q_auto/league/kwgigqsxcz8klxjfobxs",NYG,2021,18,REG,WAS,0,0,0.0,0,0.0,0.0,0.0,0,0,0.0,0.0,0.0,,0,,,1,-3.0,0,0.0,0.0,0.0,-3.7918563,0,0,0,0.0,0,0.0,0.0,0.0,0.0,0.0,,0,,,,,0.0,-0.3,-0.3,00-0035602,WR,2021_18_WAS_NYG,26.0,0.0,11.0,37.0,41.26984126984127,0.0,45.83333333333333,,,,-0.3,2,2024,2
00-0035603,K.Blanton,Kendall Blanton,TE,TE,"https://static.www.nfl.com/image/private/f_auto,q_auto/league/hyne29kklkfyyhaljukj",LA,2021,10,REG,SF,0,0,0.0,0,0.0,0.0,0.0,0,0,0.0,0.0,0.0,,0,,,0,0.0,0,0.0,0.0,0.0,,0,1,1,2.0,0,0.0,0.0,-4.0,6.0,0.0,-2.5820916,0,0.0,0.023809524,-0.011904762,0.027380953,0.0,0.2,1.2,00-0035603,TE,2021_10_LA_SF,3.0,0.0,8.0,11.0,5.172413793103448,0.0,36.36363636363637,00-0035603,TE,2.0,0.7,2,2022,8
00-0035609,J.Gervase,Jake Gervase,ILB,LB,"https://static.www.nfl.com/image/private/f_auto,q_auto/league/tgzuawrs7ra52ultqahi",LA,2022,5,REG,DAL,0,0,0.0,0,0.0,0.0,0.0,0,0,0.0,0.0,0.0,,0,,,0,0.0,0,0.0,0.0,0.0,,0,1,1,12.0,0,0.0,0.0,6.0,6.0,1.0,2.6160583,0,2.0,0.023809524,0.01764706,0.048067227,0.0,1.2,2.2,00-0035609,LB,2022_05_DAL_LA,1.0,1.0,25.0,27.0,1.4705882352941175,1.8867924528301887,89.28571428571429,00-0035609,ILB,3.0,1.7000000000000002,1,2022,1
00-0035621,N.Webster,Nsimba Webster,WR,WR,"https://static.www.nfl.com/image/private/f_auto,q_auto/league/ozrgm6uydeeuyh0ropgj",CHI,2022,15,REG,PHI,0,0,0.0,0,0.0,0.0,0.0,0,0,0.0,0.0,0.0,,0,,,0,0.0,0,0.0,0.0,0.0,,0,2,3,14.0,0,1.0,0.0,22.0,4.0,1.0,0.38132998,0,0.6363636,0.14285715,0.1392405,0.31175408,0.0,1.4,3.4,00-0035621,WR,2022_15_PHI_CHI,10.0,0.0,10.0,20.0,16.39344262295082,0.0,41.66666666666667,,,,0.4000000000000003,1,2022,1
00-0035624,N.Harry,N'Keal Harry,TE,TE,"https://static.www.nfl.com/image/upload/f_auto,q_auto/league/yl0nlprrudo2o0awymq3",NE,2019,11,REG,PHI,0,0,0.0,0,0.0,0.0,0.0,0,0,0.0,0.0,0.0,,0,,,0,0.0,0,0.0,0.0,0.0,,0,3,4,18.0,0,0.0,0.0,16.0,6.0,1.0,0.23867671,0,1.125,0.08888889,0.04863222,0.16737589,0.0,1.8,4.8,00-0035624,TE,2019_11_NE_PHI,32.0,0.0,3.0,35.0,43.83561643835616,0.0,10.344827586206897,00-0035624,WR,2.0,3.3,4,2022,37
00-0035639,P.Campbell,Parris Campbell,WR,WR,"https://static.www.nfl.com/image/upload/f_auto,q_auto/league/zesqmghc8zchkvhsv9jb",IND,2019,1,REG,LAC,0,0,0.0,0,0.0,0.0,0.0,0,0,0.0,0.0,0.0,,0,,,1,7.0,0,0.0,0.0,0.0,0.39791158,0,1,1,1.0,0,0.0,0.0,-4.0,5.0,0.0,-0.6951455,0,0.0,0.037037037,-0.025316456,0.037834037,0.0,0.8,1.8,00-0035639,WR,2019_01_IND_LAC,18.0,0.0,5.0,23.0,28.57142857142857,0.0,20.0,00-0035639,WR,3.0,1.3000000000000005,6,2024,48
00-0035652,R.Finley,Ryan Finley,QB,QB,"https://static.www.nfl.com/image/private/f_auto,q_auto/league/vz8qctzxuap5nxbaw8ql",CIN,2019,10,REG,BAL,16,30,167.0,1,1.0,2.0,17.0,1,1,225.0,87.0,9.0,-23.893515,0,0.74222225,-0.020509308,5,22.0,0,0.0,0.0,2.0,-1.7196344,0,0,0,0.0,0,0.0,0.0,0.0,0.0,0.0,,0,,,,,0.0,8.88,8.88,00-0035652,QB,2019_10_BAL_CIN,75.0,0.0,0.0,75.0,100.0,0.0,0.0,00-0035652,QB,2.0,9.88,2,2020,7
00-0035654,C.Winovich,Chase Winovich,DE,DL,"https://static.www.nfl.com/image/private/f_auto,q_auto/league/pbnpzaqm5bba9dfrtmis",NE,2019,6,REG,NE,0,0,0.0,0,0.0,0.0,0.0,0,0,0.0,0.0,0.0,,0,,,0,0.0,0,0.0,0.0,0.0,,0,0,0,0.0,0,0.0,0.0,0.0,0.0,0.0,,0,,,,,1.0,6.0,6.0,00-0035654,DE,2019_06_NYG_NE,0.0,14.0,7.0,21.0,0.0,17.5,26.923076923076923,00-0035654,DE,3.0,0.0,1,2019,1
00-0035657,D.Harris,Damien Harris,RB,RB,"https://static.www.nfl.com/image/private/f_auto,q_auto/league/s0cagglk6qh9ciuddjmu",NE,2019,7,REG,NYJ,0,0,0.0,0,0.0,0.0,0.0,0,0,0.0,0.0,0.0,,0,,,4,12.0,0,0.0,0.0,0.0,-1.5088748,0,0,0,0.0,0,0.0,0.0,0.0,0.0,0.0,,0,,,,,0.0,1.2,1.2,00-0035657,RB,2019_07_NE_NYJ,5.0,0.0,0.0,5.0,6.25,0.0,0.0,00-0035657,RB,3.0,1.2000000000000002,5,2023,45
00-0035660,K.Warring,Kahale Warring,TE,TE,"https://static.www.nfl.com/image/private/f_auto,q_auto/league/adrvlvekklnb2zratimi",HOU,2020,12,REG,DET,0,0,0.0,0,0.0,0.0,0.0,0,0,0.0,0.0,0.0,,0,,,0,0.0,0,0.0,0.0,0.0,,0,0,1,0.0,0,0.0,0.0,6.0,0.0,0.0,-0.5699646,0,0.0,0.04347826,0.021276595,0.08011101,0.0,0.0,0.0,00-0035660,TE,2020_12_HOU_DET,4.0,0.0,7.0,11.0,7.017543859649122,0.0,25.0,,,,0.0,1,2020,5
00-0035664,D.Henderson,Darrell Henderson,RB,RB,"https://static.www.nfl.com/image/private/f_auto,q_auto/league/trvk8n0wjne7edxbajgw",LA,2019,1,REG,CAR,0,0,0.0,0,0.0,0.0,0.0,0,0,0.0,0.0,0.0,,0,,,1,0.0,0,0.0,0.0,0.0,-0.47759953,0,0,0,0.0,0,0.0,0.0,0.0,0.0,0.0,,0,,,,,0.0,0.0,0.0,00-0035664,RB,2019_01_LA_CAR,2.0,0.0,0.0,2.0,2.666666666666667,0.0,0.0,00-0035664,RB,3.0,0.0,5,2023,53
00-0035665,D.Long,David Long,CB,DB,"https://static.www.nfl.com/image/upload/f_auto,q_auto/league/uawngyyimhhcvwiijs1x",LA,2019,10,REG,PIT,0,0,0.0,0,0.0,0.0,0.0,0,0,0.0,0.0,0.0,,0,,,0,0.0,0,0.0,0.0,0.0,,0,0,1,0.0,0,0.0,0.0,4.0,0.0,0.0,-3.512393,0,0.0,0.023809524,0.013422819,0.04511026,0.0,0.0,0.0,00-0035665,DB,2019_10_LA_PIT,1.0,3.0,24.0,28.0,1.3157894736842104,3.79746835443038,77.41935483870968,00-0035665,CB,2.0,0.0,1,2019,1
00-0035671,J.Sternberger,Jace Sternberger,TE,TE,"https://static.www.nfl.com/image/private/f_auto,q_auto/league/dhmgw6mercfkpyfh1mw8",GB,2019,14,REG,WAS,0,0,0.0,0,0.0,0.0,0.0,0,0,0.0,0.0,0.0,,0,,,0,0.0,0,0.0,0.0,0.0,,0,0,1,0.0,0,0.0,0.0,13.0,0.0,0.0,-0.46491295,0,0.0,0.037037037,0.061611373,0.09868352,0.0,0.0,0.0,00-0035671,TE,2019_14_WAS_GB,6.0,0.0,3.0,9.0,10.16949152542373,0.0,12.0,00-0035671,TE,3.0,0.0,2,2020,11
00-0035688,T.Pipkins,Trey Pipkins,T,OL,"https://static.www.nfl.com/image/private/f_auto,q_auto/league/v6tmtde91k7rtcl6liau",LAC,2023,2,REG,TEN,0,0,0.0,0,0.0,0.0,0.0,0,0,0.0,0.0,0.0,,0,,,0,0.0,0,0.0,0.0,0.0,,0,0,0,0.0,0,0.0,0.0,0.0,0.0,0.0,,1,,,,,0.0,2.0,2.0,00-0035688,OT,2023_02_LAC_TEN,68.0,0.0,4.0,72.0,100.0,0.0,13.333333333333334,00-0035688,T,1.0,0.0,1,2023,1
00-0035715,D.Gore,Derrick Gore,RB,RB,"https://static.www.nfl.com/image/private/f_auto,q_auto/league/wk7zy3ceecze3ly0mj7c",KC,2021,7,REG,TEN,0,0,0.0,0,0.0,0.0,0.0,0,0,0.0,0.0,0.0,,0,,,0,0.0,0,0.0,0.0,0.0,,0,1,1,7.0,0,0.0,0.0,-1.0,8.0,1.0,0.76595306,0,-7.0,0.020833334,-0.0028490028,0.029255698,0.0,0.7,1.7,00-0035715,RB,2021_07_KC_TEN,5.0,0.0,8.0,13.0,7.352941176470589,0.0,42.10526315789473,00-0035715,RB,3.0,1.2000000000000002,2,2023,12
00-0035752,C.Streveler,Chris Streveler,QB,QB,"https://static.www.nfl.com/image/private/f_auto,q_auto/league/epyvfplm9neqqvzsj2q8",ARI,2020,1,REG,SF,0,0,0.0,0,0.0,0.0,0.0,0,0,0.0,0.0,0.0,,0,,,1,3.0,0,0.0,0.0,1.0,0.5351776,0,0,0,0.0,0,0.0,0.0,0.0,0.0,0.0,,0,,,,,0.0,0.3,0.3,00-0035752,QB,2020_01_ARI_SF,1.0,0.0,1.0,2.0,1.2345679012345678,0.0,3.571428571428571,00-0035752,QB,3.0,0.3,3,2022,5
00-0035760,J.Patrick,Jacques Patrick,RB,RB,"https://static.www.nfl.com/image/private/f_auto,q_auto/league/c7akgryuyuxz7wok2qcf",SF,2021,4,REG,SEA,0,0,0.0,0,0.0,0.0,0.0,0,0,0.0,0.0,0.0,,0,,,2,12.0,0,0.0,0.0,1.0,0.8197722,0,0,0,0.0,0,0.0,0.0,0.0,0.0,0.0,,0,,,,,0.0,1.2,1.2,00-0035760,RB,2021_04_SEA_SF,6.0,1.0,9.0,16.0,10.526315789473683,1.2987012987012987,30.0,00-0035760,RB,2.0,1.2000000000000002,1,2021,1
00-0035823,B.Ellefson,Ben Ellefson,TE,TE,"https://static.www.nfl.com/image/private/f_auto,q_auto/league/obeiese68connhihpmln",JAX,2020,7,REG,LAC,0,0,0.0,0,0.0,0.0,0.0,0,0,0.0,0.0,0.0,,0,,,0,0.0,0,0.0,0.0,0.0,,0,0,0,0.0,0,0.0,0.0,0.0,0.0,0.0,,1,,,,,0.0,2.0,2.0,00-0035823,TE,2020_07_JAX_LAC,20.0,0.0,8.0,28.0,31.25,0.0,26.666666666666668,,,,0.0,3,2022,6
00-0035831,J.Robinson,James Robinson,RB,RB,"https://static.www.nfl.com/image/upload/f_auto,q_auto/league/htviio8mhknq9cennrdq",JAX,2020,1,REG,IND,0,0,0.0,0,0.0,0.0,0.0,0,0,0.0,0.0,0.0,,0,,,16,62.0,0,0.0,0.0,4.0,-1.6219016,0,1,1,28.0,0,0.0,0.0,-5.0,33.0,1.0,2.1094007,0,-5.6,0.05,-0.056179777,0.03567416,0.0,9.0,10.0,00-0035831,RB,2020_01_IND_JAX,34.0,0.0,0.0,34.0,69.38775510204081,0.0,0.0,00-0035831,RB,1.0,9.5,4,2023,40
00-0035835,N.Cottrell,Nathan Cottrell,RB,RB,"https://static.www.nfl.com/image/private/f_auto,q_auto/league/nxdpocnvirsxjrwmkgvw",JAX,2021,16,REG,NYJ,0,0,0.0,0,0.0,0.0,0.0,0,0,0.0,0.0,0.0,,0,,,1,3.0,0,0.0,0.0,0.0,-0.087498344,0,0,0,0.0,0,0.0,0.0,0.0,0.0,0.0,,0,,,,,0.0,0.3,0.3,00-0035835,RB,2021_16_JAX_NYJ,1.0,0.0,11.0,12.0,1.6666666666666667,0.0,50.0,,,,0.3,1,2021,1
00-0035844,K.Merritt,Kirk Merritt,WR,WR,"https://static.www.nfl.com/image/private/f_auto,q_auto/league/lrixuukk1wxvulscykqs",MIA,2021,9,REG,HOU,0,0,0.0,0,0.0,0.0,0.0,0,0,0.0,0.0,0.0,,0,,,0,0.0,0,0.0,0.0,0.0,,0,1,3,13.0,0,0.0,0.0,56.0,6.0,1.0,-0.21781005,0,0.23214285,0.075,0.14545454,0.21431819,0.0,1.3,2.3,00-0035844,WR,2021_09_HOU_MIA,11.0,0.0,3.0,14.0,14.473684210526317,0.0,12.5,,,,1.8,1,2021,1
00-0035848,D.Harris,DeMichael Harris,WR,WR,"https://static.www.nfl.com/image/private/f_auto,q_auto/league/mrren8m5euy8x1amvqus",IND,2020,6,REG,CIN,0,0,0.0,0,0.0,0.0,0.0,0,0,0.0,0.0,0.0,,0,,,0,0.0,0,0.0,0.0,0.0,,0,3,3,29.0,0,0.0,0.0,6.0,23.0,1.0,1.7425575,0,4.8333335,0.071428575,0.017492712,0.11938775,0.0,2.9,5.9,00-0035848,WR,2020_06_CIN_IND,12.0,0.0,6.0,18.0,19.35483870967742,0.0,20.689655172413797,,,,4.4,1,2020,6
00-0035860,T.Jones,Tony Jones,RB,RB,"https://static.www.nfl.com/image/private/f_auto,q_auto/league/cgvll8lokulmws98olfa",NO,2020,17,REG,CAR,0,0,0.0,0,0.0,0.0,0.0,0,0,0.0,0.0,0.0,,0,,,3,13.0,0,0.0,0.0,1.0,0.42865837,0,0,0,0.0,0,0.0,0.0,0.0,0.0,0.0,,0,,,,,0.0,1.3,1.3,00-0035860,RB,2020_17_NO_CAR,5.0,0.0,0.0,5.0,7.8125,0.0,0.0,,,,1.3,5,2024,21
00-0035864,K.Hinton,Kendall Hinton,WR,WR,"https://static.www.nfl.com/image/private/f_auto,q_auto/league/emvbhstqosvayr6dm2jp",DEN,2020,12,REG,NO,1,9,13.0,0,2.0,1.0,1.0,0,0,134.0,16.0,1.0,-11.930539,0,0.09701493,-0.12896273,2,7.0,0,0.0,0.0,0.0,-1.4086187,0,0,0,0.0,0,0.0,0.0,0.0,0.0,0.0,,0,,,,,0.0,-2.78,-2.78,00-0035864,WR,2020_12_NO_DEN,25.0,0.0,0.0,25.0,56.81818181818182,0.0,0.0,,,,-0.7799999999999999,3,2022,37
00-0035869,A.Mack,Austin Mack,WR,WR,"https://static.www.nfl.com/image/upload/f_auto,q_auto/league/b0qw4yrgtryeikt4fypi",NYG,2020,6,REG,WAS,0,0,0.0,0,0.0,0.0,0.0,0,0,0.0,0.0,0.0,,0,,,0,0.0,0,0.0,0.0,0.0,,0,1,1,1.0,0,0.0,0.0,1.0,0.0,0.0,-0.5535247,0,1.0,0.055555556,0.008,0.088933334,0.0,0.1,1.1,00-0035869,WR,2020_06_WAS_NYG,35.0,0.0,0.0,35.0,72.91666666666666,0.0,0.0,,,,0.6,1,2020,5
00-0035883,M.Ffrench,Maurice Ffrench,WR,WR,"https://static.www.nfl.com/image/private/f_auto,q_auto/league/uyhv8s8fjussx1idbxss",LAC,2021,16,REG,HOU,0,0,0.0,0,0.0,0.0,0.0,0,0,0.0,0.0,0.0,,0,,,1,3.0,0,0.0,0.0,0.0,-0.28047347,0,0,0,0.0,0,0.0,0.0,0.0,0.0,0.0,,0,,,,,0.0,0.3,0.3,00-0035883,WR,2021_16_LAC_HOU,2.0,0.0,3.0,5.0,3.1746031746031744,0.0,11.11111111111111,,,,0.3,1,2021,1
00-0035898,D.Bradwell,Darius Bradwell,RB,RB,"https://static.www.nfl.com/image/private/f_auto,q_auto/league/disdrxqtrv91rtoolwup",LAC,2021,12,REG,DEN,0,0,0.0,0,0.0,0.0,0.0,0,0,0.0,0.0,0.0,,0,,,0,0.0,0,0.0,0.0,0.0,,0,0,1,0.0,0,0.0,0.0,1.0,0.0,0.0,-0.44896725,0,0.0,0.022727273,0.0034843206,0.036529932,0.0,0.0,0.0,00-0035898,RB,2021_12_LAC_DEN,7.0,0.0,10.0,17.0,11.475409836065571,0.0,50.0,,,,0.0,1,2021,1
00-0035908,G.Nabers,Gabe Nabers,FB,RB,"https://static.www.nfl.com/image/private/f_auto,q_auto/league/dbxerjvfk8aqe26t0eny",LAC,2020,4,REG,TB,0,0,0.0,0,0.0,0.0,0.0,0,0,0.0,0.0,0.0,,0,,,1,4.0,0,0.0,0.0,0.0,-0.25616437,0,1,1,5.0,0,0.0,0.0,2.0,3.0,0.0,-0.05675351,0,2.5,0.04,0.010638298,0.067446806,0.0,0.9,1.9,00-0035908,FB,2020_04_LAC_TB,7.0,0.0,18.0,25.0,9.333333333333334,0.0,56.25,00-0035908,FB,1.0,1.4,2,2021,13
00-0035912,L.Bellamy,LeVante Bellamy,RB,RB,"https://static.www.nfl.com/image/private/f_auto,q_auto/league/cp6swcvzcfe3zwpoymke",DEN,2020,16,REG,LAC,0,0,0.0,0,0.0,0.0,0.0,0,0,0.0,0.0,0.0,,0,,,3,11.0,0,0.0,0.0,0.0,-0.4965256,0,1,1,5.0,0,0.0,0.0,0.0,5.0,0.0,-0.85652274,0,0.0,0.023255814,0.0,0.034883723,0.0,1.6,2.6,00-0035912,RB,2020_16_DEN_LAC,8.0,0.0,16.0,24.0,13.333333333333334,0.0,57.14285714285714,,,,2.1,1,2020,2
00-0035939,B.Perkins,Bryce Perkins,QB,QB,"https://static.www.nfl.com/image/private/f_auto,q_auto/league/mouuxpmyg8wgcrtfc0tr",LA,2022,10,REG,ARI,1,1,-3.0,0,0.0,0.0,-0.0,0,0,-3.0,0.0,0.0,-1.1198843,0,0.0,,3,4.0,0,0.0,0.0,0.0,-2.2334282,0,0,0,0.0,0,0.0,0.0,0.0,0.0,0.0,,0,,,,,0.0,0.28,0.28,00-0035939,QB,2022_10_ARI_LA,6.0,0.0,0.0,6.0,9.230769230769232,0.0,0.0,,,,0.28,1,2022,5
00-0035950,M.Hartsfield,Myles Hartsfield,FS,DB,"https://static.www.nfl.com/image/private/f_auto,q_auto/league/gk1w1temj96w6wmgyy5x",CAR,2020,7,REG,NO,0,0,0.0,0,0.0,0.0,0.0,0,0,0.0,0.0,0.0,,0,,,2,2.0,0,0.0,0.0,0.0,-1.1623842,0,0,0,0.0,0,0.0,0.0,0.0,0.0,0.0,,0,,,,,0.0,0.2,0.2,00-0035950,FS,2020_07_CAR_NO,4.0,0.0,12.0,16.0,5.797101449275362,0.0,54.54545454545454,00-0035950,FS,3.0,0.2,1,2020,1
00-0035957,R.Smith,Rodney Smith,RB,RB,"https://static.www.nfl.com/image/private/f_auto,q_auto/league/xd2tfhcsbxeokt2bisun",CAR,2020,10,REG,TB,0,0,0.0,0,0.0,0.0,0.0,0,0,0.0,0.0,0.0,,0,,,3,13.0,0,0.0,0.0,1.0,-0.11910276,0,1,1,2.0,0,0.0,0.0,0.0,2.0,0.0,-0.57027096,0,0.0,0.035714287,0.0,0.05357143,0.0,1.5,2.5,00-0035957,RB,2020_10_TB_CAR,9.0,0.0,0.0,9.0,18.367346938775512,0.0,0.0,,,,2.0,2,2021,8
00-0035976,D.Chisena,Dan Chisena,WR,WR,"https://static.www.nfl.com/image/upload/f_auto,q_auto/league/dwiqdrtc7vgrvngxoiix",CAR,2024,13,REG,TB,0,0,0.0,0,0.0,0.0,0.0,0,0,0.0,0.0,0.0,,0,,,0,0.0,0,0.0,0.0,0.0,,0,1,1,6.0,0,0.0,0.0,5.0,1.0,0.0,0.23837087,0,1.2,0.024390243,0.012468828,0.045313545,0.0,0.6,1.6,00-0035976,WR,,0.0,0.0,0.0,0.0,0.0,0.0,0.0,,,,1.1,1,2024,3
00-0036000,A.Killins,Adrian Killins,RB,RB,"https://static.www.nfl.com/image/private/f_auto,q_auto/league/ip1zbhwbowhy8zkqzmng",PHI,2020,4,REG,SF,0,0,0.0,0,0.0,0.0,0.0,0,0,0.0,0.0,0.0,,0,,,1,-12.0,0,0.0,0.0,0.0,-1.7750083,0,1,1,2.0,0,0.0,0.0,-4.0,6.0,0.0,-0.26891345,0,-0.5,0.03846154,-0.02631579,0.039271254,0.0,-1.0,0.0,00-0036000,RB,2020_04_PHI_SF,8.0,0.0,0.0,8.0,12.5,0.0,0.0,,,,-0.5000000000000002,1,2020,1
00-0036005,N.Togiai,Noah Togiai,TE,TE,"https://static.www.nfl.com/image/private/f_auto,q_auto/league/evxzsdrwsxqg5jobzl0r",IND,2020,3,REG,NYJ,0,0,0.0,0,0.0,0.0,0.0,0,0,0.0,0.0,0.0,,0,,,0,0.0,0,0.0,0.0,0.0,,0,0,1,0.0,0,0.0,0.0,3.0,0.0,0.0,-1.1779869,0,0.0,0.04,0.02097902,0.07468531,0.0,0.0,0.0,00-0036005,TE,2020_03_NYJ_IND,14.0,0.0,6.0,20.0,24.13793103448276,0.0,22.22222222222222,00-0036005,TE,2.0,0.0,2,2022,2
00-0036008,H.Bryant,Hunter Bryant,TE,TE,"https://static.www.nfl.com/image/private/f_auto,q_auto/league/agkex6nzvopiv5he5eqi",DET,2020,15,REG,TEN,0,0,0.0,0,0.0,0.0,0.0,0,0,0.0,0.0,0.0,,0,,,0,0.0,0,0.0,0.0,0.0,,0,1,2,44.0,0,0.0,0.0,55.0,12.0,1.0,2.1037347,0,0.8,0.054054055,0.15580736,0.19014624,0.0,4.4,5.4,00-0036008,TE,2020_15_DET_TEN,8.0,0.0,8.0,16.0,11.76470588235294,0.0,32.0,00-0036008,TE,3.0,4.9,1,2020,2
00-0036069,S.Phillips,Scottie Phillips,RB,RB,"https://static.www.nfl.com/image/private/f_auto,q_auto/league/wa1jecqwos8s5mslgvqk",HOU,2020,15,REG,IND,0,0,0.0,0,0.0,0.0,0.0,0,0,0.0,0.0,0.0,,0,,,2,9.0,0,0.0,0.0,0.0,-0.008527739,0,1,1,7.0,0,0.0,0.0,3.0,4.0,0.0,0.6030473,0,2.3333333,0.02631579,0.010238908,0.04664092,0.0,1.6,2.6,00-0036069,RB,2020_15_HOU_IND,4.0,0.0,12.0,16.0,5.47945205479452,0.0,52.17391304347826,00-0036069,RB,3.0,2.1,2,2021,3
00-0036080,E.Winston,Easop Winston,WR,WR,"https://static.www.nfl.com/image/private/f_auto,q_auto/league/pjpndfutwa07enkfrxwh",NO,2021,14,REG,NYJ,0,0,0.0,0,0.0,0.0,0.0,0,0,0.0,0.0,0.0,,0,,,0,0.0,0,0.0,0.0,0.0,,0,1,1,5.0,0,0.0,0.0,-4.0,9.0,0.0,-0.50927496,0,0.0,0.04761905,-0.04347826,0.040993787,0.0,0.5,1.5,00-0036080,WR,2021_14_NO_NYJ,7.0,0.0,8.0,15.0,10.606060606060606,0.0,26.666666666666668,,,,1.0,1,2021,1
00-0036100,I.Zuber,Isaiah Zuber,WR,WR,"https://static.www.nfl.com/image/private/f_auto,q_auto/league/fnnnosvydm195mhksb4s",NE,2020,3,REG,LV,0,0,0.0,0,0.0,0.0,0.0,0,0,0.0,0.0,0.0,,0,,,1,13.0,0,0.0,0.0,1.0,0.89476585,0,0,0,0.0,0,0.0,0.0,0.0,0.0,0.0,,0,,,,,0.0,1.3,1.3,00-0036100,WR,2020_03_LV_NE,6.0,0.0,0.0,6.0,8.955223880597014,0.0,0.0,,,,1.3,1,2020,4
00-0036110,J.Bradley,Ja'Marcus Bradley,WR,WR,"https://static.www.nfl.com/image/private/f_auto,q_auto/league/zt4nt4auwksfvxfclbwk",CLE,2020,16,REG,NYJ,0,0,0.0,0,0.0,0.0,0.0,0,0,0.0,0.0,0.0,,0,,,0,0.0,0,0.0,0.0,0.0,,0,5,11,60.0,0,0.0,0.0,126.0,11.0,2.0,1.0428364,0,0.47619048,0.22,0.31421447,0.5499501,0.0,6.0,11.0,00-0036110,WR,2020_16_CLE_NYJ,76.0,0.0,0.0,76.0,93.82716049382717,0.0,0.0,,,,8.5,2,2021,3
00-0036133,J.Proche,James Proche,WR,WR,"https://static.www.nfl.com/image/upload/f_auto,q_auto/league/me4h87meacls1jjh0cug",BAL,2020,8,REG,PIT,0,0,0.0,0,0.0,0.0,0.0,0,0,0.0,0.0,0.0,,0,,,0,0.0,0,0.0,0.0,0.0,,0,0,1,0.0,0,0.0,0.0,4.0,0.0,0.0,-7.5994473,0,0.0,0.03846154,0.01843318,0.07059553,0.0,0.0,0.0,00-0036133,WR,2020_08_PIT_BAL,3.0,0.0,6.0,9.0,3.7037037037037033,0.0,23.07692307692308,00-0036133,WR,3.0,0.0,5,2024,48
00-0036142,I.Wright,Isaiah Wright,WR,WR,"https://static.www.nfl.com/image/private/f_auto,q_auto/league/ndgmtw52eaxjpuyfue4m",WAS,2020,3,REG,CLE,0,0,0.0,0,0.0,0.0,0.0,0,0,0.0,0.0,0.0,,0,,,1,6.0,0,0.0,0.0,0.0,0.19058737,0,4,6,24.0,0,0.0,0.0,32.0,26.0,1.0,0.13202201,0,0.75,0.16666667,0.13114753,0.34180328,0.0,3.0,7.0,00-0036142,WR,2020_03_WAS_CLE,29.0,0.0,14.0,43.0,43.93939393939394,0.0,50.0,00-0036142,WR,2.0,5.0,1,2020,31
00-0036173,T.Hudson,Tommy Hudson,TE,TE,"https://static.www.nfl.com/image/private/f_auto,q_auto/league/qjv7a2gvgt7w8voytjeb",TEN,2021,2,REG,SEA,0,0,0.0,0,0.0,0.0,0.0,0,0,0.0,0.0,0.0,,0,,,0,0.0,0,0.0,0.0,0.0,,0,1,2,14.0,0,0.0,0.0,2.0,14.0,1.0,-1.2691766,0,7.0,0.051282052,0.0049261083,0.08037135,0.0,1.4,2.4,00-0036173,TE,2021_02_TEN_SEA,21.0,0.0,7.0,28.0,23.59550561797753,0.0,20.0,00-0036173,TE,3.0,1.9,1,2021,4
00-0036188,A.Williams,Antonio Williams,RB,RB,"https://static.www.nfl.com/image/private/f_auto,q_auto/league/lrv5bhws8lzbwqernv6s",BUF,2020,17,REG,MIA,0,0,0.0,0,0.0,0.0,0.0,0,0,0.0,0.0,0.0,,0,,,12,63.0,2,0.0,0.0,4.0,2.2319784,0,1,1,20.0,0,0.0,0.0,4.0,16.0,1.0,1.4815832,0,5.0,0.027027028,0.008714597,0.046640757,0.0,20.3,21.3,00-0036188,RB,2020_17_MIA_BUF,25.0,0.0,0.0,25.0,40.98360655737705,0.0,0.0,,,,20.8,1,2020,1
00-0036194,D.Asiasi,Devin Asiasi,TE,TE,"https://static.www.nfl.com/image/private/f_auto,q_auto/league/ag0lglz7kkq6d29iqxl8",NE,2020,14,REG,LA,0,0,0.0,0,0.0,0.0,0.0,0,0,0.0,0.0,0.0,,0,,,0,0.0,0,0.0,0.0,0.0,,0,0,1,0.0,0,0.0,0.0,7.0,0.0,0.0,-3.31813,0,0.0,0.04347826,0.049295776,0.099724434,0.0,0.0,0.0,00-0036194,TE,2020_14_NE_LA,23.0,0.0,0.0,23.0,38.983050847457626,0.0,0.0,,,,0.0,2,2022,7
00-0036196,G.Davis,Gabe Davis,WR,WR,"https://static.www.nfl.com/image/upload/f_auto,q_auto/league/rlmgjtfct5qjtbwcjqg6",BUF,2020,1,REG,NYJ,0,0,0.0,0,0.0,0.0,0.0,0,0,0.0,0.0,0.0,,0,,,0,0.0,0,0.0,0.0,0.0,,0,2,2,16.0,0,0.0,0.0,8.0,8.0,0.0,0.40253755,0,2.0,0.044444446,0.02919708,0.087104626,0.0,1.6,3.6,00-0036196,WR,2020_01_NYJ_BUF,41.0,0.0,3.0,44.0,74.54545454545455,0.0,11.538461538461538,00-0036196,WR,2.0,2.6,5,2024,81
00-0036197,J.Fromm,Jake Fromm,QB,QB,"https://static.www.nfl.com/image/private/f_auto,q_auto/league/ttrbh2olexnevobzvhub",NYG,2021,15,REG,DAL,6,12,82.0,0,0.0,1.0,3.0,0,0,123.0,16.0,4.0,-0.6246031,0,0.6666667,0.0028492655,0,0.0,0,0.0,0.0,0.0,,0,0,0,0.0,0,0.0,0.0,0.0,0.0,0.0,,0,,,,,0.0,3.28,3.28,00-0036197,QB,2021_15_DAL_NYG,16.0,0.0,0.0,16.0,23.18840579710145,0.0,0.0,00-0036197,QB,3.0,3.28,1,2021,3
00-0036208,A.Pierce,Artavis Pierce,RB,RB,"https://static.www.nfl.com/image/private/f_auto,q_auto/league/yyb62mnfyphbutq3hpy7",CHI,2020,10,REG,MIN,0,0,0.0,0,0.0,0.0,0.0,0,0,0.0,0.0,0.0,,0,,,3,9.0,0,0.0,0.0,0.0,-0.95150626,0,0,0,0.0,0,0.0,0.0,0.0,0.0,0.0,,0,,,,,0.0,0.9,0.9,00-0036208,RB,2020_10_MIN_CHI,6.0,0.0,0.0,6.0,12.244897959183673,0.0,0.0,00-0036208,RB,3.0,0.9,1,2020,3
00-0036219,M.Callaway,Marquez Callaway,WR,WR,"https://static.www.nfl.com/image/upload/f_auto,q_auto/league/zrqsn3ae99gkgpi97qzr",NO,2020,4,REG,DET,0,0,0.0,0,0.0,0.0,0.0,0,0,0.0,0.0,0.0,,0,,,0,0.0,0,0.0,0.0,0.0,,0,1,1,16.0,0,0.0,0.0,11.0,5.0,1.0,0.92211956,0,1.4545455,0.04,0.047210302,0.09304721,0.0,1.6,2.6,00-0036219,WR,2020_04_NO_DET,15.0,0.0,4.0,19.0,22.388059701492537,0.0,16.0,00-0036219,WR,2.0,2.1,3,2022,98
00-0036226,J.Eason,Jacob Eason,QB,QB,"https://static.www.nfl.com/image/private/f_auto,q_auto/league/e2qgyhtngjk0llvaswxe",IND,2021,2,REG,LA,2,5,25.0,0,1.0,0.0,-0.0,0,0,63.0,7.0,2.0,-3.102543,0,0.3968254,-0.089296356,0,0.0,0,0.0,0.0,0.0,,0,0,0,0.0,0,0.0,0.0,0.0,0.0,0.0,,0,,,,,0.0,-1.0,-1.0,00-0036226,QB,2021_02_LA_IND,5.0,0.0,0.0,5.0,7.246376811594203,0.0,0.0,00-0036226,QB,2.0,0.0,2,2022,2
00-0036228,D.Patmon,Dezmon Patmon,WR,WR,"https://static.www.nfl.com/image/private/f_auto,q_auto/league/mqyc6dcbtujx7ioohpmv",IND,2021,9,REG,NYJ,0,0,0.0,0,0.0,0.0,0.0,0,0,0.0,0.0,0.0,,0,,,0,0.0,0,0.0,0.0,0.0,,0,1,1,7.0,0,0.0,0.0,4.0,3.0,0.0,0.15193552,0,1.75,0.03448276,0.016949153,0.063588545,0.0,0.7,1.7,00-0036228,WR,2021_09_NYJ_IND,20.0,0.0,0.0,20.0,32.78688524590164,0.0,0.0,,,,1.2000000000000002,2,2022,5
00-0036245,M.Perry,Malcolm Perry,RB,RB,"https://static.www.nfl.com/image/private/f_auto,q_auto/league/eni8pcqq0hvcat9cvirr",MIA,2020,8,REG,LA,0,0,0.0,0,0.0,0.0,0.0,0,0,0.0,0.0,0.0,,0,,,1,-5.0,0,0.0,0.0,0.0,-1.5538379,0,1,1,10.0,0,0.0,0.0,2.0,8.0,1.0,0.7690314,0,5.0,0.045454547,0.016949153,0.08004622,0.0,0.5,1.5,00-0036245,RB,2020_08_LA_MIA,7.0,0.0,0.0,7.0,14.583333333333334,0.0,0.0,00-0036245,RB,3.0,1.0,1,2020,16
00-0036247,F.Swain,Freddie Swain,WR,WR,"https://static.www.nfl.com/image/upload/f_auto,q_auto/league/ir3qlibvnweezkfabv50",SEA,2020,1,REG,ATL,0,0,0.0,0,0.0,0.0,0.0,0,0,0.0,0.0,0.0,,0,,,0,0.0,0,0.0,0.0,0.0,,0,1,1,17.0,0,0.0,0.0,6.0,11.0,0.0,1.1575584,0,2.8333333,0.028571429,0.029268293,0.06334495,0.0,1.7,2.7,00-0036247,WR,2020_01_SEA_ATL,16.0,1.0,6.0,23.0,25.0,1.2195121951219512,21.428571428571427,00-0036247,WR,2.0,2.2,3,2022,53
00-0036250,T.Davis,Tyler Davis,TE,TE,"https://static.www.nfl.com/image/upload/f_auto,q_auto/league/awihnovccbawpaof5pva",JAX,2020,6,REG,DET,0,0,0.0,0,0.0,0.0,0.0,0,0,0.0,0.0,0.0,,0,,,0,0.0,0,0.0,0.0,0.0,,0,0,2,0.0,0,0.0,0.0,27.0,0.0,0.0,-1.7064179,0,0.0,0.045454547,0.0647482,0.11350556,0.0,0.0,0.0,00-0036250,TE,2020_06_DET_JAX,15.0,0.0,10.0,25.0,23.809523809523807,0.0,40.0,00-0036250,TE,3.0,0.0,3,2022,10
00-0036251,Z.Moss,Zack Moss,RB,RB,"https://static.www.nfl.com/image/upload/f_auto,q_auto/league/oxrltdgoquiabhihhgnk",BUF,2020,1,REG,NYJ,0,0,0.0,0,0.0,0.0,0.0,0,0,0.0,0.0,0.0,,0,,,9,11.0,0,0.0,0.0,0.0,-5.6039686,0,3,4,16.0,1,0.0,0.0,9.0,11.0,1.0,-0.3161371,0,1.7777778,0.08888889,0.032846715,0.15632604,0.0,8.7,11.7,00-0036251,RB,2020_01_NYJ_BUF,40.0,0.0,0.0,40.0,45.97701149425287,0.0,0.0,00-0036251,RB,2.0,10.2,5,2024,65
00-0036255,D.Mims,Denzel Mims,WR,WR,"https://static.www.nfl.com/image/private/f_auto,q_auto/league/vxqhwwsx0ngjupeajnpm",NYJ,2020,7,REG,BUF,0,0,0.0,0,0.0,0.0,0.0,0,0,0.0,0.0,0.0,,0,,,0,0.0,0,0.0,0.0,0.0,,0,4,7,42.0,0,0.0,0.0,58.0,11.0,2.0,-0.021660762,0,0.7241379,0.33333334,0.39726028,0.7780822,0.0,4.2,8.2,00-0036255,WR,2020_07_BUF_NYJ,48.0,0.0,0.0,48.0,80.0,0.0,0.0,,,,6.2,3,2022,28
00-0036269,L.Perine,La'Mical Perine,RB,RB,"https://static.www.nfl.com/image/upload/f_auto,q_auto/league/fd2pagtwrgj0hopdspal",NYJ,2020,2,REG,SF,0,0,0.0,0,0.0,0.0,0.0,0,0,0.0,0.0,0.0,,0,,,3,17.0,0,0.0,0.0,1.0,-0.20990437,0,0,0,0.0,0,0.0,0.0,0.0,0.0,0.0,,0,,,,,0.0,1.7,1.7,00-0036269,RB,2020_02_SF_NYJ,9.0,0.0,0.0,9.0,14.0625,0.0,0.0,00-0036269,RB,3.0,1.7000000000000002,3,2023,13
00-0036278,J.Huntley,Jason Huntley,RB,RB,"https://static.www.nfl.com/image/private/f_auto,q_auto/league/gbnyqxaymlji05bnflc5",PHI,2020,1,REG,WAS,0,0,0.0,0,0.0,0.0,0.0,0,0,0.0,0.0,0.0,,0,,,1,1.0,0,0.0,0.0,0.0,0.9926027,0,0,0,0.0,0,0.0,0.0,0.0,0.0,0.0,,0,,,,,0.0,0.1,0.1,00-0036278,RB,2020_01_PHI_WAS,1.0,0.0,0.0,1.0,1.4285714285714286,0.0,0.0,00-0036278,RB,3.0,0.1,2,2021,7
00-0036283,K.Robinson,Kenny Robinson,FS,DB,"https://static.www.nfl.com/image/private/f_auto,q_auto/league/a92bigr1l3xd9ycyjtss",CAR,2021,6,REG,CAR,0,0,0.0,0,0.0,0.0,0.0,0,0,0.0,0.0,0.0,,0,,,0,0.0,0,0.0,0.0,0.0,,0,0,0,0.0,0,0.0,0.0,0.0,0.0,0.0,,0,,,,,1.0,6.0,6.0,00-0036283,SAF,2021_06_MIN_CAR,0.0,1.0,24.0,25.0,0.0,1.1111111111111112,68.57142857142857,,,,0.0,1,2021,1
00-0036308,I.Coulter,Isaiah Coulter,WR,WR,"https://static.www.nfl.com/image/private/f_auto,q_auto/league/wpkz05jnbitkowfmxaso",CHI,2021,12,REG,DET,0,0,0.0,0,0.0,0.0,0.0,0,0,0.0,0.0,0.0,,0,,,0,0.0,0,0.0,0.0,0.0,,0,0,1,0.0,0,0.0,0.0,22.0,0.0,0.0,-0.8571833,0,0.0,0.027027028,0.0652819,0.08623787,0.0,0.0,0.0,00-0036308,WR,2021_12_CHI_DET,14.0,0.0,0.0,14.0,20.588235294117645,0.0,0.0,,,,0.0,1,2021,1
00-0036312,J.Luton,Jake Luton,QB,QB,"https://static.www.nfl.com/image/private/f_auto,q_auto/league/krvobstakocdgp3puv0g",JAX,2020,9,REG,HOU,26,38,304.0,1,1.0,2.0,16.0,1,0,334.0,124.0,13.0,3.225154,0,0.9101796,0.11117542,1,13.0,1,0.0,0.0,1.0,2.304609,0,0,0,0.0,0,0.0,0.0,0.0,0.0,0.0,,0,,,,,0.0,21.46,21.46,00-0036312,QB,2020_09_HOU_JAX,69.0,0.0,0.0,69.0,100.0,0.0,0.0,00-0036312,QB,1.0,23.46,1,2020,3
00-0036320,J.Charlton,Joseph Charlton,P,SPEC,"https://static.www.nfl.com/image/private/f_auto,q_auto/league/ekullk7pi9dtavlbvdcw",CAR,2020,9,REG,KC,1,1,28.0,0,0.0,0.0,-0.0,0,0,18.0,10.0,1.0,4.732203,0,1.5555556,,0,0.0,0,0.0,0.0,0.0,,0,0,0,0.0,0,0.0,0.0,0.0,0.0,0.0,,0,,,,,0.0,1.12,1.12,00-0036320,P,2020_09_CAR_KC,1.0,0.0,9.0,10.0,1.1904761904761905,0.0,30.0,00-0036320,P,1.0,1.12,1,2020,4
00-0036326,C.Claypool,Chase Claypool,WR,WR,"https://static.www.nfl.com/image/upload/f_auto,q_auto/league/intpee5tvgt6rhzxhquc",PIT,2020,1,REG,NYG,0,0,0.0,0,0.0,0.0,0.0,0,0,0.0,0.0,0.0,,0,,,1,8.0,0,0.0,0.0,1.0,1.3504161,0,2,2,39.0,0,0.0,0.0,32.0,7.0,1.0,3.3789728,0,1.21875,0.06451613,0.15384616,0.2044665,0.0,4.7,6.7,00-0036326,WR,2020_01_PIT_NYG,19.0,0.0,14.0,33.0,27.142857142857142,0.0,53.84615384615385,00-0036326,WR,2.0,5.7,4,2023,57
00-0036336,A.McFarland,Anthony McFarland,RB,RB,"https://static.www.nfl.com/image/private/f_auto,q_auto/league/dwt64mh92t2qztepvswo",PIT,2020,3,REG,HOU,0,0,0.0,0,0.0,0.0,0.0,0,0,0.0,0.0,0.0,,0,,,6,42.0,0,0.0,0.0,2.0,-0.029768094,0,1,2,7.0,0,0.0,0.0,-1.0,10.0,0.0,0.04103686,0,-7.0,0.057142857,-0.0031055901,0.08354037,0.0,4.9,5.9,00-0036336,RB,2020_03_HOU_PIT,10.0,0.0,0.0,10.0,13.157894736842104,0.0,0.0,00-0036336,RB,3.0,5.4,4,2023,26
00-0036340,A.Gandy-Golden,Antonio Gandy-Golden,WR,WR,"https://static.www.nfl.com/image/private/f_auto,q_auto/league/cudxhx7a5uqtedmlwtvg",WAS,2020,2,REG,ARI,0,0,0.0,0,0.0,0.0,0.0,0,0,0.0,0.0,0.0,,0,,,0,0.0,0,0.0,0.0,0.0,,0,1,1,3.0,0,0.0,0.0,2.0,1.0,0.0,-0.6346185,0,1.5,0.030303031,0.007067138,0.050401542,0.0,0.3,1.3,00-0036340,WR,2020_02_WAS_ARI,5.0,0.0,0.0,5.0,7.462686567164178,0.0,0.0,00-0036340,WR,2.0,0.8,1,2020,4
00-0036357,H.Ruggs,Henry Ruggs,WR,WR,"https://static.www.nfl.com/image/private/f_auto,q_auto/league/i8oezzdcas0hd9ap8cfp",LV,2020,1,REG,CAR,0,0,0.0,0,0.0,0.0,0.0,0,0,0.0,0.0,0.0,,0,,,2,11.0,0,0.0,0.0,0.0,0.32090262,0,3,5,55.0,0,0.0,0.0,93.0,25.0,2.0,2.664872,0,0.5913978,0.17857143,0.57763976,0.672205,0.0,6.6,9.6,00-0036357,WR,2020_01_LV_CAR,42.0,0.0,0.0,42.0,65.625,0.0,0.0,00-0036357,WR,1.0,8.1,2,2021,56
00-0036364,L.Bowden,Lynn Bowden,WR,WR,"https://static.www.nfl.com/image/private/f_auto,q_auto/league/nrvwudvuqxpmiegmjzdu",MIA,2020,2,REG,BUF,0,0,0.0,0,0.0,0.0,0.0,0,0,0.0,0.0,0.0,,0,,,0,0.0,0,0.0,0.0,0.0,,0,1,1,-1.0,0,0.0,0.0,-1.0,0.0,0.0,-0.7106251,0,0.0,0.02173913,-0.0031948881,0.030372273,0.0,-0.1,0.9,00-0036364,WR,2020_02_BUF_MIA,4.0,0.0,0.0,4.0,5.333333333333334,0.0,0.0,,,,0.4,2,2023,19
00-0036365,B.Edwards,Bryan Edwards,WR,WR,"https://static.www.nfl.com/image/private/f_auto,q_auto/league/hgluubcedtu0vmxjxrcf",LV,2020,1,REG,CAR,0,0,0.0,0,0.0,0.0,0.0,0,0,0.0,0.0,0.0,,0,,,0,0.0,0,0.0,0.0,0.0,,0,1,1,9.0,0,0.0,0.0,-1.0,10.0,0.0,0.71708006,0,0.0,0.035714287,-0.0062111802,0.0492236,0.0,0.9,1.9,00-0036365,WR,2020_01_LV_CAR,48.0,0.0,0.0,48.0,75.0,0.0,0.0,00-0036365,WR,1.0,1.4,3,2022,31
00-0036370,J.Kelley,Joshua Kelley,RB,RB,"https://static.www.nfl.com/image/private/f_auto,q_auto/league/fsu6gqcltgnofaakmq6u",LAC,2020,1,REG,CIN,0,0,0.0,0,0.0,0.0,0.0,0,0,0.0,0.0,0.0,,0,,,12,60.0,1,0.0,0.0,3.0,2.3092372,0,0,0,0.0,0,0.0,0.0,0.0,0.0,0.0,,0,,,,,0.0,12.0,12.0,00-0036370,RB,2020_01_LAC_CIN,17.0,1.0,8.0,26.0,23.61111111111111,1.3333333333333337,28.57142857142857,00-0036370,RB,3.0,12.0,5,2024,53
00-0036377,J.Reed,Joe Reed,WR,WR,"https://static.www.nfl.com/image/private/f_auto,q_auto/league/fa4giqm0tlvowg979etj",LAC,2020,2,REG,KC,0,0,0.0,0,0.0,0.0,0.0,0,0,0.0,0.0,0.0,,0,,,1,8.0,0,0.0,0.0,0.0,0.35945362,0,0,0,0.0,0,0.0,0.0,0.0,0.0,0.0,,0,,,,,0.0,0.8,0.8,00-0036377,WR,2020_02_KC_LAC,2.0,0.0,12.0,14.0,2.409638554216868,0.0,46.15384615384615,00-0036377,WR,1.0,0.8,1,2020,9
00-0036382,K.Hill,K.J. Hill,WR,WR,"https://static.www.nfl.com/image/private/f_auto,q_auto/league/qd5p8nkgawauikftmkij",LAC,2020,3,REG,CAR,0,0,0.0,0,0.0,0.0,0.0,0,0,0.0,0.0,0.0,,0,,,0,0.0,0,0.0,0.0,0.0,,0,1,4,15.0,0,0.0,0.0,28.0,0.0,1.0,-1.6577694,0,0.53571427,0.083333336,0.0945946,0.19121622,0.0,1.5,2.5,00-0036382,WR,2020_03_CAR_LAC,38.0,0.0,10.0,48.0,69.0909090909091,0.0,40.0,00-0036382,WR,2.0,2.0,2,2021,18
00-0036383,E.Benjamin,Eno Benjamin,RB,RB,"https://static.www.nfl.com/image/private/f_auto,q_auto/league/ibizpqkleka4az4mprvz",ARI,2021,7,REG,HOU,0,0,0.0,0,0.0,0.0,0.0,0,0,0.0,0.0,0.0,,0,,,2,7.0,0,0.0,0.0,0.0,-0.037263874,0,0,0,0.0,0,0.0,0.0,0.0,0.0,0.0,,0,,,,,0.0,0.7,0.7,00-0036383,RB,2021_07_HOU_ARI,2.0,0.0,3.0,5.0,2.7777777777777777,0.0,11.538461538461538,00-0036383,RB,3.0,0.7000000000000001,2,2022,36
00-0036384,B.DiNucci,Ben DiNucci,QB,QB,"https://static.www.nfl.com/image/private/f_auto,q_auto/league/o1gjqpevru8k8d98y2qn",DAL,2020,7,REG,WAS,2,3,39.0,0,0.0,3.0,25.0,1,0,36.0,14.0,1.0,-2.5042481,0,1.0833334,,1,0.0,0,1.0,0.0,0.0,-1.4732711,0,0,0,0.0,0,0.0,0.0,0.0,0.0,0.0,,0,,,,,0.0,1.56,1.56,00-0036384,QB,2020_07_DAL_WAS,12.0,0.0,0.0,12.0,20.689655172413797,0.0,0.0,00-0036384,QB,2.0,-2.44,1,2020,2
00-0036398,J.Hightower,John Hightower,WR,WR,"https://static.www.nfl.com/image/private/f_auto,q_auto/league/ov8vehr0hojqxls6q7wr",PHI,2020,1,REG,WAS,0,0,0.0,0,0.0,0.0,0.0,0,0,0.0,0.0,0.0,,0,,,0,0.0,0,0.0,0.0,0.0,,0,1,4,-2.0,0,0.0,0.0,32.0,0.0,0.0,-7.3799677,0,-0.0625,0.0952381,0.06153846,0.18593407,0.0,-0.2,0.8,00-0036398,WR,2020_01_PHI_WAS,27.0,0.0,0.0,27.0,38.57142857142858,0.0,0.0,00-0036398,WR,3.0,0.3,1,2020,16
00-0036424,B.Hopkins,Brycen Hopkins,TE,TE,"https://static.www.nfl.com/image/private/f_auto,q_auto/league/agzychtsya1dteoz1khu",LA,2021,15,REG,SEA,0,0,0.0,0,0.0,0.0,0.0,0,0,0.0,0.0,0.0,,0,,,0,0.0,0,0.0,0.0,0.0,,0,1,1,9.0,0,0.0,0.0,3.0,6.0,1.0,1.6591814,0,3.0,0.03448276,0.013043478,0.060854573,0.0,0.9,1.9,00-0036424,TE,2021_15_SEA_LA,19.0,0.0,3.0,22.0,29.6875,0.0,13.043478260869565,00-0036424,TE,2.0,1.4,3,2023,13
00-0036433,T.Stevens,Tommy Stevens,TE,TE,"https://static.www.nfl.com/image/private/f_auto,q_auto/league/d0k0fuhrprnvp1q3p16a",CAR,2020,17,REG,NO,0,0,0.0,0,0.0,0.0,0.0,0,0,0.0,0.0,0.0,,0,,,4,24.0,0,0.0,0.0,2.0,1.731275,0,0,0,0.0,0,0.0,0.0,0.0,0.0,0.0,,0,,,,,0.0,2.4,2.4,00-0036433,QB,2020_17_NO_CAR,5.0,0.0,0.0,5.0,7.936507936507936,0.0,0.0,,,,2.4000000000000004,1,2020,1
00-0036438,S.Sullivan,Stephen Sullivan,TE,TE,"https://static.www.nfl.com/image/private/f_auto,q_auto/league/dwsdpt0yyomnirainvmj",CAR,2021,16,REG,TB,0,0,0.0,0,0.0,0.0,0.0,0,0,0.0,0.0,0.0,,0,,,0,0.0,0,0.0,0.0,0.0,,0,0,1,0.0,0,0.0,0.0,-2.0,0.0,0.0,-0.375625,0,0.0,0.023255814,-0.005524862,0.031016318,0.0,0.0,0.0,00-0036438,TE,2021_16_TB_CAR,17.0,0.0,13.0,30.0,24.637681159420293,0.0,48.14814814814815,,,,0.0,4,2024,16
00-0036439,T.Cleveland,Tyrie Cleveland,WR,WR,"https://static.www.nfl.com/image/upload/f_auto,q_auto/league/dwoxtowzkymitmazn07e",DEN,2020,1,REG,TEN,0,0,0.0,0,0.0,0.0,0.0,0,0,0.0,0.0,0.0,,0,,,0,0.0,0,0.0,0.0,0.0,,0,1,1,7.0,0,0.0,0.0,-3.0,10.0,0.0,0.3149756,0,0.0,0.03125,-0.0102739725,0.03968322,0.0,0.7,1.7,00-0036439,WR,2020_01_TEN_DEN,5.0,0.0,12.0,17.0,5.88235294117647,0.0,50.0,00-0036439,WR,3.0,1.2000000000000002,3,2022,14
00-0036450,K.Vaughn,Ke'Shawn Vaughn,RB,RB,"https://static.www.nfl.com/image/private/f_auto,q_auto/league/npa1msmoqbig9cqznkti",TB,2020,4,REG,LAC,0,0,0.0,0,0.0,0.0,0.0,0,0,0.0,0.0,0.0,,0,,,3,4.0,0,0.0,0.0,0.0,-1.4375292,0,2,3,22.0,1,0.0,0.0,9.0,16.0,2.0,2.9315639,0,2.4444444,0.06666667,0.020930232,0.114651166,0.0,8.6,10.6,00-0036450,RB,2020_04_LAC_TB,16.0,0.0,0.0,16.0,21.333333333333336,0.0,0.0,00-0036450,RB,3.0,9.6,5,2024,27
00-0036457,T.Williams,Ty'Son Williams,RB,RB,"https://static.www.nfl.com/image/private/f_auto,q_auto/league/ucxy1zbyppgm62iyvrdr",BAL,2021,1,REG,LV,0,0,0.0,0,0.0,0.0,0.0,0,0,0.0,0.0,0.0,,0,,,9,65.0,1,0.0,0.0,2.0,1.8736951,0,3,4,29.0,0,0.0,0.0,0.0,31.0,1.0,0.25632077,0,0.0,0.13793103,0.0,0.20689656,0.0,15.4,18.4,00-0036457,RB,2021_01_BAL_LV,35.0,0.0,0.0,35.0,51.47058823529412,0.0,0.0,00-0036457,RB,1.0,16.9,2,2022,12
00-0036482,M.Strachan,Mike Strachan,WR,WR,"https://static.www.nfl.com/image/private/f_auto,q_auto/league/f0eepzx0zweaaoch5xfj",IND,2021,1,REG,SEA,0,0,0.0,0,0.0,0.0,0.0,0,0,0.0,0.0,0.0,,0,,,0,0.0,0,0.0,0.0,0.0,,0,2,2,26.0,0,0.0,0.0,26.0,0.0,2.0,4.2394876,0,1.0,0.057142857,0.1420765,0.18516783,0.0,2.6,4.6,00-0036482,WR,2021_01_SEA_IND,19.0,0.0,0.0,19.0,24.675324675324678,0.0,0.0,00-0036482,WR,2.0,3.6,3,2023,9
00-0036493,D.Jackson,Deon Jackson,RB,RB,"https://static.www.nfl.com/image/private/f_auto,q_auto/league/wvi0pz27h6t7gfjujxis",IND,2021,11,REG,BUF,0,0,0.0,0,0.0,0.0,0.0,0,0,0.0,0.0,0.0,,0,,,6,12.0,0,0.0,0.0,0.0,-4.3576727,0,0,0,0.0,0,0.0,0.0,0.0,0.0,0.0,,0,,,,,0.0,1.2,1.2,00-0036493,RB,2021_11_IND_BUF,7.0,0.0,9.0,16.0,12.06896551724138,0.0,39.130434782608695,00-0036493,RB,3.0,1.2000000000000002,3,2023,17
00-0036523,T.Ragas,Trey Ragas,RB,RB,"https://static.www.nfl.com/image/private/f_auto,q_auto/league/dxx9omigqswqm8irxgzh",LV,2021,14,REG,KC,0,0,0.0,0,0.0,0.0,0.0,0,0,0.0,0.0,0.0,,0,,,1,9.0,0,0.0,0.0,1.0,1.1782594,0,2,2,6.0,0,0.0,0.0,-7.0,13.0,0.0,-0.39099905,0,-0.85714287,0.046511628,-0.03723404,0.043703612,0.0,1.5,3.5,00-0036523,RB,2021_14_LV_KC,9.0,0.0,9.0,18.0,14.0625,0.0,36.0,,,,2.5,1,2021,1
00-0036527,D.Turner,D.J. Turner,WR,WR,"https://static.www.nfl.com/image/private/f_auto,q_auto/league/uq8plrpxajq8lzqhwbz9",LV,2022,7,REG,HOU,0,0,0.0,0,0.0,0.0,0.0,0,0,0.0,0.0,0.0,,0,,,3,20.0,0,0.0,0.0,1.0,0.080331065,0,0,0,0.0,0,0.0,0.0,0.0,0.0,0.0,,0,,,,,0.0,2.0,2.0,00-0036527,WR,2022_07_HOU_LV,5.0,0.0,12.0,17.0,8.771929824561402,0.0,46.15384615384615,,,,2.0,2,2024,24
00-0036543,S.Brown,Spencer Brown,RB,RB,"https://static.www.nfl.com/image/private/f_auto,q_auto/league/mmqzyzoau79or5w0izzq",CAR,2022,8,REG,ATL,0,0,0.0,0,0.0,0.0,0.0,0,0,0.0,0.0,0.0,,0,,,6,27.0,0,0.0,0.0,0.0,-0.1289407,0,0,1,0.0,0,0.0,0.0,6.0,0.0,0.0,-0.57457775,0,0.0,0.027777778,0.014184397,0.051595744,0.0,2.7,2.7,00-0036543,RB,2022_08_CAR_ATL,19.0,0.0,12.0,31.0,27.536231884057973,0.0,34.285714285714285,,,,2.7,1,2022,2
00-0036560,T.Doyle,Tommy Doyle,T,OL,"https://static.www.nfl.com/image/private/f_auto,q_auto/league/zwk8avcsoxcutb8gwt9j",BUF,2021,19,POST,NE,0,0,0.0,0,0.0,0.0,0.0,0,0,0.0,0.0,0.0,,0,,,0,0.0,0,0.0,0.0,0.0,,0,1,1,1.0,1,0.0,0.0,1.0,0.0,1.0,0.86516845,0,1.0,0.04,0.004347826,0.063043475,0.0,6.1,7.1,00-0036560,OT,,0.0,0.0,0.0,0.0,0.0,0.0,0.0,00-0036560,T,2.0,6.6,1,2021,3
00-0036572,S.Smith,Shi Smith,WR,WR,"https://static.www.nfl.com/image/private/f_auto,q_auto/league/e08lbk8pl2oxbwxi86ib",CAR,2021,6,REG,MIN,0,0,0.0,0,0.0,0.0,0.0,0,0,0.0,0.0,0.0,,0,,,0,0.0,0,0.0,0.0,0.0,,0,2,2,20.0,0,0.0,0.0,-8.0,28.0,1.0,1.1528866,0,0.0,0.051282052,-0.019138755,0.063525945,0.0,2.0,4.0,00-0036572,WR,2021_06_MIN_CAR,9.0,0.0,7.0,16.0,11.842105263157894,0.0,20.0,00-0036572,WR,3.0,3.0,2,2022,51
00-0036582,N.McCrary,Nate McCrary,RB,RB,"https://static.www.nfl.com/image/private/f_auto,q_auto/league/mu0ujv1egc6viduiwbdk",BAL,2021,13,REG,PIT,0,0,0.0,0,0.0,0.0,0.0,0,0,0.0,0.0,0.0,,0,,,1,-1.0,0,0.0,0.0,0.0,-0.7256364,0,0,0,0.0,0,0.0,0.0,0.0,0.0,0.0,,0,,,,,0.0,-0.1,-0.1,00-0036582,RB,2021_13_BAL_PIT,2.0,0.0,0.0,2.0,2.5,0.0,0.0,,,,-0.1,1,2021,1
00-0036620,D.Eskridge,D'Wayne Eskridge,WR,WR,"https://static.www.nfl.com/image/private/f_auto,q_auto/league/lwg4cpbjcdcgoru2emht",SEA,2021,1,REG,IND,0,0,0.0,0,0.0,0.0,0.0,0,0,0.0,0.0,0.0,,0,,,2,22.0,0,0.0,0.0,1.0,1.7543044,0,1,1,6.0,0,0.0,0.0,6.0,0.0,0.0,0.21648186,0,1.0,0.04761905,0.028846154,0.09162088,0.0,2.8,3.8,00-0036620,WR,2021_01_SEA_IND,12.0,0.0,0.0,12.0,21.818181818181817,0.0,0.0,00-0036620,WR,2.0,3.3000000000000003,4,2024,37
00-0036650,L.Rountree,Larry Rountree,RB,RB,"https://static.www.nfl.com/image/private/f_auto,q_auto/league/m40kbqrmtagssdl2nyx0",LAC,2021,1,REG,WAS,0,0,0.0,0,0.0,0.0,0.0,0,0,0.0,0.0,0.0,,0,,,8,27.0,0,0.0,0.0,1.0,-1.5141811,0,0,0,0.0,0,0.0,0.0,0.0,0.0,0.0,,0,,,,,0.0,2.7,2.7,00-0036650,RB,2021_01_LAC_WAS,22.0,1.0,6.0,29.0,27.500000000000004,1.7543859649122806,26.08695652173913,00-0036650,RB,3.0,2.7,2,2022,14
00-0036652,R.McMath,Racey McMath,WR,WR,"https://static.www.nfl.com/image/private/f_auto,q_auto/league/zst4jrejdem1sizbyywz",TEN,2021,3,REG,IND,0,0,0.0,0,0.0,0.0,0.0,0,0,0.0,0.0,0.0,,0,,,0,0.0,0,0.0,0.0,0.0,,0,0,1,0.0,0,0.0,0.0,13.0,0.0,0.0,-0.75760555,0,0.0,0.03846154,0.07647059,0.111221716,0.0,0.0,0.0,00-0036652,WR,2021_03_IND_TEN,16.0,0.0,14.0,30.0,23.88059701492537,0.0,63.63636363636363,00-0036652,WR,3.0,0.0,2,2022,9
00-0036669,K.Hill,Kylin Hill,RB,RB,"https://static.www.nfl.com/image/private/f_auto,q_auto/league/kqcnlnwoumzvotkzu841",GB,2021,1,REG,NO,0,0,0.0,0,0.0,0.0,0.0,0,0,0.0,0.0,0.0,,0,,,5,14.0,0,0.0,0.0,1.0,0.08867888,0,0,0,0.0,0,0.0,0.0,0.0,0.0,0.0,,0,,,,,0.0,1.4,1.4,00-0036669,RB,2021_01_GB_NO,14.0,1.0,9.0,24.0,21.875,1.7543859649122806,42.85714285714285,00-0036669,RB,1.0,1.4,2,2022,9
00-0036670,J.Jefferson,Jermar Jefferson,RB,RB,"https://static.www.nfl.com/image/private/f_auto,q_auto/league/ewygyeadzbiyedxbirmb",DET,2021,8,REG,PHI,0,0,0.0,0,0.0,0.0,0.0,0,0,0.0,0.0,0.0,,0,,,2,6.0,1,0.0,0.0,1.0,1.7782469,0,4,4,23.0,0,0.0,0.0,2.0,21.0,2.0,0.5526447,0,11.5,0.125,0.01058201,0.19490741,0.0,8.9,12.9,00-0036670,RB,2021_08_PHI_DET,11.0,0.0,0.0,11.0,17.46031746031746,0.0,0.0,,,,10.9,2,2024,6
00-0036671,D.Milne,Dax Milne,WR,WR,"https://static.www.nfl.com/image/private/f_auto,q_auto/league/khppoienurb6ntigjdgf",WAS,2021,5,REG,NO,0,0,0.0,0,0.0,0.0,0.0,0,0,0.0,0.0,0.0,,0,,,0,0.0,0,0.0,0.0,0.0,,0,1,1,6.0,0,0.0,0.0,6.0,0.0,0.0,0.012150926,0,1.0,0.024390243,0.015075377,0.04713813,0.0,0.6,1.6,00-0036671,WR,2021_05_NO_WAS,35.0,0.0,1.0,36.0,41.17647058823529,0.0,3.571428571428571,00-0036671,WR,2.0,1.1,2,2022,38
00-0036692,M.Forristall,Miller Forristall,TE,TE,"https://static.www.nfl.com/image/private/f_auto,q_auto/league/avkv1zg4q6jxsacoan8q",CLE,2022,3,REG,PIT,0,0,0.0,0,0.0,0.0,0.0,0,0,0.0,0.0,0.0,,0,,,0,0.0,0,0.0,0.0,0.0,,0,0,1,0.0,0,0.0,0.0,5.0,0.0,0.0,-0.5086182,0,0.0,0.032258064,0.024875622,0.06580003,0.0,0.0,0.0,00-0036692,TE,2022_03_PIT_CLE,4.0,0.0,12.0,16.0,5.47945205479452,0.0,44.44444444444444,,,,0.0,1,2022,1
00-0036698,M.Sargent,Mekhi Sargent,RB,RB,"https://static.www.nfl.com/image/private/f_auto,q_auto/league/vkjbw0dck6obsojugiya",TEN,2021,1,REG,ARI,0,0,0.0,0,0.0,0.0,0.0,0,0,0.0,0.0,0.0,,0,,,1,2.0,0,0.0,0.0,1.0,0.008294709,0,0,0,0.0,0,0.0,0.0,0.0,0.0,0.0,,0,,,,,0.0,0.2,0.2,00-0036698,RB,2021_01_ARI_TEN,1.0,0.0,1.0,2.0,1.3888888888888888,0.0,3.8461538461538463,00-0036698,RB,3.0,0.2,1,2021,4
00-0036727,A.Prentice,Adam Prentice,FB,RB,"https://static.www.nfl.com/image/private/f_auto,q_auto/league/oypk09xhfdyvxpkrrxnm",NO,2021,12,REG,BUF,0,0,0.0,0,0.0,0.0,0.0,0,0,0.0,0.0,0.0,,0,,,0,0.0,0,0.0,0.0,0.0,,0,1,1,10.0,0,0.0,0.0,1.0,9.0,0.0,-0.6374856,0,10.0,0.035714287,0.0056179776,0.057504013,0.0,1.0,2.0,00-0036727,RB,2021_12_BUF_NO,16.0,0.0,15.0,31.0,27.11864406779661,0.0,71.42857142857143,,,,1.5,4,2024,15
00-0036768,J.Hardy,Jaquan Hardy,RB,RB,"https://static.www.nfl.com/image/private/f_auto,q_auto/league/mgwe4bpzdc7wvox8razh",DAL,2021,14,REG,WAS,0,0,0.0,0,0.0,0.0,0.0,0,0,0.0,0.0,0.0,,0,,,1,3.0,0,0.0,0.0,0.0,-0.1993682,0,0,0,0.0,0,0.0,0.0,0.0,0.0,0.0,,0,,,,,0.0,0.3,0.3,00-0036768,RB,2021_14_DAL_WAS,2.0,0.0,22.0,24.0,2.409638554216868,0.0,73.33333333333333,,,,0.3,1,2021,2
00-0036810,C.Johnson,Cade Johnson,WR,WR,"https://static.www.nfl.com/image/private/f_auto,q_auto/league/wu2lgnpiszv4fkdrsij4",SEA,2022,17,REG,NYJ,0,0,0.0,0,0.0,0.0,0.0,0,0,0.0,0.0,0.0,,0,,,0,0.0,0,0.0,0.0,0.0,,0,0,2,0.0,0,0.0,0.0,21.0,0.0,0.0,-1.5884178,0,0.0,0.071428575,0.078066915,0.1617897,0.0,0.0,0.0,00-0036810,WR,2022_17_NYJ_SEA,26.0,0.0,0.0,26.0,35.13513513513514,0.0,0.0,,,,0.0,1,2022,3
00-0036829,C.Huntley,Caleb Huntley,RB,RB,"https://static.www.nfl.com/image/private/f_auto,q_auto/league/xzzb2fcp1ovzekumnjga",ATL,2022,2,REG,LA,0,0,0.0,0,0.0,0.0,0.0,0,0,0.0,0.0,0.0,,0,,,1,3.0,0,0.0,0.0,0.0,-0.4220702,0,0,0,0.0,0,0.0,0.0,0.0,0.0,0.0,,0,,,,,0.0,0.3,0.3,00-0036829,RB,2022_02_ATL_LA,4.0,0.0,0.0,4.0,6.451612903225806,0.0,0.0,,,,0.3,1,2022,12
00-0036857,C.Evans,Chris Evans,RB,RB,"https://static.www.nfl.com/image/private/f_auto,q_auto/league/lnkqn3hx8th4ulmxyfen",CIN,2021,2,REG,CHI,0,0,0.0,0,0.0,0.0,0.0,0,0,0.0,0.0,0.0,,0,,,0,0.0,0,0.0,0.0,0.0,,0,1,1,14.0,0,0.0,0.0,4.0,10.0,0.0,0.31112397,0,3.5,0.03448276,0.018018018,0.06433675,0.0,1.4,2.4,00-0036857,RB,2021_02_CIN_CHI,2.0,0.0,6.0,8.0,3.571428571428571,0.0,27.27272727272727,00-0036857,RB,3.0,1.9,3,2023,29
00-0036858,J.Camp,Jalen Camp,WR,WR,"https://static.www.nfl.com/image/private/f_auto,q_auto/league/uwnxm7am5nrzn5ocvpux",HOU,2022,9,REG,PHI,0,0,0.0,0,0.0,0.0,0.0,0,0,0.0,0.0,0.0,,0,,,0,0.0,0,0.0,0.0,0.0,,0,1,1,7.0,0,0.0,0.0,7.0,0.0,1.0,0.5108519,0,1.0,0.04761905,0.044585988,0.102638766,0.0,0.7,1.7,00-0036858,WR,2022_09_PHI_HOU,15.0,0.0,0.0,15.0,24.59016393442623,0.0,0.0,,,,1.2000000000000002,1,2022,1
00-0036860,J.Funk,Jake Funk,RB,RB,"https://static.www.nfl.com/image/private/f_auto,q_auto/league/usql5tnx3qhuk3mubmfs",LA,2021,3,REG,TB,0,0,0.0,0,0.0,0.0,0.0,0,0,0.0,0.0,0.0,,0,,,1,6.0,0,0.0,0.0,0.0,-0.2241811,0,0,0,0.0,0,0.0,0.0,0.0,0.0,0.0,,0,,,,,0.0,0.6,0.6,00-0036860,RB,2021_03_TB_LA,14.0,0.0,8.0,22.0,18.421052631578945,0.0,26.666666666666668,00-0036860,RB,1.0,0.6000000000000001,2,2023,6
00-0036877,J.Darden,Jaelon Darden,WR,WR,"https://static.www.nfl.com/image/private/f_auto,q_auto/league/tbuhqtdjd0h3kejsgxln",TB,2021,3,REG,LA,0,0,0.0,0,0.0,0.0,0.0,0,0,0.0,0.0,0.0,,0,,,0,0.0,0,0.0,0.0,0.0,,0,1,1,0.0,0,0.0,0.0,-1.0,1.0,0.0,-0.54422766,0,0.0,0.018518519,-0.0025974025,0.025959596,0.0,0.0,1.0,00-0036877,WR,2021_03_TB_LA,3.0,0.0,10.0,13.0,3.947368421052632,0.0,33.33333333333333,00-0036877,WR,3.0,0.5,3,2024,28
00-0036907,D.Newsome,Dazz Newsome,WR,WR,"https://static.www.nfl.com/image/private/f_auto,q_auto/league/cwp4qiumv4yzxg0hsbvj",CHI,2021,15,REG,MIN,0,0,0.0,0,0.0,0.0,0.0,0,0,0.0,0.0,0.0,,0,,,0,0.0,0,0.0,0.0,0.0,,0,0,1,0.0,0,0.0,0.0,10.0,0.0,0.0,-0.33275637,0,0.0,0.027777778,0.036363635,0.067121215,0.0,0.0,0.0,00-0036907,WR,2021_15_MIN_CHI,47.0,0.0,2.0,49.0,72.3076923076923,0.0,9.523809523809524,,,,0.0,1,2021,3
00-0036910,C.Saunders,C.J. Saunders,WR,WR,"https://static.www.nfl.com/image/private/f_auto,q_auto/league/fsp88zweiyrelqneg7vk",CAR,2021,18,REG,TB,0,0,0.0,0,0.0,0.0,0.0,0,0,0.0,0.0,0.0,,0,,,0,0.0,0,0.0,0.0,0.0,,0,2,2,11.0,0,0.0,0.0,11.0,0.0,1.0,-0.33768892,0,1.0,0.04761905,0.038869258,0.09863705,0.0,1.1,3.1,00-0036910,WR,2021_18_CAR_TB,15.0,0.0,0.0,15.0,20.833333333333336,0.0,0.0,,,,2.1,1,2021,1
00-0036913,K.Toney,Kadarius Toney,WR,WR,"https://static.www.nfl.com/image/private/f_auto,q_auto/league/sptr6q2brsttjjg4zkov",NYG,2021,1,REG,DEN,0,0,0.0,0,0.0,0.0,0.0,0,0,0.0,0.0,0.0,,0,,,0,0.0,0,0.0,0.0,0.0,,0,2,2,-2.0,0,0.0,0.0,-10.0,8.0,0.0,-1.1704965,0,0.0,0.055555556,-0.03267974,0.060457516,0.0,-0.2,1.8,00-0036913,WR,2021_01_DEN_NYG,5.0,0.0,0.0,5.0,8.333333333333332,0.0,0.0,00-0036913,WR,3.0,0.8,4,2024,72
00-0036929,I.Book,Ian Book,QB,QB,"https://static.www.nfl.com/image/private/f_auto,q_auto/league/y61uz2z5ozimtfwocxum",NO,2021,16,REG,MIA,12,20,135.0,0,2.0,8.0,54.0,0,0,76.0,81.0,5.0,-29.72981,0,1.7763158,0.015391392,3,6.0,0,0.0,0.0,1.0,1.0195731,0,0,0,0.0,0,0.0,0.0,0.0,0.0,0.0,,0,,,,,0.0,2.0,2.0,00-0036929,QB,2021_16_MIA_NO,51.0,0.0,0.0,51.0,96.22641509433964,0.0,0.0,00-0036929,QB,3.0,4.0,1,2021,1
00-0036946,K.Mond,Kellen Mond,QB,QB,"https://static.www.nfl.com/image/private/f_auto,q_auto/league/gkyy94nwpf2z7eecwvbw",MIN,2021,17,REG,GB,2,3,5.0,0,0.0,0.0,-0.0,0,0,0.0,9.0,0.0,-1.7575525,0,0.0,,0,0.0,0,0.0,0.0,0.0,,0,0,0,0.0,0,0.0,0.0,0.0,0.0,0.0,,0,,,,,0.0,0.2,0.2,00-0036946,QB,2021_17_MIN_GB,3.0,0.0,0.0,3.0,5.555555555555555,0.0,0.0,00-0036946,QB,2.0,0.2,1,2021,1
00-0036950,A.Williams,Avery Williams,RB,RB,"https://static.www.nfl.com/image/private/f_auto,q_auto/league/pcpum1mfsl26cx7tkt5e",ATL,2022,1,REG,NO,0,0,0.0,0,0.0,0.0,0.0,0,0,0.0,0.0,0.0,,0,,,2,7.0,0,0.0,0.0,0.0,-0.22845924,0,1,1,8.0,0,0.0,0.0,-7.0,15.0,0.0,0.584411,0,-1.1428572,0.03125,-0.024822695,0.029499114,0.0,1.5,2.5,00-0036950,WR,2022_01_NO_ATL,22.0,1.0,16.0,39.0,28.205128205128204,1.6666666666666667,50.0,00-0036950,RB,1.0,2.0,1,2022,42
00-0036951,F.Darby,Frank Darby,WR,WR,"https://static.www.nfl.com/image/private/f_auto,q_auto/league/ctfcyiif8irphwslbqur",ATL,2021,10,REG,DAL,0,0,0.0,0,0.0,0.0,0.0,0,0,0.0,0.0,0.0,,0,,,0,0.0,0,0.0,0.0,0.0,,0,1,3,14.0,0,0.0,0.0,50.0,11.0,1.0,-2.7158797,0,0.28,0.11111111,0.1984127,0.30555555,0.0,1.4,2.4,00-0036951,WR,2021_10_ATL_DAL,12.0,0.0,18.0,30.0,15.584415584415584,0.0,75.0,00-0036951,WR,3.0,1.9,2,2022,3
00-0036991,A.Rodgers,Amari Rodgers,WR,WR,"https://static.www.nfl.com/image/private/f_auto,q_auto/league/g85ohsk2pgbf7xz2f1a8",GB,2021,1,REG,NO,0,0,0.0,0,0.0,0.0,0.0,0,0,0.0,0.0,0.0,,0,,,0,0.0,0,0.0,0.0,0.0,,0,1,1,19.0,0,0.0,0.0,14.0,5.0,1.0,2.3517594,0,1.3571428,0.030303031,0.04307692,0.075608395,0.0,1.9,2.9,00-0036991,WR,2021_01_GB_NO,15.0,1.0,2.0,18.0,26.31578947368421,1.5625,9.523809523809524,00-0036991,WR,1.0,2.4000000000000004,3,2023,30
00-0036999,A.Schwartz,Anthony Schwartz,WR,WR,"https://static.www.nfl.com/image/private/f_auto,q_auto/league/pmjne2xsf5kh7ze6uk5e",CLE,2021,1,REG,KC,0,0,0.0,0,0.0,0.0,0.0,0,0,0.0,0.0,0.0,,0,,,1,17.0,0,0.0,0.0,1.0,1.4837158,0,3,5,69.0,0,0.0,0.0,126.0,7.0,2.0,4.051746,0,0.54761904,0.18518518,0.46153846,0.6008547,0.0,8.6,11.6,00-0036999,WR,2021_01_CLE_KC,31.0,0.0,0.0,31.0,50.81967213114754,0.0,0.0,00-0036999,WR,3.0,10.1,2,2022,23
00-0037011,T.McKitty,Tre' McKitty,TE,TE,"https://static.www.nfl.com/image/private/f_auto,q_auto/league/fxv7hzz4dar3dghap5zw",LAC,2021,11,REG,PIT,0,0,0.0,0,0.0,0.0,0.0,0,0,0.0,0.0,0.0,,0,,,0,0.0,0,0.0,0.0,0.0,,0,1,1,7.0,0,0.0,0.0,-2.0,9.0,1.0,0.6761452,0,0.0,0.024390243,-0.00913242,0.030192671,0.0,0.7,1.7,00-0037011,TE,2021_11_PIT_LAC,16.0,0.0,5.0,21.0,20.77922077922078,0.0,15.625,00-0037011,TE,3.0,1.2000000000000002,2,2022,18
00-0037087,T.Ebner,Trestan Ebner,RB,RB,"https://static.www.nfl.com/image/private/f_auto,q_auto/league/c7caisxuupzlxa0vxlln",CHI,2022,3,REG,HOU,0,0,0.0,0,0.0,0.0,0.0,0,0,0.0,0.0,0.0,,0,,,7,23.0,0,0.0,0.0,1.0,-1.7866882,0,0,1,0.0,0,0.0,0.0,-5.0,0.0,0.0,-0.57123876,0,-0.0,0.0625,-0.034965035,0.06927448,0.0,2.3,2.3,00-0037087,RB,2022_03_HOU_CHI,16.0,0.0,14.0,30.0,24.615384615384617,0.0,50.0,00-0037087,RB,3.0,2.3000000000000003,1,2022,14
00-0037091,B.Melton,Bo Melton,WR,WR,"https://static.www.nfl.com/image/upload/f_auto,q_auto/league/bhmhwurwugjmymgjforf",GB,2023,15,REG,TB,0,0,0.0,0,0.0,0.0,0.0,0,0,0.0,0.0,0.0,,0,,,0,0.0,0,0.0,0.0,0.0,,0,1,2,7.0,0,0.0,0.0,21.0,3.0,1.0,-0.57927895,0,0.33333334,0.055555556,0.08974359,0.14615385,0.0,0.7,1.7,00-0037091,WR,2023_15_TB_GB,19.0,0.0,5.0,24.0,31.14754098360656,0.0,20.0,,,,1.2000000000000002,2,2024,20
00-0037168,A.Rogers,Armani Rogers,TE,TE,"https://static.www.nfl.com/image/private/f_auto,q_auto/league/vrzydboexpodoeazqeal",WAS,2022,1,REG,JAX,0,0,0.0,0,0.0,0.0,0.0,0,0,0.0,0.0,0.0,,0,,,0,0.0,0,0.0,0.0,0.0,,0,1,1,23.0,0,0.0,0.0,-4.0,27.0,1.0,1.337853,0,0.0,0.024390243,-0.013793103,0.026930194,0.0,2.3,3.3,00-0037168,TE,2022_01_JAX_WAS,1.0,0.0,16.0,17.0,1.3888888888888888,0.0,66.66666666666666,00-0037168,TE,3.0,2.8000000000000003,1,2022,5
00-0037175,A.Brown,Anthony Brown,QB,QB,"https://static.www.nfl.com/image/private/f_auto,q_auto/league/wsbie1tqhz6uwtf49tmj",BAL,2022,14,REG,PIT,3,5,16.0,0,0.0,1.0,4.0,0,0,52.0,4.0,1.0,-1.5073696,0,0.30769232,0.00404313,3,-5.0,0,0.0,0.0,0.0,0.0,0,0,0,0.0,0,0.0,0.0,0.0,0.0,0.0,,0,,,,,0.0,0.14,0.14,00-0037175,QB,2022_14_BAL_PIT,20.0,0.0,0.0,20.0,35.08771929824561,0.0,0.0,,,,0.14,1,2022,2
00-0037216,J.Ross,Justyn Ross,WR,WR,"https://static.www.nfl.com/image/private/f_auto,q_auto/league/sdhlpsccscg6u97qy3ef",KC,2023,1,REG,DET,0,0,0.0,0,0.0,0.0,0.0,0,0,0.0,0.0,0.0,,0,,,0,0.0,0,0.0,0.0,0.0,,0,1,1,6.0,0,0.0,0.0,6.0,0.0,0.0,0.19643244,0,1.0,0.027027028,0.017492712,0.052785438,0.0,0.6,1.6,00-0037216,WR,2023_01_DET_KC,6.0,0.0,9.0,15.0,8.695652173913043,0.0,34.61538461538461,00-0037216,WR,3.0,1.1,2,2024,6
00-0037265,S.Conner,Snoop Conner,RB,RB,"https://static.www.nfl.com/image/private/f_auto,q_auto/league/x8j93emkxe44z0kwinjf",JAX,2022,12,REG,BAL,0,0,0.0,0,0.0,0.0,0.0,0,0,0.0,0.0,0.0,,0,,,3,11.0,0,0.0,0.0,0.0,-0.6918824,0,0,0,0.0,0,0.0,0.0,0.0,0.0,0.0,,0,,,,,0.0,1.1,1.1,00-0037265,RB,2022_12_BAL_JAX,10.0,0.0,0.0,10.0,15.151515151515152,0.0,0.0,00-0037265,RB,3.0,1.1,1,2022,9
00-0037273,K.Philips,Kyle Philips,WR,WR,"https://static.www.nfl.com/image/private/f_auto,q_auto/league/ixonb2eub4xe9lzgwte0",TEN,2022,1,REG,NYG,0,0,0.0,0,0.0,0.0,0.0,0,0,0.0,0.0,0.0,,0,,,0,0.0,0,0.0,0.0,0.0,,0,6,9,66.0,0,0.0,0.0,75.0,10.0,3.0,1.0390755,0,0.88,0.29032257,0.25862068,0.6165184,0.0,6.6,12.6,00-0037273,WR,2022_01_NYG_TEN,34.0,0.0,6.0,40.0,53.96825396825397,0.0,22.22222222222222,00-0037273,WR,2.0,9.6,2,2023,16
00-0037286,K.Harris,Kevin Harris,RB,RB,"https://static.www.nfl.com/image/private/f_auto,q_auto/league/jlqnwxuwbkoscvv9kz5h",NE,2022,6,REG,CLE,0,0,0.0,0,0.0,0.0,0.0,0,0,0.0,0.0,0.0,,0,,,3,5.0,0,0.0,0.0,0.0,-1.0236108,0,0,0,0.0,0,0.0,0.0,0.0,0.0,0.0,,0,,,,,0.0,0.5,0.5,00-0037286,RB,2022_06_NE_CLE,10.0,0.0,0.0,10.0,13.6986301369863,0.0,0.0,,,,0.5,2,2023,9
00-0037300,M.Woods,Mike Woods,WR,WR,"https://static.www.nfl.com/image/private/f_auto,q_auto/league/qlps63mn8jfsvqgf7cub",CLE,2022,6,REG,NE,0,0,0.0,0,0.0,0.0,0.0,0,0,0.0,0.0,0.0,,0,,,0,0.0,0,0.0,0.0,0.0,,0,1,2,15.0,0,0.0,0.0,47.0,5.0,1.0,0.4762922,0,0.31914893,0.04761905,0.09108527,0.13518827,0.0,1.5,2.5,00-0037300,WR,2022_06_NE_CLE,10.0,0.0,6.0,16.0,13.88888888888889,0.0,20.689655172413797,00-0037300,WR,3.0,2.0,2,2024,11
00-0037331,Z.Horvath,Zander Horvath,RB,RB,"https://static.www.nfl.com/image/private/f_auto,q_auto/league/e1sx0c4mtcm09gavjs7s",LAC,2022,1,REG,LV,0,0,0.0,0,0.0,0.0,0.0,0,0,0.0,0.0,0.0,,0,,,1,2.0,0,0.0,0.0,1.0,0.508119,0,2,2,6.0,1,0.0,0.0,5.0,1.0,1.0,1.1854473,0,1.2,0.05882353,0.021008404,0.10294118,0.0,6.8,8.8,00-0037331,RB,2022_01_LV_LAC,13.0,0.0,16.0,29.0,19.402985074626866,0.0,66.66666666666666,00-0037331,RB,1.0,7.8,1,2022,8
00-0037348,T.Conner,Tanner Conner,WR,WR,"https://static.www.nfl.com/image/private/f_auto,q_auto/league/ozsvfs1hhqhlxlvg0cbk",MIA,2022,5,REG,NYJ,0,0,0.0,0,0.0,0.0,0.0,0,0,0.0,0.0,0.0,,0,,,0,0.0,0,0.0,0.0,0.0,,0,0,1,0.0,0,0.0,0.0,8.0,0.0,0.0,-1.1281816,0,0.0,0.03125,0.036036037,0.07210022,0.0,0.0,0.0,00-0037348,TE,2022_05_MIA_NYJ,8.0,0.0,14.0,22.0,13.79310344827586,0.0,48.27586206896552,00-0037348,WR,3.0,0.0,2,2024,4
00-0037393,J.Domann,JoJo Domann,OLB,LB,"https://static.www.nfl.com/image/private/f_auto,q_auto/league/nvytxavob9kkxqvfur8b",IND,2022,15,REG,IND,0,0,0.0,0,0.0,0.0,0.0,0,0,0.0,0.0,0.0,,0,,,0,0.0,0,0.0,0.0,0.0,,0,0,0,0.0,0,0.0,0.0,0.0,0.0,0.0,,0,,,,,1.0,6.0,6.0,00-0037393,LB,2022_15_IND_MIN,2.0,0.0,25.0,27.0,2.4390243902439024,0.0,59.523809523809526,00-0037393,OLB,2.0,0.0,1,2022,1
00-0037420,K.Lassiter,Kwamie Lassiter,WR,WR,"https://static.www.nfl.com/image/private/f_auto,q_auto/league/emeqage9tq2mlpnlkzl9",CIN,2023,5,REG,ARI,0,0,0.0,0,0.0,0.0,0.0,0,0,0.0,0.0,0.0,,0,,,0,0.0,0,0.0,0.0,0.0,,0,1,1,2.0,0,0.0,0.0,-1.0,3.0,0.0,0.2223148,0,0.0,0.022727273,-0.0033557047,0.031741917,0.0,0.2,1.2,00-0037420,WR,2023_05_CIN_ARI,5.0,0.0,0.0,5.0,6.097560975609756,0.0,0.0,,,,0.7,1,2023,1
00-0037450,T.McAllister,Tyreik McAllister,RB,RB,"https://static.www.nfl.com/image/upload/f_auto,q_auto/league/tixxelivpmdjeq2wjdo6",LV,2024,4,REG,CLE,0,0,0.0,0,0.0,0.0,0.0,0,0,0.0,0.0,0.0,,0,,,2,11.0,0,0.0,0.0,1.0,-0.01648788,0,0,0,0.0,0,0.0,0.0,0.0,0.0,0.0,,0,,,,,0.0,1.1,1.1,00-0037450,WR,,0.0,0.0,0.0,0.0,0.0,0.0,0.0,00-0037450,RB,3.0,1.1,1,2024,3
00-0037451,R.Williams,Rod Williams,TE,TE,"https://static.www.nfl.com/image/upload/f_auto,q_auto/league/wdqerph3lu151tifksgo",PIT,2023,8,REG,JAX,0,0,0.0,0,0.0,0.0,0.0,0,0,0.0,0.0,0.0,,0,,,0,0.0,0,0.0,0.0,0.0,,0,0,2,0.0,0,0.0,0.0,8.0,0.0,0.0,-0.68105346,0,0.0,0.05,0.022408964,0.09068628,0.0,0.0,0.0,00-0037451,TE,2023_08_JAX_PIT,13.0,0.0,12.0,25.0,19.402985074626866,0.0,48.0,00-0037451,TE,3.0,0.0,1,2023,1
00-0037456,T.Hairston,Troy Hairston,FB,RB,"https://static.www.nfl.com/image/private/f_auto,q_auto/league/sagsvhjpdxay3uue59bx",HOU,2022,1,REG,IND,0,0,0.0,0,0.0,0.0,0.0,0,0,0.0,0.0,0.0,,0,,,0,0.0,0,0.0,0.0,0.0,,0,1,1,5.0,0,0.0,0.0,4.0,1.0,0.0,0.14676635,0,1.25,0.027777778,0.015209125,0.052313056,0.0,0.5,1.5,00-0037456,RB,2022_01_IND_HOU,15.0,0.0,13.0,28.0,15.789473684210526,0.0,41.935483870967744,00-0037456,FB,1.0,1.0,1,2022,7
00-0037487,D.Thompkins,Deven Thompkins,WR,WR,"https://static.www.nfl.com/image/private/f_auto,q_auto/league/gt0yeyl9y8s6onw8wcdr",TB,2022,15,REG,CIN,0,0,0.0,0,0.0,0.0,0.0,0,0,0.0,0.0,0.0,,0,,,1,9.0,0,0.0,0.0,0.0,0.7143359,0,1,1,7.0,0,0.0,0.0,4.0,3.0,0.0,-0.06086378,0,1.75,0.023809524,0.012903226,0.044746544,0.0,1.6,2.6,00-0037487,WR,2022_15_CIN_TB,13.0,0.0,11.0,24.0,17.105263157894736,0.0,45.83333333333333,,,,2.1,3,2024,51
00-0037563,M.Davis,Malik Davis,RB,RB,"https://static.www.nfl.com/image/private/f_auto,q_auto/league/gakyucly45gxmxsmdydq",DAL,2022,8,REG,CHI,0,0,0.0,0,0.0,0.0,0.0,0,0,0.0,0.0,0.0,,0,,,8,23.0,0,0.0,0.0,0.0,-2.1840382,0,2,2,18.0,0,0.0,0.0,1.0,17.0,2.0,3.075699,0,18.0,0.07692308,0.005154639,0.118992865,0.0,4.1,6.1,00-0037563,RB,2022_08_CHI_DAL,18.0,0.0,15.0,33.0,31.57894736842105,0.0,51.72413793103448,,,,5.1000000000000005,1,2022,6
00-0037569,P.Hendershot,Peyton Hendershot,TE,TE,"https://static.www.nfl.com/image/private/f_auto,q_auto/league/la4laebqrgkakbd8nvvu",DAL,2022,3,REG,NYG,0,0,0.0,0,0.0,0.0,0.0,0,0,0.0,0.0,0.0,,0,,,0,0.0,0,0.0,0.0,0.0,,0,3,3,43.0,0,0.0,0.0,17.0,26.0,2.0,1.4248124,0,2.5294118,0.1,0.06692913,0.19685039,0.0,4.3,7.3,00-0037569,TE,2022_03_DAL_NYG,37.0,0.0,17.0,54.0,57.8125,0.0,58.620689655172406,00-0037569,TE,3.0,5.8,3,2024,20
00-0037609,A.Shampklin,Aaron Shampklin,RB,RB,"https://static.www.nfl.com/image/upload/f_auto,q_auto/league/iujjn4h87hwnj9tswfey",PIT,2024,4,REG,IND,0,0,0.0,0,0.0,0.0,0.0,0,0,0.0,0.0,0.0,,0,,,1,5.0,0,0.0,0.0,1.0,-0.037344467,0,0,0,0.0,0,0.0,0.0,0.0,0.0,0.0,,0,,,,,0.0,0.5,0.5,00-0037609,RB,,0.0,0.0,0.0,0.0,0.0,0.0,0.0,,,,0.5,1,2024,3
00-0037745,V.Jones,Velus Jones,WR,WR,"https://static.www.nfl.com/image/private/f_auto,q_auto/league/gb06eaw6prinklkdkv2d",CHI,2022,5,REG,MIN,0,0,0.0,0,0.0,0.0,0.0,0,0,0.0,0.0,0.0,,0,,,0,0.0,0,0.0,0.0,0.0,,0,1,1,9.0,1,0.0,0.0,-5.0,14.0,1.0,1.7159492,0,0.0,0.04761905,-0.028901733,0.051197357,0.0,6.9,7.9,00-0037745,RB,2022_05_CHI_MIN,3.0,0.0,6.0,9.0,5.769230769230769,0.0,26.08695652173913,00-0037745,WR,2.0,7.4,3,2024,61
00-0037809,C.Okonkwo,Chigoziem Okonkwo,TE,TE,"https://static.www.nfl.com/image/private/f_auto,q_auto/league/hkqd6pubp52djhxhtyqi",TEN,2022,1,REG,NYG,0,0,0.0,0,0.0,0.0,0.0,0,0,0.0,0.0,0.0,,0,,,1,-4.0,0,0.0,0.0,0.0,-2.427287,0,1,1,11.0,0,0.0,0.0,11.0,0.0,1.0,1.3324602,0,1.0,0.032258064,0.037931036,0.07493882,0.0,0.7,1.7,00-0037809,TE,2022_01_NYG_TEN,9.0,0.0,8.0,17.0,13.432835820895525,0.0,29.629629629629623,00-0037809,TE,2.0,1.2000000000000002,3,2024,48
00-0037827,T.Davis-Price,Tyrion Davis-Price,RB,RB,"https://static.www.nfl.com/image/private/f_auto,q_auto/league/oor9ikpohxt5hjy3g0op",SF,2022,2,REG,SEA,0,0,0.0,0,0.0,0.0,0.0,0,0,0.0,0.0,0.0,,0,,,14,33.0,0,0.0,0.0,2.0,-6.2457767,0,0,0,0.0,0,0.0,0.0,0.0,0.0,0.0,,0,,,,,0.0,3.3,3.3,00-0037827,RB,2022_02_SEA_SF,30.0,0.0,0.0,30.0,39.47368421052632,0.0,0.0,00-0037827,RB,3.0,3.3000000000000003,3,2024,7
00-0037828,D.Gray,Danny Gray,WR,WR,"https://static.www.nfl.com/image/private/f_auto,q_auto/league/faphntikmfz5ha6oagcv",SF,2022,2,REG,SEA,0,0,0.0,0,0.0,0.0,0.0,0,0,0.0,0.0,0.0,,0,,,0,0.0,0,0.0,0.0,0.0,,0,0,2,0.0,0,0.0,0.0,51.0,0.0,0.0,-3.0587656,0,0.0,0.083333336,0.28333333,0.32333332,0.0,0.0,0.0,00-0037828,WR,2022_02_SEA_SF,7.0,0.0,0.0,7.0,9.210526315789473,0.0,0.0,00-0037828,WR,3.0,0.0,1,2022,10
00-0038045,I.Spiller,Isaiah Spiller,RB,RB,"https://static.www.nfl.com/image/private/f_auto,q_auto/league/mmgppj4johvoldlpuns3",LAC,2022,7,REG,SEA,0,0,0.0,0,0.0,0.0,0.0,0,0,0.0,0.0,0.0,,0,,,1,-5.0,0,0.0,0.0,0.0,-1.7990991,0,0,0,0.0,0,0.0,0.0,0.0,0.0,0.0,,0,,,,,0.0,-0.5,-0.5,00-0038045,RB,2022_07_SEA_LAC,4.0,0.0,0.0,4.0,5.555555555555555,0.0,0.0,,,,-0.5,2,2023,14
00-0038134,K.Walker,Kenneth Walker,RB,RB,"https://static.www.nfl.com/image/private/f_auto,q_auto/league/rwdj1bljth8fyojof5dp",SEA,2022,2,REG,SF,0,0,0.0,0,0.0,0.0,0.0,0,0,0.0,0.0,0.0,,0,,,4,10.0,0,0.0,0.0,1.0,-0.51391506,0,2,3,5.0,0,0.0,0.0,2.0,8.0,0.0,-1.7832438,0,2.5,0.1,0.011764706,0.1582353,0.0,1.5,3.5,00-0038134,RB,2022_02_SEA_SF,12.0,0.0,0.0,12.0,24.0,0.0,0.0,00-0038134,RB,2.0,2.5,3,2024,60
00-0038147,D.Baldwin,Daylen Baldwin,WR,WR,"https://static.www.nfl.com/image/private/f_auto,q_auto/league/azk4fbf1r56sykzhjcku",CLE,2022,15,REG,BAL,0,0,0.0,0,0.0,0.0,0.0,0,0,0.0,0.0,0.0,,0,,,0,0.0,0,0.0,0.0,0.0,,0,2,2,25.0,0,0.0,0.0,25.0,0.0,2.0,1.7913617,0,1.0,0.07692308,0.22321428,0.2716346,0.0,2.5,4.5,00-0038147,WR,2022_15_BAL_CLE,9.0,0.0,2.0,11.0,14.285714285714285,0.0,11.11111111111111,,,,3.5,1,2022,1
00-0038149,J.Ali,Josh Ali,WR,WR,"https://static.www.nfl.com/image/private/f_auto,q_auto/league/xsken6qj4usecotulka3",ATL,2022,18,REG,TB,0,0,0.0,0,0.0,0.0,0.0,0,0,0.0,0.0,0.0,,0,,,0,0.0,0,0.0,0.0,0.0,,0,0,1,0.0,0,0.0,0.0,45.0,0.0,0.0,-0.5190199,0,0.0,0.035714287,0.13473053,0.1478828,0.0,0.0,0.0,00-0038149,WR,2022_18_TB_ATL,7.0,0.0,0.0,7.0,10.294117647058822,0.0,0.0,,,,0.0,1,2022,1
00-0038490,T.Zentner,Ty Zentner,P,SPEC,"https://static.www.nfl.com/image/upload/f_auto,q_auto/league/rmprz572lgnxuojnxh5p",TEN,2023,18,REG,JAX,0,0,0.0,0,0.0,0.0,0.0,0,0,0.0,0.0,0.0,,0,,,1,0.0,0,1.0,0.0,0.0,-2.2570949,0,0,0,0.0,0,0.0,0.0,0.0,0.0,0.0,,0,,,,,0.0,0.0,0.0,00-0038490,P,,0.0,0.0,0.0,0.0,0.0,0.0,0.0,,,,-2.0,1,2023,1
00-0038507,G.DuBose,Grant DuBose,WR,WR,"https://static.www.nfl.com/image/upload/f_auto,q_auto/league/ytrkyhuvudbeuc90zuok",MIA,2024,2,REG,BUF,0,0,0.0,0,0.0,0.0,0.0,0,0,0.0,0.0,0.0,,0,,,0,0.0,0,0.0,0.0,0.0,,0,1,3,13.0,0,0.0,0.0,52.0,0.0,1.0,-3.0683272,0,0.25,0.08108108,0.17218544,0.24215142,0.0,1.3,2.3,00-0038507,WR,,0.0,0.0,0.0,0.0,0.0,0.0,0.0,00-0038507,WR,3.0,1.8,1,2024,2
00-0038598,J.Hall,Jaren Hall,QB,QB,"https://static.www.nfl.com/image/upload/f_auto,q_auto/league/ki7jq97gzu1dv16hi4jq",MIN,2023,8,REG,GB,3,4,23.0,0,0.0,1.0,-0.0,1,1,14.0,12.0,1.0,-2.580855,0,1.6428572,,2,-1.0,0,0.0,0.0,0.0,0.0,0,0,0,0.0,0,0.0,0.0,0.0,0.0,0.0,,0,,,,,0.0,-1.18,-1.18,00-0038598,QB,2023_08_MIN_GB,9.0,0.0,0.0,9.0,12.676056338028168,0.0,0.0,00-0038598,QB,2.0,-1.18,1,2023,3
00-0038614,S.Matlock,Scott Matlock,FB,RB,"https://static.www.nfl.com/image/upload/f_auto,q_auto/league/qin48hcmcufdvuvyefxz",LAC,2024,1,REG,LV,0,0,0.0,0,0.0,0.0,0.0,0,0,0.0,0.0,0.0,,0,,,0,0.0,0,0.0,0.0,0.0,,0,0,1,0.0,0,0.0,0.0,2.0,0.0,0.0,-0.59834373,0,0.0,0.04,0.012987013,0.06909091,0.0,0.0,0.0,00-0038614,DT,,0.0,0.0,0.0,0.0,0.0,0.0,0.0,00-0038614,FB,2.0,0.0,1,2024,9
00-0038627,A.Green,Antoine Green,WR,WR,"https://static.www.nfl.com/image/upload/f_auto,q_auto/league/x5jwwdjpwiwe5sdtjzsd",DET,2023,2,REG,SEA,0,0,0.0,0,0.0,0.0,0.0,0,0,0.0,0.0,0.0,,0,,,0,0.0,0,0.0,0.0,0.0,,0,1,1,2.0,0,0.0,0.0,1.0,1.0,0.0,-0.6347235,0,2.0,0.029411765,0.0035460992,0.046599917,0.0,0.2,1.2,00-0038627,WR,2023_02_SEA_DET,7.0,0.0,8.0,15.0,10.606060606060606,0.0,28.57142857142857,00-0038627,WR,2.0,0.7,1,2023,2
00-0038632,C.Dowell,Colton Dowell,WR,WR,"https://static.www.nfl.com/image/upload/f_auto,q_auto/league/asnykoet55r5qhhewijc",TEN,2023,4,REG,CIN,0,0,0.0,0,0.0,0.0,0.0,0,0,0.0,0.0,0.0,,0,,,0,0.0,0,0.0,0.0,0.0,,0,0,1,0.0,0,0.0,0.0,37.0,0.0,0.0,-2.4192638,0,0.0,0.03846154,0.1197411,0.14151108,0.0,0.0,0.0,00-0038632,WR,2023_04_CIN_TEN,16.0,0.0,9.0,25.0,30.76923076923077,0.0,42.85714285714285,00-0038632,WR,3.0,0.0,1,2023,2
00-0038728,J.Wayne,Jared Wayne,WR,WR,"https://static.www.nfl.com/image/private/f_auto,q_auto/league/udca0jyyym0k7vh2f5yr",HOU,2024,20,POST,KC,0,0,0.0,0,0.0,0.0,0.0,0,0,0.0,0.0,0.0,,0,,,0,0.0,0,0.0,0.0,0.0,,0,0,2,0.0,0,0.0,0.0,40.0,0.0,0.0,-1.4937773,0,0.0,0.071428575,0.14814815,0.21084656,0.0,0.0,0.0,00-0038728,WR,,0.0,0.0,0.0,0.0,0.0,0.0,0.0,,,,0.0,1,2024,1
00-0038920,J.Shenker,John Samuel Shenker,TE,TE,"https://static.www.nfl.com/image/private/f_auto,q_auto/league/gx0qdhwr7pdetd83ifcw",LV,2024,8,REG,KC,0,0,0.0,0,0.0,0.0,0.0,0,0,0.0,0.0,0.0,,0,,,0,0.0,0,0.0,0.0,0.0,,0,1,1,7.0,0,0.0,0.0,4.0,3.0,0.0,0.37410232,0,1.75,0.037037037,0.02919708,0.07599351,0.0,0.7,1.7,00-0038920,TE,,0.0,0.0,0.0,0.0,0.0,0.0,0.0,00-0038920,TE,2.0,1.2000000000000002,1,2024,1
00-0039136,Z.Evans,Zach Evans,RB,RB,"https://static.www.nfl.com/image/upload/f_auto,q_auto/league/i2hxbdi464do6jaxgpua",LA,2023,6,REG,ARI,0,0,0.0,0,0.0,0.0,0.0,0,0,0.0,0.0,0.0,,0,,,4,10.0,0,0.0,0.0,0.0,-2.1069884,0,0,0,0.0,0,0.0,0.0,0.0,0.0,0.0,,0,,,,,0.0,1.0,1.0,00-0039136,RB,2023_06_ARI_LA,6.0,0.0,8.0,14.0,7.792207792207792,0.0,29.629629629629623,00-0039136,RB,3.0,1.0,1,2023,4
00-0039393,J.McClellan,Jase McClellan,RB,RB,"https://static.www.nfl.com/image/upload/f_auto,q_auto/league/qargp7q40zcnh0tjfc1o",ATL,2024,7,REG,SEA,0,0,0.0,0,0.0,0.0,0.0,0,0,0.0,0.0,0.0,,0,,,5,17.0,0,0.0,0.0,1.0,-2.0277226,0,0,0,0.0,0,0.0,0.0,0.0,0.0,0.0,,0,,,,,0.0,1.7,1.7,00-0039393,RB,,0.0,0.0,0.0,0.0,0.0,0.0,0.0,00-0039393,RB,3.0,1.7000000000000002,1,2024,2
00-0039398,J.Milton,Joe Milton,QB,QB,"https://static.www.nfl.com/image/upload/f_auto,q_auto/league/x1c3tu0bkgqokripa885",NE,2024,18,REG,BUF,22,29,241.0,1,0.0,0.0,-0.0,0,0,280.0,72.0,14.0,11.790716,0,0.86071426,0.23612563,10,16.0,1,1.0,1.0,4.0,-3.9628062,0,0,0,0.0,0,0.0,0.0,0.0,0.0,0.0,,0,,,,,0.0,19.24,19.24,00-0039398,QB,,0.0,0.0,0.0,0.0,0.0,0.0,0.0,00-0039398,QB,3.0,19.24,1,2024,1
00-0039543,R.Keyton,Ramel Keyton,WR,WR,"https://static.www.nfl.com/image/upload/f_auto,q_auto/league/cqzhnef7pkr3bkmuwo5q",LV,2024,9,REG,CIN,0,0,0.0,0,0.0,0.0,0.0,0,0,0.0,0.0,0.0,,0,,,0,0.0,0,0.0,0.0,0.0,,0,1,2,7.0,0,0.0,0.0,20.0,0.0,1.0,0.50750965,0,0.35,0.0625,0.07575758,0.1467803,0.0,0.7,1.7,00-0039543,WR,,0.0,0.0,0.0,0.0,0.0,0.0,0.0,,,,1.2000000000000002,1,2024,2
00-0039611,M.Hayball,Matthew Hayball,P,SPEC,"https://static.www.nfl.com/image/upload/f_auto,q_auto/league/tentgyr8ofqc8cr4ejjz",NO,2024,9,REG,CAR,0,0,0.0,0,0.0,0.0,0.0,0,0,0.0,0.0,0.0,,0,,,1,11.0,0,0.0,0.0,1.0,2.8743553,0,0,0,0.0,0,0.0,0.0,0.0,0.0,0.0,,0,,,,,0.0,1.1,1.1,00-0039611,P,,0.0,0.0,0.0,0.0,0.0,0.0,0.0,00-0039611,P,1.0,1.1,1,2024,2
00-0039613,D.Holker,Dallin Holker,TE,TE,"https://static.www.nfl.com/image/upload/f_auto,q_auto/league/sps8av7spro1015lpwn1",NO,2024,14,REG,NYG,0,0,0.0,0,0.0,0.0,0.0,0,0,0.0,0.0,0.0,,0,,,0,0.0,0,0.0,0.0,0.0,,0,1,1,10.0,0,0.0,0.0,-1.0,11.0,1.0,0.6718133,0,0.0,0.032258064,-0.0030674846,0.046239857,0.0,1.0,2.0,00-0039613,TE,,0.0,0.0,0.0,0.0,0.0,0.0,0.0,00-0039613,TE,2.0,1.5,1,2024,3
00-0039614,J.Jackson,Jermaine Jackson,WR,WR,"https://static.www.nfl.com/image/upload/f_auto,q_auto/league/kmter0gxx2gk9d5b8wgu",NO,2024,9,REG,CAR,0,0,0.0,0,0.0,0.0,0.0,0,0,0.0,0.0,0.0,,0,,,1,-1.0,0,0.0,0.0,0.0,-0.8796552,0,0,0,0.0,0,0.0,0.0,0.0,0.0,0.0,,0,,,,,0.0,-0.1,-0.1,00-0039614,WR,,0.0,0.0,0.0,0.0,0.0,0.0,0.0,,,,-0.1,1,2024,1
00-0039617,J.Kibodi,Jacob Kibodi,RB,RB,"https://static.www.nfl.com/image/upload/f_auto,q_auto/league/no7mr4wgu7o2exnmjre8",CLE,2024,18,REG,BAL,0,0,0.0,0,0.0,0.0,0.0,0,0,0.0,0.0,0.0,,0,,,5,24.0,0,0.0,0.0,1.0,-0.73708135,0,1,3,15.0,0,0.0,0.0,9.0,11.0,1.0,-4.4474773,0,1.6666666,0.09090909,0.035714287,0.16136363,0.0,3.9,4.9,00-0039617,RB,,0.0,0.0,0.0,0.0,0.0,0.0,0.0,,,,4.4,1,2024,1
