player_id,player_name,player_display_name,position_x,position_group,headshot_url,recent_team,season,week,season_type,opponent_team,completions,attempts,passing_yards,passing_tds,interceptions,sacks,sack_yards,sack_fumbles,sack_fumbles_lost,passing_air_yards,passing_yards_after_catch,passing_first_downs,passing_epa,passing_2pt_conversions,pacr,dakota,carries,rushing_yards,rushing_tds,rushing_fumbles,rushing_fumbles_lost,rushing_first_downs,rushing_epa,rushing_2pt_conversions,receptions,targets,receiving_yards,receiving_tds,receiving_fumbles,receiving_fumbles_lost,receiving_air_yards,receiving_yards_after_catch,receiving_first_downs,receiving_epa,receiving_2pt_conversions,racr,target_share,air_yards_share,wopr,special_teams_tds,fantasy_points,fantasy_points_ppr,gsis_id,position_y,game_id,pfr_game_id,game_type,pfr_player_id,position,team,opponent,offensive_snaps,offensive_snap_pct,defensive_snaps,defensive_snap_pct,special_teams_snaps,special_teams_snap_pct,total_snaps,gsis_id_depth_chart,position_depth_chart,depth_team,fanduel_fantasy_points,avg_fppg,seasons_played,last_season,total_games
00-0019596,T.Brady,Tom Brady,QB,QB,"https://static.www.nfl.com/image/private/f_auto,q_auto/league/q7dpdlxyu5rs05rgh1le",NE,2018,1,REG,HOU,26.0,39.0,277.0,3.0,1.0,2.0,10.0,0.0,0.0,320.0,93.0,16.0,8.182893753051758,0.0,0.8656250238418579,0.1503197997808456,1.0,2.0,0.0,0.0,0.0,1.0,1.8376272916793823,0.0,0.0,0.0,0.0,0.0,0.0,0.0,0.0,0.0,0.0,,0.0,,,,,0.0,21.280000686645508,21.280000686645508,00-0019596,QB,2018_01_HOU_NE,201809090nwe,REG,BradTo00,QB,NE,HOU,75.0,100.0,0.0,0.0,0.0,0.0,75.0,00-0019596,QB,1.0,22.28,0.0,5,2022,102
00-0020531,D.Brees,Drew Brees,QB,QB,"https://static.www.nfl.com/image/private/f_auto,q_auto/league/i20xlpzdmn7xubotijjd",NO,2018,1,REG,TB,37.0,45.0,439.0,3.0,0.0,1.0,7.0,0.0,0.0,348.0,167.0,19.0,22.273555755615234,1.0,1.261494278907776,0.285484105348587,0.0,0.0,0.0,0.0,0.0,0.0,,0.0,0.0,0.0,0.0,0.0,0.0,0.0,0.0,0.0,0.0,,0.0,,,,,0.0,31.559999465942383,31.559999465942383,00-0020531,QB,2018_01_TB_NO,201809090nor,REG,BreeDr00,QB,NO,TB,64.0,100.0,0.0,0.0,0.0,0.0,64.0,00-0020531,QB,1.0,32.56,0.0,3,2020,48
00-0021206,J.McCown,Josh McCown,QB,QB,"https://static.www.nfl.com/image/private/f_auto,q_auto/league/qcauc37wqjdaxdbq1evu",NYJ,2018,10,REG,BUF,17.0,34.0,135.0,0.0,2.0,3.0,19.0,0.0,0.0,185.0,106.0,7.0,-21.17873954772949,0.0,0.7297297120094299,-0.0705225616693496,1.0,4.0,0.0,0.0,0.0,0.0,-0.1425987333059311,0.0,0.0,0.0,0.0,0.0,0.0,0.0,0.0,0.0,0.0,,0.0,,,,,0.0,1.7999999523162842,1.7999999523162842,00-0021206,QB,2018_10_BUF_NYJ,201811110nyj,REG,McCoJo01,QB,NYJ,BUF,56.0,100.0,0.0,0.0,0.0,0.0,56.0,00-0021206,QB,2.0,3.8,0.0,2,2019,10
00-0021547,A.Gates,Antonio Gates,TE,TE,"https://static.www.nfl.com/image/private/f_auto,q_auto/league/kndulvysinvn4tpvt0bc",LAC,2018,1,REG,KC,0.0,0.0,0.0,0.0,0.0,0.0,0.0,0.0,0.0,0.0,0.0,0.0,,0.0,,,0.0,0.0,0.0,0.0,0.0,0.0,,0.0,2.0,3.0,16.0,0.0,0.0,0.0,27.0,5.0,1.0,0.905386447906494,1.0,0.5925925970077515,0.0599999986588954,0.0559006221592426,0.1291304379701614,0.0,3.5999999046325684,5.599999904632568,00-0021547,TE,2018_01_KC_LAC,201809090sdg,REG,GateAn00,TE,LAC,KC,33.0,40.0,0.0,0.0,0.0,0.0,33.0,00-0021547,TE,2.0,2.6,0.0,1,2018,19
00-0022127,J.Witten,Jason Witten,TE,TE,"https://static.www.nfl.com/image/private/f_auto,q_auto/league/r7uafhtwuexuaty0nhsc",DAL,2019,1,REG,NYG,0.0,0.0,0.0,0.0,0.0,0.0,0.0,0.0,0.0,0.0,0.0,0.0,,0.0,,,0.0,0.0,0.0,0.0,0.0,0.0,,0.0,3.0,4.0,15.0,1.0,0.0,0.0,3.0,16.0,1.0,0.0604653917253017,0.0,5.0,0.125,0.0099667776376008,0.1944767385721206,0.0,7.5,10.5,00-0022127,TE,2019_01_NYG_DAL,201909080dal,REG,WittJa00,TE,DAL,NYG,45.0,66.0,0.0,0.0,6.0,0.23,51.0,00-0022127,TE,1.0,9.0,0.0,2,2020,28
00-0022787,M.Schaub,Matt Schaub,QB,QB,"https://static.www.nfl.com/image/private/f_auto,q_auto/league/mj2kh2nddxnw04ludcx0",ATL,2018,2,REG,CAR,0.0,0.0,0.0,0.0,0.0,0.0,0.0,0.0,0.0,0.0,0.0,0.0,,0.0,,,1.0,0.0,0.0,1.0,0.0,0.0,-1.4048573970794678,0.0,0.0,0.0,0.0,0.0,0.0,0.0,0.0,0.0,0.0,,0.0,,,,,0.0,0.0,0.0,00-0022787,QB,2018_02_CAR_ATL,201809160atl,REG,SchaMa00,QB,ATL,CAR,1.0,2.0,0.0,0.0,0.0,0.0,1.0,00-0022787,QB,2.0,-2.0,0.0,3,2020,12
00-0022803,E.Manning,Eli Manning,QB,QB,"https://static.www.nfl.com/image/private/f_auto,q_auto/league/w51tf8uedjftbr4qpaex",NYG,2018,1,REG,JAX,23.0,37.0,224.0,0.0,1.0,2.0,14.0,0.0,0.0,249.0,86.0,8.0,-11.798195838928224,0.0,0.8995984196662903,-0.0006408732151612,1.0,2.0,0.0,0.0,0.0,0.0,-0.4081663787364959,0.0,0.0,0.0,0.0,0.0,0.0,0.0,0.0,0.0,0.0,,0.0,,,,,0.0,7.159999847412109,7.159999847412109,00-0022803,QB,2018_01_JAX_NYG,201809090nyg,REG,MannEl00,QB,NYG,JAX,71.0,100.0,0.0,0.0,0.0,0.0,71.0,00-0022803,QB,1.0,8.16,0.0,2,2019,22
00-0022824,A.Lee,Andy Lee,P,SPEC,"https://static.www.nfl.com/image/private/f_auto,q_auto/league/bfozbs2h9jueavslvw3z",ARI,2019,10,REG,TB,1.0,1.0,26.0,0.0,0.0,0.0,-0.0,0.0,0.0,26.0,0.0,1.0,4.240687370300293,0.0,1.0,,0.0,0.0,0.0,0.0,0.0,0.0,,0.0,0.0,0.0,0.0,0.0,0.0,0.0,0.0,0.0,0.0,,0.0,,,,,0.0,1.0399999618530271,1.0399999618530271,00-0022824,P,2019_10_ARI_TB,201911100tam,REG,LeexAn20,P,ARI,TB,0.0,0.0,0.0,0.0,9.0,0.28,9.0,00-0022824,P,1.0,1.04,0.0,4,2022,12
00-0022921,L.Fitzgerald,Larry Fitzgerald,WR,WR,"https://static.www.nfl.com/image/private/f_auto,q_auto/league/ycgjjaad5un42gy4pnga",ARI,2018,1,REG,WAS,0.0,0.0,0.0,0.0,0.0,0.0,0.0,0.0,0.0,0.0,0.0,0.0,,0.0,,,0.0,0.0,0.0,0.0,0.0,0.0,,0.0,7.0,10.0,76.0,0.0,0.0,0.0,90.0,21.0,3.0,2.1039133071899414,0.0,0.8444444537162781,0.294117659330368,0.4326923191547394,0.7440611124038696,0.0,7.599999904632568,14.600000381469728,00-0022921,WR,2018_01_WAS_ARI,201809090crd,REG,FitzLa00,WR,ARI,WAS,52.0,98.0,0.0,0.0,0.0,0.0,52.0,00-0022921,WR,1.0,11.1,0.0,3,2020,48
00-0022924,B.Roethlisberger,Ben Roethlisberger,QB,QB,"https://static.www.nfl.com/image/private/f_auto,q_auto/league/vziogpnyp9d0xtpiuqhr",PIT,2018,1,REG,CLE,23.0,41.0,335.0,1.0,3.0,4.0,22.0,2.0,2.0,382.0,213.0,17.0,-6.687471389770508,0.0,0.8769633769989014,-0.0215970277786254,3.0,16.0,0.0,0.0,0.0,2.0,3.017744541168213,0.0,0.0,0.0,0.0,0.0,0.0,0.0,0.0,0.0,0.0,,0.0,,,,,0.0,9.0,9.0,00-0022924,QB,2018_01_PIT_CLE,201809090cle,REG,RoetBe00,QB,PIT,CLE,84.0,100.0,0.0,0.0,0.0,0.0,84.0,00-0022924,QB,1.0,15.0,0.0,4,2021,57
00-0022942,P.Rivers,Philip Rivers,QB,QB,"https://static.www.nfl.com/image/private/f_auto,q_auto/league/voakyrtj34sghkwxaxxf",LAC,2018,1,REG,KC,34.0,51.0,424.0,3.0,1.0,1.0,6.0,0.0,0.0,483.0,249.0,23.0,16.0119571685791,1.0,0.8778467774391174,0.1746938377618789,0.0,0.0,0.0,0.0,0.0,0.0,,0.0,0.0,0.0,0.0,0.0,0.0,0.0,0.0,0.0,0.0,,0.0,,,,,0.0,28.959999084472656,28.959999084472656,00-0022942,QB,2018_01_KC_LAC,201809090sdg,REG,RivePh00,QB,LAC,KC,82.0,100.0,0.0,0.0,0.0,0.0,82.0,00-0022942,QB,1.0,30.96,0.0,3,2020,56
00-0022943,B.Watson,Benjamin Watson,TE,TE,"https://static.www.nfl.com/image/private/f_auto,q_auto/league/dorymozpdnrllkqlfzpu",NO,2018,1,REG,TB,0.0,0.0,0.0,0.0,0.0,0.0,0.0,0.0,0.0,0.0,0.0,0.0,,0.0,,,0.0,0.0,0.0,0.0,0.0,0.0,,0.0,4.0,4.0,44.0,0.0,0.0,0.0,41.0,3.0,4.0,5.1205010414123535,0.0,1.073170781135559,0.0909090936183929,0.1202346011996269,0.2205278575420379,0.0,4.400000095367432,8.399999618530273,00-0022943,TE,,,,,,,,0.0,0.0,0.0,0.0,0.0,0.0,0.0,00-0022943,TE,1.0,6.4,0.0,2,2019,27
00-0023436,A.Smith,Alex Smith,QB,QB,"https://static.www.nfl.com/image/private/f_auto,q_auto/league/dpa5d1a8jj6jdymocjkx",WAS,2018,1,REG,ARI,21.0,30.0,255.0,2.0,0.0,3.0,8.0,1.0,0.0,101.0,180.0,13.0,13.331767082214355,0.0,2.524752378463745,0.1821727007627487,8.0,14.0,0.0,1.0,0.0,2.0,-0.5660300254821777,0.0,0.0,0.0,0.0,0.0,0.0,0.0,0.0,0.0,0.0,,0.0,,,,,0.0,19.600000381469727,19.600000381469727,00-0023436,QB,2018_01_WAS_ARI,201809090crd,REG,SmitAl03,QB,WAS,ARI,79.0,100.0,0.0,0.0,0.0,0.0,79.0,00-0023436,QB,1.0,15.6,0.0,2,2020,20
00-0023534,D.Colquitt,Dustin Colquitt,P,SPEC,"https://static.www.nfl.com/image/private/f_auto,q_auto/league/v1aymd6o0vpg73ytxzhu",KC,2019,10,REG,TEN,0.0,1.0,0.0,0.0,0.0,0.0,-0.0,0.0,0.0,4.0,0.0,0.0,-2.305291175842285,0.0,0.0,,0.0,0.0,0.0,0.0,0.0,0.0,,0.0,0.0,0.0,0.0,0.0,0.0,0.0,0.0,0.0,0.0,,0.0,,,,,0.0,0.0,0.0,00-0023534,P,2019_10_KC_TEN,201911100oti,REG,ColqDu20,P,KC,TEN,0.0,0.0,0.0,0.0,10.0,0.31,10.0,00-0023534,P,1.0,0.0,0.0,1,2019,4
00-0023564,D.Sproles,Darren Sproles,RB,RB,"https://static.www.nfl.com/image/private/f_auto,q_auto/league/gvj5ng27blmwuz170aeo",PHI,2018,1,REG,ATL,0.0,0.0,0.0,0.0,0.0,0.0,0.0,0.0,0.0,0.0,0.0,0.0,,0.0,,,5.0,10.0,0.0,0.0,0.0,1.0,-0.4127008318901062,0.0,4.0,7.0,22.0,0.0,0.0,0.0,-3.0,22.0,1.0,-0.5681926012039185,0.0,-7.333333492279053,0.2000000029802322,-0.0105263162404298,0.2926315665245056,0.0,3.200000047683716,7.199999809265137,00-0023564,RB,2018_01_ATL_PHI,201809060phi,REG,SproDa00,RB,PHI,ATL,29.0,40.0,0.0,0.0,6.0,0.22,35.0,00-0023564,RB,1.0,5.2,0.0,2,2019,32
00-0023645,D.Anderson,Derek Anderson,QB,QB,"https://static.www.nfl.com/image/private/f_auto,q_auto/league/w191gsxivnqgdwgydka6",BUF,2018,7,REG,IND,20.0,31.0,175.0,0.0,3.0,2.0,7.0,1.0,1.0,208.0,51.0,9.0,-22.78009796142578,0.0,0.8413461446762085,0.008217048831284,0.0,0.0,0.0,0.0,0.0,0.0,,0.0,0.0,0.0,0.0,0.0,0.0,0.0,0.0,0.0,0.0,,0.0,,,,,0.0,-1.0,-1.0,00-0023645,QB,2018_07_BUF_IND,201810210clt,REG,AndeDe00,QB,BUF,IND,56.0,100.0,0.0,0.0,0.0,0.0,56.0,00-0023645,QB,3.0,2.0,0.0,1,2018,3
00-0023662,M.Cassel,Matt Cassel,QB,QB,"https://static.www.nfl.com/image/private/f_auto,q_auto/league/n1ucqggyu5hlsqzuv5gj",DET,2018,1,REG,NYJ,2.0,6.0,14.0,0.0,1.0,0.0,-0.0,0.0,0.0,49.0,4.0,0.0,-8.034380912780762,0.0,0.2857142984867096,-0.1443892866373062,1.0,-1.0,0.0,0.0,0.0,0.0,0.0,0.0,0.0,0.0,0.0,0.0,0.0,0.0,0.0,0.0,0.0,,0.0,,,,,0.0,-1.5399999618530271,-1.5399999618530271,00-0023662,QB,2018_01_NYJ_DET,201809100det,REG,CassMa00,QB,DET,NYJ,8.0,11.0,0.0,0.0,0.0,0.0,8.0,00-0023662,QB,2.0,-0.5399999999999999,0.0,1,2018,3
00-0023682,R.Fitzpatrick,Ryan Fitzpatrick,QB,QB,"https://static.www.nfl.com/image/private/f_auto,q_auto/league/pkhhxwplsawnhln9rsun",TB,2018,1,REG,NO,21.0,28.0,417.0,4.0,0.0,0.0,-0.0,0.0,0.0,341.0,130.0,17.0,29.17043685913086,0.0,1.2228739261627195,0.3846884369850158,12.0,36.0,1.0,0.0,0.0,3.0,1.326302409172058,0.0,0.0,0.0,0.0,0.0,0.0,0.0,0.0,0.0,0.0,,0.0,,,,,0.0,42.27999877929688,42.27999877929688,00-0023682,QB,2018_01_TB_NO,201809090nor,REG,FitzRy00,QB,TB,NO,66.0,100.0,0.0,0.0,0.0,0.0,66.0,00-0023682,QB,2.0,45.28,0.0,4,2021,37
00-0023853,M.Prater,Matt Prater,K,SPEC,"https://static.www.nfl.com/image/private/f_auto,q_auto/league/fqsjhn7vjb6lzhzctyiq",DET,2018,17,REG,GB,1.0,1.0,8.0,1.0,0.0,0.0,-0.0,0.0,0.0,8.0,0.0,1.0,4.070927619934082,0.0,1.0,,0.0,0.0,0.0,0.0,0.0,0.0,,0.0,0.0,0.0,0.0,0.0,0.0,0.0,0.0,0.0,0.0,,0.0,,,,,0.0,4.320000171661377,4.320000171661377,00-0023853,K,2018_17_DET_GB,201812300gnb,REG,PratMa20,K,DET,GB,0.0,0.0,0.0,0.0,6.0,0.25,6.0,00-0023853,K,1.0,4.32,0.0,1,2018,3
00-0024221,V.Davis,Vernon Davis,TE,TE,"https://static.www.nfl.com/image/private/f_auto,q_auto/league/so5ywayfeeu4zeijln5m",WAS,2018,1,REG,ARI,0.0,0.0,0.0,0.0,0.0,0.0,0.0,0.0,0.0,0.0,0.0,0.0,,0.0,,,0.0,0.0,0.0,0.0,0.0,0.0,,0.0,1.0,1.0,9.0,0.0,0.0,0.0,6.0,3.0,1.0,1.2715471982955933,0.0,1.5,0.0344827584922313,0.0588235296308994,0.0929006114602088,0.0,0.8999999761581421,1.899999976158142,00-0024221,TE,2018_01_WAS_ARI,201809090crd,REG,DaviVe00,TE,WAS,ARI,47.0,59.0,0.0,0.0,0.0,0.0,47.0,00-0024221,TE,2.0,1.4,0.0,2,2019,19
00-0024243,M.Lewis,Marcedes Lewis,TE,TE,"https://static.www.nfl.com/image/private/f_auto,q_auto/league/ppq07tipygpftz5csipx",GB,2018,2,REG,MIN,0.0,0.0,0.0,0.0,0.0,0.0,0.0,0.0,0.0,0.0,0.0,0.0,,0.0,,,0.0,0.0,0.0,0.0,0.0,0.0,,0.0,0.0,1.0,0.0,0.0,0.0,0.0,-3.0,0.0,0.0,-0.737034797668457,0.0,0.0,0.0243902429938316,-0.0099999997764825,0.0295853652060031,0.0,0.0,0.0,00-0024243,TE,2018_02_MIN_GB,201809160gnb,REG,LewiMa00,TE,GB,MIN,14.0,18.0,0.0,0.0,8.0,0.22,22.0,00-0024243,TE,2.0,0.0,0.0,7,2024,61
00-0024334,B.Marshall,Brandon Marshall,WR,WR,"https://static.www.nfl.com/image/private/f_auto,q_auto/league/jhziqh0scfksvxen6f3s",SEA,2018,1,REG,DEN,0.0,0.0,0.0,0.0,0.0,0.0,0.0,0.0,0.0,0.0,0.0,0.0,,0.0,,,0.0,0.0,0.0,0.0,0.0,0.0,,0.0,3.0,6.0,46.0,1.0,0.0,0.0,83.0,1.0,3.0,2.754786968231201,0.0,0.5542168617248535,0.1818181872367859,0.2462908029556274,0.4451308250427246,0.0,10.600000381469728,13.600000381469728,00-0024334,WR,2018_01_SEA_DEN,201809090den,REG,MarsBr01,LB,DEN,SEA,0.0,0.0,50.0,88.0,0.0,0.0,50.0,00-0024334,WR,2.0,12.1,0.0,1,2018,13
00-0024348,K.Williams,Kyle Williams,DT,DL,"https://static.www.nfl.com/image/private/f_auto,q_auto/league/az6qa28sbmxfklqs9waz",BUF,2018,17,REG,MIA,0.0,0.0,0.0,0.0,0.0,0.0,0.0,0.0,0.0,0.0,0.0,0.0,,0.0,,,0.0,0.0,0.0,0.0,0.0,0.0,,0.0,1.0,1.0,9.0,0.0,0.0,0.0,-1.0,10.0,0.0,0.5565327405929565,0.0,0.0,0.0416666679084301,-0.0074626863934099,0.0572761185467243,0.0,0.8999999761581421,1.899999976158142,00-0024348,DT,2018_17_MIA_BUF,201812300buf,REG,WillKy20,DT,BUF,MIA,2.0,3.0,36.0,59.0,4.0,0.14,42.0,00-0024348,DT,1.0,1.4,0.0,1,2018,2
00-0024389,De.Walker,Delanie Walker,TE,TE,"https://static.www.nfl.com/image/private/f_auto,q_auto/league/diknegkpqy0qnri7877z",TEN,2018,1,REG,MIA,0.0,0.0,0.0,0.0,0.0,0.0,0.0,0.0,0.0,0.0,0.0,0.0,,0.0,,,0.0,0.0,0.0,0.0,0.0,0.0,,0.0,4.0,7.0,52.0,0.0,0.0,0.0,46.0,20.0,4.0,-4.934593200683594,0.0,1.13043475151062,0.1842105239629745,0.1776061803102493,0.4006401002407074,0.0,5.199999809265137,9.199999809265137,00-0024389,TE,2018_01_TEN_MIA,201809090mia,REG,WalkHu00,TE,TEN,MIA,39.0,56.99999999999999,0.0,0.0,0.0,0.0,39.0,00-0024389,TE,1.0,7.2,0.0,2,2019,9
00-0024417,S.Koch,Sam Koch,P,SPEC,"https://static.www.nfl.com/image/private/f_auto,q_auto/league/dw34lcf6qit1i1knjhpv",BAL,2018,13,REG,ATL,1.0,1.0,21.0,0.0,0.0,0.0,-0.0,0.0,0.0,19.0,2.0,1.0,4.490723609924316,0.0,1.105263113975525,,0.0,0.0,0.0,0.0,0.0,0.0,,0.0,0.0,0.0,0.0,0.0,0.0,0.0,0.0,0.0,0.0,,0.0,,,,,0.0,0.8399999737739563,0.8399999737739563,00-0024417,P,2018_13_BAL_ATL,201812020atl,REG,KochSa20,P,BAL,ATL,0.0,0.0,0.0,0.0,10.0,0.36,10.0,00-0024417,P,1.0,0.84,0.0,4,2021,12
00-0025394,A.Peterson,Adrian Peterson,RB,RB,"https://static.www.nfl.com/image/private/f_auto,q_auto/league/ug2ua3skqc9f6vkbowxc",WAS,2018,1,REG,ARI,0.0,0.0,0.0,0.0,0.0,0.0,0.0,0.0,0.0,0.0,0.0,0.0,,0.0,,,26.0,96.0,1.0,0.0,0.0,4.0,0.7175965309143066,0.0,2.0,3.0,70.0,0.0,1.0,1.0,2.0,70.0,1.0,-0.6749396920204163,0.0,35.0,0.1034482792019844,0.0196078438311815,0.1688978970050811,0.0,20.600000381469727,22.600000381469727,00-0025394,RB,2018_01_WAS_ARI,201809090crd,REG,PeteAd01,RB,WAS,ARI,42.0,53.0,0.0,0.0,0.0,0.0,42.0,00-0025394,RB,1.0,21.6,0.0,4,2021,55
00-0025396,T.Ginn,Ted Ginn,WR,WR,"https://static.www.nfl.com/image/private/f_auto,q_auto/league/o4m4txrv9l7odyebnea4",NO,2018,1,REG,TB,0.0,0.0,0.0,0.0,0.0,0.0,0.0,0.0,0.0,0.0,0.0,0.0,,0.0,,,1.0,5.0,0.0,0.0,0.0,0.0,0.0362177863717079,0.0,5.0,6.0,68.0,1.0,0.0,0.0,72.0,4.0,3.0,3.876986742019653,1.0,0.9444444179534912,0.1363636404275894,0.2111437022686004,0.3523460328578949,0.0,15.300000190734863,20.299999237060547,00-0025396,WR,,,,,,,,0.0,0.0,0.0,0.0,0.0,0.0,0.0,00-0025396,WR,1.0,15.8,0.0,3,2020,70
00-0025399,M.Lynch,Marshawn Lynch,RB,RB,"https://static.www.nfl.com/image/private/f_auto,q_auto/league/ddhpebfqtr9yxsnbx9ht",LV,2018,1,REG,LA,0.0,0.0,0.0,0.0,0.0,0.0,0.0,0.0,0.0,0.0,0.0,0.0,,0.0,,,11.0,41.0,1.0,0.0,0.0,4.0,0.8804875016212463,0.0,2.0,2.0,8.0,0.0,0.0,0.0,-2.0,10.0,0.0,-0.2627425491809845,0.0,-4.0,0.0526315793395042,-0.0102040814235806,0.0718045085668563,0.0,10.899999618530272,12.899999618530272,00-0025399,RB,2018_01_LA_OAK,201809100rai,REG,LyncMa00,RB,OAK,LA,24.0,34.0,0.0,0.0,0.0,0.0,24.0,00-0025399,RB,1.0,11.900000000000002,0.0,2,2019,12
00-0025415,J.Staley,Joe Staley,T,OL,"https://static.www.nfl.com/image/private/f_auto,q_auto/league/vzmoz5duiuoocv4qnyhl",SF,2018,14,REG,DEN,0.0,0.0,0.0,0.0,0.0,0.0,0.0,0.0,0.0,0.0,0.0,0.0,,0.0,,,0.0,0.0,0.0,0.0,0.0,0.0,,0.0,1.0,1.0,-5.0,0.0,0.0,0.0,-10.0,5.0,0.0,-1.0486284494400024,0.0,0.0,0.03125,-0.0456621013581752,0.0149115296080708,0.0,-0.5,0.5,00-0025415,OT,2018_14_DEN_SF,201812090sfo,REG,StalJo20,T,SF,DEN,68.0,94.0,0.0,0.0,4.0,0.15,72.0,00-0025415,T,1.0,0.0,0.0,1,2018,2
00-0025418,G.Olsen,Greg Olsen,TE,TE,"https://static.www.nfl.com/image/private/f_auto,q_auto/league/jevf1bubmrv2vvmiwq3r",CAR,2018,1,REG,DAL,0.0,0.0,0.0,0.0,0.0,0.0,0.0,0.0,0.0,0.0,0.0,0.0,,0.0,,,0.0,0.0,0.0,0.0,0.0,0.0,,0.0,2.0,2.0,33.0,0.0,0.0,0.0,25.0,8.0,1.0,3.123728513717652,0.0,1.3200000524520874,0.0799999982118606,0.1612903177738189,0.2329032272100448,0.0,3.299999952316284,5.300000190734863,00-0025418,TE,2018_01_DAL_CAR,201809090car,REG,OlseGr00,TE,CAR,DAL,16.0,24.0,0.0,0.0,0.0,0.0,16.0,00-0025418,TE,1.0,4.300000000000001,0.0,3,2020,37
00-0025580,M.Crosby,Mason Crosby,K,SPEC,"https://static.www.nfl.com/image/private/f_auto,q_auto/league/usbwgcjsdcugjafgjzvt",GB,2018,3,REG,WAS,0.0,0.0,0.0,0.0,0.0,0.0,0.0,0.0,0.0,0.0,0.0,0.0,,0.0,,,0.0,0.0,0.0,0.0,0.0,0.0,,0.0,0.0,1.0,0.0,0.0,0.0,0.0,-2.0,0.0,0.0,-0.6521800756454468,0.0,0.0,0.0222222227603197,-0.0061349691823124,0.0290388539433479,0.0,0.0,0.0,00-0025580,K,2018_03_GB_WAS,201809230was,REG,CrosMa20,K,GB,WAS,0.0,0.0,0.0,0.0,8.0,0.28,8.0,00-0025580,K,1.0,0.0,0.0,1,2018,2
00-0025708,M.Moore,Matt Moore,QB,QB,"https://static.www.nfl.com/image/private/f_auto,q_auto/league/h04zarfikqlgerdftbgp",KC,2019,1,REG,JAX,0.0,1.0,0.0,0.0,0.0,0.0,-0.0,0.0,0.0,-4.0,0.0,0.0,-0.3029050230979919,0.0,0.0,,1.0,-1.0,0.0,0.0,0.0,0.0,-3.3719916343688965,0.0,0.0,0.0,0.0,0.0,0.0,0.0,0.0,0.0,0.0,,0.0,,,,,0.0,-0.1000000014901161,-0.1000000014901161,00-0025708,QB,2019_01_KC_JAX,201909080jax,REG,MoorMa01,QB,KC,JAX,9.0,13.0,0.0,0.0,0.0,0.0,9.0,00-0025708,QB,2.0,-0.1,0.0,1,2019,7
00-0025825,B.Kern,Brett Kern,P,SPEC,"https://static.www.nfl.com/image/private/f_auto,q_auto/league/dbph1kuozunx3aorpeiw",TEN,2019,7,REG,LAC,1.0,1.0,11.0,0.0,0.0,0.0,-0.0,0.0,0.0,3.0,8.0,1.0,3.667428493499756,0.0,3.6666667461395264,,0.0,0.0,0.0,0.0,0.0,0.0,,0.0,0.0,0.0,0.0,0.0,0.0,0.0,0.0,0.0,0.0,,0.0,,,,,0.0,0.4399999976158142,0.4399999976158142,00-0025825,P,2019_07_LAC_TEN,201910200oti,REG,KernBr20,P,TEN,LAC,0.0,0.0,0.0,0.0,7.0,0.29,7.0,00-0025825,P,2.0,0.44,0.0,2,2020,18
00-0025944,S.Hauschka,Stephen Hauschka,K,SPEC,"https://static.www.nfl.com/image/private/f_auto,q_auto/league/dx2dsdejdbqrjltnkstm",BUF,2018,5,REG,TEN,0.0,0.0,0.0,0.0,0.0,0.0,0.0,0.0,0.0,0.0,0.0,0.0,,0.0,,,0.0,0.0,0.0,0.0,0.0,0.0,,0.0,0.0,1.0,0.0,0.0,0.0,0.0,-8.0,0.0,0.0,-2.9638326168060303,0.0,0.0,0.050000000745058,-0.0522875823080539,0.0383986942470073,0.0,0.0,0.0,00-0025944,K,2018_05_TEN_BUF,201810070buf,REG,HausSt00,K,BUF,TEN,0.0,0.0,0.0,0.0,7.0,0.33,7.0,00-0025944,K,1.0,0.0,0.0,1,2018,2
00-0026035,D.Amendola,Danny Amendola,WR,WR,"https://static.www.nfl.com/image/private/f_auto,q_auto/league/etz06w7s0ardf49mnayz",MIA,2018,1,REG,TEN,0.0,0.0,0.0,0.0,0.0,0.0,0.0,0.0,0.0,0.0,0.0,0.0,,0.0,,,0.0,0.0,0.0,0.0,0.0,0.0,,0.0,4.0,6.0,26.0,0.0,0.0,0.0,50.0,12.0,0.0,-2.5791189670562744,0.0,0.5199999809265137,0.2142857164144516,0.1718213111162185,0.4417034983634949,0.0,2.5999999046325684,6.599999904632568,00-0026035,WR,2018_01_TEN_MIA,201809090mia,REG,AmenDa00,WR,MIA,TEN,45.0,73.0,0.0,0.0,4.0,0.14,49.0,00-0026035,WR,2.0,4.6,0.0,4,2021,89
00-0026143,M.Ryan,Matt Ryan,QB,QB,"https://static.www.nfl.com/image/private/f_auto,q_auto/league/s6zam4ekrrnonsck6vak",ATL,2018,1,REG,PHI,21.0,43.0,251.0,0.0,1.0,4.0,26.0,1.0,0.0,380.0,92.0,9.0,-11.715434074401855,0.0,0.6605263352394104,-0.0114586520940065,2.0,8.0,0.0,0.0,0.0,1.0,0.9387890100479126,0.0,0.0,0.0,0.0,0.0,0.0,0.0,0.0,0.0,0.0,,0.0,,,,,0.0,8.84000015258789,8.84000015258789,00-0026143,QB,2018_01_ATL_PHI,201809060phi,REG,RyanMa00,QB,ATL,PHI,70.0,100.0,0.0,0.0,0.0,0.0,70.0,00-0026143,QB,1.0,7.840000000000002,0.0,5,2022,81
00-0026153,J.Stewart,Jonathan Stewart,RB,RB,"https://static.www.nfl.com/image/private/f_auto,q_auto/league/dzvxfj3xrgnzc3jbag2n",NYG,2018,1,REG,JAX,0.0,0.0,0.0,0.0,0.0,0.0,0.0,0.0,0.0,0.0,0.0,0.0,,0.0,,,2.0,8.0,0.0,0.0,0.0,0.0,-0.2308107316493988,0.0,0.0,0.0,0.0,0.0,0.0,0.0,0.0,0.0,0.0,,0.0,,,,,0.0,0.800000011920929,0.800000011920929,00-0026153,RB,2018_01_JAX_NYG,201809090nyg,REG,StewJo00,RB,NYG,JAX,10.0,14.000000000000002,0.0,0.0,0.0,0.0,10.0,00-0026153,RB,3.0,0.8,0.0,1,2018,4
00-0026176,J.Nelson,Jordy Nelson,WR,WR,"https://static.www.nfl.com/image/private/f_auto,q_auto/league/bde2n4ozsakatgs4yyp2",LV,2018,1,REG,LA,0.0,0.0,0.0,0.0,0.0,0.0,0.0,0.0,0.0,0.0,0.0,0.0,,0.0,,,0.0,0.0,0.0,0.0,0.0,0.0,,0.0,3.0,4.0,23.0,0.0,0.0,0.0,23.0,8.0,1.0,-4.588249206542969,0.0,1.0,0.1052631586790084,0.1173469424247741,0.240037590265274,0.0,2.299999952316284,5.300000190734863,00-0026176,WR,2018_01_LA_OAK,201809100rai,REG,NelsJo00,WR,OAK,LA,68.0,97.0,0.0,0.0,0.0,0.0,68.0,00-0026176,WR,1.0,3.8,0.0,1,2018,16
00-0026189,D.Jackson,DeSean Jackson,WR,WR,"https://static.www.nfl.com/image/private/f_auto,q_auto/league/pr5m864fqvnoozihylrh",TB,2018,1,REG,NO,0.0,0.0,0.0,0.0,0.0,0.0,0.0,0.0,0.0,0.0,0.0,0.0,,0.0,,,0.0,0.0,0.0,0.0,0.0,0.0,,0.0,5.0,5.0,146.0,2.0,0.0,0.0,117.0,29.0,4.0,12.442178726196287,0.0,1.2478632926940918,0.1785714328289032,0.3431085050106048,0.5080330967903137,0.0,26.600000381469727,31.600000381469727,00-0026189,WR,2018_01_TB_NO,201809090nor,REG,JackDe00,WR,TB,NO,20.0,30.0,0.0,0.0,1.0,0.03,21.0,00-0026189,WR,1.0,32.1,0.0,5,2022,68
00-0026197,C.Henne,Chad Henne,QB,QB,"https://static.www.nfl.com/image/private/f_auto,q_auto/league/ornr9pcnzveqlntqc7jx",KC,2018,17,REG,LV,2.0,3.0,29.0,0.0,0.0,0.0,-0.0,0.0,0.0,18.0,15.0,2.0,0.376956045627594,0.0,1.6111111640930176,,1.0,3.0,0.0,0.0,0.0,0.0,-0.3308531045913696,0.0,0.0,0.0,0.0,0.0,0.0,0.0,0.0,0.0,0.0,,0.0,,,,,0.0,1.4600000381469729,1.4600000381469729,00-0026197,QB,2018_17_OAK_KC,201812300kan,REG,HennCh01,QB,KC,OAK,13.0,24.0,0.0,0.0,0.0,0.0,13.0,00-0026197,QB,2.0,1.46,0.0,4,2022,16
00-0026213,J.Charles,Jamaal Charles,RB,RB,"https://static.www.nfl.com/image/private/f_auto,q_auto/league/mdrlzgankwwjldxllgcx",JAX,2018,6,REG,DAL,0.0,0.0,0.0,0.0,0.0,0.0,0.0,0.0,0.0,0.0,0.0,0.0,,0.0,,,5.0,5.0,0.0,0.0,0.0,0.0,-2.870244264602661,0.0,1.0,2.0,5.0,0.0,0.0,0.0,2.0,5.0,0.0,-0.237536996603012,0.0,2.5,0.0769230797886848,0.0090497741475701,0.1217194572091102,0.0,1.0,2.0,00-0026213,RB,2018_06_JAX_DAL,201810140dal,REG,CharJa00,RB,JAX,DAL,17.0,35.0,0.0,0.0,0.0,0.0,17.0,,,,1.5,0.0,1,2018,3
00-0026293,M.Slater,Matt Slater,WR,WR,"https://static.www.nfl.com/image/private/f_auto,q_auto/league/cs1ojdzhxjuanbw6vflv",NE,2019,4,REG,NE,0.0,0.0,0.0,0.0,0.0,0.0,0.0,0.0,0.0,0.0,0.0,0.0,,0.0,,,0.0,0.0,0.0,0.0,0.0,0.0,,0.0,0.0,0.0,0.0,0.0,0.0,0.0,0.0,0.0,0.0,,0.0,,,,,1.0,6.0,6.0,00-0026293,WR,,,,,,,,0.0,0.0,0.0,0.0,0.0,0.0,0.0,00-0026293,WR,3.0,0.0,0.0,1,2019,3
00-0026345,P.Garcon,Pierre Garcon,WR,WR,"https://static.www.nfl.com/image/private/f_auto,q_auto/league/xwjogot7xrfj9qwhsgtn",SF,2018,1,REG,MIN,0.0,0.0,0.0,0.0,0.0,0.0,0.0,0.0,0.0,0.0,0.0,0.0,,0.0,,,0.0,0.0,0.0,0.0,0.0,0.0,,0.0,2.0,6.0,21.0,0.0,0.0,0.0,52.0,0.0,2.0,-0.5071569085121155,0.0,0.4038461446762085,0.1875,0.151162788271904,0.3870639503002167,0.0,2.0999999046325684,4.099999904632568,00-0026345,WR,2018_01_SF_MIN,201809090min,REG,GarcPi00,WR,SF,MIN,53.0,80.0,0.0,0.0,0.0,0.0,53.0,00-0026345,WR,1.0,3.1,0.0,1,2018,9
00-0026544,C.Daniel,Chase Daniel,QB,QB,"https://static.www.nfl.com/image/private/f_auto,q_auto/league/jt8fvgeyuhsbpo9m9t4x",CHI,2018,4,REG,TB,0.0,0.0,0.0,0.0,0.0,0.0,0.0,0.0,0.0,0.0,0.0,0.0,,0.0,,,2.0,-2.0,0.0,0.0,0.0,0.0,0.0,0.0,0.0,0.0,0.0,0.0,0.0,0.0,0.0,0.0,0.0,,0.0,,,,,0.0,-0.2000000029802322,-0.2000000029802322,00-0026544,QB,2018_04_TB_CHI,201809300chi,REG,DaniCh00,QB,CHI,TB,3.0,5.0,0.0,0.0,0.0,0.0,3.0,00-0026544,QB,2.0,-0.2,0.0,5,2022,20
00-0026625,B.Hoyer,Brian Hoyer,QB,QB,"https://static.www.nfl.com/image/private/f_auto,q_auto/league/japt3mj2xctm7saqndxn",NE,2018,4,REG,MIA,0.0,0.0,0.0,0.0,0.0,0.0,0.0,0.0,0.0,0.0,0.0,0.0,,0.0,,,3.0,-3.0,0.0,0.0,0.0,0.0,0.0,0.0,0.0,0.0,0.0,0.0,0.0,0.0,0.0,0.0,0.0,,0.0,,,,,0.0,-0.3000000119209289,-0.3000000119209289,00-0026625,QB,2018_04_MIA_NE,201809300nwe,REG,HoyeBr00,QB,NE,MIA,4.0,5.0,0.0,0.0,0.0,0.0,4.0,00-0026625,QB,2.0,-0.3,0.0,6,2023,24
00-0026898,M.Sanchez,Mark Sanchez,QB,QB,"https://static.www.nfl.com/image/private/f_auto,q_auto/league/e12qugcuc1cpgkf0crfn",WAS,2018,13,REG,PHI,13.0,21.0,100.0,0.0,1.0,2.0,13.0,1.0,0.0,140.0,67.0,3.0,-8.601168632507324,0.0,0.7142857313156128,0.012032400816679,1.0,8.0,0.0,0.0,0.0,1.0,1.590054988861084,0.0,0.0,0.0,0.0,0.0,0.0,0.0,0.0,0.0,0.0,,0.0,,,,,0.0,2.799999952316284,2.799999952316284,00-0026898,QB,2018_13_WAS_PHI,201812030phi,REG,SancMa00,QB,WAS,PHI,32.0,71.0,0.0,0.0,0.0,0.0,32.0,00-0026898,QB,2.0,1.7999999999999998,0.0,1,2018,3
00-0026901,M.Wallace,Mike Wallace,WR,WR,"https://static.www.nfl.com/image/private/f_auto,q_auto/league/dy9z5wbsitf6l9psjq4y",PHI,2018,1,REG,ATL,0.0,0.0,0.0,0.0,0.0,0.0,0.0,0.0,0.0,0.0,0.0,0.0,,0.0,,,0.0,0.0,0.0,0.0,0.0,0.0,,0.0,0.0,3.0,0.0,0.0,0.0,0.0,109.0,0.0,0.0,-0.7305784821510315,0.0,0.0,0.0857142880558967,0.3824561536312103,0.3962907195091247,0.0,0.0,0.0,00-0026901,WR,2018_01_ATL_PHI,201809060phi,REG,WallMi00,WR,PHI,ATL,66.0,92.0,0.0,0.0,0.0,0.0,66.0,00-0026901,WR,1.0,0.0,0.0,1,2018,2
00-0026983,D.Heyward-Bey,Darrius Heyward-Bey,WR,WR,"https://static.www.nfl.com/image/private/f_auto,q_auto/league/d5otkkbb0z2rdd2bjatd",PIT,2018,10,REG,CAR,0.0,0.0,0.0,0.0,0.0,0.0,0.0,0.0,0.0,0.0,0.0,0.0,,0.0,,,0.0,0.0,0.0,0.0,0.0,0.0,,0.0,1.0,1.0,9.0,0.0,0.0,0.0,-1.0,10.0,0.0,0.6808912754058838,0.0,0.0,0.0370370373129844,-0.0082644624635577,0.0497704297304153,0.0,0.8999999761581421,1.899999976158142,00-0026983,WR,2018_10_CAR_PIT,201811080pit,REG,HeywDa00,WR,PIT,CAR,10.0,17.0,0.0,0.0,17.0,0.55,27.0,00-0026983,WR,3.0,1.4,0.0,1,2018,4
00-0026986,M.Crabtree,Michael Crabtree,WR,WR,"https://static.www.nfl.com/image/private/f_auto,q_auto/league/kcavcmeyaion38ewxwyk",BAL,2018,1,REG,BUF,0.0,0.0,0.0,0.0,0.0,0.0,0.0,0.0,0.0,0.0,0.0,0.0,,0.0,,,0.0,0.0,0.0,0.0,0.0,0.0,,0.0,3.0,6.0,38.0,1.0,0.0,0.0,61.0,6.0,2.0,2.4276368618011475,0.0,0.6229507923126221,0.1621621549129486,0.2520661056041717,0.4196895360946655,0.0,9.800000190734863,12.800000190734863,00-0026986,WR,2018_01_BUF_BAL,201809090rav,REG,CrabMi00,WR,BAL,BUF,53.0,66.0,0.0,0.0,0.0,0.0,53.0,00-0026986,WR,1.0,11.3,0.0,2,2019,22
00-0027029,L.McCoy,LeSean McCoy,RB,RB,"https://static.www.nfl.com/image/private/f_auto,q_auto/league/cpc1a2dgivdyevuncz7p",BUF,2018,1,REG,BAL,0.0,0.0,0.0,0.0,0.0,0.0,0.0,0.0,0.0,0.0,0.0,0.0,,0.0,,,7.0,22.0,0.0,0.0,0.0,1.0,-4.440666198730469,0.0,1.0,3.0,-1.0,0.0,0.0,0.0,-11.0,4.0,0.0,-2.401386976242065,0.0,0.0909090936183929,0.09375,-0.0313390307128429,0.1186876744031906,0.0,2.0999999046325684,3.0999999046325684,00-0027029,RB,2018_01_BUF_BAL,201809090rav,REG,McCoLe01,RB,BUF,BAL,34.0,53.0,0.0,0.0,0.0,0.0,34.0,00-0027029,RB,1.0,2.6,0.0,3,2020,38
00-0027061,J.Cook,Jared Cook,TE,TE,"https://static.www.nfl.com/image/private/f_auto,q_auto/league/cthoenebptadlu4g928v",LV,2018,1,REG,LA,0.0,0.0,0.0,0.0,0.0,0.0,0.0,0.0,0.0,0.0,0.0,0.0,,0.0,,,0.0,0.0,0.0,0.0,0.0,0.0,,0.0,9.0,12.0,180.0,0.0,0.0,0.0,103.0,106.0,7.0,-0.5929056406021118,0.0,1.7475727796554563,0.3157894611358642,0.5255101919174194,0.8415413498878479,0.0,18.0,27.0,00-0027061,TE,2018_01_LA_OAK,201809100rai,REG,CookJa02,TE,OAK,LA,64.0,91.0,0.0,0.0,0.0,0.0,64.0,00-0027061,TE,1.0,25.5,0.0,4,2021,70
00-0027139,J.Phillips,John Phillips,TE,TE,"https://static.www.nfl.com/image/private/f_auto,q_auto/league/i1t7zl2f5t0wwj72yxj7",ARI,2018,16,REG,LA,0.0,0.0,0.0,0.0,0.0,0.0,0.0,0.0,0.0,0.0,0.0,0.0,,0.0,,,0.0,0.0,0.0,0.0,0.0,0.0,,0.0,1.0,1.0,9.0,0.0,0.0,0.0,5.0,4.0,0.0,0.1160460785031318,0.0,1.7999999523162842,0.0322580635547637,0.0173010379076004,0.0604978241026401,0.0,0.8999999761581421,1.899999976158142,00-0027139,TE,2018_16_LA_ARI,201812230crd,REG,PhilJo00,TE,ARI,LA,10.0,19.0,0.0,0.0,9.0,0.35,19.0,00-0027139,TE,3.0,1.4,0.0,1,2018,3
00-0027150,J.Edelman,Julian Edelman,WR,WR,"https://static.www.nfl.com/image/private/f_auto,q_auto/league/u0hbuo2bsvtlg7lnxm43",NE,2018,5,REG,IND,0.0,0.0,0.0,0.0,0.0,0.0,0.0,0.0,0.0,0.0,0.0,0.0,,0.0,,,0.0,0.0,0.0,0.0,0.0,0.0,,0.0,7.0,9.0,57.0,0.0,0.0,0.0,43.0,31.0,3.0,1.0003488063812256,0.0,1.325581431388855,0.2045454531908035,0.1508771926164627,0.4124322235584259,0.0,5.699999809265137,12.699999809265137,00-0027150,WR,2018_05_IND_NE,201810040nwe,REG,EdelJu00,WR,NE,IND,48.0,70.0,0.0,0.0,4.0,0.13,52.0,,,,9.2,0.0,3,2020,72
00-0027215,L.Paulsen,Logan Paulsen,TE,TE,"https://static.www.nfl.com/image/private/f_auto,q_auto/league/rckjvflmpzh9tiescxcd",ATL,2018,2,REG,CAR,0.0,0.0,0.0,0.0,0.0,0.0,0.0,0.0,0.0,0.0,0.0,0.0,,0.0,,,0.0,0.0,0.0,0.0,0.0,0.0,,0.0,1.0,1.0,10.0,0.0,0.0,0.0,-2.0,12.0,1.0,0.5357962846755981,0.0,0.0,0.0357142873108387,-0.0068259383551776,0.0487932711839675,0.0,1.0,2.0,00-0027215,TE,2018_02_CAR_ATL,201809160atl,REG,PaulLo00,TE,ATL,CAR,29.0,46.0,0.0,0.0,10.0,0.36,39.0,00-0027215,TE,2.0,1.5,0.0,1,2018,9
00-0027325,L.Blount,LeGarrette Blount,RB,RB,"https://static.www.nfl.com/image/private/f_auto,q_auto/league/s3eilto1yi0yhoamvvo3",DET,2018,1,REG,NYJ,0.0,0.0,0.0,0.0,0.0,0.0,0.0,0.0,0.0,0.0,0.0,0.0,,0.0,,,4.0,-3.0,0.0,0.0,0.0,0.0,-2.948450803756714,0.0,0.0,0.0,0.0,0.0,0.0,0.0,0.0,0.0,0.0,,0.0,,,,,0.0,-0.3000000119209289,-0.3000000119209289,00-0027325,RB,2018_01_NYJ_DET,201809100det,REG,BlouLe00,RB,DET,NYJ,13.0,19.0,0.0,0.0,0.0,0.0,13.0,00-0027325,RB,1.0,-0.3,0.0,1,2018,17
00-0027440,S.Shields,Sam Shields,CB,DB,"https://static.www.nfl.com/image/private/f_auto,q_auto/league/kxj01aeqfoi8cuexcnr0",LA,2018,8,REG,GB,0.0,0.0,0.0,0.0,0.0,0.0,0.0,0.0,0.0,0.0,0.0,0.0,,0.0,,,0.0,0.0,0.0,0.0,0.0,0.0,,0.0,1.0,1.0,12.0,0.0,0.0,0.0,6.0,6.0,1.0,3.147207975387573,0.0,2.0,0.03125,0.0163934417068958,0.0583504103124141,0.0,1.2000000476837158,2.200000047683716,00-0027440,CB,2018_08_GB_LA,201810280ram,REG,ShieSa00,CB,LA,GB,0.0,0.0,14.0,27.0,22.0,0.65,36.0,00-0027440,CB,2.0,1.7000000000000002,0.0,1,2018,3
00-0027531,C.Ivory,Chris Ivory,RB,RB,"https://static.www.nfl.com/image/private/f_auto,q_auto/league/wuhrkffigvt55hcqd4yw",BUF,2018,1,REG,BAL,0.0,0.0,0.0,0.0,0.0,0.0,0.0,0.0,0.0,0.0,0.0,0.0,,0.0,,,3.0,3.0,0.0,0.0,0.0,0.0,-1.6710083484649658,0.0,0.0,0.0,0.0,0.0,0.0,0.0,0.0,0.0,0.0,,0.0,,,,,0.0,0.3000000119209289,0.3000000119209289,00-0027531,RB,2018_01_BUF_BAL,201809090rav,REG,IvorCh00,RB,BUF,BAL,7.0,11.0,0.0,0.0,0.0,0.0,7.0,00-0027531,RB,2.0,0.3,0.0,1,2018,15
00-0027539,A.Levine,Anthony Levine,SS,DB,"https://static.www.nfl.com/image/private/f_auto,q_auto/league/gew5y4jtrh2jd7guowwk",BAL,2019,1,REG,MIA,0.0,0.0,0.0,0.0,0.0,0.0,0.0,0.0,0.0,0.0,0.0,0.0,,0.0,,,1.0,60.0,0.0,0.0,0.0,1.0,5.28389310836792,0.0,0.0,0.0,0.0,0.0,0.0,0.0,0.0,0.0,0.0,,0.0,,,,,0.0,6.0,6.0,00-0027539,DB,2019_01_BAL_MIA,201909080mia,REG,LeviAn00,SS,BAL,MIA,0.0,0.0,13.0,27.0,19.0,0.59,32.0,00-0027539,SS,2.0,6.0,0.0,1,2019,3
00-0027647,D.McCourty,Devin McCourty,FS,DB,"https://static.www.nfl.com/image/private/f_auto,q_auto/league/ykgtrwxckxvxdvadgqjf",NE,2020,13,REG,NE,0.0,0.0,0.0,0.0,0.0,0.0,0.0,0.0,0.0,0.0,0.0,0.0,,0.0,,,0.0,0.0,0.0,0.0,0.0,0.0,,0.0,0.0,0.0,0.0,0.0,0.0,0.0,0.0,0.0,0.0,,0.0,,,,,1.0,6.0,6.0,00-0027647,FS,2020_13_NE_LAC,202012060sdg,REG,McCoDe99,DB,NE,LAC,0.0,0.0,58.0,81.0,2.0,0.07,60.0,00-0027647,FS,1.0,0.0,0.0,1,2020,2
00-0027656,R.Gronkowski,Rob Gronkowski,TE,TE,"https://static.www.nfl.com/image/private/f_auto,q_auto/league/svpo7chliiymc0r7hegp",NE,2018,1,REG,HOU,0.0,0.0,0.0,0.0,0.0,0.0,0.0,0.0,0.0,0.0,0.0,0.0,,0.0,,,0.0,0.0,0.0,0.0,0.0,0.0,,0.0,7.0,8.0,123.0,1.0,1.0,1.0,107.0,21.0,5.0,6.609981536865234,0.0,1.149532675743103,0.2051282078027725,0.3343749940395355,0.5417547821998596,0.0,16.299999237060547,23.299999237060547,00-0027656,TE,2018_01_HOU_NE,201809090nwe,REG,GronRo00,TE,NE,HOU,75.0,100.0,1.0,1.0,0.0,0.0,76.0,00-0027656,TE,1.0,22.8,0.0,3,2021,55
00-0027675,E.Dickson,Ed Dickson,TE,TE,"https://static.www.nfl.com/image/private/f_auto,q_auto/league/qtxat8xwaclkqfkj5lrq",SEA,2018,8,REG,DET,0.0,0.0,0.0,0.0,0.0,0.0,0.0,0.0,0.0,0.0,0.0,0.0,,0.0,,,0.0,0.0,0.0,0.0,0.0,0.0,,0.0,2.0,2.0,54.0,1.0,0.0,0.0,23.0,31.0,2.0,6.0843825340271,0.0,2.3478260040283203,0.1176470592617988,0.1229946538805961,0.2625668346881866,0.0,11.399999618530272,13.399999618530272,00-0027675,TE,2018_08_SEA_DET,201810280det,REG,DickEd00,TE,SEA,DET,20.0,32.0,0.0,0.0,3.0,0.12,23.0,,,,12.4,0.0,1,2018,12
00-0027681,B.LaFell,Brandon LaFell,WR,WR,"https://static.www.nfl.com/image/private/f_auto,q_auto/league/x4wifb5arw0neuwg1cch",LV,2018,8,REG,IND,0.0,0.0,0.0,0.0,0.0,0.0,0.0,0.0,0.0,0.0,0.0,0.0,,0.0,,,0.0,0.0,0.0,0.0,0.0,0.0,,0.0,3.0,4.0,39.0,1.0,0.0,0.0,31.0,25.0,3.0,2.471663475036621,0.0,1.2580645084381104,0.1428571492433548,0.1565656512975692,0.3238816857337951,0.0,9.899999618530272,12.899999618530272,00-0027681,WR,2018_08_IND_OAK,201810280rai,REG,LaFeBr00,WR,OAK,IND,46.0,92.0,0.0,0.0,0.0,0.0,46.0,00-0027681,WR,3.0,11.4,0.0,1,2018,5
00-0027685,E.Sanders,Emmanuel Sanders,WR,WR,"https://static.www.nfl.com/image/private/f_auto,q_auto/league/potkibjtm855tsawozs0",DEN,2018,1,REG,SEA,0.0,0.0,0.0,0.0,0.0,0.0,0.0,0.0,0.0,0.0,0.0,0.0,,0.0,,,0.0,0.0,0.0,0.0,0.0,0.0,,0.0,10.0,11.0,135.0,1.0,0.0,0.0,104.0,51.0,3.0,3.715885639190674,0.0,1.298076868057251,0.2820512950420379,0.284153014421463,0.6219840049743652,0.0,19.5,29.5,00-0027685,WR,2018_01_SEA_DEN,201809090den,REG,SandEm00,WR,DEN,SEA,64.0,86.0,0.0,0.0,0.0,0.0,64.0,00-0027685,WR,1.0,27.5,0.0,4,2021,70
00-0027688,C.McCoy,Colt McCoy,QB,QB,"https://static.www.nfl.com/image/private/f_auto,q_auto/league/mvcoi7f6thyudufnh0dx",WAS,2018,11,REG,HOU,6.0,12.0,54.0,1.0,0.0,2.0,13.0,0.0,0.0,135.0,18.0,4.0,-0.9731296896934508,0.0,0.4000000059604645,0.1206498593091964,5.0,35.0,0.0,0.0,0.0,2.0,3.204643964767456,0.0,0.0,0.0,0.0,0.0,0.0,0.0,0.0,0.0,0.0,,0.0,,,,,0.0,9.65999984741211,9.65999984741211,00-0027688,QB,2018_11_HOU_WAS,201811180was,REG,McCoCo00,QB,WAS,HOU,24.0,32.0,0.0,0.0,0.0,0.0,24.0,00-0027688,QB,2.0,9.66,0.0,5,2022,24
00-0027691,A.Roberts,Andre Roberts,WR,WR,"https://static.www.nfl.com/image/private/f_auto,q_auto/league/hjoyjewh7knoafxt4k93",NYJ,2018,1,REG,DET,0.0,0.0,0.0,0.0,0.0,0.0,0.0,0.0,0.0,0.0,0.0,0.0,,0.0,,,1.0,2.0,0.0,0.0,0.0,0.0,-0.4565235674381256,0.0,0.0,0.0,0.0,0.0,0.0,0.0,0.0,0.0,0.0,,0.0,,,,,1.0,6.199999809265137,6.199999809265137,00-0027691,WR,2018_01_NYJ_DET,201809100det,REG,RobeAn00,WR,NYJ,DET,10.0,17.0,0.0,0.0,7.0,0.22,17.0,00-0027691,WR,1.0,0.2,0.0,4,2021,63
00-0027696,J.Graham,Jimmy Graham,TE,TE,"https://static.www.nfl.com/image/private/f_auto,q_auto/league/h7xs06oj6g03mippwtse",GB,2018,1,REG,CHI,0.0,0.0,0.0,0.0,0.0,0.0,0.0,0.0,0.0,0.0,0.0,0.0,,0.0,,,0.0,0.0,0.0,0.0,0.0,0.0,,0.0,2.0,4.0,8.0,0.0,0.0,0.0,40.0,4.0,0.0,-2.999446153640747,0.0,0.2000000029802322,0.1111111119389534,0.1176470592617988,0.2490196079015731,0.0,0.800000011920929,2.799999952316284,00-0027696,TE,2018_01_CHI_GB,201809090gnb,REG,GrahJi00,TE,GB,CHI,59.0,98.0,0.0,0.0,0.0,0.0,59.0,00-0027696,TE,1.0,1.8,0.0,5,2023,74
00-0027793,A.Brown,Antonio Brown,WR,WR,"https://static.www.nfl.com/image/private/f_auto,q_auto/league/ecxsx9t7bfg42bgfwj3v",PIT,2018,1,REG,CLE,0.0,0.0,0.0,0.0,0.0,0.0,0.0,0.0,0.0,0.0,0.0,0.0,,0.0,,,0.0,0.0,0.0,0.0,0.0,0.0,,0.0,9.0,16.0,93.0,1.0,0.0,0.0,180.0,47.0,6.0,-3.318200826644897,0.0,0.5166666507720947,0.3902438879013061,0.4712041914463043,0.9152087569236756,0.0,15.300000190734863,24.299999237060547,00-0027793,WR,2018_01_PIT_CLE,201809090cle,REG,BrowAn04,WR,PIT,CLE,83.0,99.0,0.0,0.0,0.0,0.0,83.0,00-0027793,WR,1.0,19.8,0.0,4,2021,63
00-0027796,J.Webb,Joe Webb,QB,QB,"https://static.www.nfl.com/image/private/f_auto,q_auto/league/hjieero9ugbyu7n1629h",HOU,2018,14,REG,IND,0.0,0.0,0.0,0.0,0.0,0.0,0.0,0.0,0.0,0.0,0.0,0.0,,0.0,,,0.0,0.0,0.0,0.0,0.0,0.0,,0.0,2.0,3.0,13.0,0.0,0.0,0.0,17.0,6.0,0.0,-0.3158852458000183,0.0,0.7647058963775635,0.078947365283966,0.066147856414318,0.1647245585918426,0.0,1.2999999523162842,3.299999952316284,00-0027796,QB,2018_14_IND_HOU,201812090htx,REG,WebbJo00,QB,HOU,IND,32.0,44.0,0.0,0.0,20.0,0.69,52.0,00-0027796,QB,3.0,2.3,0.0,1,2018,2
00-0027854,S.Bradford,Sam Bradford,QB,QB,"https://static.www.nfl.com/image/private/f_auto,q_auto/league/fizwrxzfdaw7v2vzzpn6",ARI,2018,1,REG,WAS,20.0,34.0,153.0,0.0,1.0,2.0,8.0,1.0,1.0,208.0,66.0,6.0,-13.885660171508787,0.0,0.7355769276618958,-0.0385674089193344,2.0,7.0,0.0,0.0,0.0,1.0,0.3924849927425384,0.0,0.0,0.0,0.0,0.0,0.0,0.0,0.0,0.0,0.0,,0.0,,,,,0.0,2.819999933242798,2.819999933242798,00-0027854,QB,2018_01_WAS_ARI,201809090crd,REG,BradSa00,QB,ARI,WAS,53.0,100.0,0.0,0.0,0.0,0.0,53.0,00-0027854,QB,1.0,3.82,0.0,1,2018,4
00-0027873,J.Gresham,Jermaine Gresham,TE,TE,"https://static.www.nfl.com/image/private/f_auto,q_auto/league/higvmot083ues41wbdgi",ARI,2018,3,REG,CHI,0.0,0.0,0.0,0.0,0.0,0.0,0.0,0.0,0.0,0.0,0.0,0.0,,0.0,,,0.0,0.0,0.0,0.0,0.0,0.0,,0.0,1.0,2.0,9.0,0.0,0.0,0.0,8.0,0.0,1.0,0.7298701405525208,0.0,1.125,0.0799999982118606,0.033613447099924,0.1435294151306152,0.0,0.8999999761581421,1.899999976158142,00-0027873,TE,2018_03_CHI_ARI,201809230crd,REG,GresJe00,TE,ARI,CHI,17.0,34.0,0.0,0.0,0.0,0.0,17.0,,,,1.4,0.0,1,2018,9
00-0027874,D.Thomas,Demaryius Thomas,WR,WR,"https://static.www.nfl.com/image/private/f_auto,q_auto/league/p1yjsqtqimjd6iazu3h9",DEN,2018,1,REG,SEA,0.0,0.0,0.0,0.0,0.0,0.0,0.0,0.0,0.0,0.0,0.0,0.0,,0.0,,,0.0,0.0,0.0,0.0,0.0,0.0,,0.0,6.0,10.0,63.0,1.0,0.0,0.0,68.0,39.0,6.0,-1.52383291721344,0.0,0.9264705777168274,0.2564102709293365,0.1857923567295074,0.5146700143814087,0.0,12.300000190734863,18.299999237060547,00-0027874,WR,2018_01_SEA_DEN,201809090den,REG,ThomDe03,WR,DEN,SEA,53.0,72.0,0.0,0.0,0.0,0.0,53.0,00-0027874,WR,1.0,15.3,0.0,2,2019,28
00-0027891,G.Tate,Golden Tate,WR,WR,"https://static.www.nfl.com/image/private/f_auto,q_auto/league/yfqebrp2o9t1gt1wqjku",DET,2018,1,REG,NYJ,0.0,0.0,0.0,0.0,0.0,0.0,0.0,0.0,0.0,0.0,0.0,0.0,,0.0,,,0.0,0.0,0.0,0.0,0.0,0.0,,0.0,7.0,15.0,79.0,1.0,0.0,0.0,97.0,32.0,4.0,-2.422886371612549,0.0,0.8144329786300659,0.2884615361690521,0.2406947910785675,0.6011786460876465,0.0,13.899999618530272,20.899999618530277,00-0027891,WR,2018_01_NYJ_DET,201809100det,REG,TateGo00,WR,DET,NYJ,57.0,81.0,0.0,0.0,0.0,0.0,57.0,00-0027891,WR,1.0,17.4,0.0,3,2020,75
00-0027902,D.Bryant,Dez Bryant,WR,WR,"https://static.www.nfl.com/image/private/f_auto,q_auto/league/jmggujwkiv7osgkhhnhl",BAL,2020,11,REG,TEN,0.0,0.0,0.0,0.0,0.0,0.0,0.0,0.0,0.0,0.0,0.0,0.0,,0.0,,,0.0,0.0,0.0,0.0,0.0,0.0,,0.0,4.0,5.0,28.0,0.0,0.0,0.0,10.0,34.0,1.0,-0.6436038017272949,0.0,2.799999952316284,0.1785714328289032,0.0359712243080139,0.2930369973182678,0.0,2.799999952316284,6.800000190734863,00-0027902,WR,2020_11_TEN_BAL,202011220rav,REG,BryaDe01,WR,BAL,TEN,35.0,54.0,0.0,0.0,0.0,0.0,35.0,,,,4.800000000000001,0.0,1,2020,8
00-0027925,J.Develin,James Develin,FB,RB,"https://static.www.nfl.com/image/private/f_auto,q_auto/league/ryhocvpml27otxnncc2h",NE,2018,1,REG,HOU,0.0,0.0,0.0,0.0,0.0,0.0,0.0,0.0,0.0,0.0,0.0,0.0,,0.0,,,0.0,0.0,0.0,0.0,0.0,0.0,,0.0,4.0,4.0,22.0,0.0,0.0,0.0,13.0,9.0,1.0,0.2040266394615173,0.0,1.692307710647583,0.1025641039013862,0.0406249985098838,0.1822836548089981,0.0,2.200000047683716,6.199999809265137,00-0027925,FB,2018_01_HOU_NE,201809090nwe,REG,DeveJa00,FB,NE,HOU,35.0,47.0,0.0,0.0,9.0,0.28,44.0,00-0027925,FB,3.0,4.2,0.0,2,2019,17
00-0027939,C.Newton,Cam Newton,QB,QB,"https://static.www.nfl.com/image/private/f_auto,q_auto/league/zwmgw2gmnn2kch4nquft",CAR,2018,1,REG,DAL,17.0,26.0,161.0,0.0,0.0,3.0,15.0,0.0,0.0,155.0,89.0,9.0,-0.6709656715393066,0.0,1.0387096405029297,0.0385122261941432,13.0,58.0,1.0,0.0,0.0,4.0,-1.8373053073883057,0.0,0.0,0.0,0.0,0.0,0.0,0.0,0.0,0.0,0.0,,0.0,,,,,0.0,18.239999771118164,18.239999771118164,00-0027939,QB,2018_01_DAL_CAR,201809090car,REG,NewtCa00,QB,CAR,DAL,67.0,100.0,0.0,0.0,0.0,0.0,67.0,00-0027939,QB,1.0,18.24,0.0,4,2021,42
00-0027942,A.Green,A.J. Green,WR,WR,"https://static.www.nfl.com/image/private/f_auto,q_auto/league/guj5a9vnnzqfiljupzuj",CIN,2018,1,REG,IND,0.0,0.0,0.0,0.0,0.0,0.0,0.0,0.0,0.0,0.0,0.0,0.0,,0.0,,,0.0,0.0,0.0,0.0,0.0,0.0,,0.0,6.0,8.0,92.0,1.0,2.0,1.0,97.0,19.0,5.0,2.133674383163452,0.0,0.9484536051750184,0.2857142984867096,0.6978417038917542,0.917060613632202,0.0,13.199999809265137,19.200000762939453,00-0027942,WR,2018_01_CIN_IND,201809090clt,REG,GreeA.00,WR,CIN,IND,53.0,95.0,0.0,0.0,0.0,0.0,53.0,00-0027942,WR,1.0,14.200000000000005,0.0,4,2022,85
00-0027944,J.Jones,Julio Jones,WR,WR,"https://static.www.nfl.com/image/upload/f_auto,q_auto/league/omrddf2phtyztzx2nup1",ATL,2018,1,REG,PHI,0.0,0.0,0.0,0.0,0.0,0.0,0.0,0.0,0.0,0.0,0.0,0.0,,0.0,,,1.0,11.0,0.0,0.0,0.0,1.0,1.0057224035263062,0.0,10.0,19.0,169.0,0.0,0.0,0.0,282.0,31.0,7.0,1.128171682357788,0.0,0.5992907881736755,0.4871794879436493,0.7833333611488342,1.2791025638580322,0.0,18.0,28.0,00-0027944,WR,2018_01_ATL_PHI,201809060phi,REG,JoneJu02,WR,ATL,PHI,57.0,81.0,1.0,1.0,0.0,0.0,58.0,00-0027944,WR,1.0,26.0,0.0,6,2023,79
00-0027948,B.Gabbert,Blaine Gabbert,QB,QB,"https://static.www.nfl.com/image/private/f_auto,q_auto/league/fphhd3wedamgkps6e0dl",TEN,2018,1,REG,MIA,11.0,22.0,117.0,0.0,1.0,0.0,-0.0,0.0,0.0,140.0,60.0,8.0,-6.951273441314697,0.0,0.8357142806053162,-0.0874496549367904,0.0,0.0,0.0,0.0,0.0,0.0,,0.0,0.0,0.0,0.0,0.0,0.0,0.0,0.0,0.0,0.0,,0.0,,,,,0.0,2.680000066757202,2.680000066757202,00-0027948,QB,2018_01_TEN_MIA,201809090mia,REG,GabbBl00,QB,TEN,MIA,33.0,48.0,0.0,0.0,0.0,0.0,33.0,00-0027948,QB,2.0,3.68,0.0,5,2023,34
00-0027966,M.Ingram,Mark Ingram,RB,RB,"https://static.www.nfl.com/image/private/f_auto,q_auto/league/qyju9wutyssrf0b26ran",NO,2018,5,REG,WAS,0.0,0.0,0.0,0.0,0.0,0.0,0.0,0.0,0.0,0.0,0.0,0.0,,0.0,,,16.0,53.0,2.0,0.0,0.0,5.0,0.375613272190094,0.0,2.0,3.0,20.0,0.0,1.0,0.0,-8.0,30.0,1.0,0.4871628284454345,0.0,-2.5,0.1034482792019844,-0.050000000745058,0.1201724112033844,0.0,19.299999237060547,21.299999237060547,00-0027966,RB,2018_05_WAS_NO,201810080nor,REG,IngrMa01,RB,NO,WAS,36.0,55.00000000000001,0.0,0.0,0.0,0.0,36.0,,,,18.3,0.0,5,2022,69
00-0027981,K.Rudolph,Kyle Rudolph,TE,TE,"https://static.www.nfl.com/image/private/f_auto,q_auto/league/mtvrkfel5750mlevcvtp",MIN,2018,1,REG,SF,0.0,0.0,0.0,0.0,0.0,0.0,0.0,0.0,0.0,0.0,0.0,0.0,,0.0,,,0.0,0.0,0.0,0.0,0.0,0.0,,0.0,1.0,2.0,11.0,1.0,0.0,0.0,16.0,0.0,1.0,1.1689765453338623,0.0,0.6875,0.0571428574621677,0.065040647983551,0.1312427371740341,0.0,7.099999904632568,8.100000381469727,00-0027981,TE,2018_01_SF_MIN,201809090min,REG,RudoKy00,TE,MIN,SF,59.0,83.0,0.0,0.0,4.0,0.14,63.0,00-0027981,TE,1.0,7.6,0.0,5,2022,73
00-0027985,L.Kendricks,Lance Kendricks,TE,TE,"https://static.www.nfl.com/image/private/f_auto,q_auto/league/njjeo5udwowpbfnufl5l",GB,2018,1,REG,CHI,0.0,0.0,0.0,0.0,0.0,0.0,0.0,0.0,0.0,0.0,0.0,0.0,,0.0,,,0.0,0.0,0.0,0.0,0.0,0.0,,0.0,1.0,1.0,13.0,0.0,0.0,0.0,1.0,12.0,1.0,0.8034970760345459,0.0,13.0,0.0277777779847383,0.0029411765281111,0.0437254905700683,0.0,1.2999999523162842,2.299999952316284,00-0027985,TE,2018_01_CHI_GB,201809090gnb,REG,KendLa00,TE,GB,CHI,19.0,32.0,0.0,0.0,4.0,0.14,23.0,00-0027985,TE,3.0,1.8,0.0,2,2019,19
00-0027996,T.Smith,Torrey Smith,WR,WR,"https://static.www.nfl.com/image/private/f_auto,q_auto/league/sqvbn4ybxagyfwva3i51",CAR,2018,1,REG,DAL,0.0,0.0,0.0,0.0,0.0,0.0,0.0,0.0,0.0,0.0,0.0,0.0,,0.0,,,0.0,0.0,0.0,0.0,0.0,0.0,,0.0,1.0,2.0,15.0,0.0,0.0,0.0,23.0,4.0,1.0,0.9020013809204102,0.0,0.6521739363670349,0.0799999982118606,0.1483870893716812,0.2238709628582,0.0,1.5,2.5,00-0027996,WR,2018_01_DAL_CAR,201809090car,REG,SmitTo02,WR,CAR,DAL,51.0,76.0,0.0,0.0,0.0,0.0,51.0,00-0027996,WR,1.0,2.0,0.0,1,2018,9
00-0028002,R.Cobb,Randall Cobb,WR,WR,"https://static.www.nfl.com/image/private/f_auto,q_auto/league/kuwo5hnkbtesfw6n9w1s",GB,2018,1,REG,CHI,0.0,0.0,0.0,0.0,0.0,0.0,0.0,0.0,0.0,0.0,0.0,0.0,,0.0,,,0.0,0.0,0.0,0.0,0.0,0.0,,0.0,9.0,10.0,142.0,1.0,0.0,0.0,58.0,99.0,5.0,10.644524574279783,0.0,2.4482758045196533,0.2777777910232544,0.1705882400274276,0.5360784530639648,0.0,20.200000762939453,29.200000762939453,00-0028002,WR,2018_01_CHI_GB,201809090gnb,REG,CobbRa00,WR,GB,CHI,52.0,87.0,0.0,0.0,4.0,0.14,56.0,00-0028002,WR,1.0,27.700000000000003,0.0,6,2023,127
00-0028011,S.Ridley,Stevan Ridley,RB,RB,"https://static.www.nfl.com/image/private/f_auto,q_auto/league/futdstbe48qaqcvtolzj",PIT,2018,2,REG,KC,0.0,0.0,0.0,0.0,0.0,0.0,0.0,0.0,0.0,0.0,0.0,0.0,,0.0,,,1.0,2.0,0.0,0.0,0.0,0.0,-0.4307946860790252,0.0,1.0,1.0,5.0,0.0,0.0,0.0,4.0,1.0,0.0,0.0226515345275402,0.0,1.25,0.016666667535901,0.0074487896636128,0.0302141532301902,0.0,0.699999988079071,1.7000000476837158,00-0028011,RB,2018_02_KC_PIT,201809160pit,REG,RidlSt00,RB,PIT,KC,3.0,4.0,0.0,0.0,8.0,0.23,11.0,00-0028011,RB,3.0,1.2,0.0,1,2018,10
00-0028042,L.Stocker,Luke Stocker,TE,TE,"https://static.www.nfl.com/image/private/f_auto,q_auto/league/keoilbfzupthtliuou1a",TEN,2018,1,REG,MIA,0.0,0.0,0.0,0.0,0.0,0.0,0.0,0.0,0.0,0.0,0.0,0.0,,0.0,,,0.0,0.0,0.0,0.0,0.0,0.0,,0.0,2.0,2.0,37.0,0.0,0.0,0.0,33.0,4.0,1.0,2.6824421882629395,0.0,1.121212124824524,0.0526315793395042,0.127413123846054,0.1681365519762039,0.0,3.700000047683716,5.699999809265137,00-0028042,TE,2018_01_TEN_MIA,201809090mia,REG,StocLu00,TE,TEN,MIA,25.0,36.0,0.0,0.0,10.0,0.36,35.0,00-0028042,TE,2.0,4.7,0.0,4,2021,50
00-0028063,T.Jones,Taiwan Jones,RB,RB,"https://static.www.nfl.com/image/private/f_auto,q_auto/league/va09vgfr7bdc2wb6ikq4",BUF,2018,4,REG,GB,0.0,0.0,0.0,0.0,0.0,0.0,0.0,0.0,0.0,0.0,0.0,0.0,,0.0,,,0.0,0.0,0.0,0.0,0.0,0.0,,0.0,0.0,1.0,0.0,0.0,0.0,0.0,30.0,0.0,0.0,-0.8515996336936951,0.0,0.0,0.0303030312061309,0.0977198705077171,0.1138584539294242,0.0,0.0,0.0,00-0028063,RB,2018_04_BUF_GB,201809300gnb,REG,JoneTa00,RB,BUF,GB,1.0,2.0,0.0,0.0,17.0,0.74,18.0,00-0028063,RB,3.0,0.0,0.0,3,2020,17
00-0028064,B.Powell,Bilal Powell,RB,RB,"https://static.www.nfl.com/image/private/f_auto,q_auto/league/a5qlloemeetaqawzwuf7",NYJ,2018,1,REG,DET,0.0,0.0,0.0,0.0,0.0,0.0,0.0,0.0,0.0,0.0,0.0,0.0,,0.0,,,12.0,60.0,0.0,0.0,0.0,3.0,-0.9661718010902404,0.0,1.0,2.0,5.0,0.0,0.0,0.0,7.0,10.0,0.0,-7.990260124206543,0.0,0.7142857313156128,0.1000000014901161,0.0414201170206069,0.1789940893650055,0.0,6.5,7.5,00-0028064,RB,2018_01_NYJ_DET,201809100det,REG,PoweBi00,RB,NYJ,DET,24.0,40.0,0.0,0.0,4.0,0.12,28.0,00-0028064,RB,2.0,7.0,0.0,2,2019,21
00-0028074,A.Sherman,Anthony Sherman,RB,RB,"https://static.www.nfl.com/image/private/f_auto,q_auto/league/ibmfpy4ztgmqfwtood5x",KC,2018,1,REG,LAC,0.0,0.0,0.0,0.0,0.0,0.0,0.0,0.0,0.0,0.0,0.0,0.0,,0.0,,,0.0,0.0,0.0,0.0,0.0,0.0,,0.0,1.0,1.0,36.0,1.0,0.0,0.0,21.0,15.0,1.0,3.5374224185943604,0.0,1.7142857313156128,0.0399999991059303,0.0625,0.1037499979138374,0.0,9.600000381469728,10.600000381469728,00-0028074,FB,2018_01_KC_LAC,201809090sdg,REG,SherAn00,FB,KC,LAC,17.0,30.0,0.0,0.0,24.0,0.8,41.0,00-0028074,RB,1.0,10.1,0.0,3,2020,20
00-0028083,J.Rodgers,Jacquizz Rodgers,RB,RB,"https://static.www.nfl.com/image/private/f_auto,q_auto/league/ztmescfueap5glplyf7w",TB,2018,1,REG,NO,0.0,0.0,0.0,0.0,0.0,0.0,0.0,0.0,0.0,0.0,0.0,0.0,,0.0,,,2.0,1.0,0.0,0.0,0.0,0.0,-1.1290981769561768,0.0,1.0,1.0,2.0,0.0,0.0,0.0,-2.0,4.0,0.0,-0.5193373560905457,0.0,-1.0,0.0357142873108387,-0.0058651026338338,0.0494658574461936,0.0,0.3000000119209289,1.2999999523162842,00-0028083,RB,2018_01_TB_NO,201809090nor,REG,RodgJa00,RB,TB,NO,15.0,23.0,0.0,0.0,8.0,0.24,23.0,00-0028083,RB,2.0,0.8,0.0,1,2018,27
00-0028087,D.Lewis,Dion Lewis,RB,RB,"https://static.www.nfl.com/image/private/f_auto,q_auto/league/erzmtaaz3eimbg998hyq",TEN,2018,1,REG,MIA,0.0,0.0,0.0,0.0,0.0,0.0,0.0,0.0,0.0,0.0,0.0,0.0,,0.0,,,16.0,75.0,1.0,0.0,0.0,2.0,1.018926024436951,0.0,5.0,8.0,35.0,0.0,0.0,0.0,-9.0,44.0,2.0,-6.521347522735596,0.0,-3.8888888359069824,0.2105263173580169,-0.0347490347921848,0.291465163230896,0.0,17.0,22.0,00-0028087,RB,2018_01_TEN_MIA,201809090mia,REG,LewiDi00,RB,TEN,MIA,49.0,71.0,0.0,0.0,0.0,0.0,49.0,00-0028087,RB,3.0,19.5,0.0,3,2020,99
00-0028091,J.Kerley,Jeremy Kerley,WR,WR,"https://static.www.nfl.com/image/private/f_auto,q_auto/league/lsfc40maht2r3k0ctu1b",BUF,2018,1,REG,BAL,0.0,0.0,0.0,0.0,0.0,0.0,0.0,0.0,0.0,0.0,0.0,0.0,,0.0,,,0.0,0.0,0.0,0.0,0.0,0.0,,0.0,2.0,4.0,7.0,0.0,0.0,0.0,15.0,15.0,0.0,-2.0337088108062744,0.0,0.4666666686534881,0.125,0.0427350439131259,0.2174145281314849,0.0,0.699999988079071,2.700000047683716,00-0028091,WR,2018_01_BUF_BAL,201809090rav,REG,KerlJe00,WR,BUF,BAL,44.0,69.0,0.0,0.0,3.0,0.09,47.0,00-0028091,WR,2.0,1.7000000000000002,0.0,1,2018,3
00-0028093,N.Paul,Niles Paul,TE,TE,"https://static.www.nfl.com/image/private/f_auto,q_auto/league/c2hufhhjyuitenxujhpz",JAX,2018,1,REG,NYG,0.0,0.0,0.0,0.0,0.0,0.0,0.0,0.0,0.0,0.0,0.0,0.0,,0.0,,,0.0,0.0,0.0,0.0,0.0,0.0,,0.0,0.0,1.0,0.0,0.0,0.0,0.0,21.0,0.0,0.0,-0.4719917476177215,0.0,0.0,0.0303030312061309,0.0913043469190597,0.109367586672306,0.0,0.0,0.0,00-0028093,TE,2018_01_JAX_NYG,201809090nyg,REG,PaulNi00,TE,JAX,NYG,17.0,27.0,0.0,0.0,21.0,0.72,38.0,00-0028093,TE,3.0,0.0,0.0,1,2018,6
00-0028097,L.Smith,Lee Smith,TE,TE,"https://static.www.nfl.com/image/private/f_auto,q_auto/league/gcaqwhzrinlqicrljwlr",LV,2018,4,REG,CLE,0.0,0.0,0.0,0.0,0.0,0.0,0.0,0.0,0.0,0.0,0.0,0.0,,0.0,,,0.0,0.0,0.0,0.0,0.0,0.0,,0.0,3.0,4.0,23.0,0.0,0.0,0.0,5.0,20.0,1.0,0.6315131187438965,0.0,4.599999904632568,0.0714285746216774,0.0109890112653374,0.1148351654410362,0.0,2.299999952316284,5.300000190734863,00-0028097,TE,2018_04_CLE_OAK,201809300rai,REG,SmitLe00,TE,OAK,CLE,30.0,33.0,0.0,0.0,24.0,0.56,54.0,00-0028097,TE,2.0,3.8,0.0,4,2021,35
00-0028112,C.Clay,Charles Clay,TE,TE,"https://static.www.nfl.com/image/private/f_auto,q_auto/league/gbfhfjn5cxtou5aazegt",BUF,2018,1,REG,BAL,0.0,0.0,0.0,0.0,0.0,0.0,0.0,0.0,0.0,0.0,0.0,0.0,,0.0,,,0.0,0.0,0.0,0.0,0.0,0.0,,0.0,0.0,2.0,0.0,0.0,0.0,0.0,28.0,0.0,0.0,-1.1506679058074951,0.0,0.0,0.0625,0.0797720775008201,0.1495904624462127,0.0,0.0,0.0,00-0028112,TE,2018_01_BUF_BAL,201809090rav,REG,ClayCh00,TE,BUF,BAL,40.0,62.0,0.0,0.0,0.0,0.0,40.0,00-0028112,TE,1.0,0.0,0.0,2,2019,28
00-0028114,D.Harris,Dwayne Harris,WR,WR,"https://static.www.nfl.com/image/private/f_auto,q_auto/league/cz34jefkstkm3mvjznvg",LV,2018,3,REG,MIA,0.0,0.0,0.0,0.0,0.0,0.0,0.0,0.0,0.0,0.0,0.0,0.0,,0.0,,,0.0,0.0,0.0,0.0,0.0,0.0,,0.0,2.0,2.0,11.0,0.0,0.0,0.0,-5.0,16.0,0.0,0.0730888247489929,0.0,0.0,0.0526315793395042,-0.0223214291036129,0.063322365283966,0.0,1.100000023841858,3.0999999046325684,00-0028114,WR,2018_03_OAK_MIA,201809230mia,REG,HarrDw00,WR,OAK,MIA,2.0,3.0,0.0,0.0,16.0,0.59,18.0,00-0028114,WR,2.0,2.1,0.0,2,2019,29
00-0028116,A.Robinson,Aldrick Robinson,WR,WR,"https://static.www.nfl.com/image/private/f_auto,q_auto/league/lzdmahvzc7tm4pulh2sj",MIN,2018,3,REG,BUF,0.0,0.0,0.0,0.0,0.0,0.0,0.0,0.0,0.0,0.0,0.0,0.0,,0.0,,,0.0,0.0,0.0,0.0,0.0,0.0,,0.0,1.0,1.0,9.0,0.0,0.0,0.0,3.0,6.0,0.0,0.557990550994873,0.0,3.0,0.0181818176060915,0.0089552234858274,0.0335413850843906,0.0,0.8999999761581421,1.899999976158142,00-0028116,WR,2018_03_BUF_MIN,201809230min,REG,RobiAl00,WR,MIN,BUF,8.0,12.0,0.0,0.0,1.0,0.04,9.0,,,,1.4,0.0,1,2018,15
00-0028128,C.Jones,Colin Jones,FS,DB,"https://static.www.nfl.com/image/private/f_auto,q_auto/league/gtpcd4mvricoawwynceu",CAR,2018,5,REG,NYG,0.0,0.0,0.0,0.0,0.0,0.0,0.0,0.0,0.0,0.0,0.0,0.0,,0.0,,,0.0,0.0,0.0,0.0,0.0,0.0,,0.0,0.0,0.0,0.0,0.0,0.0,0.0,0.0,0.0,0.0,,0.0,,,,,1.0,6.0,6.0,00-0028128,S,2018_05_NYG_CAR,201810070car,REG,JoneCo01,SS,CAR,NYG,0.0,0.0,0.0,0.0,25.0,0.78,25.0,00-0028128,FS,2.0,0.0,0.0,2,2019,4
00-0028142,V.Green,Virgil Green,TE,TE,"https://static.www.nfl.com/image/private/f_auto,q_auto/league/wcdedz1qf7ybkujat6bu",LAC,2018,1,REG,KC,0.0,0.0,0.0,0.0,0.0,0.0,0.0,0.0,0.0,0.0,0.0,0.0,,0.0,,,0.0,0.0,0.0,0.0,0.0,0.0,,0.0,2.0,2.0,21.0,0.0,0.0,0.0,17.0,4.0,1.0,1.7147506475448608,0.0,1.2352941036224363,0.0399999991059303,0.0351966880261898,0.0846376791596412,0.0,2.0999999046325684,4.099999904632568,00-0028142,TE,2018_01_KC_LAC,201809090sdg,REG,GreeVi00,TE,LAC,KC,44.0,54.0,0.0,0.0,4.0,0.13,48.0,00-0028142,TE,1.0,3.1,0.0,3,2020,34
00-0028149,B.Miller,Bruce Miller,FB,RB,"https://static.www.nfl.com/image/private/f_auto,q_auto/league/xmxfgtmbvqxhpp3ldkwq",JAX,2020,1,REG,IND,0.0,0.0,0.0,0.0,0.0,0.0,0.0,0.0,0.0,0.0,0.0,0.0,,0.0,,,0.0,0.0,0.0,0.0,0.0,0.0,,0.0,1.0,1.0,2.0,0.0,0.0,0.0,-1.0,3.0,1.0,0.7787050008773804,0.0,-2.0,0.050000000745058,-0.011235955171287,0.0671348348259925,0.0,0.2000000029802322,1.2000000476837158,00-0028149,FB,2020_01_IND_JAX,202009130jax,REG,MillBr02,FB,JAX,IND,11.0,22.0,0.0,0.0,8.0,0.33,19.0,00-0028149,FB,1.0,0.7,0.0,1,2020,5
00-0028237,C.Hogan,Chris Hogan,WR,WR,"https://static.www.nfl.com/image/private/f_auto,q_auto/league/fmpqnciwjqicsjzy63mc",NE,2018,1,REG,HOU,0.0,0.0,0.0,0.0,0.0,0.0,0.0,0.0,0.0,0.0,0.0,0.0,,0.0,,,0.0,0.0,0.0,0.0,0.0,0.0,,0.0,1.0,5.0,11.0,0.0,0.0,0.0,66.0,2.0,1.0,-2.993061780929565,0.0,0.1666666716337204,0.1282051354646682,0.2062499970197677,0.3366827070713043,0.0,1.100000023841858,2.0999999046325684,00-0028237,WR,2018_01_HOU_NE,201809090nwe,REG,HogaCh00,WR,NE,HOU,68.0,91.0,0.0,0.0,1.0,0.03,69.0,00-0028237,WR,1.0,1.6,0.0,4,2021,39
00-0028263,A.Holmes,Andre Holmes,WR,WR,"https://static.www.nfl.com/image/private/f_auto,q_auto/league/ujb4sism9jdte3o8ofve",BUF,2018,1,REG,BAL,0.0,0.0,0.0,0.0,0.0,0.0,0.0,0.0,0.0,0.0,0.0,0.0,,0.0,,,0.0,0.0,0.0,0.0,0.0,0.0,,0.0,1.0,1.0,14.0,0.0,0.0,0.0,14.0,0.0,1.0,2.178185224533081,0.0,1.0,0.03125,0.03988603875041,0.0747952312231063,0.0,1.399999976158142,2.400000095367432,00-0028263,WR,2018_01_BUF_BAL,201809090rav,REG,HolmAn00,WR,BUF,BAL,11.0,17.0,0.0,0.0,25.0,0.74,36.0,00-0028263,WR,2.0,1.9,0.0,1,2018,12
00-0028411,D.Inman,Dontrelle Inman,WR,WR,"https://static.www.nfl.com/image/private/f_auto,q_auto/league/josp2o2ri6tknqzt87qc",IND,2018,8,REG,LV,0.0,0.0,0.0,0.0,0.0,0.0,0.0,0.0,0.0,0.0,0.0,0.0,,0.0,,,0.0,0.0,0.0,0.0,0.0,0.0,,0.0,6.0,7.0,52.0,0.0,0.0,0.0,56.0,4.0,3.0,2.951777458190918,0.0,0.9285714030265808,0.2258064448833465,0.2434782534837722,0.5091444849967957,0.0,5.199999809265137,11.199999809265137,00-0028411,WR,2018_08_IND_OAK,201810280rai,REG,InmaDo00,WR,IND,OAK,58.0,74.0,0.0,0.0,0.0,0.0,58.0,00-0028411,WR,1.0,8.2,0.0,3,2020,28
00-0028434,D.Baldwin,Doug Baldwin,WR,WR,"https://static.www.nfl.com/image/private/f_auto,q_auto/league/kccmcttfdtl7m3g49vb8",SEA,2018,1,REG,DEN,0.0,0.0,0.0,0.0,0.0,0.0,0.0,0.0,0.0,0.0,0.0,0.0,,0.0,,,0.0,0.0,0.0,0.0,0.0,0.0,,0.0,0.0,1.0,0.0,0.0,0.0,0.0,7.0,0.0,0.0,-0.9336698651313782,0.0,0.0,0.0303030312061309,0.020771512761712,0.0599946044385433,0.0,0.0,0.0,00-0028434,WR,2018_01_SEA_DEN,201809090den,REG,BaldDo00,WR,SEA,DEN,11.0,19.0,0.0,0.0,0.0,0.0,11.0,00-0028434,WR,1.0,0.0,0.0,1,2018,16
00-0028497,K.Aiken,Kamar Aiken,WR,WR,"https://static.www.nfl.com/image/private/f_auto,q_auto/league/u0fe10u5kbeyhe65spby",PHI,2018,2,REG,TB,0.0,0.0,0.0,0.0,0.0,0.0,0.0,0.0,0.0,0.0,0.0,0.0,,0.0,,,0.0,0.0,0.0,0.0,0.0,0.0,,0.0,5.0,6.0,39.0,0.0,0.0,0.0,33.0,11.0,1.0,-1.2207931280136108,0.0,1.1818181276321411,0.1276595741510391,0.1018518507480621,0.2627856433391571,0.0,3.900000095367432,8.899999618530273,00-0028497,WR,2018_02_PHI_TB,201809160tam,REG,AikeKa00,WR,PHI,TB,62.0,78.0,0.0,0.0,8.0,0.29,70.0,,,,6.4,0.0,1,2018,3
00-0028581,P.DiMarco,Patrick DiMarco,FB,RB,"https://static.www.nfl.com/image/private/f_auto,q_auto/league/chit1zcsfqaoqzkqc9eh",BUF,2018,2,REG,LAC,0.0,0.0,0.0,0.0,0.0,0.0,0.0,0.0,0.0,0.0,0.0,0.0,,0.0,,,0.0,0.0,0.0,0.0,0.0,0.0,,0.0,1.0,1.0,24.0,0.0,0.0,0.0,18.0,6.0,1.0,1.687655687332153,0.0,1.3333333730697632,0.03125,0.0520231202244758,0.0832911878824234,0.0,2.400000095367432,3.400000095367432,00-0028581,RB,2018_02_LAC_BUF,201809160buf,REG,DiMaPa00,FB,BUF,LAC,8.0,13.0,0.0,0.0,16.0,0.53,24.0,00-0028581,FB,1.0,2.9000000000000004,0.0,2,2019,15
00-0028664,C.Jones,Chris Jones,P,SPEC,"https://static.www.nfl.com/image/private/f_auto,q_auto/league/c6kjlharechwayxq6fzk",DAL,2020,2,REG,ATL,0.0,1.0,0.0,0.0,0.0,0.0,-0.0,0.0,0.0,9.0,0.0,0.0,-3.3216047286987305,0.0,0.0,,0.0,0.0,0.0,0.0,0.0,0.0,,0.0,0.0,0.0,0.0,0.0,0.0,0.0,0.0,0.0,0.0,,0.0,,,,,0.0,0.0,0.0,00-0028664,P,2020_02_ATL_DAL,202009200dal,REG,JoneCh02,P,DAL,ATL,0.0,0.0,0.0,0.0,9.0,0.24,9.0,00-0028664,P,1.0,0.0,0.0,1,2020,9
00-0028825,T.Pryor,Terrelle Pryor,WR,WR,"https://static.www.nfl.com/image/private/f_auto,q_auto/league/ac6blk5o4ztsr7hvtil9",NYJ,2018,1,REG,DET,0.0,0.0,0.0,0.0,0.0,0.0,0.0,0.0,0.0,0.0,0.0,0.0,,0.0,,,0.0,0.0,0.0,0.0,0.0,0.0,,0.0,3.0,3.0,49.0,0.0,0.0,0.0,42.0,7.0,3.0,6.521829128265381,0.0,1.1666666269302368,0.1500000059604644,0.2485207170248031,0.3989644944667816,0.0,4.900000095367432,7.900000095367432,00-0028825,WR,2018_01_NYJ_DET,201809100det,REG,PryoTe00,WR,NYJ,DET,24.0,40.0,0.0,0.0,0.0,0.0,24.0,,,,6.4,0.0,1,2018,9
00-0028899,R.McLeod,Rodney McLeod,FS,DB,"https://static.www.nfl.com/image/upload/f_auto,q_auto/league/ettne7rdpnkozuyhx8be",CLE,2024,6,REG,CLE,0.0,0.0,0.0,0.0,0.0,0.0,0.0,0.0,0.0,0.0,0.0,0.0,,0.0,,,0.0,0.0,0.0,0.0,0.0,0.0,,0.0,0.0,0.0,0.0,0.0,0.0,0.0,0.0,0.0,0.0,,0.0,,,,,1.0,6.0,6.0,00-0028899,FS,2024_06_CLE_PHI,202410130phi,REG,McLeRo00,FS,CLE,PHI,0.0,0.0,62.0,100.0,13.0,0.48,75.0,00-0028899,FS,2.0,0.0,0.0,1,2024,2
00-0028903,G.Celek,Garrett Celek,TE,TE,"https://static.www.nfl.com/image/private/f_auto,q_auto/league/hin5nyuakhpbngjhepty",SF,2018,2,REG,DET,0.0,0.0,0.0,0.0,0.0,0.0,0.0,0.0,0.0,0.0,0.0,0.0,,0.0,,,0.0,0.0,0.0,0.0,0.0,0.0,,0.0,2.0,2.0,22.0,1.0,0.0,0.0,8.0,14.0,2.0,2.2970688343048096,0.0,2.75,0.0799999982118606,0.0526315793395042,0.1568421125411987,0.0,8.199999809265137,10.199999809265137,00-0028903,TE,2018_02_DET_SF,201809160sfo,REG,CeleGa00,TE,SF,DET,30.0,47.0,0.0,0.0,16.0,0.47,46.0,00-0028903,TE,1.0,9.2,0.0,1,2018,7
00-0029000,C.Beasley,Cole Beasley,WR,WR,"https://static.www.nfl.com/image/private/f_auto,q_auto/league/y5r0fhwctl6ljwvmktvu",DAL,2018,1,REG,CAR,0.0,0.0,0.0,0.0,0.0,0.0,0.0,0.0,0.0,0.0,0.0,0.0,,0.0,,,0.0,0.0,0.0,0.0,0.0,0.0,,0.0,7.0,8.0,73.0,0.0,0.0,0.0,51.0,27.0,5.0,5.332317352294922,0.0,1.4313725233078003,0.2758620679378509,0.2361111044883728,0.5790708661079407,0.0,7.300000190734863,14.300000190734863,00-0029000,WR,2018_01_DAL_CAR,201809090car,REG,BeasCo00,WR,DAL,CAR,43.0,67.0,0.0,0.0,2.0,0.09,45.0,00-0029000,WR,1.0,10.8,0.0,5,2022,102
00-0029068,D.Coleman,Derrick Coleman,FB,RB,"https://static.www.nfl.com/image/private/f_auto,q_auto/league/jmgzlxi6qlrvvyrzkuh2",ARI,2018,2,REG,LA,0.0,0.0,0.0,0.0,0.0,0.0,0.0,0.0,0.0,0.0,0.0,0.0,,0.0,,,1.0,1.0,0.0,0.0,0.0,0.0,-0.2434363663196563,0.0,0.0,0.0,0.0,0.0,0.0,0.0,0.0,0.0,0.0,,0.0,,,,,0.0,0.1000000014901161,0.1000000014901161,00-0029068,FB,2018_02_ARI_LA,201809160ram,REG,ColeDe00,FB,ARI,LA,3.0,7.000000000000001,0.0,0.0,15.0,0.83,18.0,00-0029068,FB,1.0,0.1,0.0,1,2018,6
00-0029091,B.Sowell,Bradley Sowell,TE,TE,"https://static.www.nfl.com/image/private/f_auto,q_auto/league/ep1lqjgiwemsr9eenajg",CHI,2018,7,REG,NE,0.0,0.0,0.0,0.0,0.0,0.0,0.0,0.0,0.0,0.0,0.0,0.0,,0.0,,,0.0,0.0,0.0,0.0,0.0,0.0,,0.0,0.0,1.0,0.0,0.0,0.0,0.0,2.0,0.0,0.0,-0.3916561901569366,0.0,0.0,0.020833333954215,0.003496503457427,0.0336975529789924,0.0,0.0,0.0,00-0029091,TE,2018_07_NE_CHI,201810210chi,REG,SoweBr00,T,CHI,NE,7.0,9.0,0.0,0.0,5.0,0.15,12.0,00-0029091,TE,2.0,0.0,0.0,1,2018,3
00-0029119,D.Carrier,Derek Carrier,TE,TE,"https://static.www.nfl.com/image/private/f_auto,q_auto/league/fohbnjxhixammxtonhnd",LV,2018,1,REG,LA,0.0,0.0,0.0,0.0,0.0,0.0,0.0,0.0,0.0,0.0,0.0,0.0,,0.0,,,0.0,0.0,0.0,0.0,0.0,0.0,,0.0,2.0,3.0,20.0,0.0,0.0,0.0,30.0,13.0,0.0,-0.0226535908877849,0.0,0.6666666865348816,0.078947365283966,0.1530612260103225,0.2255639135837555,0.0,2.0,4.0,00-0029119,TE,2018_01_LA_OAK,201809100rai,REG,CarrDe00,TE,OAK,LA,23.0,33.0,0.0,0.0,18.0,0.6,41.0,00-0029119,TE,3.0,3.0,0.0,4,2021,21
00-0029129,R.Streater,Rod Streater,WR,WR,"https://static.www.nfl.com/image/private/f_auto,q_auto/league/szf4hqnrz6egphxvcwnf",CLE,2018,5,REG,BAL,0.0,0.0,0.0,0.0,0.0,0.0,0.0,0.0,0.0,0.0,0.0,0.0,,0.0,,,1.0,-11.0,0.0,0.0,0.0,0.0,-0.8162009119987488,0.0,0.0,0.0,0.0,0.0,0.0,0.0,0.0,0.0,0.0,,0.0,,,,,0.0,-1.100000023841858,-1.100000023841858,00-0029129,WR,2018_05_BAL_CLE,201810070cle,REG,StreRo00,WR,CLE,BAL,18.0,22.0,0.0,0.0,22.0,0.65,40.0,00-0029129,WR,3.0,-1.1,0.0,1,2018,2
00-0029137,A.Jeffery,Alshon Jeffery,WR,WR,"https://static.www.nfl.com/image/private/f_auto,q_auto/league/qrbsgwhzlsmwgkdfjryh",PHI,2018,4,REG,TEN,0.0,0.0,0.0,0.0,0.0,0.0,0.0,0.0,0.0,0.0,0.0,0.0,,0.0,,,0.0,0.0,0.0,0.0,0.0,0.0,,0.0,8.0,9.0,105.0,1.0,1.0,0.0,98.0,26.0,6.0,11.02269172668457,0.0,1.0714285373687744,0.1800000071525573,0.2613333463668823,0.4529333412647247,0.0,16.5,24.5,00-0029137,WR,2018_04_PHI_TEN,201809300oti,REG,JeffAl00,WR,PHI,TEN,65.0,83.0,0.0,0.0,0.0,0.0,65.0,00-0029137,WR,1.0,21.5,0.0,3,2020,35
00-0029141,A.Morris,Alfred Morris,RB,RB,"https://static.www.nfl.com/image/private/f_auto,q_auto/league/igrm4hy4pishp4rdamin",SF,2018,1,REG,MIN,0.0,0.0,0.0,0.0,0.0,0.0,0.0,0.0,0.0,0.0,0.0,0.0,,0.0,,,12.0,38.0,0.0,2.0,1.0,3.0,-6.938320159912109,0.0,0.0,0.0,0.0,0.0,0.0,0.0,0.0,0.0,0.0,,0.0,,,,,0.0,1.7999999523162842,1.7999999523162842,00-0029141,RB,2018_01_SF_MIN,201809090min,REG,MorrAl00,RB,SF,MIN,34.0,52.0,0.0,0.0,0.0,0.0,34.0,00-0029141,RB,2.0,-0.1999999999999997,0.0,3,2020,24
00-0029159,J.Kearse,Jermaine Kearse,WR,WR,"https://static.www.nfl.com/image/private/f_auto,q_auto/league/tvnzajvst7kdglamw4t6",NYJ,2018,2,REG,MIA,0.0,0.0,0.0,0.0,0.0,0.0,0.0,0.0,0.0,0.0,0.0,0.0,,0.0,,,0.0,0.0,0.0,0.0,0.0,0.0,,0.0,1.0,2.0,-1.0,0.0,0.0,0.0,-1.0,0.0,0.0,-1.2483505010604858,0.0,0.0,0.0487804859876632,-0.002518891589716,0.0714075043797493,0.0,-0.1000000014901161,0.8999999761581421,00-0029159,WR,2018_02_MIA_NYJ,201809160nyj,REG,KearJe01,WR,NYJ,MIA,20.0,31.0,0.0,0.0,0.0,0.0,20.0,00-0029159,WR,1.0,0.4,0.0,1,2018,14
00-0029164,M.Remmers,Mike Remmers,T,OL,"https://static.www.nfl.com/image/private/f_auto,q_auto/league/qsp6ncqgwc9uyrgptyrc",KC,2021,1,REG,CLE,0.0,0.0,0.0,0.0,0.0,0.0,0.0,0.0,0.0,0.0,0.0,0.0,,0.0,,,0.0,0.0,0.0,0.0,0.0,0.0,,0.0,1.0,1.0,-2.0,0.0,0.0,0.0,0.0,-2.0,0.0,-0.7943929433822632,0.0,0.0,0.0294117648154497,0.0,0.0441176481544971,0.0,-0.2000000029802322,0.800000011920929,00-0029164,G,2021_01_CLE_KC,202109120kan,REG,RemmMi00,T,KC,CLE,1.0,2.0,0.0,0.0,0.0,0.0,1.0,00-0029164,T,2.0,0.3,0.0,1,2021,2
00-0029205,T.Cadet,Travaris Cadet,RB,RB,"https://static.www.nfl.com/image/private/f_auto,q_auto/league/gj0pjzj0zzefpabtuki1",CAR,2018,17,REG,NO,0.0,0.0,0.0,0.0,0.0,0.0,0.0,0.0,0.0,0.0,0.0,0.0,,0.0,,,11.0,17.0,0.0,0.0,0.0,0.0,-7.796286582946777,0.0,1.0,1.0,5.0,0.0,0.0,0.0,1.0,4.0,0.0,-0.7193974256515503,0.0,5.0,0.0333333350718021,0.0044247787445783,0.0530973449349403,0.0,2.200000047683716,3.200000047683716,00-0029205,RB,2018_17_CAR_NO,201812300nor,REG,CadeTr00,RB,CAR,NO,24.0,33.0,0.0,0.0,9.0,0.36,33.0,00-0029205,RB,3.0,2.7,0.0,1,2018,2
00-0029239,B.Bolden,Brandon Bolden,RB,RB,"https://static.www.nfl.com/image/private/f_auto,q_auto/league/kqqwz35z9brhkzbs4bcn",MIA,2018,13,REG,BUF,0.0,0.0,0.0,0.0,0.0,0.0,0.0,0.0,0.0,0.0,0.0,0.0,,0.0,,,1.0,10.0,0.0,0.0,0.0,1.0,1.0077699422836304,0.0,0.0,0.0,0.0,0.0,0.0,0.0,0.0,0.0,0.0,,0.0,,,,,0.0,1.0,1.0,00-0029239,RB,2018_13_BUF_MIA,201812020mia,REG,BoldBr00,RB,MIA,BUF,3.0,5.0,0.0,0.0,19.0,0.76,22.0,00-0029239,RB,3.0,1.0,0.0,5,2023,66
00-0029249,M.Ingram,Melvin Ingram,OLB,LB,"https://static.www.nfl.com/image/private/f_auto,q_auto/league/kbnd1mhegpg4n5kj7rac",LAC,2018,5,REG,LV,0.0,0.0,0.0,0.0,0.0,0.0,0.0,0.0,0.0,0.0,0.0,0.0,,0.0,,,1.0,0.0,0.0,0.0,0.0,0.0,-1.0199371576309204,0.0,0.0,0.0,0.0,0.0,0.0,0.0,0.0,0.0,0.0,,0.0,,,,,0.0,0.0,0.0,00-0029249,LB,2018_05_OAK_LAC,201810070sdg,REG,IngrMe00,DE,LAC,OAK,1.0,2.0,43.0,81.0,0.0,0.0,44.0,00-0029249,OLB,1.0,0.0,0.0,1,2018,2
00-0029269,T.Benjamin,Travis Benjamin,WR,WR,"https://static.www.nfl.com/image/private/f_auto,q_auto/league/io9silocxbywvisvcvpx",LAC,2018,1,REG,KC,0.0,0.0,0.0,0.0,0.0,0.0,0.0,0.0,0.0,0.0,0.0,0.0,,0.0,,,1.0,19.0,0.0,0.0,0.0,1.0,1.069911003112793,0.0,1.0,5.0,1.0,0.0,0.0,0.0,152.0,2.0,0.0,-2.1259028911590576,0.0,0.006578947417438,0.1000000014901161,0.3146997988224029,0.3702898621559143,0.0,2.0,3.0,00-0029269,WR,2018_01_KC_LAC,201809090sdg,REG,BenjTr00,WR,LAC,KC,47.0,56.99999999999999,0.0,0.0,2.0,0.07,49.0,00-0029269,WR,2.0,2.5000000000000004,0.0,3,2021,56
00-0029273,R.Turbin,Robert Turbin,RB,RB,"https://static.www.nfl.com/image/private/f_auto,q_auto/league/vkqpomzfvo7kei1729jm",IND,2018,5,REG,NE,0.0,0.0,0.0,0.0,0.0,0.0,0.0,0.0,0.0,0.0,0.0,0.0,,0.0,,,0.0,0.0,0.0,0.0,0.0,0.0,,0.0,0.0,1.0,0.0,0.0,0.0,0.0,-6.0,0.0,0.0,-0.7350564002990723,0.0,-0.0,0.0169491525739431,-0.0127659570425748,0.0164875593036413,0.0,0.0,0.0,00-0029273,RB,2018_05_IND_NE,201810040nwe,REG,TurbRo00,RB,IND,NE,9.0,11.0,0.0,0.0,0.0,0.0,9.0,,,,0.0,0.0,1,2018,3
00-0029293,M.Jones,Marvin Jones,WR,WR,"https://static.www.nfl.com/image/private/f_auto,q_auto/league/ciy9sxefmcnwjw7ln3h2",DET,2018,1,REG,NYJ,0.0,0.0,0.0,0.0,0.0,0.0,0.0,0.0,0.0,0.0,0.0,0.0,,0.0,,,0.0,0.0,0.0,0.0,0.0,0.0,,0.0,4.0,8.0,54.0,0.0,0.0,0.0,121.0,20.0,3.0,-5.005425453186035,0.0,0.4462809860706329,0.1538461595773697,0.3002481460571289,0.4409429132938385,0.0,5.400000095367432,9.399999618530272,00-0029293,WR,2018_01_NYJ_DET,201809100det,REG,JoneMa02,WR,DET,NYJ,62.0,89.0,0.0,0.0,0.0,0.0,62.0,00-0029293,WR,1.0,7.4,0.0,6,2023,84
00-0029319,J.Bellamy,Josh Bellamy,WR,WR,"https://static.www.nfl.com/image/private/f_auto,q_auto/league/kgyz7lr35xl5j7oxjwlw",CHI,2018,2,REG,SEA,0.0,0.0,0.0,0.0,0.0,0.0,0.0,0.0,0.0,0.0,0.0,0.0,,0.0,,,0.0,0.0,0.0,0.0,0.0,0.0,,0.0,1.0,1.0,6.0,0.0,0.0,0.0,-1.0,7.0,1.0,0.6790840029716492,0.0,0.0,0.0294117648154497,-0.0048309178091585,0.0407360047101974,0.0,0.6000000238418579,1.600000023841858,00-0029319,WR,2018_02_SEA_CHI,201809170chi,REG,BellJo02,WR,CHI,SEA,2.0,3.0,0.0,0.0,18.0,0.67,20.0,00-0029319,WR,3.0,1.1,0.0,2,2019,21
00-0029388,D.Thompson,Deonte Thompson,WR,WR,"https://static.www.nfl.com/image/private/f_auto,q_auto/league/bvfgozqccoo627wuitkb",DAL,2018,1,REG,CAR,0.0,0.0,0.0,0.0,0.0,0.0,0.0,0.0,0.0,0.0,0.0,0.0,,0.0,,,0.0,0.0,0.0,0.0,0.0,0.0,,0.0,3.0,5.0,27.0,0.0,0.0,0.0,46.0,3.0,2.0,-0.8769364953041077,0.0,0.5869565010070801,0.1724137961864471,0.2129629701375961,0.4076947569847107,0.0,2.700000047683716,5.699999809265137,00-0029388,WR,2018_01_DAL_CAR,201809090car,REG,ThomDe04,WR,DAL,CAR,30.0,47.0,0.0,0.0,5.0,0.23,35.0,00-0029388,WR,3.0,4.2,0.0,1,2018,18
00-0029410,T.Wilson,Tavon Wilson,SS,DB,"https://static.www.nfl.com/image/private/f_auto,q_auto/league/ztnf4vdx2qw6nowvmxy4",DET,2018,9,REG,MIN,0.0,0.0,0.0,0.0,0.0,0.0,0.0,0.0,0.0,0.0,0.0,0.0,,0.0,,,1.0,7.0,0.0,0.0,0.0,1.0,2.8734302520751958,0.0,0.0,0.0,0.0,0.0,0.0,0.0,0.0,0.0,0.0,,0.0,,,,,0.0,0.699999988079071,0.699999988079071,00-0029410,FS,2018_09_DET_MIN,201811040min,REG,WilsTa00,SS,DET,MIN,0.0,0.0,17.0,35.0,9.0,0.35,26.0,00-0029410,SS,2.0,0.7000000000000001,0.0,1,2018,2
00-0029414,O.Charles,Orson Charles,TE,TE,"https://static.www.nfl.com/image/private/f_auto,q_auto/league/shbtvc2u3xznv47nzvm2",CLE,2018,3,REG,NYJ,0.0,0.0,0.0,0.0,0.0,0.0,0.0,0.0,0.0,0.0,0.0,0.0,,0.0,,,0.0,0.0,0.0,0.0,0.0,0.0,,0.0,0.0,1.0,0.0,0.0,0.0,0.0,18.0,0.0,0.0,-0.8647791743278503,0.0,0.0,0.0285714287310838,0.0456852801144123,0.0748368352651596,0.0,0.0,0.0,00-0029414,TE,2018_03_NYJ_CLE,201809200cle,REG,CharOr00,TE,CLE,NYJ,21.0,27.0,0.0,0.0,27.0,0.9,48.0,00-0029414,TE,2.0,0.0,0.0,1,2018,6
00-0029419,D.Kelly,Dennis Kelly,T,OL,"https://static.www.nfl.com/image/private/f_auto,q_auto/league/i4ev1ltkthmoslllgfhi",TEN,2019,12,REG,JAX,0.0,0.0,0.0,0.0,0.0,0.0,0.0,0.0,0.0,0.0,0.0,0.0,,0.0,,,0.0,0.0,0.0,0.0,0.0,0.0,,0.0,1.0,1.0,1.0,1.0,0.0,0.0,1.0,0.0,1.0,0.4715260565280914,0.0,1.0,0.0588235296308994,0.0079365083947777,0.0937908515334129,0.0,6.099999904632568,7.099999904632568,00-0029419,OT,2019_12_JAX_TEN,201911240oti,REG,KellDe00,T,TEN,JAX,10.0,19.0,0.0,0.0,6.0,0.21,16.0,00-0029419,T,2.0,6.6,0.0,1,2019,5
00-0029492,J.Olawale,Jamize Olawale,FB,RB,"https://static.www.nfl.com/image/private/f_auto,q_auto/league/dp7xdilrkk9f2i5ovne9",DAL,2018,6,REG,JAX,0.0,0.0,0.0,0.0,0.0,0.0,0.0,0.0,0.0,0.0,0.0,0.0,,0.0,,,0.0,0.0,0.0,0.0,0.0,0.0,,0.0,1.0,1.0,3.0,0.0,0.0,0.0,1.0,2.0,0.0,-0.4401288032531738,0.0,3.0,0.0384615398943424,0.0042016808874905,0.0606334842741489,0.0,0.3000000119209289,1.2999999523162842,00-0029492,RB,2018_06_JAX_DAL,201810140dal,REG,OlawJa00,FB,DAL,JAX,8.0,11.0,0.0,0.0,19.0,0.61,27.0,00-0029492,FB,1.0,0.8,0.0,2,2019,8
00-0029528,B.Massie,Bobby Massie,T,OL,"https://static.www.nfl.com/image/private/f_auto,q_auto/league/hfjtsmseahvvdllps7eg",CHI,2020,2,REG,NYG,0.0,0.0,0.0,0.0,0.0,0.0,0.0,0.0,0.0,0.0,0.0,0.0,,0.0,,,0.0,0.0,0.0,0.0,0.0,0.0,,0.0,1.0,1.0,4.0,0.0,0.0,0.0,3.0,1.0,1.0,1.9033194780349727,0.0,1.3333333730697632,0.0357142873108387,0.0125523013994097,0.0623580403625965,0.0,0.4000000059604645,1.399999976158142,00-0029528,OT,2020_02_NYG_CHI,202009200chi,REG,MassBo00,OL,CHI,NYG,65.0,100.0,0.0,0.0,4.0,0.18,69.0,00-0029528,T,1.0,0.9,0.0,1,2020,2
00-0029567,N.Foles,Nick Foles,QB,QB,"https://static.www.nfl.com/image/private/f_auto,q_auto/league/dxuz2ir773wylutxo7zs",PHI,2018,1,REG,ATL,19.0,34.0,117.0,0.0,1.0,2.0,13.0,1.0,0.0,277.0,51.0,5.0,-11.164289474487305,0.0,0.4223826825618744,-0.0396768487989902,1.0,-1.0,0.0,0.0,0.0,0.0,0.0,0.0,1.0,1.0,15.0,0.0,0.0,0.0,8.0,7.0,1.0,1.931480407714844,0.0,1.875,0.0285714287310838,0.0280701760202646,0.062506265938282,0.0,4.079999923706055,5.079999923706055,00-0029567,QB,2018_01_ATL_PHI,201809060phi,REG,FoleNi00,QB,PHI,ATL,72.0,100.0,0.0,0.0,0.0,0.0,72.0,00-0029567,QB,2.0,3.58,0.0,5,2022,29
00-0029572,J.Wright,Jarius Wright,WR,WR,"https://static.www.nfl.com/image/private/f_auto,q_auto/league/f4xgfra44cd6qjy6havp",CAR,2018,1,REG,DAL,0.0,0.0,0.0,0.0,0.0,0.0,0.0,0.0,0.0,0.0,0.0,0.0,,0.0,,,0.0,0.0,0.0,0.0,0.0,0.0,,0.0,3.0,5.0,23.0,0.0,1.0,0.0,8.0,19.0,2.0,-1.1360337734222412,0.0,2.875,0.2000000029802322,0.0516129024326801,0.3361290395259857,0.0,2.299999952316284,5.300000190734863,00-0029572,WR,2018_01_DAL_CAR,201809090car,REG,WrigJa02,WR,CAR,DAL,31.0,46.0,0.0,0.0,3.0,0.14,34.0,00-0029572,WR,2.0,1.8000000000000005,0.0,2,2019,35
00-0029580,R.Matthews,Rishard Matthews,WR,WR,"https://static.www.nfl.com/image/private/f_auto,q_auto/league/fr7nzgwarzuorvi8cvlc",TEN,2018,2,REG,HOU,0.0,0.0,0.0,0.0,0.0,0.0,0.0,0.0,0.0,0.0,0.0,0.0,,0.0,,,0.0,0.0,0.0,0.0,0.0,0.0,,0.0,2.0,4.0,8.0,0.0,0.0,0.0,-1.0,5.0,0.0,-3.105774164199829,0.0,0.0,0.190476194024086,-0.0081967208534479,0.2799765765666961,0.0,0.800000011920929,2.799999952316284,00-0029580,WR,2018_02_HOU_TEN,201809160oti,REG,MattRi00,WR,TEN,HOU,28.0,47.0,0.0,0.0,0.0,0.0,28.0,00-0029580,WR,1.0,1.8,0.0,1,2018,6
00-0029587,R.Ellison,Rhett Ellison,TE,TE,"https://static.www.nfl.com/image/private/f_auto,q_auto/league/pqvmhpdoritjtp8ng7ep",NYG,2018,1,REG,JAX,0.0,0.0,0.0,0.0,0.0,0.0,0.0,0.0,0.0,0.0,0.0,0.0,,0.0,,,0.0,0.0,0.0,0.0,0.0,0.0,,0.0,1.0,1.0,16.0,0.0,0.0,0.0,11.0,5.0,0.0,0.4023207128047943,0.0,1.454545497894287,0.0277777779847383,0.0464135035872459,0.0741561204195022,0.0,1.600000023841858,2.5999999046325684,00-0029587,TE,2018_01_JAX_NYG,201809090nyg,REG,ElliRh00,TE,NYG,JAX,29.0,41.0,0.0,0.0,8.0,0.28,37.0,00-0029587,TE,1.0,2.1,0.0,2,2019,25
00-0029608,T.Hilton,T.Y. Hilton,WR,WR,"https://static.www.nfl.com/image/private/f_auto,q_auto/league/b8kor0sgeynyd8u8cush",IND,2018,1,REG,CIN,0.0,0.0,0.0,0.0,0.0,0.0,0.0,0.0,0.0,0.0,0.0,0.0,,0.0,,,0.0,0.0,0.0,0.0,0.0,0.0,,0.0,5.0,11.0,46.0,1.0,0.0,0.0,105.0,19.0,3.0,1.4751019477844238,0.0,0.4380952417850494,0.2115384638309478,0.3697183132171631,0.5761104822158813,0.0,10.600000381469728,15.600000381469728,00-0029608,WR,2018_01_CIN_IND,201809090clt,REG,HiltT.00,WR,IND,CIN,80.0,98.0,0.0,0.0,0.0,0.0,80.0,00-0029608,WR,1.0,13.1,0.0,5,2022,82
00-0029613,D.Martin,Doug Martin,RB,RB,"https://static.www.nfl.com/image/private/f_auto,q_auto/league/lhazttk4tjpi7ggf7du4",LV,2018,1,REG,LA,0.0,0.0,0.0,0.0,0.0,0.0,0.0,0.0,0.0,0.0,0.0,0.0,,0.0,,,4.0,20.0,0.0,0.0,0.0,2.0,0.8887882828712463,0.0,2.0,2.0,-3.0,0.0,0.0,0.0,-10.0,7.0,0.0,-1.661508560180664,0.0,0.3000000119209289,0.0526315793395042,-0.0510204099118709,0.0432330816984176,0.0,1.7000000476837158,3.700000047683716,00-0029613,RB,2018_01_LA_OAK,201809100rai,REG,MartDo00,RB,OAK,LA,9.0,13.0,0.0,0.0,0.0,0.0,9.0,00-0029613,RB,2.0,2.7,0.0,1,2018,17
00-0029615,L.Miller,Lamar Miller,RB,RB,"https://static.www.nfl.com/image/private/f_auto,q_auto/league/vqxh6ynpmczzfyl9kcgq",HOU,2018,1,REG,NE,0.0,0.0,0.0,0.0,0.0,0.0,0.0,0.0,0.0,0.0,0.0,0.0,,0.0,,,20.0,98.0,0.0,0.0,0.0,3.0,-1.107492446899414,0.0,1.0,2.0,11.0,0.0,0.0,0.0,3.0,9.0,0.0,-0.1371075510978698,0.0,3.6666667461395264,0.0588235296308994,0.0079575600102543,0.0938055887818336,0.0,10.899999618530272,11.899999618530272,00-0029615,RB,2018_01_HOU_NE,201809090nwe,REG,MillLa01,RB,HOU,NE,57.0,77.0,0.0,0.0,0.0,0.0,57.0,00-0029615,RB,1.0,11.4,0.0,2,2020,19
00-0029623,A.Tanney,Alex Tanney,QB,QB,"https://static.www.nfl.com/image/private/f_auto,q_auto/league/imvd4rxtknm0ob8oul5z",NYG,2019,15,REG,MIA,1.0,1.0,1.0,0.0,0.0,0.0,-0.0,0.0,0.0,1.0,0.0,0.0,-0.0452440083026886,0.0,1.0,,0.0,0.0,0.0,0.0,0.0,0.0,,0.0,0.0,0.0,0.0,0.0,0.0,0.0,0.0,0.0,0.0,,0.0,,,,,0.0,0.0399999991059303,0.0399999991059303,00-0029623,QB,2019_15_MIA_NYG,201912150nyg,REG,TannAl00,QB,NYG,MIA,2.0,3.0,0.0,0.0,0.0,0.0,2.0,00-0029623,QB,3.0,0.04,0.0,1,2019,2
00-0029632,M.Sanu,Mohamed Sanu,WR,WR,"https://static.www.nfl.com/image/private/f_auto,q_auto/league/a6loroqhta6g65aqnsrk",ATL,2018,1,REG,PHI,0.0,0.0,0.0,0.0,0.0,0.0,0.0,0.0,0.0,0.0,0.0,0.0,,0.0,,,0.0,0.0,0.0,0.0,0.0,0.0,,0.0,4.0,6.0,18.0,0.0,0.0,0.0,49.0,5.0,1.0,1.1176669597625732,0.0,0.3673469424247741,0.1538461595773697,0.1361111104488372,0.3260470032691955,0.0,1.7999999523162842,5.800000190734863,00-0029632,WR,2018_01_ATL_PHI,201809060phi,REG,SanuMo00,WR,ATL,PHI,56.0,80.0,0.0,0.0,0.0,0.0,56.0,00-0029632,WR,1.0,3.8,0.0,4,2021,68
00-0029638,M.Floyd,Michael Floyd,WR,WR,"https://static.www.nfl.com/image/private/f_auto,q_auto/league/lisxjuyoo7hiux1ac4jb",WAS,2018,6,REG,CAR,0.0,0.0,0.0,0.0,0.0,0.0,0.0,0.0,0.0,0.0,0.0,0.0,,0.0,,,0.0,0.0,0.0,0.0,0.0,0.0,,0.0,0.0,1.0,0.0,0.0,0.0,0.0,11.0,0.0,0.0,-2.034766912460327,0.0,0.0,0.0303030312061309,0.0426356606185436,0.0752995088696479,0.0,0.0,0.0,00-0029638,WR,2018_06_CAR_WAS,201810140was,REG,FloyMi00,WR,WAS,CAR,7.0,10.0,0.0,0.0,3.0,0.12,10.0,00-0029638,WR,3.0,0.0,0.0,1,2018,11
00-0029640,B.Quick,Brian Quick,WR,WR,"https://static.www.nfl.com/image/private/f_auto,q_auto/league/tayczwuhluj2hyrva3cp",WAS,2018,5,REG,NO,0.0,0.0,0.0,0.0,0.0,0.0,0.0,0.0,0.0,0.0,0.0,0.0,,0.0,,,0.0,0.0,0.0,0.0,0.0,0.0,,0.0,1.0,1.0,6.0,0.0,0.0,0.0,5.0,1.0,0.0,0.2938435673713684,0.0,1.2000000476837158,0.0270270276814699,0.0140845067799091,0.0503996945917606,0.0,0.6000000238418579,1.600000023841858,00-0029640,WR,2018_05_WAS_NO,201810080nor,REG,QuicBr00,WR,WAS,NO,12.0,20.0,0.0,0.0,13.0,0.52,25.0,00-0029640,WR,2.0,1.1,0.0,1,2018,3
00-0029657,A.Hicks,Akiem Hicks,DT,DL,"https://static.www.nfl.com/image/private/f_auto,q_auto/league/u6vzbrj6xejni2lks17m",CHI,2018,13,REG,NYG,0.0,0.0,0.0,0.0,0.0,0.0,0.0,0.0,0.0,0.0,0.0,0.0,,0.0,,,1.0,1.0,1.0,0.0,0.0,1.0,2.642430067062378,0.0,0.0,0.0,0.0,0.0,0.0,0.0,0.0,0.0,0.0,,0.0,,,,,0.0,6.099999904632568,6.099999904632568,00-0029657,DE,2018_13_CHI_NYG,201812020nyg,REG,HickAk00,DT,CHI,NYG,1.0,1.0,63.0,88.0,0.0,0.0,64.0,00-0029657,DT,1.0,6.1,0.0,1,2018,2
00-0029664,J.Gordon,Josh Gordon,WR,WR,"https://static.www.nfl.com/image/private/f_auto,q_auto/league/wwqz2ujrj7wp86tyaxof",CLE,2018,1,REG,PIT,0.0,0.0,0.0,0.0,0.0,0.0,0.0,0.0,0.0,0.0,0.0,0.0,,0.0,,,0.0,0.0,0.0,0.0,0.0,0.0,,0.0,1.0,3.0,17.0,1.0,0.0,0.0,99.0,0.0,1.0,1.0333346128463743,0.0,0.1717171669006347,0.078947365283966,0.2397094368934631,0.2862176597118377,0.0,7.699999809265137,8.699999809265137,00-0029664,WR,2018_01_PIT_CLE,201809090cle,REG,GordJo02,WR,CLE,PIT,69.0,78.0,0.0,0.0,0.0,0.0,69.0,00-0029664,WR,2.0,8.2,0.0,4,2022,37
00-0029665,R.Griffin,Robert Griffin,QB,QB,"https://static.www.nfl.com/image/private/f_auto,q_auto/league/f9gitqxxg3f1uybdcfhc",BAL,2018,13,REG,ATL,2.0,4.0,21.0,0.0,0.0,0.0,-0.0,0.0,0.0,40.0,26.0,1.0,0.5508822798728943,0.0,0.5249999761581421,,0.0,0.0,0.0,0.0,0.0,0.0,,0.0,0.0,0.0,0.0,0.0,0.0,0.0,0.0,0.0,0.0,,0.0,,,,,0.0,0.8399999737739563,0.8399999737739563,00-0029665,QB,,,,,,,,0.0,0.0,0.0,0.0,0.0,0.0,0.0,00-0029665,QB,2.0,0.84,0.0,3,2020,15
00-0029668,A.Luck,Andrew Luck,QB,QB,"https://static.www.nfl.com/image/private/f_auto,q_auto/league/ojix2ha2u58zqozaw756",IND,2018,1,REG,CIN,39.0,53.0,319.0,2.0,1.0,2.0,14.0,0.0,0.0,297.0,163.0,17.0,7.078572750091553,0.0,1.0740740299224854,0.1231173276901245,1.0,7.0,0.0,0.0,0.0,1.0,1.8991144895553589,0.0,0.0,0.0,0.0,0.0,0.0,0.0,0.0,0.0,0.0,,0.0,,,,,0.0,19.459999084472656,19.459999084472656,00-0029668,QB,2018_01_CIN_IND,201809090clt,REG,LuckAn00,QB,IND,CIN,82.0,100.0,0.0,0.0,0.0,0.0,82.0,00-0029668,QB,1.0,23.46,0.0,1,2018,20
00-0029677,B.Weeden,Brandon Weeden,QB,QB,"https://static.www.nfl.com/image/private/f_auto,q_auto/league/m8oocp4p9nskilnakgnw",HOU,2018,8,REG,MIA,0.0,0.0,0.0,0.0,0.0,0.0,0.0,0.0,0.0,0.0,0.0,0.0,,0.0,,,1.0,-1.0,0.0,0.0,0.0,0.0,0.0,0.0,0.0,0.0,0.0,0.0,0.0,0.0,0.0,0.0,0.0,,0.0,,,,,0.0,-0.1000000014901161,-0.1000000014901161,00-0029677,QB,2018_08_MIA_HOU,201810250htx,REG,WeedBr00,QB,HOU,MIA,1.0,2.0,0.0,0.0,0.0,0.0,1.0,00-0029677,QB,2.0,-0.1,0.0,1,2018,2
00-0029682,B.Osweiler,Brock Osweiler,QB,QB,"https://static.www.nfl.com/image/private/f_auto,q_auto/league/pwkmtgeitdi79qtumb2x",MIA,2018,4,REG,NE,4.0,5.0,35.0,1.0,0.0,0.0,-0.0,0.0,0.0,43.0,29.0,4.0,6.820416927337647,0.0,0.8139534592628479,0.4533711671829223,1.0,7.0,0.0,0.0,0.0,0.0,-0.7420228123664856,0.0,0.0,0.0,0.0,0.0,0.0,0.0,0.0,0.0,0.0,,0.0,,,,,0.0,6.099999904632568,6.099999904632568,00-0029682,QB,2018_04_MIA_NE,201809300nwe,REG,OsweBr00,QB,MIA,NE,13.0,27.0,0.0,0.0,0.0,0.0,13.0,00-0029682,QB,3.0,6.1000000000000005,0.0,1,2018,8
00-0029689,D.Allen,Dwayne Allen,TE,TE,"https://static.www.nfl.com/image/private/f_auto,q_auto/league/wduwt0ibzoutozuywe4b",NE,2018,4,REG,MIA,0.0,0.0,0.0,0.0,0.0,0.0,0.0,0.0,0.0,0.0,0.0,0.0,,0.0,,,0.0,0.0,0.0,0.0,0.0,0.0,,0.0,1.0,2.0,-4.0,0.0,0.0,0.0,27.0,2.0,0.0,-1.8168660402297971,0.0,-0.1481481492519378,0.0571428574621677,0.0967741906642913,0.153456225991249,0.0,-0.4000000059604645,0.6000000238418579,00-0029689,TE,2018_04_MIA_NE,201809300nwe,REG,AlleDw00,TE,NE,MIA,45.0,56.00000000000001,0.0,0.0,3.0,0.12,48.0,00-0029689,TE,2.0,0.0999999999999999,0.0,1,2018,4
00-0029701,R.Tannehill,Ryan Tannehill,QB,QB,"https://static.www.nfl.com/image/private/f_auto,q_auto/league/yvwju12dl6haf3r8uzrm",MIA,2018,1,REG,TEN,20.0,28.0,230.0,2.0,2.0,1.0,8.0,0.0,0.0,291.0,89.0,9.0,2.2100846767425537,0.0,0.7903780341148376,0.0853506624698638,4.0,4.0,0.0,0.0,0.0,0.0,-0.9790215492248536,0.0,0.0,0.0,0.0,0.0,0.0,0.0,0.0,0.0,0.0,,0.0,,,,,0.0,13.600000381469728,13.600000381469728,00-0029701,QB,2018_01_TEN_MIA,201809090mia,REG,TannRy00,QB,MIA,TEN,62.0,100.0,0.0,0.0,0.0,0.0,62.0,00-0029701,QB,1.0,15.600000000000003,0.0,6,2023,132
00-0029738,D.Fells,Darren Fells,TE,TE,"https://static.www.nfl.com/image/private/f_auto,q_auto/league/eh0rbweg4wbzgzpvprnv",CLE,2018,1,REG,PIT,0.0,0.0,0.0,0.0,0.0,0.0,0.0,0.0,0.0,0.0,0.0,0.0,,0.0,,,0.0,0.0,0.0,0.0,0.0,0.0,,0.0,1.0,1.0,12.0,0.0,0.0,0.0,-4.0,16.0,1.0,1.0453475713729858,0.0,0.0,0.0263157896697521,-0.0096852304413914,0.0326940231025218,0.0,1.2000000476837158,2.200000047683716,00-0029738,TE,2018_01_PIT_CLE,201809090cle,REG,FellDa01,TE,CLE,PIT,39.0,44.0,0.0,0.0,28.0,0.78,67.0,00-0029738,TE,1.0,1.7000000000000002,0.0,4,2021,45
00-0029747,C.Banjo,Chris Banjo,FS,DB,"https://static.www.nfl.com/image/private/f_auto,q_auto/league/ibqowvcvkzurwo95ukg9",ARI,2021,17,REG,DAL,1.0,1.0,23.0,0.0,0.0,0.0,-0.0,0.0,0.0,19.0,4.0,1.0,3.7315282821655273,0.0,1.2105263471603394,,0.0,0.0,0.0,0.0,0.0,0.0,,0.0,0.0,0.0,0.0,0.0,0.0,0.0,0.0,0.0,0.0,,0.0,,,,,0.0,0.9200000166893004,0.9200000166893004,00-0029747,DB,2021_17_ARI_DAL,202201020dal,REG,BanjCh00,FS,ARI,DAL,0.0,0.0,0.0,0.0,21.0,0.81,21.0,00-0029747,FS,2.0,0.92,0.0,1,2021,2
00-0029764,C.Davis,Cody Davis,FS,DB,"https://static.www.nfl.com/image/private/f_auto,q_auto/league/pdijtrs1tnltal8g6cmx",JAX,2019,16,REG,ATL,0.0,0.0,0.0,0.0,0.0,0.0,0.0,0.0,0.0,0.0,0.0,0.0,,0.0,,,0.0,0.0,0.0,0.0,0.0,0.0,,0.0,1.0,1.0,7.0,0.0,0.0,0.0,2.0,5.0,1.0,3.0307769775390625,0.0,3.5,0.0322580635547637,0.008403361774981,0.0542694479227066,0.0,0.699999988079071,1.7000000476837158,00-0029764,DB,2019_16_JAX_ATL,201912220atl,REG,DaviCo02,FS,JAX,ATL,0.0,0.0,18.0,24.0,23.0,0.92,41.0,00-0029764,FS,3.0,1.2000000000000002,0.0,2,2023,4
00-0029795,B.Cunningham,Benny Cunningham,RB,RB,"https://static.www.nfl.com/image/private/f_auto,q_auto/league/yo9hvf3gnoxj7prmruo8",CHI,2018,3,REG,ARI,0.0,0.0,0.0,0.0,0.0,0.0,0.0,0.0,0.0,0.0,0.0,0.0,,0.0,,,0.0,0.0,0.0,0.0,0.0,0.0,,0.0,1.0,2.0,9.0,0.0,0.0,0.0,-14.0,13.0,1.0,-1.67068612575531,0.0,-0.6428571343421936,0.0571428574621677,-0.0414201170206069,0.0567202046513557,0.0,0.8999999761581421,1.899999976158142,00-0029795,RB,2018_03_CHI_ARI,201809230crd,REG,CunnBe01,RB,CHI,ARI,6.0,8.0,0.0,0.0,14.0,0.64,20.0,00-0029795,RB,3.0,1.4,0.0,1,2018,15
00-0029848,N.Williams,Nick Williams,WR,WR,"https://static.www.nfl.com/image/private/f_auto,q_auto/league/xzbqirh5sxfjtmmnrupw",TEN,2018,5,REG,BUF,0.0,0.0,0.0,0.0,0.0,0.0,0.0,0.0,0.0,0.0,0.0,0.0,,0.0,,,0.0,0.0,0.0,0.0,0.0,0.0,,0.0,0.0,2.0,0.0,0.0,0.0,0.0,29.0,0.0,0.0,-4.95587968826294,0.0,0.0,0.0799999982118606,0.1666666716337204,0.236666664481163,0.0,0.0,0.0,00-0029848,WR,2018_05_TEN_BUF,201810070buf,REG,WillNi02,WR,TEN,BUF,19.0,35.0,0.0,0.0,3.0,0.14,22.0,00-0029848,WR,2.0,0.0,0.0,1,2018,4
00-0029854,C.Anderson,C.J. Anderson,RB,RB,"https://static.www.nfl.com/image/private/f_auto,q_auto/league/jqqdxuowpdgl06zy0g0a",CAR,2018,1,REG,DAL,0.0,0.0,0.0,0.0,0.0,0.0,0.0,0.0,0.0,0.0,0.0,0.0,,0.0,,,7.0,35.0,0.0,0.0,0.0,2.0,1.4926456212997437,0.0,0.0,0.0,0.0,0.0,0.0,0.0,0.0,0.0,0.0,,0.0,,,,,0.0,3.5,3.5,00-0029854,RB,2018_01_DAL_CAR,201809090car,REG,AndeC.00,RB,CAR,DAL,12.0,18.0,0.0,0.0,2.0,0.09,14.0,00-0029854,RB,2.0,3.5,0.0,2,2019,16
00-0029857,R.Griffin,Ryan Griffin,QB,QB,"https://static.www.nfl.com/image/private/f_auto,q_auto/league/mpwu7c3o2lkxwqn1gras",TB,2019,14,REG,IND,2.0,4.0,18.0,0.0,0.0,0.0,-0.0,0.0,0.0,12.0,13.0,1.0,-0.6239215135574341,0.0,1.5,,0.0,0.0,0.0,0.0,0.0,0.0,,0.0,0.0,0.0,0.0,0.0,0.0,0.0,0.0,0.0,0.0,,0.0,,,,,0.0,0.7200000286102295,0.7200000286102295,00-0029857,QB,2019_14_MIA_NYJ,201912080nyj,REG,GrifRy00,TE,NYJ,MIA,3.0,4.0,0.0,0.0,1.0,0.03,4.0,00-0029857,QB,2.0,0.72,0.0,1,2019,7
00-0029931,Z.Line,Zach Line,FB,RB,"https://static.www.nfl.com/image/private/f_auto,q_auto/league/dddfiilg9qy54xtorb6r",NO,2018,1,REG,TB,0.0,0.0,0.0,0.0,0.0,0.0,0.0,0.0,0.0,0.0,0.0,0.0,,0.0,,,0.0,0.0,0.0,0.0,0.0,0.0,,0.0,0.0,1.0,0.0,0.0,0.0,0.0,3.0,0.0,0.0,-0.6141682863235474,0.0,0.0,0.0227272734045982,0.0087976539507508,0.040249265730381,0.0,0.0,0.0,00-0029931,FB,2018_01_TB_NO,201809090nor,REG,LineZa01,FB,NO,TB,11.0,17.0,0.0,0.0,13.0,0.39,24.0,00-0029931,FB,1.0,0.0,0.0,2,2019,21
00-0030068,M.Goodwin,Marquise Goodwin,WR,WR,"https://static.www.nfl.com/image/upload/f_auto,q_auto/league/cof5bbih1o9dtnonwmjp",SF,2018,1,REG,MIN,0.0,0.0,0.0,0.0,0.0,0.0,0.0,0.0,0.0,0.0,0.0,0.0,,0.0,,,0.0,0.0,0.0,0.0,0.0,0.0,,0.0,0.0,1.0,0.0,0.0,0.0,0.0,1.0,0.0,0.0,-0.6382976174354553,0.0,0.0,0.03125,0.0029069767333567,0.0489098839461803,0.0,0.0,0.0,00-0030068,WR,2018_01_SF_MIN,201809090min,REG,GoodMa00,WR,SF,MIN,17.0,26.0,0.0,0.0,0.0,0.0,17.0,00-0030068,WR,1.0,0.0,0.0,5,2023,61
00-0030074,D.Bakhtiari,David Bakhtiari,T,OL,"https://static.www.nfl.com/image/private/f_auto,q_auto/league/mhx8ji1f0wzvvwrmcryl",GB,2022,9,REG,DET,0.0,0.0,0.0,0.0,0.0,0.0,0.0,0.0,0.0,0.0,0.0,0.0,,0.0,,,0.0,0.0,0.0,0.0,0.0,0.0,,0.0,0.0,1.0,0.0,0.0,0.0,0.0,1.0,0.0,0.0,-5.991489887237549,0.0,0.0,0.025000000372529,0.0024154589045792,0.0391908213496208,0.0,0.0,0.0,00-0030074,OT,2022_09_GB_DET,202211060det,REG,BakhDa00,T,GB,DET,42.0,56.99999999999999,0.0,0.0,0.0,0.0,42.0,00-0030074,T,1.0,0.0,0.0,1,2022,2
00-0030085,K.Stills,Kenny Stills,WR,WR,"https://static.www.nfl.com/image/private/f_auto,q_auto/league/wswn6tehkzj8mdfbablx",MIA,2018,1,REG,TEN,0.0,0.0,0.0,0.0,0.0,0.0,0.0,0.0,0.0,0.0,0.0,0.0,,0.0,,,0.0,0.0,0.0,0.0,0.0,0.0,,0.0,4.0,5.0,106.0,2.0,0.0,0.0,80.0,41.0,3.0,7.97114372253418,0.0,1.3250000476837158,0.1785714328289032,0.2749140858650207,0.460297018289566,0.0,22.600000381469727,26.600000381469727,00-0030085,WR,2018_01_TEN_MIA,201809090mia,REG,StilKe00,WR,MIA,TEN,59.0,95.0,0.0,0.0,0.0,0.0,59.0,00-0030085,WR,1.0,27.6,0.0,4,2021,52
00-0030089,L.Willson,Luke Willson,TE,TE,"https://static.www.nfl.com/image/private/f_auto,q_auto/league/a6zcpjyfusebcm8i3w2w",DET,2018,1,REG,NYJ,0.0,0.0,0.0,0.0,0.0,0.0,0.0,0.0,0.0,0.0,0.0,0.0,,0.0,,,0.0,0.0,0.0,0.0,0.0,0.0,,0.0,0.0,1.0,0.0,0.0,0.0,0.0,14.0,0.0,0.0,-5.976988315582275,0.0,0.0,0.0192307699471712,0.0347394533455371,0.0531637705862522,0.0,0.0,0.0,00-0030089,TE,2018_01_NYJ_DET,201809100det,REG,WillLu00,TE,DET,NYJ,14.0,20.0,0.0,0.0,14.0,0.44,28.0,00-0030089,TE,1.0,0.0,0.0,3,2020,22
00-0030090,M.Hyde,Micah Hyde,FS,DB,"https://static.www.nfl.com/image/private/f_auto,q_auto/league/xxdwo2ndjc4qm9q5lpgx",BUF,2019,7,REG,MIA,0.0,0.0,0.0,0.0,0.0,0.0,0.0,0.0,0.0,0.0,0.0,0.0,,0.0,,,0.0,0.0,0.0,0.0,0.0,0.0,,0.0,0.0,0.0,0.0,0.0,0.0,0.0,0.0,0.0,0.0,,0.0,,,,,1.0,6.0,6.0,00-0030090,S,2019_07_MIA_BUF,201910200buf,REG,HydeMi00,FS,BUF,MIA,0.0,0.0,71.0,99.0,5.0,0.19,76.0,00-0030090,FS,1.0,0.0,0.0,1,2019,3
00-0030107,T.Riddick,Theo Riddick,RB,RB,"https://static.www.nfl.com/image/private/f_auto,q_auto/league/aptuag5ocazmionhvnt6",DET,2018,1,REG,NYJ,0.0,0.0,0.0,0.0,0.0,0.0,0.0,0.0,0.0,0.0,0.0,0.0,,0.0,,,4.0,20.0,0.0,0.0,0.0,1.0,-0.4031360149383545,0.0,5.0,7.0,15.0,0.0,0.0,0.0,7.0,14.0,1.0,-8.413154602050781,0.0,2.142857074737549,0.1346153914928436,0.0173697266727685,0.2140818834304809,0.0,3.5,8.5,00-0030107,RB,2018_01_NYJ_DET,201809100det,REG,RiddTh00,RB,DET,NYJ,41.0,59.0,0.0,0.0,0.0,0.0,41.0,00-0030107,RB,1.0,6.0,0.0,2,2020,20
00-0030108,R.Griffin,Ryan Griffin,TE,TE,"https://static.www.nfl.com/image/private/f_auto,q_auto/league/izjfxtmk2dhzhrlwpt9g",HOU,2018,1,REG,NE,0.0,0.0,0.0,0.0,0.0,0.0,0.0,0.0,0.0,0.0,0.0,0.0,,0.0,,,0.0,0.0,0.0,0.0,0.0,0.0,,0.0,0.0,5.0,0.0,0.0,0.0,0.0,60.0,0.0,0.0,-6.70784330368042,0.0,0.0,0.147058829665184,0.1591511964797973,0.3319940567016601,0.0,0.0,0.0,00-0030108,TE,2018_01_HOU_NE,201809090nwe,REG,GrifRy00,TE,HOU,NE,63.0,85.0,0.0,0.0,10.0,0.31,73.0,00-0030108,TE,1.0,0.0,0.0,5,2022,60
00-0030112,T.Bohanon,Tommy Bohanon,FB,RB,"https://static.www.nfl.com/image/private/f_auto,q_auto/league/lmoesdqqzu6v8rmnyqlk",JAX,2018,3,REG,TEN,0.0,0.0,0.0,0.0,0.0,0.0,0.0,0.0,0.0,0.0,0.0,0.0,,0.0,,,0.0,0.0,0.0,0.0,0.0,0.0,,0.0,1.0,2.0,5.0,0.0,0.0,0.0,6.0,3.0,0.0,-0.3744841516017914,0.0,0.8333333134651184,0.0588235296308994,0.0444444455206394,0.1193464025855064,0.0,0.5,1.5,00-0030112,FB,2018_03_TEN_JAX,201809230jax,REG,BohaTo00,FB,JAX,TEN,5.0,9.0,0.0,0.0,0.0,0.0,5.0,00-0030112,FB,1.0,1.0,0.0,1,2018,8
00-0030147,R.Shepard,Russell Shepard,WR,WR,"https://static.www.nfl.com/image/private/f_auto,q_auto/league/gk2saq7m1jxl90g9slks",NYG,2018,2,REG,DAL,0.0,0.0,0.0,0.0,0.0,0.0,0.0,0.0,0.0,0.0,0.0,0.0,,0.0,,,0.0,0.0,0.0,0.0,0.0,0.0,,0.0,0.0,1.0,0.0,0.0,0.0,0.0,20.0,0.0,0.0,-0.9491827487945556,0.0,0.0,0.0227272734045982,0.0696864128112793,0.0828713998198509,0.0,0.0,0.0,00-0030147,WR,2018_02_NYG_DAL,201809160dal,REG,ShepRu00,WR,NYG,DAL,6.0,9.0,0.0,0.0,19.0,0.73,25.0,00-0030147,WR,2.0,0.0,0.0,2,2019,12
00-0030151,T.Bray,Tyler Bray,QB,QB,"https://static.www.nfl.com/image/private/f_auto,q_auto/league/hlzuryxbamsj6di3q6ps",CHI,2020,10,REG,MIN,1.0,5.0,18.0,0.0,0.0,0.0,-0.0,0.0,0.0,43.0,13.0,1.0,-1.1256110668182373,0.0,0.4186046421527862,-0.1512487083673477,0.0,0.0,0.0,0.0,0.0,0.0,,0.0,0.0,0.0,0.0,0.0,0.0,0.0,0.0,0.0,0.0,,0.0,,,,,0.0,0.7200000286102295,0.7200000286102295,00-0030151,QB,2020_10_MIN_CHI,202011160chi,REG,BrayTy00,QB,CHI,MIN,5.0,10.0,0.0,0.0,0.0,0.0,5.0,,,,0.72,0.0,1,2020,2
00-0030155,D.Harris,Demetrius Harris,TE,TE,"https://static.www.nfl.com/image/private/f_auto,q_auto/league/nlajcnjlosuajmqswxvl",KC,2018,3,REG,SF,0.0,0.0,0.0,0.0,0.0,0.0,0.0,0.0,0.0,0.0,0.0,0.0,,0.0,,,0.0,0.0,0.0,0.0,0.0,0.0,,0.0,1.0,3.0,13.0,1.0,0.0,0.0,41.0,0.0,1.0,-0.0529800988733768,0.0,0.3170731663703918,0.078947365283966,0.1067708358168602,0.1931606382131576,0.0,7.300000190734863,8.300000190734863,00-0030155,TE,2018_03_SF_KC,201809230kan,REG,HarrDe03,TE,KC,SF,25.0,33.0,0.0,0.0,24.0,0.86,49.0,00-0030155,TE,2.0,7.8,0.0,4,2021,39
00-0030170,R.Miles,Rontez Miles,FS,DB,"https://static.www.nfl.com/image/private/f_auto,q_auto/league/ufb0jodghl5ntdimenbc",NYJ,2018,16,REG,GB,0.0,0.0,0.0,0.0,0.0,0.0,0.0,0.0,0.0,0.0,0.0,0.0,,0.0,,,1.0,4.0,0.0,0.0,0.0,1.0,1.847545266151428,0.0,0.0,0.0,0.0,0.0,0.0,0.0,0.0,0.0,0.0,,0.0,,,,,0.0,0.4000000059604645,0.4000000059604645,00-0030170,DB,2018_16_GB_NYJ,201812230nyj,REG,MileRo00,FS,NYJ,GB,0.0,0.0,1.0,1.0,30.0,0.81,31.0,00-0030170,FS,2.0,0.4,0.0,1,2018,2
00-0030181,J.Doyle,Jack Doyle,TE,TE,"https://static.www.nfl.com/image/private/f_auto,q_auto/league/h6abyvmg2g93llboizi6",IND,2018,1,REG,CIN,0.0,0.0,0.0,0.0,0.0,0.0,0.0,0.0,0.0,0.0,0.0,0.0,,0.0,,,0.0,0.0,0.0,0.0,0.0,0.0,,0.0,7.0,10.0,60.0,0.0,1.0,1.0,59.0,15.0,2.0,-11.68181037902832,0.0,1.01694917678833,0.1923076957464218,0.2077464759349823,0.4338840842247009,0.0,4.0,11.0,00-0030181,TE,2018_01_CIN_IND,201809090clt,REG,DoylJa00,TE,IND,CIN,77.0,94.0,0.0,0.0,7.0,0.24,84.0,00-0030181,TE,1.0,7.5,0.0,4,2021,55
00-0030196,J.Heath,Jeff Heath,SS,DB,"https://static.www.nfl.com/image/private/f_auto,q_auto/league/knimytdhoo3rqiacbgtm",DAL,2018,10,REG,PHI,0.0,0.0,0.0,0.0,0.0,0.0,0.0,0.0,0.0,0.0,0.0,0.0,,0.0,,,1.0,3.0,0.0,0.0,0.0,1.0,2.151312351226806,0.0,0.0,0.0,0.0,0.0,0.0,0.0,0.0,0.0,0.0,,0.0,,,,,0.0,0.3000000119209289,0.3000000119209289,00-0030196,S,2018_10_DAL_PHI,201811110phi,REG,HeatJe00,SS,DAL,PHI,0.0,0.0,62.0,100.0,17.0,0.61,79.0,00-0030196,SS,1.0,0.3,0.0,2,2020,4
00-0030197,D.Lacey,Deon Lacey,ILB,LB,"https://static.www.nfl.com/image/private/f_auto,q_auto/league/iahxdsgmcg9b15fxznsh",MIA,2019,17,REG,NE,0.0,0.0,0.0,0.0,0.0,0.0,0.0,0.0,0.0,0.0,0.0,0.0,,0.0,,,0.0,0.0,0.0,0.0,0.0,0.0,,0.0,0.0,1.0,0.0,0.0,0.0,0.0,30.0,0.0,0.0,-2.855100631713867,0.0,0.0,0.0227272734045982,0.0704225376248359,0.0833866819739341,0.0,0.0,0.0,00-0030197,LB,2019_17_MIA_NE,201912290nwe,REG,LaceDe00,LB,MIA,NE,0.0,0.0,1.0,2.0,19.0,0.63,20.0,00-0030197,ILB,2.0,0.0,0.0,1,2019,2
00-0030216,J.Hill,Josh Hill,TE,TE,"https://static.www.nfl.com/image/private/f_auto,q_auto/league/vdva7m1fxklv6gxbsg7q",NO,2018,1,REG,TB,0.0,0.0,0.0,0.0,0.0,0.0,0.0,0.0,0.0,0.0,0.0,0.0,,0.0,,,0.0,0.0,0.0,0.0,0.0,0.0,,0.0,1.0,1.0,15.0,0.0,0.0,0.0,-6.0,21.0,1.0,1.925140619277954,0.0,0.0,0.0227272734045982,-0.0175953079015016,0.0217741932719945,0.0,1.5,2.5,00-0030216,TE,2018_01_TB_NO,201809090nor,REG,HillJo02,TE,NO,TB,24.0,38.0,0.0,0.0,4.0,0.12,28.0,00-0030216,TE,2.0,2.0,0.0,3,2020,40
00-0030288,R.Burkhead,Rex Burkhead,RB,RB,"https://static.www.nfl.com/image/private/f_auto,q_auto/league/ysgdnkasvp07qmrkasve",NE,2018,1,REG,HOU,0.0,0.0,0.0,0.0,0.0,0.0,0.0,0.0,0.0,0.0,0.0,0.0,,0.0,,,18.0,64.0,0.0,1.0,0.0,2.0,-3.0649211406707764,0.0,1.0,3.0,5.0,0.0,0.0,0.0,25.0,0.0,0.0,-1.3333625793457031,0.0,0.2000000029802322,0.0769230797886848,0.078125,0.1700721085071563,0.0,6.900000095367432,7.900000095367432,00-0030288,RB,2018_01_HOU_NE,201809090nwe,REG,BurkRe00,RB,NE,HOU,38.0,51.0,0.0,0.0,11.0,0.34,49.0,00-0030288,RB,1.0,5.4,0.0,5,2022,70
00-0030300,J.Brown,Jaron Brown,WR,WR,"https://static.www.nfl.com/image/private/f_auto,q_auto/league/y41u4egwigms9rg2p3ln",SEA,2018,1,REG,DEN,0.0,0.0,0.0,0.0,0.0,0.0,0.0,0.0,0.0,0.0,0.0,0.0,,0.0,,,0.0,0.0,0.0,0.0,0.0,0.0,,0.0,1.0,3.0,7.0,0.0,0.0,0.0,84.0,0.0,0.0,0.2628593146800995,0.0,0.0833333358168602,0.0909090936183929,0.2492581605911255,0.310844361782074,0.0,0.699999988079071,1.7000000476837158,00-0030300,WR,2018_01_SEA_DEN,201809090den,REG,BrowJa03,WR,SEA,DEN,33.0,57.99999999999999,0.0,0.0,10.0,0.29,43.0,00-0030300,WR,2.0,1.2000000000000002,0.0,2,2019,20
00-0030404,C.Thompson,Chris Thompson,RB,RB,"https://static.www.nfl.com/image/private/f_auto,q_auto/league/ypyldro2efcy5jcrytft",WAS,2018,1,REG,ARI,0.0,0.0,0.0,0.0,0.0,0.0,0.0,0.0,0.0,0.0,0.0,0.0,,0.0,,,5.0,65.0,0.0,0.0,0.0,4.0,3.88720703125,0.0,6.0,7.0,63.0,1.0,0.0,0.0,11.0,59.0,4.0,6.184083461761475,0.0,5.7272725105285645,0.2413793057203292,0.1078431382775306,0.4375591576099396,0.0,18.799999237060547,24.799999237060547,00-0030404,RB,2018_01_WAS_ARI,201809090crd,REG,ThomCh03,RB,WAS,ARI,33.0,42.0,0.0,0.0,1.0,0.05,34.0,00-0030404,RB,2.0,21.8,0.0,3,2020,30
00-0030414,S.Ware,Spencer Ware,RB,RB,"https://static.www.nfl.com/image/private/f_auto,q_auto/league/qr04afpcu3fqpgxnws6t",KC,2018,1,REG,LAC,0.0,0.0,0.0,0.0,0.0,0.0,0.0,0.0,0.0,0.0,0.0,0.0,,0.0,,,3.0,32.0,0.0,0.0,0.0,2.0,0.2444805204868316,0.0,1.0,1.0,8.0,0.0,0.0,0.0,4.0,4.0,0.0,0.3619266152381897,0.0,2.0,0.0399999991059303,0.0119047621265053,0.0683333352208137,0.0,4.0,5.0,00-0030414,RB,2018_01_KC_LAC,201809090sdg,REG,WareSp00,RB,KC,LAC,9.0,16.0,0.0,0.0,4.0,0.13,13.0,00-0030414,RB,2.0,4.5,0.0,2,2019,17
00-0030422,D.Sims,Dion Sims,TE,TE,"https://static.www.nfl.com/image/private/f_auto,q_auto/league/gvok1agdl3xtz9nceqfr",CHI,2018,1,REG,GB,0.0,0.0,0.0,0.0,0.0,0.0,0.0,0.0,0.0,0.0,0.0,0.0,,0.0,,,0.0,0.0,0.0,0.0,0.0,0.0,,0.0,2.0,3.0,9.0,0.0,0.0,0.0,28.0,9.0,0.0,-2.008256196975708,0.0,0.3214285671710968,0.0909090936183929,0.1346153914928436,0.2305944114923477,0.0,0.8999999761581421,2.900000095367432,00-0030422,TE,2018_01_CHI_GB,201809090gnb,REG,SimsDi00,TE,CHI,GB,20.0,29.0,0.0,0.0,5.0,0.18,25.0,00-0030422,TE,2.0,1.9,0.0,1,2018,3
00-0030432,C.Michael,Christine Michael,RB,RB,"https://static.www.nfl.com/image/private/f_auto,q_auto/league/qlysbozgkexeoohnqrvz",IND,2018,1,REG,CIN,0.0,0.0,0.0,0.0,0.0,0.0,0.0,0.0,0.0,0.0,0.0,0.0,,0.0,,,2.0,9.0,0.0,0.0,0.0,0.0,-0.6164762377738953,0.0,0.0,0.0,0.0,0.0,0.0,0.0,0.0,0.0,0.0,,0.0,,,,,0.0,0.8999999761581421,0.8999999761581421,00-0030432,RB,2018_01_CIN_IND,201809090clt,REG,MichCh00,RB,IND,CIN,3.0,4.0,0.0,0.0,0.0,0.0,3.0,00-0030432,RB,3.0,0.9,0.0,1,2018,2
00-0030433,M.Gillislee,Mike Gillislee,RB,RB,"https://static.www.nfl.com/image/private/f_auto,q_auto/league/bz85uuhwz2daip0avjrg",NO,2018,1,REG,TB,0.0,0.0,0.0,0.0,0.0,0.0,0.0,0.0,0.0,0.0,0.0,0.0,,0.0,,,3.0,9.0,0.0,1.0,1.0,1.0,-8.807198524475098,0.0,0.0,0.0,0.0,0.0,0.0,0.0,0.0,0.0,0.0,,0.0,,,,,0.0,-1.100000023841858,-1.100000023841858,00-0030433,RB,2018_01_TB_NO,201809090nor,REG,GillMi00,RB,NO,TB,7.0,11.0,0.0,0.0,16.0,0.48,23.0,00-0030433,RB,2.0,-1.1,0.0,1,2018,5
00-0030443,L.Toilolo,Levine Toilolo,TE,TE,"https://static.www.nfl.com/image/private/f_auto,q_auto/league/w6qnlfw0cuxest48srd0",DET,2018,1,REG,NYJ,0.0,0.0,0.0,0.0,0.0,0.0,0.0,0.0,0.0,0.0,0.0,0.0,,0.0,,,0.0,0.0,0.0,0.0,0.0,0.0,,0.0,1.0,1.0,7.0,0.0,0.0,0.0,4.0,3.0,1.0,0.541969895362854,0.0,1.75,0.0192307699471712,0.0099255582317709,0.0357940457761287,0.0,0.699999988079071,1.7000000476837158,00-0030443,TE,2018_01_NYJ_DET,201809100det,REG,ToilLe00,TE,DET,NYJ,20.0,29.0,0.0,0.0,5.0,0.16,25.0,00-0030443,TE,3.0,1.2000000000000002,0.0,3,2020,21
00-0030456,G.Bernard,Giovani Bernard,RB,RB,"https://static.www.nfl.com/image/private/f_auto,q_auto/league/guht9y14gftgsugb87xz",CIN,2018,1,REG,IND,0.0,0.0,0.0,0.0,0.0,0.0,0.0,0.0,0.0,0.0,0.0,0.0,,0.0,,,1.0,-2.0,0.0,0.0,0.0,0.0,-0.85248202085495,0.0,1.0,1.0,11.0,0.0,0.0,0.0,3.0,8.0,0.0,0.5541131496429443,0.0,3.6666667461395264,0.0357142873108387,0.0215827338397502,0.0686793401837349,0.0,0.8999999761581421,1.899999976158142,00-0030456,RB,2018_01_CIN_IND,201809090clt,REG,BernGi00,RB,CIN,IND,12.0,21.0,0.0,0.0,3.0,0.1,15.0,00-0030456,RB,2.0,1.4,0.0,5,2022,64
00-0030465,K.Barner,Kenjon Barner,RB,RB,"https://static.www.nfl.com/image/private/f_auto,q_auto/league/n8hvbyw7vdlj7svjwqg4",NE,2018,4,REG,MIA,0.0,0.0,0.0,0.0,0.0,0.0,0.0,0.0,0.0,0.0,0.0,0.0,,0.0,,,3.0,11.0,0.0,0.0,0.0,1.0,-2.208783864974976,0.0,0.0,0.0,0.0,0.0,0.0,0.0,0.0,0.0,0.0,,0.0,,,,,0.0,1.100000023841858,1.100000023841858,00-0030465,RB,2018_04_MIA_NE,201809300nwe,REG,BarnKe00,RB,NE,MIA,10.0,12.0,0.0,0.0,1.0,0.04,11.0,,,,1.1,0.0,4,2021,41
00-0030470,V.McDonald,Vance McDonald,TE,TE,"https://static.www.nfl.com/image/private/f_auto,q_auto/league/apafzol1dcqu56cqotv9",PIT,2018,2,REG,KC,0.0,0.0,0.0,0.0,0.0,0.0,0.0,0.0,0.0,0.0,0.0,0.0,,0.0,,,0.0,0.0,0.0,0.0,0.0,0.0,,0.0,3.0,5.0,26.0,0.0,0.0,0.0,30.0,18.0,2.0,-0.6941555142402649,0.0,0.8666666746139526,0.0833333358168602,0.0558659210801124,0.1641061455011367,0.0,2.5999999046325684,5.599999904632568,00-0030470,TE,2018_02_KC_PIT,201809160pit,REG,McDoVa00,TE,PIT,KC,37.0,45.0,0.0,0.0,0.0,0.0,37.0,00-0030470,TE,1.0,4.1,0.0,3,2020,43
00-0030471,S.Williams,Shawn Williams,SS,DB,"https://static.www.nfl.com/image/private/f_auto,q_auto/league/itwadnav0rwaqupj5lws",CIN,2020,10,REG,PIT,0.0,0.0,0.0,0.0,0.0,0.0,0.0,0.0,0.0,0.0,0.0,0.0,,0.0,,,1.0,39.0,0.0,0.0,0.0,1.0,4.767214298248291,0.0,0.0,0.0,0.0,0.0,0.0,0.0,0.0,0.0,0.0,,0.0,,,,,0.0,3.900000095367432,3.900000095367432,00-0030471,S,2020_10_CIN_PIT,202011150pit,REG,WillSh02,S,CIN,PIT,0.0,0.0,6.0,8.0,36.0,0.95,42.0,00-0030471,SS,2.0,3.9,0.0,1,2020,3
00-0030472,J.Reed,Jordan Reed,TE,TE,"https://static.www.nfl.com/image/private/f_auto,q_auto/league/jur0qgejd3lzv8flmxcq",WAS,2018,1,REG,ARI,0.0,0.0,0.0,0.0,0.0,0.0,0.0,0.0,0.0,0.0,0.0,0.0,,0.0,,,0.0,0.0,0.0,0.0,0.0,0.0,,0.0,4.0,5.0,48.0,1.0,0.0,0.0,28.0,25.0,3.0,5.911884784698486,0.0,1.7142857313156128,0.1724137961864471,0.2745098173618316,0.4507775604724884,0.0,10.800000190734863,14.800000190734863,00-0030472,TE,2018_01_WAS_ARI,201809090crd,REG,ReedJo02,TE,WAS,ARI,41.0,52.0,0.0,0.0,0.0,0.0,41.0,00-0030472,TE,1.0,12.8,0.0,2,2020,25
00-0030496,L.Bell,Le'Veon Bell,RB,RB,"https://static.www.nfl.com/image/private/f_auto,q_auto/league/sm3ij3pcby5ciqwaaqa1",NYJ,2019,1,REG,BUF,0.0,0.0,0.0,0.0,0.0,0.0,0.0,0.0,0.0,0.0,0.0,0.0,,0.0,,,17.0,60.0,0.0,0.0,0.0,3.0,-0.709388792514801,0.0,6.0,9.0,32.0,1.0,0.0,0.0,5.0,29.0,4.0,2.431466817855835,1.0,6.400000095367432,0.2195121943950653,0.0224215239286422,0.3449633717536926,0.0,17.200000762939453,23.200000762939453,00-0030496,RB,2019_01_BUF_NYJ,201909080nyj,REG,BellLe00,RB,NYJ,BUF,71.0,100.0,0.0,0.0,0.0,0.0,71.0,00-0030496,RB,1.0,18.2,0.0,3,2021,38
00-0030513,L.Murray,Latavius Murray,RB,RB,"https://static.www.nfl.com/image/private/f_auto,q_auto/league/zepm7ghltyeqydn0qxcg",MIN,2018,1,REG,SF,0.0,0.0,0.0,0.0,0.0,0.0,0.0,0.0,0.0,0.0,0.0,0.0,,0.0,,,11.0,42.0,0.0,0.0,0.0,1.0,-2.657786130905152,0.0,0.0,0.0,0.0,0.0,0.0,0.0,0.0,0.0,0.0,,0.0,,,,,0.0,4.199999809265137,4.199999809265137,00-0030513,RB,2018_01_SF_MIN,201809090min,REG,MurrLa00,RB,MIN,SF,14.0,20.0,0.0,0.0,0.0,0.0,14.0,00-0030513,RB,2.0,4.2,0.0,6,2023,101
00-0030516,B.Butler,Brice Butler,WR,WR,"https://static.www.nfl.com/image/private/f_auto,q_auto/league/xnr2lcdlhui4vyu6z4ir",DAL,2018,7,REG,WAS,0.0,0.0,0.0,0.0,0.0,0.0,0.0,0.0,0.0,0.0,0.0,0.0,,0.0,,,0.0,0.0,0.0,0.0,0.0,0.0,,0.0,0.0,1.0,0.0,0.0,0.0,0.0,46.0,0.0,0.0,-1.0608961582183838,0.0,0.0,0.0285714287310838,0.1274238228797912,0.1320538222789764,0.0,0.0,0.0,00-0030516,WR,2018_07_DAL_WAS,201810210was,REG,ButlBr00,WR,DAL,WAS,2.0,3.0,0.0,0.0,0.0,0.0,2.0,00-0030516,WR,2.0,0.0,0.0,1,2018,6
00-0030520,M.Glennon,Mike Glennon,QB,QB,"https://static.www.nfl.com/image/private/f_auto,q_auto/league/mubobrjbeudtezxv0t0p",ARI,2018,15,REG,ATL,10.0,14.0,111.0,1.0,0.0,1.0,8.0,0.0,0.0,123.0,65.0,5.0,5.011377811431885,0.0,0.9024389982223512,0.2179189175367355,0.0,0.0,0.0,0.0,0.0,0.0,,0.0,0.0,0.0,0.0,0.0,0.0,0.0,0.0,0.0,0.0,,0.0,,,,,0.0,8.4399995803833,8.4399995803833,00-0030520,QB,2018_15_ARI_ATL,201812160atl,REG,GlenMi00,QB,ARI,ATL,17.0,25.0,0.0,0.0,0.0,0.0,17.0,00-0030520,QB,2.0,8.440000000000001,0.0,4,2021,19
00-0030521,J.Hunter,Justin Hunter,WR,WR,"https://static.www.nfl.com/image/private/f_auto,q_auto/league/jwfx9spolez2cofb3kvq",PIT,2018,1,REG,CLE,0.0,0.0,0.0,0.0,0.0,0.0,0.0,0.0,0.0,0.0,0.0,0.0,,0.0,,,0.0,0.0,0.0,0.0,0.0,0.0,,0.0,1.0,5.0,6.0,0.0,0.0,0.0,98.0,0.0,1.0,-0.4243970811367035,0.0,0.061224490404129,0.1219512224197387,0.2565445005893707,0.3625079691410064,0.0,0.6000000238418579,1.600000023841858,00-0030521,WR,2018_01_PIT_CLE,201809090cle,REG,HuntJu00,WR,PIT,CLE,51.0,61.0,0.0,0.0,0.0,0.0,51.0,00-0030521,WR,2.0,1.1,0.0,1,2018,5
00-0030525,T.Austin,Tavon Austin,WR,WR,"https://static.www.nfl.com/image/private/f_auto,q_auto/league/ulagxqgjnrft4wub0gus",DAL,2018,1,REG,CAR,0.0,0.0,0.0,0.0,0.0,0.0,0.0,0.0,0.0,0.0,0.0,0.0,,0.0,,,1.0,1.0,0.0,0.0,0.0,0.0,-0.3923083841800689,0.0,0.0,0.0,0.0,0.0,0.0,0.0,0.0,0.0,0.0,,0.0,,,,,0.0,0.1000000014901161,0.1000000014901161,00-0030525,WR,2018_01_DAL_CAR,201809090car,REG,AustTa00,RB,DAL,CAR,10.0,16.0,0.0,0.0,4.0,0.18,14.0,00-0030525,WR,2.0,0.1,0.0,4,2021,75
00-0030533,M.Barkley,Matt Barkley,QB,QB,"https://static.www.nfl.com/image/private/f_auto,q_auto/league/ejvscebj0ufugx5vrouq",BUF,2018,10,REG,NYJ,15.0,25.0,232.0,3.0,0.0,1.0,8.0,0.0,0.0,310.0,77.0,12.0,14.352384567260742,0.0,0.7483870983123779,0.2467626333236694,3.0,-2.0,0.0,0.0,0.0,0.0,-3.768487930297852,0.0,0.0,0.0,0.0,0.0,0.0,0.0,0.0,0.0,0.0,,0.0,,,,,0.0,21.07999992370605,21.07999992370605,00-0030533,QB,2018_10_BUF_NYJ,201811110nyj,REG,BarkMa00,QB,BUF,NYJ,73.0,100.0,0.0,0.0,0.0,0.0,73.0,00-0030533,QB,2.0,21.08,0.0,4,2023,12
00-0030542,T.Williams,Terrance Williams,WR,WR,"https://static.www.nfl.com/image/private/f_auto,q_auto/league/emdrh1uwgitgnw1wytiv",DAL,2018,1,REG,CAR,0.0,0.0,0.0,0.0,0.0,0.0,0.0,0.0,0.0,0.0,0.0,0.0,,0.0,,,0.0,0.0,0.0,0.0,0.0,0.0,,0.0,1.0,2.0,6.0,0.0,0.0,0.0,21.0,0.0,0.0,-0.5227263569831848,0.0,0.2857142984867096,0.0689655169844627,0.0972222238779068,0.1715038269758224,0.0,0.6000000238418579,1.600000023841858,00-0030542,WR,2018_01_DAL_CAR,201809090car,REG,WillTe01,WR,DAL,CAR,19.0,30.0,0.0,0.0,0.0,0.0,19.0,00-0030542,WR,1.0,1.1,0.0,1,2018,3
00-0030549,T.Eifert,Tyler Eifert,TE,TE,"https://static.www.nfl.com/image/private/f_auto,q_auto/league/sextvbehmeu7ydutxtsu",CIN,2018,1,REG,IND,0.0,0.0,0.0,0.0,0.0,0.0,0.0,0.0,0.0,0.0,0.0,0.0,,0.0,,,0.0,0.0,0.0,0.0,0.0,0.0,,0.0,3.0,3.0,44.0,0.0,0.0,0.0,20.0,24.0,1.0,1.789945125579834,0.0,2.200000047683716,0.1071428582072258,0.1438848972320556,0.2614337205886841,0.0,4.400000095367432,7.400000095367432,00-0030549,TE,2018_01_CIN_IND,201809090clt,REG,EifeTy00,TE,CIN,IND,23.0,41.0,0.0,0.0,0.0,0.0,23.0,00-0030549,TE,1.0,5.9,0.0,3,2020,37
00-0030558,B.Mingo,Barkevious Mingo,OLB,LB,"https://static.www.nfl.com/image/private/f_auto,q_auto/league/zvxz5rvgtwx8k53ljx3j",CHI,2020,9,REG,TEN,0.0,0.0,0.0,0.0,0.0,0.0,0.0,0.0,0.0,0.0,0.0,0.0,,0.0,,,1.0,11.0,0.0,0.0,0.0,1.0,2.8950769901275635,0.0,0.0,0.0,0.0,0.0,0.0,0.0,0.0,0.0,0.0,,0.0,,,,,0.0,1.100000023841858,1.100000023841858,00-0030558,OLB,2020_09_CHI_TEN,202011080oti,REG,MingBa00,LB,CHI,TEN,0.0,0.0,12.0,22.0,28.0,0.85,40.0,00-0030558,OLB,2.0,1.1,0.0,1,2020,2
00-0030578,C.Patterson,Cordarrelle Patterson,RB,RB,"https://static.www.nfl.com/image/private/f_auto,q_auto/league/gy2bb38cns4nxypehbqi",NE,2018,1,REG,HOU,0.0,0.0,0.0,0.0,0.0,0.0,0.0,0.0,0.0,0.0,0.0,0.0,,0.0,,,3.0,13.0,0.0,0.0,0.0,1.0,-0.0442843660712242,0.0,1.0,1.0,6.0,0.0,0.0,0.0,0.0,6.0,1.0,0.7079355120658875,0.0,0.0,0.0256410259753465,0.0,0.0384615398943424,0.0,1.899999976158142,2.900000095367432,00-0030578,RB,2018_01_HOU_NE,201809090nwe,REG,PattCo00,WR,NE,HOU,16.0,21.0,0.0,0.0,5.0,0.16,21.0,00-0030578,RB,2.0,2.4000000000000004,0.0,7,2024,207
00-0030584,E.Fisher,Eric Fisher,T,OL,"https://static.www.nfl.com/image/private/f_auto,q_auto/league/ztwpjz1jdxa9w67ll6h4",KC,2020,3,REG,BAL,0.0,0.0,0.0,0.0,0.0,0.0,0.0,0.0,0.0,0.0,0.0,0.0,,0.0,,,0.0,0.0,0.0,0.0,0.0,0.0,,0.0,1.0,1.0,2.0,1.0,0.0,0.0,1.0,1.0,1.0,0.9046684503555298,0.0,2.0,0.0243902429938316,0.0029239766299724,0.0386321507394313,0.0,6.199999809265137,7.199999809265137,00-0030584,OT,2020_03_KC_BAL,202009280rav,REG,FishEr00,T,KC,BAL,75.0,100.0,0.0,0.0,6.0,0.24,81.0,00-0030584,T,1.0,6.7,0.0,1,2020,2
00-0030648,A.Villanueva,Alejandro Villanueva,T,OL,"https://static.www.nfl.com/image/private/f_auto,q_auto/league/u0iqbfj30q64ngrmwdvr",PIT,2018,12,REG,DEN,0.0,0.0,0.0,0.0,0.0,0.0,0.0,0.0,0.0,0.0,0.0,0.0,,0.0,,,0.0,0.0,0.0,0.0,0.0,0.0,,0.0,1.0,1.0,2.0,1.0,0.0,0.0,2.0,0.0,1.0,3.9913909435272217,0.0,1.0,0.0172413792461156,0.0048899757675826,0.0292850509285926,0.0,6.199999809265137,7.199999809265137,00-0030648,OT,2018_12_PIT_DEN,201811250den,REG,VillAl00,T,PIT,DEN,78.0,100.0,0.0,0.0,5.0,0.19,83.0,00-0030648,T,1.0,6.7,0.0,1,2018,2
00-0030656,I.Crowell,Isaiah Crowell,RB,RB,"https://static.www.nfl.com/image/private/f_auto,q_auto/league/oruiw5myfimtssv6j2ar",NYJ,2018,1,REG,DET,0.0,0.0,0.0,0.0,0.0,0.0,0.0,0.0,0.0,0.0,0.0,0.0,,0.0,,,10.0,102.0,2.0,0.0,0.0,3.0,5.495819091796875,0.0,0.0,0.0,0.0,0.0,0.0,0.0,0.0,0.0,0.0,,0.0,,,,,0.0,22.200000762939453,22.200000762939453,00-0030656,RB,2018_01_NYJ_DET,201809100det,REG,CrowIs00,RB,NYJ,DET,24.0,40.0,0.0,0.0,0.0,0.0,24.0,00-0030656,RB,1.0,25.200000000000003,0.0,1,2018,14
00-0030663,W.Snead,Willie Snead,WR,WR,"https://static.www.nfl.com/image/private/f_auto,q_auto/league/fr5xckiwhguuaishnbju",BAL,2018,1,REG,BUF,0.0,0.0,0.0,0.0,0.0,0.0,0.0,0.0,0.0,0.0,0.0,0.0,,0.0,,,0.0,0.0,0.0,0.0,0.0,0.0,,0.0,4.0,6.0,49.0,1.0,0.0,0.0,49.0,24.0,3.0,2.3829641342163086,0.0,1.0,0.1621621549129486,0.2024793326854705,0.3849787712097168,0.0,10.899999618530272,14.899999618530272,00-0030663,WR,2018_01_BUF_BAL,201809090rav,REG,SneaWi00,WR,BAL,BUF,42.0,52.0,0.0,0.0,0.0,0.0,42.0,00-0030663,WR,1.0,12.9,0.0,5,2023,131
00-0030668,C.West,Charcandrick West,RB,RB,"https://static.www.nfl.com/image/private/f_auto,q_auto/league/ccvw7oos9bzr4ojdiuac",KC,2018,16,REG,SEA,0.0,0.0,0.0,0.0,0.0,0.0,0.0,0.0,0.0,0.0,0.0,0.0,,0.0,,,1.0,1.0,0.0,0.0,0.0,1.0,-0.089195117354393,0.0,2.0,3.0,37.0,1.0,0.0,0.0,16.0,25.0,2.0,3.387153148651123,0.0,2.3125,0.0769230797886848,0.0421052649617195,0.1448583006858825,0.0,9.800000190734863,11.800000190734863,00-0030668,RB,2018_16_KC_SEA,201812230sea,REG,WestCh01,RB,KC,SEA,19.0,31.0,0.0,0.0,3.0,0.09,22.0,00-0030668,RB,3.0,10.8,0.0,1,2018,3
00-0030669,A.Wilson,Albert Wilson,WR,WR,"https://static.www.nfl.com/image/private/f_auto,q_auto/league/slythouwdcrug0poiios",MIA,2018,1,REG,TEN,0.0,0.0,0.0,0.0,0.0,0.0,0.0,0.0,0.0,0.0,0.0,0.0,,0.0,,,2.0,7.0,0.0,0.0,0.0,1.0,-0.1100371479988098,0.0,3.0,4.0,31.0,0.0,0.0,0.0,24.0,21.0,2.0,2.3711671829223637,0.0,1.2916666269302368,0.1428571492433548,0.0824742242693901,0.2720176875591278,0.0,3.799999952316284,6.800000190734863,00-0030669,WR,2018_01_TEN_MIA,201809090mia,REG,WilsAl02,WR,MIA,TEN,34.0,55.00000000000001,0.0,0.0,0.0,0.0,34.0,00-0030669,WR,2.0,5.300000000000001,0.0,3,2021,47
00-0030670,B.Fowler,Bennie Fowler,WR,WR,"https://static.www.nfl.com/image/private/f_auto,q_auto/league/nfcmdcfhjf347rw1cstq",NYG,2018,7,REG,ATL,0.0,0.0,0.0,0.0,0.0,0.0,0.0,0.0,0.0,0.0,0.0,0.0,,0.0,,,0.0,0.0,0.0,0.0,0.0,0.0,,0.0,1.0,1.0,11.0,0.0,0.0,0.0,4.0,7.0,1.0,0.6810778379440308,0.0,2.75,0.0270270276814699,0.0144404331222176,0.0506488420069217,0.0,1.100000023841858,2.0999999046325684,00-0030670,WR,2018_07_NYG_ATL,201810220atl,REG,FowlBe00,WR,NYG,ATL,35.0,55.00000000000001,0.0,0.0,11.0,0.44,46.0,,,,1.6,0.0,3,2020,28
00-0030710,T.Burton,Trey Burton,TE,TE,"https://static.www.nfl.com/image/private/f_auto,q_auto/league/vt2ce0szit4ozyh5s5iw",CHI,2018,1,REG,GB,0.0,0.0,0.0,0.0,0.0,0.0,0.0,0.0,0.0,0.0,0.0,0.0,,0.0,,,0.0,0.0,0.0,0.0,0.0,0.0,,0.0,1.0,5.0,15.0,0.0,0.0,0.0,61.0,0.0,1.0,-0.6959108114242554,0.0,0.2459016442298889,0.1515151560306549,0.2932692170143127,0.4325611889362335,0.0,1.5,2.5,00-0030710,TE,2018_01_CHI_GB,201809090gnb,REG,BurtTr01,TE,CHI,GB,61.0,87.0,0.0,0.0,0.0,0.0,61.0,00-0030710,TE,1.0,2.0,0.0,3,2020,40
00-0030711,D.Fluellen,David Fluellen,RB,RB,"https://static.www.nfl.com/image/private/f_auto,q_auto/league/hw3jqryjpuw3hhackwsm",TEN,2018,7,REG,LAC,0.0,0.0,0.0,0.0,0.0,0.0,0.0,0.0,0.0,0.0,0.0,0.0,,0.0,,,1.0,2.0,0.0,0.0,0.0,0.0,-0.5632713437080383,0.0,0.0,0.0,0.0,0.0,0.0,0.0,0.0,0.0,0.0,,0.0,,,,,0.0,0.2000000029802322,0.2000000029802322,00-0030711,RB,2018_07_TEN_LAC,201810210sdg,REG,FlueDa00,RB,TEN,LAC,3.0,4.0,0.0,0.0,14.0,0.61,17.0,00-0030711,RB,3.0,0.2,0.0,1,2018,3
00-0030737,F.Martino,Freddie Martino,WR,WR,"https://static.www.nfl.com/image/private/f_auto,q_auto/league/ztiguqllxmcbjynsqwn9",TB,2018,1,REG,NO,0.0,0.0,0.0,0.0,0.0,0.0,0.0,0.0,0.0,0.0,0.0,0.0,,0.0,,,0.0,0.0,0.0,0.0,0.0,0.0,,0.0,0.0,1.0,0.0,0.0,0.0,0.0,3.0,0.0,0.0,-2.092099666595459,0.0,0.0,0.0357142873108387,0.0087976539507508,0.0597297847270965,0.0,0.0,0.0,00-0030737,WR,2018_01_TB_NO,201809090nor,REG,MartFr00,WR,TB,NO,13.0,20.0,0.0,0.0,18.0,0.55,31.0,00-0030737,WR,3.0,0.0,0.0,1,2018,2
00-0030741,R.Nix,Roosevelt Nix,FB,RB,"https://static.www.nfl.com/image/private/f_auto,q_auto/league/ibpity8hbzwonppqziyb",PIT,2018,2,REG,KC,0.0,0.0,0.0,0.0,0.0,0.0,0.0,0.0,0.0,0.0,0.0,0.0,,0.0,,,0.0,0.0,0.0,0.0,0.0,0.0,,0.0,1.0,1.0,19.0,0.0,0.0,0.0,-1.0,20.0,1.0,1.6259863376617432,0.0,-19.0,0.016666667535901,-0.0018621974159032,0.0236964616924524,0.0,1.899999976158142,2.900000095367432,00-0030741,FB,2018_02_KC_PIT,201809160pit,REG,NixxRo01,FB,PIT,KC,4.0,5.0,0.0,0.0,24.0,0.69,28.0,00-0030741,FB,1.0,2.4000000000000004,0.0,2,2019,9
00-0030780,R.Hewitt,Ryan Hewitt,TE,TE,"https://static.www.nfl.com/image/private/f_auto,q_auto/league/egbpiaml7idnpcxa1x8q",IND,2018,2,REG,WAS,0.0,0.0,0.0,0.0,0.0,0.0,0.0,0.0,0.0,0.0,0.0,0.0,,0.0,,,0.0,0.0,0.0,0.0,0.0,0.0,,0.0,0.0,1.0,0.0,0.0,0.0,0.0,5.0,0.0,0.0,-0.5039472579956055,0.0,0.0,0.0322580635547637,0.0378787890076637,0.0749022513628006,0.0,0.0,0.0,00-0030780,TE,2018_02_IND_WAS,201809160was,REG,HewiRy00,TE,IND,WAS,17.0,28.000000000000004,0.0,0.0,12.0,0.48,29.0,00-0030780,TE,2.0,0.0,0.0,1,2018,4
00-0030821,A.Hurns,Allen Hurns,WR,WR,"https://static.www.nfl.com/image/private/f_auto,q_auto/league/ficrwzwu4bfswpzu61fv",DAL,2018,1,REG,CAR,0.0,0.0,0.0,0.0,0.0,0.0,0.0,0.0,0.0,0.0,0.0,0.0,,0.0,,,0.0,0.0,0.0,0.0,0.0,0.0,,0.0,1.0,3.0,20.0,0.0,0.0,0.0,47.0,1.0,1.0,0.8043151497840881,0.0,0.4255319237709045,0.1034482792019844,0.2175925970077514,0.3074872195720672,0.0,2.0,3.0,00-0030821,WR,2018_01_DAL_CAR,201809090car,REG,HurnAl01,WR,DAL,CAR,38.0,59.0,0.0,0.0,0.0,0.0,38.0,00-0030821,WR,1.0,2.5,0.0,2,2019,32
00-0030854,E.Swoope,Erik Swoope,TE,TE,"https://static.www.nfl.com/image/private/f_auto,q_auto/league/lgucz1buzapjyv92e7tj",IND,2018,1,REG,CIN,0.0,0.0,0.0,0.0,0.0,0.0,0.0,0.0,0.0,0.0,0.0,0.0,,0.0,,,0.0,0.0,0.0,0.0,0.0,0.0,,0.0,1.0,1.0,13.0,0.0,0.0,0.0,2.0,11.0,1.0,1.336842656135559,0.0,6.5,0.0192307699471712,0.0070422533899545,0.0337757319211959,0.0,1.2999999523162842,2.299999952316284,00-0030854,TE,2018_01_CIN_IND,201809090clt,REG,SwooEr00,TE,IND,CIN,5.0,6.0,0.0,0.0,15.0,0.52,20.0,00-0030854,TE,2.0,1.8,0.0,1,2018,8
00-0030874,D.Williams,Damien Williams,RB,RB,"https://static.www.nfl.com/image/private/f_auto,q_auto/league/ga4vusnfwfvhp2ksqw7x",KC,2018,1,REG,LAC,0.0,0.0,0.0,0.0,0.0,0.0,0.0,0.0,0.0,0.0,0.0,0.0,,0.0,,,1.0,0.0,0.0,0.0,0.0,0.0,-0.5428627133369446,0.0,0.0,0.0,0.0,0.0,0.0,0.0,0.0,0.0,0.0,,0.0,,,,,0.0,0.0,0.0,00-0030874,RB,2018_01_KC_LAC,201809090sdg,REG,WillDa05,RB,KC,LAC,7.0,12.0,0.0,0.0,6.0,0.2,13.0,00-0030874,RB,3.0,0.0,0.0,5,2023,45
00-0030968,K.Smith,Keith Smith,FB,RB,"https://static.www.nfl.com/image/private/f_auto,q_auto/league/jolwasweebgk37nkl7ia",LV,2018,2,REG,DEN,0.0,0.0,0.0,0.0,0.0,0.0,0.0,0.0,0.0,0.0,0.0,0.0,,0.0,,,0.0,0.0,0.0,0.0,0.0,0.0,,0.0,2.0,3.0,12.0,0.0,0.0,0.0,3.0,8.0,1.0,-3.1867032051086426,0.0,4.0,0.09375,0.0162162166088819,0.1519763469696045,0.0,1.2000000476837158,3.200000047683716,00-0030968,FB,2018_02_OAK_DEN,201809160den,REG,SmitKe03,FB,OAK,DEN,8.0,12.0,0.0,0.0,18.0,0.69,26.0,00-0030968,FB,1.0,2.2,0.0,6,2023,43
00-0031023,Q.Enunwa,Quincy Enunwa,WR,WR,"https://static.www.nfl.com/image/private/f_auto,q_auto/league/vsd27gfxzjt7v7izbjet",NYJ,2018,1,REG,DET,0.0,0.0,0.0,0.0,0.0,0.0,0.0,0.0,0.0,0.0,0.0,0.0,,0.0,,,0.0,0.0,0.0,0.0,0.0,0.0,,0.0,6.0,9.0,63.0,1.0,0.0,0.0,63.0,42.0,4.0,5.0771164894104,0.0,1.0,0.449999988079071,0.3727810680866241,0.935946762561798,0.0,12.300000190734863,18.299999237060547,00-0031023,WR,2018_01_NYJ_DET,201809100det,REG,EnunQu00,WR,NYJ,DET,40.0,67.0,0.0,0.0,0.0,0.0,40.0,00-0031023,WR,2.0,15.3,0.0,2,2019,14
00-0031035,X.Grimble,Xavier Grimble,TE,TE,"https://static.www.nfl.com/image/private/f_auto,q_auto/league/crjwhcfk4bt6dqojjppj",PIT,2018,3,REG,TB,0.0,0.0,0.0,0.0,0.0,0.0,0.0,0.0,0.0,0.0,0.0,0.0,,0.0,,,0.0,0.0,0.0,0.0,0.0,0.0,,0.0,0.0,1.0,0.0,0.0,0.0,0.0,23.0,0.0,0.0,-0.4190835952758789,0.0,0.0,0.0270270276814699,0.0942622944712638,0.106524147093296,0.0,0.0,0.0,00-0031035,TE,2018_03_PIT_TB,201809240tam,REG,GrimXa00,TE,PIT,TB,16.0,24.0,0.0,0.0,6.0,0.19,22.0,00-0031035,TE,3.0,0.0,0.0,2,2019,11
00-0031045,C.Hyde,Carlos Hyde,RB,RB,"https://static.www.nfl.com/image/private/f_auto,q_auto/league/qpmv42ldpkpdf1gpgeua",CLE,2018,1,REG,PIT,0.0,0.0,0.0,0.0,0.0,0.0,0.0,0.0,0.0,0.0,0.0,0.0,,0.0,,,22.0,62.0,1.0,0.0,0.0,3.0,-2.574147701263428,0.0,1.0,2.0,3.0,0.0,0.0,0.0,-9.0,11.0,0.0,-0.603099524974823,0.0,-0.3333333432674408,0.0526315793395042,-0.0217917673289775,0.0636931285262107,0.0,12.5,13.5,00-0031045,RB,2018_01_PIT_CLE,201809090cle,REG,HydeCa00,RB,CLE,PIT,47.0,53.0,0.0,0.0,0.0,0.0,47.0,00-0031045,RB,1.0,13.0,0.0,4,2021,60
00-0031051,J.Brown,John Brown,WR,WR,"https://static.www.nfl.com/image/private/f_auto,q_auto/league/xwyc2a0qfdxbbct6lso6",BAL,2018,1,REG,BUF,0.0,0.0,0.0,0.0,0.0,0.0,0.0,0.0,0.0,0.0,0.0,0.0,,0.0,,,1.0,1.0,0.0,0.0,0.0,0.0,-0.5604997873306274,0.0,3.0,4.0,44.0,1.0,0.0,0.0,47.0,2.0,2.0,5.096516132354736,0.0,0.936170220375061,0.1081081107258796,0.1942148804664611,0.2981125712394714,0.0,10.5,13.5,00-0031051,WR,2018_01_BUF_BAL,201809090rav,REG,BrowJo02,WR,BAL,BUF,48.0,60.0,0.0,0.0,0.0,0.0,48.0,00-0031051,WR,1.0,12.0,0.0,5,2022,59
00-0031060,D.Thomas,De'Anthony Thomas,WR,WR,"https://static.www.nfl.com/image/private/f_auto,q_auto/league/ubevvtu8f1snobsxnnwl",KC,2018,1,REG,LAC,0.0,0.0,0.0,0.0,0.0,0.0,0.0,0.0,0.0,0.0,0.0,0.0,,0.0,,,0.0,0.0,0.0,0.0,0.0,0.0,,0.0,1.0,2.0,1.0,1.0,0.0,0.0,42.0,4.0,1.0,0.1113775745034217,0.0,0.0238095242530107,0.0799999982118606,0.125,0.2074999958276748,0.0,6.099999904632568,7.099999904632568,00-0031060,WR,2018_01_KC_LAC,201809090sdg,REG,ThomDe05,WR,KC,LAC,7.0,12.0,0.0,0.0,17.0,0.57,24.0,00-0031060,WR,2.0,6.6,0.0,2,2019,17
00-0031062,J.White,James White,RB,RB,"https://static.www.nfl.com/image/private/f_auto,q_auto/league/z1nnkmnstccnqya5d5ee",NE,2018,1,REG,HOU,0.0,0.0,0.0,0.0,0.0,0.0,0.0,0.0,0.0,0.0,0.0,0.0,,0.0,,,5.0,18.0,0.0,0.0,0.0,0.0,-2.4974231719970703,0.0,4.0,9.0,38.0,1.0,0.0,0.0,37.0,28.0,2.0,-3.681984901428223,0.0,1.0270270109176636,0.2307692319154739,0.1156250014901161,0.4270913600921631,0.0,11.600000381469728,15.600000381469728,00-0031062,RB,2018_01_HOU_NE,201809090nwe,REG,WhitJa02,RB,NE,HOU,36.0,48.0,0.0,0.0,0.0,0.0,36.0,00-0031062,RB,1.0,13.6,0.0,4,2021,60
00-0031068,R.Grant,Ryan Grant,WR,WR,"https://static.www.nfl.com/image/private/f_auto,q_auto/league/im7fnk7uti759btkrdok",IND,2018,1,REG,CIN,0.0,0.0,0.0,0.0,0.0,0.0,0.0,0.0,0.0,0.0,0.0,0.0,,0.0,,,0.0,0.0,0.0,0.0,0.0,0.0,,0.0,8.0,9.0,59.0,0.0,0.0,0.0,59.0,23.0,3.0,1.4319826364517212,0.0,1.0,0.1730769276618957,0.2077464759349823,0.40503790974617,0.0,5.900000095367432,13.899999618530272,00-0031068,WR,2018_01_CIN_IND,201809090clt,REG,GranRy01,WR,IND,CIN,65.0,79.0,0.0,0.0,0.0,0.0,65.0,00-0031068,WR,1.0,9.9,0.0,2,2019,18
00-0031075,A.Blue,Alfred Blue,RB,RB,"https://static.www.nfl.com/image/private/f_auto,q_auto/league/qt9zmmipmlcin4gxs8wt",HOU,2018,1,REG,NE,0.0,0.0,0.0,0.0,0.0,0.0,0.0,0.0,0.0,0.0,0.0,0.0,,0.0,,,5.0,36.0,1.0,0.0,0.0,4.0,2.378574848175049,0.0,0.0,0.0,0.0,0.0,0.0,0.0,0.0,0.0,0.0,,0.0,,,,,0.0,9.600000381469728,9.600000381469728,00-0031075,RB,2018_01_HOU_NE,201809090nwe,REG,BlueAl00,RB,HOU,NE,10.0,14.000000000000002,0.0,0.0,23.0,0.72,33.0,00-0031075,RB,2.0,9.6,0.0,1,2018,19
00-0031076,D.Fales,David Fales,QB,QB,"https://static.www.nfl.com/image/private/f_auto,q_auto/league/izwtweargevmjanrafe3",NYJ,2019,5,REG,PHI,0.0,0.0,0.0,0.0,0.0,1.0,7.0,0.0,0.0,0.0,0.0,0.0,-0.8420424461364746,0.0,,,0.0,0.0,0.0,0.0,0.0,0.0,,0.0,0.0,0.0,0.0,0.0,0.0,0.0,0.0,0.0,0.0,,0.0,,,,,0.0,0.0,0.0,00-0031076,QB,2019_05_NYJ_PHI,201910060phi,REG,FaleDa00,QB,NYJ,PHI,4.0,7.000000000000001,0.0,0.0,0.0,0.0,4.0,,,,0.0,0.0,1,2019,2
00-0031102,K.Bibbs,Kapri Bibbs,RB,RB,"https://static.www.nfl.com/image/private/f_auto,q_auto/league/yvqplagyljhiso4imgiq",WAS,2018,3,REG,GB,0.0,0.0,0.0,0.0,0.0,0.0,0.0,0.0,0.0,0.0,0.0,0.0,,0.0,,,2.0,3.0,0.0,0.0,0.0,0.0,-0.4807904958724975,0.0,0.0,0.0,0.0,0.0,0.0,0.0,0.0,0.0,0.0,,0.0,,,,,0.0,0.3000000119209289,0.3000000119209289,00-0031102,RB,2018_03_GB_WAS,201809230was,REG,BibbKa00,RB,WAS,GB,6.0,10.0,0.0,0.0,7.0,0.24,13.0,,,,0.3,0.0,1,2018,10
00-0031166,S.Roberts,Seth Roberts,WR,WR,"https://static.www.nfl.com/image/private/f_auto,q_auto/league/wcralkq5mcdpsmjvkatl",LV,2018,1,REG,LA,0.0,0.0,0.0,0.0,0.0,0.0,0.0,0.0,0.0,0.0,0.0,0.0,,0.0,,,0.0,0.0,0.0,0.0,0.0,0.0,,0.0,1.0,1.0,11.0,0.0,0.0,0.0,0.0,11.0,1.0,1.9384005069732664,0.0,0.0,0.0263157896697521,0.0,0.039473682641983,0.0,1.100000023841858,2.0999999046325684,00-0031166,WR,2018_01_LA_OAK,201809100rai,REG,RobeSe00,WR,OAK,LA,45.0,64.0,0.0,0.0,0.0,0.0,45.0,00-0031166,WR,2.0,1.6,0.0,3,2020,36
00-0031167,S.Simonson,Scott Simonson,TE,TE,"https://static.www.nfl.com/image/private/f_auto,q_auto/league/cocieog4hemdjlipo1qh",NYG,2018,4,REG,NO,0.0,0.0,0.0,0.0,0.0,0.0,0.0,0.0,0.0,0.0,0.0,0.0,,0.0,,,0.0,0.0,0.0,0.0,0.0,0.0,,0.0,1.0,1.0,7.0,0.0,0.0,0.0,5.0,2.0,1.0,0.7479076981544495,0.0,1.399999976158142,0.0243902429938316,0.0199999995529651,0.0505853667855262,0.0,0.699999988079071,1.7000000476837158,00-0031167,TE,2018_04_NO_NYG,201809300nyg,REG,SimoSc00,TE,NYG,NO,14.0,23.0,0.0,0.0,14.0,0.48,28.0,00-0031167,TE,2.0,1.2000000000000002,0.0,2,2019,18
00-0031189,T.Jones,T.J. Jones,WR,WR,"https://static.www.nfl.com/image/private/f_auto,q_auto/league/fqv9h42uxtxjl7jjs2dt",DET,2018,1,REG,NYJ,0.0,0.0,0.0,0.0,0.0,0.0,0.0,0.0,0.0,0.0,0.0,0.0,,0.0,,,0.0,0.0,0.0,0.0,0.0,0.0,,0.0,1.0,3.0,6.0,0.0,0.0,0.0,26.0,2.0,0.0,-0.8308811783790588,0.0,0.2307692319154739,0.0576923079788684,0.0645161271095275,0.1316997557878494,0.0,0.6000000238418579,1.600000023841858,00-0031189,WR,2018_01_NYJ_DET,201809100det,REG,JoneT.00,WR,DET,NYJ,17.0,24.0,0.0,0.0,0.0,0.0,17.0,00-0031189,WR,2.0,1.1,0.0,2,2019,35
00-0031209,S.Perry,Senorise Perry,RB,RB,"https://static.www.nfl.com/image/private/f_auto,q_auto/league/oswxcmdccm8me6v2n6ao",BUF,2019,17,REG,NYJ,0.0,0.0,0.0,0.0,0.0,0.0,0.0,0.0,0.0,0.0,0.0,0.0,,0.0,,,3.0,3.0,0.0,0.0,0.0,0.0,-2.1801352500915527,0.0,1.0,1.0,1.0,0.0,0.0,0.0,-1.0,2.0,0.0,-0.8389626145362854,0.0,-1.0,0.0256410259753465,-0.0032679738942533,0.0361739583313465,0.0,0.4000000059604645,1.399999976158142,00-0031209,RB,2019_17_NYJ_BUF,201912290buf,REG,PerrSe00,RB,BUF,NYJ,9.0,14.000000000000002,0.0,0.0,17.0,0.68,26.0,00-0031209,RB,3.0,0.9,0.0,2,2020,4
00-0031228,T.Gabriel,Taylor Gabriel,WR,WR,"https://static.www.nfl.com/image/private/f_auto,q_auto/league/nc4aoax8j5mnnrjewu7p",CHI,2018,1,REG,GB,0.0,0.0,0.0,0.0,0.0,0.0,0.0,0.0,0.0,0.0,0.0,0.0,,0.0,,,0.0,0.0,0.0,0.0,0.0,0.0,,0.0,5.0,5.0,25.0,0.0,0.0,0.0,6.0,19.0,1.0,-1.4733966588974,0.0,4.166666507720947,0.1515151560306549,0.0288461539894342,0.2474650293588638,0.0,2.5,7.5,00-0031228,WR,2018_01_CHI_GB,201809090gnb,REG,GabrTa00,WR,CHI,GB,60.0,86.0,0.0,0.0,0.0,0.0,60.0,00-0031228,WR,1.0,5.0,0.0,2,2019,29
00-0031235,O.Beckham,Odell Beckham,WR,WR,"https://static.www.nfl.com/image/private/f_auto,q_auto/league/etl34lkiscs2lpc4to2f",NYG,2018,1,REG,JAX,0.0,0.0,0.0,0.0,0.0,0.0,0.0,0.0,0.0,0.0,0.0,0.0,,0.0,,,1.0,-1.0,0.0,0.0,0.0,0.0,-1.2583831548690796,0.0,11.0,15.0,111.0,0.0,0.0,0.0,146.0,20.0,4.0,0.7146701216697693,0.0,0.7602739930152893,0.4166666567325592,0.6160337328910828,1.0562236309051514,0.0,11.0,22.0,00-0031235,WR,,,,,,,,0.0,0.0,0.0,0.0,0.0,0.0,0.0,00-0031235,WR,1.0,19.5,0.0,6,2024,96
00-0031257,P.Richardson,Paul Richardson,WR,WR,"https://static.www.nfl.com/image/private/f_auto,q_auto/league/jxsldwomavxfbs7gueqt",WAS,2018,1,REG,ARI,0.0,0.0,0.0,0.0,0.0,0.0,0.0,0.0,0.0,0.0,0.0,0.0,,0.0,,,0.0,0.0,0.0,0.0,0.0,0.0,,0.0,4.0,6.0,22.0,0.0,0.0,0.0,20.0,9.0,1.0,-1.6938735246658323,0.0,1.100000023841858,0.2068965584039688,0.1960784345865249,0.4475997388362884,0.0,2.200000047683716,6.199999809265137,00-0031257,WR,2018_01_WAS_ARI,201809090crd,REG,RichPa01,WR,WAS,ARI,61.0,77.0,0.0,0.0,0.0,0.0,61.0,00-0031257,WR,1.0,4.2,0.0,2,2019,19
00-0031260,L.Thomas,Logan Thomas,TE,TE,"https://static.www.nfl.com/image/private/f_auto,q_auto/league/acm0ymhqdzqxdibwjphv",BUF,2018,1,REG,BAL,0.0,0.0,0.0,0.0,0.0,0.0,0.0,0.0,0.0,0.0,0.0,0.0,,0.0,,,0.0,0.0,0.0,0.0,0.0,0.0,,0.0,1.0,2.0,24.0,0.0,0.0,0.0,39.0,0.0,1.0,1.9967358112335205,0.0,0.6153846383094788,0.0625,0.1111111119389534,0.1715277731418609,0.0,2.400000095367432,3.400000095367432,00-0031260,TE,2018_01_BUF_BAL,201809090rav,REG,ThomLo00,TE,BUF,BAL,18.0,28.000000000000004,0.0,0.0,25.0,0.74,43.0,00-0031260,TE,3.0,2.9000000000000004,0.0,6,2023,79
00-0031269,T.Carrie,T.J. Carrie,CB,DB,"https://static.www.nfl.com/image/private/f_auto,q_auto/league/kezxowzth44qm6wo1fgt",IND,2020,10,REG,IND,0.0,0.0,0.0,0.0,0.0,0.0,0.0,0.0,0.0,0.0,0.0,0.0,,0.0,,,0.0,0.0,0.0,0.0,0.0,0.0,,0.0,0.0,0.0,0.0,0.0,0.0,0.0,0.0,0.0,0.0,,0.0,,,,,1.0,6.0,6.0,00-0031269,DB,2020_10_IND_TEN,202011120oti,REG,CarrTr00,CB,IND,TEN,0.0,0.0,32.0,49.0,15.0,0.6,47.0,00-0031269,CB,2.0,0.0,0.0,1,2020,2
00-0031273,C.Brate,Cameron Brate,TE,TE,"https://static.www.nfl.com/image/private/f_auto,q_auto/league/jhioqec65qy4z7s6w9a6",TB,2018,1,REG,NO,0.0,0.0,0.0,0.0,0.0,0.0,0.0,0.0,0.0,0.0,0.0,0.0,,0.0,,,0.0,0.0,0.0,0.0,0.0,0.0,,0.0,0.0,2.0,0.0,0.0,0.0,0.0,12.0,0.0,0.0,-1.6621137857437134,0.0,0.0,0.0714285746216774,0.0351906158030033,0.131776288151741,0.0,0.0,0.0,00-0031273,TE,2018_01_TB_NO,201809090nor,REG,BratCa00,TE,TB,NO,24.0,36.0,0.0,0.0,0.0,0.0,24.0,00-0031273,TE,1.0,0.0,0.0,5,2022,82
00-0031280,D.Carr,Derek Carr,QB,QB,"https://static.www.nfl.com/image/private/f_auto,q_auto/league/cffbp9sqfioxa2jk2oqf",LV,2018,1,REG,LA,29.0,40.0,303.0,0.0,3.0,1.0,3.0,0.0,0.0,209.0,189.0,11.0,-12.649219512939451,0.0,1.4497607946395874,0.0468611568212509,2.0,1.0,0.0,0.0,0.0,0.0,-1.4943774938583374,0.0,0.0,0.0,0.0,0.0,0.0,0.0,0.0,0.0,0.0,,0.0,,,,,0.0,6.21999979019165,6.21999979019165,00-0031280,QB,2018_01_LA_OAK,201809100rai,REG,CarrDe02,QB,OAK,LA,70.0,100.0,0.0,0.0,0.0,0.0,70.0,00-0031280,QB,1.0,12.22,0.0,7,2024,116
00-0031285,D.Freeman,Devonta Freeman,RB,RB,"https://static.www.nfl.com/image/private/f_auto,q_auto/league/vjhvfwypu1byxfo2uvki",ATL,2018,1,REG,PHI,0.0,0.0,0.0,0.0,0.0,0.0,0.0,0.0,0.0,0.0,0.0,0.0,,0.0,,,6.0,36.0,0.0,0.0,0.0,1.0,-2.1849937438964844,0.0,3.0,5.0,14.0,0.0,0.0,0.0,-5.0,17.0,0.0,-3.2989628314971924,0.0,-2.799999952316284,0.1282051354646682,-0.0138888889923691,0.1825854629278183,0.0,5.0,8.0,00-0031285,RB,2018_01_ATL_PHI,201809060phi,REG,FreeDe00,RB,ATL,PHI,39.0,56.00000000000001,0.0,0.0,0.0,0.0,39.0,00-0031285,RB,1.0,6.5,0.0,4,2021,41
00-0031288,A.McCarron,AJ McCarron,QB,QB,"https://static.www.nfl.com/image/private/f_auto,q_auto/league/fvakqnmsg35llkcme11h",LV,2018,9,REG,SF,1.0,3.0,8.0,0.0,0.0,1.0,7.0,0.0,0.0,7.0,1.0,0.0,-2.605230569839477,0.0,1.1428571939468384,,1.0,0.0,0.0,0.0,0.0,0.0,-3.246001005172729,0.0,0.0,0.0,0.0,0.0,0.0,0.0,0.0,0.0,0.0,,0.0,,,,,0.0,0.3199999928474426,0.3199999928474426,00-0031288,QB,,,,,,,,0.0,0.0,0.0,0.0,0.0,0.0,0.0,00-0031288,QB,2.0,0.32,0.0,4,2023,12
00-0031299,J.Matthews,Jordan Matthews,TE,TE,"https://static.www.nfl.com/image/private/f_auto,q_auto/league/lzmaxofoalitaiiuchm7",PHI,2018,3,REG,IND,0.0,0.0,0.0,0.0,0.0,0.0,0.0,0.0,0.0,0.0,0.0,0.0,,0.0,,,0.0,0.0,0.0,0.0,0.0,0.0,,0.0,2.0,2.0,21.0,0.0,0.0,0.0,17.0,4.0,0.0,0.2524818778038025,0.0,1.2352941036224363,0.0540540553629398,0.0590277761220932,0.1224005222320556,0.0,2.0999999046325684,4.099999904632568,00-0031299,TE,2018_03_IND_PHI,201809230phi,REG,MattJo00,WR,PHI,IND,33.0,40.0,0.0,0.0,0.0,0.0,33.0,,,,3.1,0.0,3,2024,19
00-0031301,J.Hill,Jeremy Hill,RB,RB,"https://static.www.nfl.com/image/private/f_auto,q_auto/league/rafvidcbp023aupumccx",NE,2018,1,REG,HOU,0.0,0.0,0.0,0.0,0.0,0.0,0.0,0.0,0.0,0.0,0.0,0.0,,0.0,,,4.0,25.0,0.0,0.0,0.0,1.0,0.0145988529548048,0.0,1.0,1.0,6.0,0.0,0.0,0.0,1.0,5.0,0.0,0.2789809107780456,0.0,6.0,0.0256410259753465,0.0031250000465661,0.0406490378081798,0.0,3.0999999046325684,4.099999904632568,00-0031301,RB,2018_01_HOU_NE,201809090nwe,REG,HillJe01,RB,NE,HOU,12.0,16.0,0.0,0.0,6.0,0.19,18.0,00-0031301,RB,2.0,3.6,0.0,1,2018,2
00-0031319,D.Spencer,Diontae Spencer,WR,WR,"https://static.www.nfl.com/image/private/f_auto,q_auto/league/lf3axvxomg2ktozc1rei",DEN,2019,4,REG,JAX,0.0,0.0,0.0,0.0,0.0,0.0,0.0,0.0,0.0,0.0,0.0,0.0,,0.0,,,0.0,0.0,0.0,0.0,0.0,0.0,,0.0,1.0,1.0,8.0,0.0,0.0,0.0,0.0,8.0,0.0,0.2900563180446625,0.0,0.0,0.0285714287310838,0.0,0.0428571440279483,0.0,0.800000011920929,1.7999999523162842,00-0031319,WR,2019_04_JAX_DEN,201909290den,REG,SpenDi00,WR,DEN,JAX,2.0,4.0,0.0,0.0,13.0,0.37,15.0,00-0031319,WR,3.0,1.3,0.0,3,2021,49
00-0031325,S.Watkins,Sammy Watkins,WR,WR,"https://static.www.nfl.com/image/private/f_auto,q_auto/league/nkqk4ac4uncxocqlgp2k",KC,2018,1,REG,LAC,0.0,0.0,0.0,0.0,0.0,0.0,0.0,0.0,0.0,0.0,0.0,0.0,,0.0,,,0.0,0.0,0.0,0.0,0.0,0.0,,0.0,3.0,5.0,21.0,0.0,0.0,0.0,27.0,7.0,1.0,0.3833794891834259,0.0,0.7777777910232544,0.2000000029802322,0.0803571417927742,0.356249988079071,0.0,2.0999999046325684,5.099999904632568,00-0031325,WR,2018_01_KC_LAC,201809090sdg,REG,WatkSa00,WR,KC,LAC,51.0,91.0,0.0,0.0,0.0,0.0,51.0,00-0031325,WR,1.0,3.6,0.0,5,2022,66
00-0031326,B.Ellington,Bruce Ellington,WR,WR,"https://static.www.nfl.com/image/private/f_auto,q_auto/league/qqlup3kfumh2ifrixmfn",HOU,2018,1,REG,NE,0.0,0.0,0.0,0.0,0.0,0.0,0.0,0.0,0.0,0.0,0.0,0.0,,0.0,,,0.0,0.0,0.0,0.0,0.0,0.0,,0.0,4.0,8.0,37.0,1.0,0.0,0.0,71.0,13.0,3.0,2.292059898376465,0.0,0.5211267471313477,0.2352941185235977,0.1883289068937301,0.4847714006900787,0.0,9.699999809265137,13.699999809265137,00-0031326,WR,2018_01_HOU_NE,201809090nwe,REG,ElliBr00,WR,HOU,NE,65.0,88.0,0.0,0.0,0.0,0.0,65.0,00-0031326,WR,2.0,11.7,0.0,1,2018,14
00-0031339,D.Moncrief,Donte Moncrief,WR,WR,"https://static.www.nfl.com/image/private/f_auto,q_auto/league/iippulnxfyjgrlj2p5qw",JAX,2018,1,REG,NYG,0.0,0.0,0.0,0.0,0.0,0.0,0.0,0.0,0.0,0.0,0.0,0.0,,0.0,,,0.0,0.0,0.0,0.0,0.0,0.0,,0.0,1.0,5.0,14.0,0.0,0.0,0.0,99.0,0.0,1.0,-5.915088176727295,0.0,0.1414141356945037,0.1515151560306549,0.4304347932338714,0.5285770893096924,0.0,1.399999976158142,2.400000095367432,00-0031339,WR,2018_01_JAX_NYG,201809090nyg,REG,MoncDo00,WR,JAX,NYG,43.0,68.0,0.0,0.0,0.0,0.0,43.0,00-0031339,WR,1.0,1.9,0.0,3,2020,25
00-0031344,C.Latimer,Cody Latimer,WR,WR,"https://static.www.nfl.com/image/private/f_auto,q_auto/league/whgchcrp9pqx0waocewu",NYG,2018,2,REG,DAL,0.0,0.0,0.0,0.0,0.0,0.0,0.0,0.0,0.0,0.0,0.0,0.0,,0.0,,,0.0,0.0,0.0,0.0,0.0,0.0,,0.0,2.0,3.0,41.0,0.0,0.0,0.0,73.0,0.0,1.0,2.223153829574585,0.0,0.5616438388824463,0.0681818202137947,0.2543554008007049,0.2803215086460113,0.0,4.099999904632568,6.099999904632568,00-0031344,WR,2018_02_NYG_DAL,201809160dal,REG,LatiCo00,WR,NYG,DAL,44.0,65.0,0.0,0.0,5.0,0.19,49.0,00-0031344,WR,2.0,5.1000000000000005,0.0,2,2019,37
00-0031359,K.Benjamin,Kelvin Benjamin,WR,WR,"https://static.www.nfl.com/image/private/f_auto,q_auto/league/ygtlhauauds9yoyatu5e",BUF,2018,1,REG,BAL,0.0,0.0,0.0,0.0,0.0,0.0,0.0,0.0,0.0,0.0,0.0,0.0,,0.0,,,0.0,0.0,0.0,0.0,0.0,0.0,,0.0,1.0,7.0,10.0,0.0,0.0,0.0,113.0,1.0,0.0,-12.038360595703123,0.0,0.0884955748915672,0.21875,0.3219373226165771,0.5534811019897461,0.0,1.0,2.0,00-0031359,WR,2018_01_BUF_BAL,201809090rav,REG,BenjKe00,WR,BUF,BAL,47.0,73.0,0.0,0.0,0.0,0.0,47.0,00-0031359,WR,1.0,1.5,0.0,1,2018,16
00-0031363,M.Palardy,Michael Palardy,P,SPEC,"https://static.www.nfl.com/image/private/f_auto,q_auto/league/hoxfeahxcb9sbz83nose",CAR,2019,16,REG,IND,1.0,1.0,12.0,0.0,0.0,0.0,-0.0,0.0,0.0,10.0,2.0,1.0,3.804443597793579,0.0,1.2000000476837158,,0.0,0.0,0.0,0.0,0.0,0.0,,0.0,0.0,0.0,0.0,0.0,0.0,0.0,0.0,0.0,0.0,,0.0,,,,,0.0,0.4799999892711639,0.4799999892711639,00-0031363,P,2019_16_CAR_IND,201912220clt,REG,PalaMi00,P,CAR,IND,0.0,0.0,0.0,0.0,7.0,0.27,7.0,00-0031363,P,1.0,0.48,0.0,2,2021,6
00-0031373,M.Bryant,Martavis Bryant,WR,WR,"https://static.www.nfl.com/image/private/f_auto,q_auto/league/davxza3iibzg7aw6c5jm",LV,2018,2,REG,DEN,0.0,0.0,0.0,0.0,0.0,0.0,0.0,0.0,0.0,0.0,0.0,0.0,,0.0,,,0.0,0.0,0.0,0.0,0.0,0.0,,0.0,4.0,4.0,30.0,0.0,0.0,0.0,4.0,26.0,1.0,1.16900897026062,0.0,7.5,0.125,0.0216216221451759,0.2026351392269134,0.0,3.0,7.0,00-0031373,WR,2018_02_OAK_DEN,201809160den,REG,BryaMa00,WR,OAK,DEN,26.0,40.0,0.0,0.0,0.0,0.0,26.0,,,,5.0,0.0,1,2018,8
00-0031376,J.McKinnon,Jerick McKinnon,RB,RB,"https://static.www.nfl.com/image/private/f_auto,q_auto/league/yezxe2j778cndbhkxwez",SF,2020,1,REG,ARI,0.0,0.0,0.0,0.0,0.0,0.0,0.0,0.0,0.0,0.0,0.0,0.0,,0.0,,,3.0,24.0,0.0,0.0,0.0,0.0,1.6332223415374756,0.0,3.0,5.0,20.0,1.0,0.0,0.0,29.0,17.0,2.0,1.0221307277679443,0.0,0.6896551847457886,0.15625,0.1288888901472091,0.3245972096920013,0.0,10.399999618530272,13.399999618530272,00-0031376,RB,2020_01_ARI_SF,202009130sfo,REG,McKiJe00,RB,SF,ARI,19.0,31.0,0.0,0.0,9.0,0.32,28.0,00-0031376,RB,2.0,11.9,0.0,4,2023,76
00-0031382,J.Landry,Jarvis Landry,WR,WR,"https://static.www.nfl.com/image/private/f_auto,q_auto/league/w2q9uwsjvgadwyvnvopb",CLE,2018,1,REG,PIT,0.0,0.0,0.0,0.0,0.0,0.0,0.0,0.0,0.0,0.0,0.0,0.0,,0.0,,,0.0,0.0,0.0,0.0,0.0,0.0,,0.0,7.0,15.0,106.0,0.0,0.0,0.0,197.0,19.0,3.0,-4.274894714355469,0.0,0.5380710363388062,0.3947368562221527,0.4769975841045379,0.9260035753250122,0.0,10.600000381469728,17.600000381469727,00-0031382,WR,2018_01_PIT_CLE,201809090cle,REG,LandJa00,WR,CLE,PIT,81.0,91.0,0.0,0.0,0.0,0.0,81.0,00-0031382,WR,1.0,17.1,0.0,5,2022,88
00-0031384,R.Rodgers,Richard Rodgers,TE,TE,"https://static.www.nfl.com/image/private/f_auto,q_auto/league/l9zei9dkcmbml3q1nshk",PHI,2018,16,REG,HOU,0.0,0.0,0.0,0.0,0.0,0.0,0.0,0.0,0.0,0.0,0.0,0.0,,0.0,,,0.0,0.0,0.0,0.0,0.0,0.0,,0.0,1.0,1.0,7.0,0.0,0.0,0.0,-2.0,9.0,1.0,0.4587512612342834,0.0,0.0,0.0204081628471612,-0.0051020407117903,0.0270408168435096,0.0,0.699999988079071,1.7000000476837158,00-0031384,TE,2018_16_HOU_PHI,201812230phi,REG,RodgRi00,TE,PHI,HOU,13.0,16.0,0.0,0.0,13.0,0.46,26.0,00-0031384,TE,3.0,1.2000000000000002,0.0,4,2022,17
00-0031387,E.Ebron,Eric Ebron,TE,TE,"https://static.www.nfl.com/image/private/f_auto,q_auto/league/uaxsxymncppase7ihczd",IND,2018,1,REG,CIN,0.0,0.0,0.0,0.0,0.0,0.0,0.0,0.0,0.0,0.0,0.0,0.0,,0.0,,,0.0,0.0,0.0,0.0,0.0,0.0,,0.0,4.0,5.0,51.0,1.0,0.0,0.0,50.0,10.0,2.0,3.2539803981781006,0.0,1.0199999809265137,0.0961538478732109,0.1760563403367996,0.2674702107906341,0.0,11.100000381469728,15.100000381469728,00-0031387,TE,2018_01_CIN_IND,201809090clt,REG,EbroEr00,TE,IND,CIN,37.0,45.0,0.0,0.0,0.0,0.0,37.0,00-0031387,TE,1.0,13.1,0.0,4,2021,58
00-0031395,G.Gilbert,Garrett Gilbert,QB,QB,"https://static.www.nfl.com/image/private/f_auto,q_auto/league/tqn0pjemxn7hoze93kwa",CAR,2018,17,REG,NO,2.0,3.0,40.0,0.0,0.0,1.0,5.0,0.0,0.0,17.0,30.0,1.0,-0.3565491437911987,0.0,2.3529412746429443,,0.0,0.0,0.0,0.0,0.0,0.0,,0.0,0.0,0.0,0.0,0.0,0.0,0.0,0.0,0.0,0.0,,0.0,,,,,0.0,1.600000023841858,1.600000023841858,00-0031395,QB,2018_17_CAR_NO,201812300nor,REG,GilbGa01,QB,CAR,NO,13.0,18.0,0.0,0.0,0.0,0.0,13.0,,,,1.6,0.0,4,2021,12
00-0031407,B.Bortles,Blake Bortles,QB,QB,"https://static.www.nfl.com/image/private/f_auto,q_auto/league/jvoui3bptgsfvgkz5e1b",JAX,2018,1,REG,NYG,18.0,33.0,176.0,1.0,1.0,1.0,8.0,0.0,0.0,230.0,88.0,13.0,-4.275158405303955,0.0,0.7652173638343811,-0.0367059260606765,4.0,42.0,0.0,0.0,0.0,1.0,0.0910773500800132,0.0,0.0,0.0,0.0,0.0,0.0,0.0,0.0,0.0,0.0,,0.0,,,,,0.0,13.239999771118164,13.239999771118164,00-0031407,QB,2018_01_JAX_NYG,201809090nyg,REG,BortBl00,QB,JAX,NYG,63.0,100.0,0.0,0.0,0.0,0.0,63.0,00-0031407,QB,1.0,14.239999999999998,0.0,2,2019,17
00-0031418,A.Seferian-Jenkins,Austin Seferian-Jenkins,TE,TE,"https://static.www.nfl.com/image/private/f_auto,q_auto/league/mvuoyejl5hzfzrkfezuj",JAX,2018,1,REG,NYG,0.0,0.0,0.0,0.0,0.0,0.0,0.0,0.0,0.0,0.0,0.0,0.0,,0.0,,,0.0,0.0,0.0,0.0,0.0,0.0,,0.0,3.0,5.0,25.0,0.0,0.0,0.0,13.0,20.0,1.0,-0.7766385674476624,0.0,1.923076868057251,0.1515151560306549,0.0565217398107051,0.2668379545211792,0.0,2.5,5.5,00-0031418,TE,2018_01_JAX_NYG,201809090nyg,REG,SefeAu00,TE,JAX,NYG,55.0,87.0,0.0,0.0,0.0,0.0,55.0,00-0031418,TE,1.0,4.0,0.0,1,2018,6
00-0031428,A.Robinson,Allen Robinson,WR,WR,"https://static.www.nfl.com/image/private/f_auto,q_auto/league/tucplhxtb3c626iekuzv",CHI,2018,1,REG,GB,0.0,0.0,0.0,0.0,0.0,0.0,0.0,0.0,0.0,0.0,0.0,0.0,,0.0,,,0.0,0.0,0.0,0.0,0.0,0.0,,0.0,4.0,7.0,61.0,0.0,0.0,0.0,107.0,2.0,3.0,3.71960711479187,0.0,0.5700934529304504,0.2121212184429168,0.5144230723381042,0.6782779693603516,0.0,6.099999904632568,10.100000381469728,00-0031428,WR,2018_01_CHI_GB,201809090gnb,REG,RobiAl02,WR,CHI,GB,67.0,96.0,0.0,0.0,0.0,0.0,67.0,00-0031428,WR,1.0,8.100000000000001,0.0,7,2024,101
00-0031431,M.Lee,Marqise Lee,WR,WR,"https://static.www.nfl.com/image/private/f_auto,q_auto/league/drsesqqzwhkilsx51j4i",JAX,2019,4,REG,DEN,0.0,0.0,0.0,0.0,0.0,0.0,0.0,0.0,0.0,0.0,0.0,0.0,,0.0,,,0.0,0.0,0.0,0.0,0.0,0.0,,0.0,1.0,1.0,5.0,0.0,0.0,0.0,5.0,0.0,1.0,1.1795475482940674,0.0,1.0,0.03125,0.014450866729021,0.0569906085729599,0.0,0.5,1.5,00-0031431,WR,2019_04_JAX_DEN,201909290den,REG,LeexMa00,WR,JAX,DEN,25.0,29.0,0.0,0.0,0.0,0.0,25.0,00-0031431,WR,1.0,1.0,0.0,1,2019,13
00-0031462,J.Cunningham,Jerome Cunningham,TE,TE,"https://static.www.nfl.com/image/private/f_auto,q_auto/league/hmszkqofxzqzxqbuawhq",DET,2018,16,REG,MIN,0.0,0.0,0.0,0.0,0.0,0.0,0.0,0.0,0.0,0.0,0.0,0.0,,0.0,,,0.0,0.0,0.0,0.0,0.0,0.0,,0.0,0.0,1.0,0.0,0.0,0.0,0.0,3.0,0.0,0.0,-0.3044085800647735,0.0,0.0,0.0238095242530107,0.0096153849735856,0.0424450561404228,0.0,0.0,0.0,00-0031462,TE,2018_16_MIN_DET,201812230det,REG,CunnJe00,TE,DET,MIN,20.0,27.0,0.0,0.0,3.0,0.1,23.0,00-0031462,TE,3.0,0.0,0.0,1,2018,2
00-0031502,J.Berry,Jordan Berry,P,SPEC,"https://static.www.nfl.com/image/private/f_auto,q_auto/league/rltqupvbxjui0kyat1fb",PIT,2019,14,REG,ARI,0.0,0.0,0.0,0.0,0.0,0.0,0.0,0.0,0.0,0.0,0.0,0.0,,0.0,,,1.0,-8.0,0.0,1.0,1.0,0.0,-3.4986283779144287,0.0,0.0,0.0,0.0,0.0,0.0,0.0,0.0,0.0,0.0,,0.0,,,,,0.0,-2.799999952316284,-2.799999952316284,00-0031502,P,2019_14_PIT_ARI,201912080crd,REG,BerrJo00,P,PIT,ARI,0.0,0.0,0.0,0.0,8.0,0.32,8.0,00-0031502,P,1.0,-2.8,0.0,1,2019,5
00-0031511,D.White,DeAndrew White,WR,WR,"https://static.www.nfl.com/image/private/f_auto,q_auto/league/lqmfu6qd0olpnvocajbh",CAR,2019,8,REG,SF,0.0,0.0,0.0,0.0,0.0,0.0,0.0,0.0,0.0,0.0,0.0,0.0,,0.0,,,0.0,0.0,0.0,0.0,0.0,0.0,,0.0,1.0,1.0,8.0,0.0,0.0,0.0,5.0,3.0,0.0,0.5663650631904602,0.0,1.600000023841858,0.0270270276814699,0.0153374234214425,0.0512767359614372,0.0,0.800000011920929,1.7999999523162842,00-0031511,WR,2019_08_CAR_SF,201910270sfo,REG,WhitDe01,WR,CAR,SF,10.0,15.0,0.0,0.0,13.0,0.42,23.0,00-0031511,WR,3.0,1.3,0.0,1,2019,6
00-0031543,T.Long,Ty Long,P,SPEC,"https://static.www.nfl.com/image/private/f_auto,q_auto/league/qpn0xr42mkmkhmpd0nmd",LAC,2020,11,REG,NYJ,0.0,0.0,0.0,0.0,0.0,0.0,0.0,0.0,0.0,0.0,0.0,0.0,,0.0,,,1.0,-28.0,0.0,0.0,0.0,0.0,-1.9250433444976809,0.0,0.0,0.0,0.0,0.0,0.0,0.0,0.0,0.0,0.0,,0.0,,,,,0.0,-2.799999952316284,-2.799999952316284,00-0031543,P,2020_11_NYJ_LAC,202011220sdg,REG,LongTy00,K,LAC,NYJ,0.0,0.0,0.0,0.0,17.0,0.57,17.0,00-0031543,P,2.0,-2.8000000000000003,0.0,2,2021,7
00-0031544,A.Cooper,Amari Cooper,WR,WR,"https://static.www.nfl.com/image/private/f_auto,q_auto/league/zibbxjtein7gpu5zgcj4",LV,2018,1,REG,LA,0.0,0.0,0.0,0.0,0.0,0.0,0.0,0.0,0.0,0.0,0.0,0.0,,0.0,,,1.0,9.0,0.0,0.0,0.0,0.0,0.5897473096847534,0.0,1.0,3.0,9.0,0.0,0.0,0.0,20.0,5.0,0.0,-0.7643062472343445,0.0,0.449999988079071,0.078947365283966,0.1020408198237419,0.1898496299982071,0.0,1.7999999523162842,2.799999952316284,00-0031544,WR,2018_01_LA_OAK,201809100rai,REG,CoopAm00,WR,OAK,LA,66.0,94.0,0.0,0.0,0.0,0.0,66.0,00-0031544,WR,1.0,2.3,0.0,7,2024,125
00-0031545,K.White,Kevin White,WR,WR,"https://static.www.nfl.com/image/private/f_auto,q_auto/league/u6jclvrydlw6amytmylq",CHI,2018,7,REG,NE,0.0,0.0,0.0,0.0,0.0,0.0,0.0,0.0,0.0,0.0,0.0,0.0,,0.0,,,0.0,0.0,0.0,0.0,0.0,0.0,,0.0,2.0,2.0,64.0,0.0,0.0,0.0,60.0,4.0,2.0,0.4673347473144531,0.0,1.0666667222976685,0.0416666679084301,0.104895107448101,0.1359265744686126,0.0,6.400000095367432,8.399999618530273,00-0031545,WR,2018_07_NE_CHI,201810210chi,REG,WhitKe00,WR,CHI,NE,20.0,24.0,0.0,0.0,0.0,0.0,20.0,00-0031545,WR,2.0,7.4,0.0,3,2022,13
00-0031547,D.Parker,DeVante Parker,WR,WR,"https://static.www.nfl.com/image/private/f_auto,q_auto/league/beuyfjou6kckaoqqpa96",MIA,2018,3,REG,LV,0.0,0.0,0.0,0.0,0.0,0.0,0.0,0.0,0.0,0.0,0.0,0.0,,0.0,,,0.0,0.0,0.0,0.0,0.0,0.0,,0.0,2.0,3.0,40.0,0.0,0.0,0.0,74.0,2.0,1.0,0.9324344396591188,0.0,0.5405405163764954,0.125,0.2983871102333069,0.3963709771633148,0.0,4.0,6.0,00-0031547,WR,2018_03_OAK_MIA,201809230mia,REG,ParkDe01,WR,MIA,OAK,33.0,75.0,0.0,0.0,0.0,0.0,33.0,,,,5.0,0.0,6,2023,81
00-0031549,N.Agholor,Nelson Agholor,WR,WR,"https://static.www.nfl.com/image/private/f_auto,q_auto/league/lfc8g0z3wmxowwggvzqh",PHI,2018,1,REG,ATL,1.0,1.0,15.0,0.0,0.0,0.0,-0.0,0.0,0.0,8.0,7.0,1.0,1.931480407714844,0.0,1.875,,1.0,16.0,0.0,0.0,0.0,1.0,1.5126802921295166,0.0,8.0,10.0,33.0,0.0,0.0,0.0,49.0,6.0,2.0,-0.4945635795593261,0.0,0.6734693646430969,0.2857142984867096,0.1719298213720321,0.5489223003387451,0.0,5.5,13.5,00-0031549,WR,2018_01_ATL_PHI,201809060phi,REG,AghoNe00,WR,PHI,ATL,68.0,94.0,0.0,0.0,0.0,0.0,68.0,00-0031549,WR,3.0,9.5,0.0,7,2024,124
00-0031558,M.Williams,Maxx Williams,TE,TE,"https://static.www.nfl.com/image/private/f_auto,q_auto/league/p0j7ax3rqhrzn5nvmc06",BAL,2018,1,REG,BUF,0.0,0.0,0.0,0.0,0.0,0.0,0.0,0.0,0.0,0.0,0.0,0.0,,0.0,,,0.0,0.0,0.0,0.0,0.0,0.0,,0.0,3.0,3.0,32.0,0.0,0.0,0.0,16.0,16.0,1.0,2.769353151321411,0.0,2.0,0.0810810774564743,0.0661156997084617,0.1679026186466217,0.0,3.200000047683716,6.199999809265137,00-0031558,TE,2018_01_BUF_BAL,201809090rav,REG,WillMa04,TE,BAL,BUF,44.0,55.00000000000001,0.0,0.0,12.0,0.35,56.0,00-0031558,TE,2.0,4.7,0.0,5,2022,42
00-0031569,J.Langford,Jeremy Langford,RB,RB,"https://static.www.nfl.com/image/private/f_auto,q_auto/league/ezohep8ggqmwfa1eqy4m",ATL,2018,17,REG,TB,0.0,0.0,0.0,0.0,0.0,0.0,0.0,0.0,0.0,0.0,0.0,0.0,,0.0,,,9.0,25.0,0.0,0.0,0.0,1.0,-2.759819746017456,0.0,0.0,0.0,0.0,0.0,0.0,0.0,0.0,0.0,0.0,,0.0,,,,,0.0,2.5,2.5,00-0031569,RB,2018_17_ATL_TB,201812300tam,REG,LangJe00,RB,ATL,TB,16.0,21.0,0.0,0.0,13.0,0.41,29.0,,,,2.5,0.0,1,2018,2
00-0031570,J.Hardy,Justin Hardy,WR,WR,"https://static.www.nfl.com/image/private/f_auto,q_auto/league/bf30pn7pqvdiof0zb6a0",ATL,2018,4,REG,CIN,0.0,0.0,0.0,0.0,0.0,0.0,0.0,0.0,0.0,0.0,0.0,0.0,,0.0,,,0.0,0.0,0.0,0.0,0.0,0.0,,0.0,1.0,1.0,4.0,0.0,0.0,0.0,-1.0,5.0,0.0,-0.1105443686246872,0.0,0.0,0.0263157896697521,-0.0024154589045792,0.0377828627824783,0.0,0.4000000059604645,1.399999976158142,00-0031570,WR,2018_04_CIN_ATL,201809300atl,REG,HardJu00,WR,ATL,CIN,14.0,20.0,0.0,0.0,9.0,0.31,23.0,00-0031570,WR,1.0,0.9,0.0,2,2019,37
00-0031577,J.Allen,Javorius Allen,RB,RB,"https://static.www.nfl.com/image/private/f_auto,q_auto/league/jguqo1kwlkfamf537de0",BAL,2018,1,REG,BUF,0.0,0.0,0.0,0.0,0.0,0.0,0.0,0.0,0.0,0.0,0.0,0.0,,0.0,,,4.0,17.0,1.0,0.0,0.0,2.0,1.0193454027175903,0.0,5.0,6.0,15.0,0.0,0.0,0.0,15.0,10.0,1.0,-1.2382185459136963,0.0,1.0,0.1621621549129486,0.0619834698736667,0.2866316735744476,0.0,9.199999809265137,14.199999809265137,00-0031577,RB,2018_01_BUF_BAL,201809090rav,REG,AlleJa01,RB,BAL,BUF,30.0,38.0,0.0,0.0,18.0,0.53,48.0,00-0031577,RB,2.0,11.7,0.0,2,2019,16
00-0031585,M.Pruitt,MyCole Pruitt,TE,TE,"https://static.www.nfl.com/image/private/f_auto,q_auto/league/okk2t3ngao7qszoxxcph",TEN,2018,11,REG,IND,0.0,0.0,0.0,0.0,0.0,0.0,0.0,0.0,0.0,0.0,0.0,0.0,,0.0,,,0.0,0.0,0.0,0.0,0.0,0.0,,0.0,1.0,1.0,19.0,0.0,0.0,0.0,19.0,0.0,1.0,1.918790340423584,0.0,1.0,0.0344827584922313,0.0917874425649643,0.1159753426909446,0.0,1.899999976158142,2.900000095367432,00-0031585,TE,2018_11_TEN_IND,201811180clt,REG,PruiMy00,TE,TEN,IND,9.0,14.000000000000002,0.0,0.0,7.0,0.27,16.0,00-0031585,TE,2.0,2.4000000000000004,0.0,7,2024,66
00-0031589,B.Hundley,Brett Hundley,QB,QB,"https://static.www.nfl.com/image/private/f_auto,q_auto/league/lgplktjykzjrnjsn9x8y",ARI,2019,8,REG,NO,0.0,1.0,0.0,0.0,0.0,1.0,4.0,0.0,0.0,44.0,0.0,0.0,-1.849897027015686,0.0,0.0,,0.0,0.0,0.0,0.0,0.0,0.0,,0.0,0.0,0.0,0.0,0.0,0.0,0.0,0.0,0.0,0.0,,0.0,,,,,0.0,0.0,0.0,00-0031589,QB,2019_08_ARI_NO,201910270nor,REG,HundBr00,QB,ARI,NO,3.0,6.0,0.0,0.0,0.0,0.0,3.0,00-0031589,QB,2.0,0.0,0.0,1,2019,4
00-0031590,J.Ajayi,Jay Ajayi,RB,RB,"https://static.www.nfl.com/image/private/f_auto,q_auto/league/bt0drbhvsjykf2xxvskx",PHI,2018,1,REG,ATL,0.0,0.0,0.0,0.0,0.0,0.0,0.0,0.0,0.0,0.0,0.0,0.0,,0.0,,,15.0,62.0,2.0,0.0,0.0,4.0,2.0748915672302246,1.0,0.0,0.0,0.0,0.0,0.0,0.0,0.0,0.0,0.0,,0.0,,,,,0.0,20.200000762939453,20.200000762939453,00-0031590,RB,2018_01_ATL_PHI,201809060phi,REG,AjayJa00,RB,PHI,ATL,29.0,40.0,0.0,0.0,0.0,0.0,29.0,00-0031590,RB,1.0,18.2,0.0,2,2019,9
00-0031597,T.Smith,Tye Smith,CB,DB,"https://static.www.nfl.com/image/private/f_auto,q_auto/league/zxyfhiakgitv3ultu7ug",TEN,2019,13,REG,TEN,0.0,0.0,0.0,0.0,0.0,0.0,0.0,0.0,0.0,0.0,0.0,0.0,,0.0,,,0.0,0.0,0.0,0.0,0.0,0.0,,0.0,0.0,0.0,0.0,0.0,0.0,0.0,0.0,0.0,0.0,,0.0,,,,,1.0,6.0,6.0,00-0031597,CB,2019_13_TEN_IND,201912010clt,REG,SmitTy01,CB,TEN,IND,0.0,0.0,62.0,89.0,15.0,0.52,77.0,00-0031597,CB,3.0,0.0,0.0,1,2019,2
00-0031598,N.Boyle,Nick Boyle,TE,TE,"https://static.www.nfl.com/image/private/f_auto,q_auto/league/emqvoudb71kgmkfphmuw",BAL,2018,1,REG,BUF,0.0,0.0,0.0,0.0,0.0,0.0,0.0,0.0,0.0,0.0,0.0,0.0,,0.0,,,0.0,0.0,0.0,0.0,0.0,0.0,,0.0,3.0,6.0,40.0,0.0,0.0,0.0,18.0,26.0,2.0,-0.2456107437610626,0.0,2.222222328186035,0.1621621549129486,0.0743801668286323,0.2953093647956848,0.0,4.0,7.0,00-0031598,TE,2018_01_BUF_BAL,201809090rav,REG,BoylNi00,TE,BAL,BUF,54.0,68.0,0.0,0.0,7.0,0.21,61.0,00-0031598,TE,1.0,5.5,0.0,4,2021,43
00-0031599,C.Artis-Payne,Cameron Artis-Payne,RB,RB,"https://static.www.nfl.com/image/private/f_auto,q_auto/league/vaeghufm3dkzmsjhb8hg",CAR,2018,11,REG,DET,0.0,0.0,0.0,0.0,0.0,0.0,0.0,0.0,0.0,0.0,0.0,0.0,,0.0,,,1.0,1.0,0.0,0.0,0.0,0.0,-0.6527067422866821,0.0,0.0,0.0,0.0,0.0,0.0,0.0,0.0,0.0,0.0,,0.0,,,,,0.0,0.1000000014901161,0.1000000014901161,00-0031599,RB,2018_11_CAR_DET,201811180det,REG,ArtiCa00,RB,CAR,DET,3.0,5.0,0.0,0.0,16.0,0.59,19.0,00-0031599,RB,3.0,0.1,0.0,1,2018,5
00-0031609,A.Derby,A.J. Derby,TE,TE,"https://static.www.nfl.com/image/private/f_auto,q_auto/league/c2bqxdpyb4kn75l4qj1c",MIA,2018,2,REG,NYJ,0.0,0.0,0.0,0.0,0.0,0.0,0.0,0.0,0.0,0.0,0.0,0.0,,0.0,,,0.0,0.0,0.0,0.0,0.0,0.0,,0.0,1.0,2.0,19.0,1.0,0.0,0.0,22.0,0.0,1.0,1.0509954690933228,0.0,0.8636363744735718,0.0869565233588218,0.1605839431285858,0.2428435385227203,0.0,7.900000095367432,8.899999618530273,00-0031609,TE,2018_02_MIA_NYJ,201809160nyj,REG,DerbA.00,TE,MIA,NYJ,34.0,56.99999999999999,0.0,0.0,15.0,0.6,49.0,00-0031609,TE,2.0,8.4,0.0,1,2018,4
00-0031665,Z.Zenner,Zach Zenner,RB,RB,"https://static.www.nfl.com/image/private/f_auto,q_auto/league/deiznogchpv1vbrmyuax",DET,2018,10,REG,CHI,0.0,0.0,0.0,0.0,0.0,0.0,0.0,0.0,0.0,0.0,0.0,0.0,,0.0,,,1.0,12.0,0.0,0.0,0.0,1.0,-0.1295941770076751,0.0,0.0,0.0,0.0,0.0,0.0,0.0,0.0,0.0,0.0,,0.0,,,,,0.0,1.2000000476837158,1.2000000476837158,00-0031665,RB,2018_10_DET_CHI,201811110chi,REG,ZennZa00,RB,DET,CHI,2.0,3.0,0.0,0.0,19.0,0.7,21.0,,,,1.2000000000000002,0.0,2,2019,12
00-0031690,E.Tomlinson,Eric Tomlinson,TE,TE,"https://static.www.nfl.com/image/private/f_auto,q_auto/league/swiwooxium4wmas8wq4c",NYJ,2018,1,REG,DET,0.0,0.0,0.0,0.0,0.0,0.0,0.0,0.0,0.0,0.0,0.0,0.0,,0.0,,,0.0,0.0,0.0,0.0,0.0,0.0,,0.0,1.0,1.0,7.0,0.0,0.0,0.0,5.0,2.0,0.0,0.2679513394832611,0.0,1.399999976158142,0.050000000745058,0.0295857992023229,0.0957100614905357,0.0,0.699999988079071,1.7000000476837158,00-0031690,TE,2018_01_NYJ_DET,201809100det,REG,TomlEr01,TE,NYJ,DET,29.0,48.0,0.0,0.0,11.0,0.34,40.0,00-0031690,TE,1.0,1.2000000000000002,0.0,6,2024,29
00-0031731,C.Grant,Corey Grant,RB,RB,"https://static.www.nfl.com/image/private/f_auto,q_auto/league/gj5yoyyx8nulm8ss037t",JAX,2018,1,REG,NYG,0.0,0.0,0.0,0.0,0.0,0.0,0.0,0.0,0.0,0.0,0.0,0.0,,0.0,,,1.0,3.0,0.0,0.0,0.0,0.0,-0.2157140672206878,0.0,0.0,0.0,0.0,0.0,0.0,0.0,0.0,0.0,0.0,,0.0,,,,,0.0,0.3000000119209289,0.3000000119209289,00-0031731,RB,2018_01_JAX_NYG,201809090nyg,REG,GranCo00,RB,JAX,NYG,6.0,10.0,0.0,0.0,6.0,0.21,12.0,00-0031731,RB,3.0,0.3,0.0,1,2018,11
00-0031744,M.LaCosse,Matt LaCosse,TE,TE,"https://static.www.nfl.com/image/private/f_auto,q_auto/league/yt2cjnrobixknkfi5vud",DEN,2018,1,REG,SEA,0.0,0.0,0.0,0.0,0.0,0.0,0.0,0.0,0.0,0.0,0.0,0.0,,0.0,,,0.0,0.0,0.0,0.0,0.0,0.0,,0.0,0.0,1.0,0.0,0.0,0.0,0.0,16.0,0.0,0.0,-1.4970372915267944,0.0,0.0,0.0256410259753465,0.0437158457934856,0.069062627851963,0.0,0.0,0.0,00-0031744,TE,2018_01_SEA_DEN,201809090den,REG,LaCoMa00,TE,DEN,SEA,1.0,1.0,0.0,0.0,3.0,0.09,4.0,00-0031744,TE,3.0,0.0,0.0,2,2019,23
00-0031782,E.Rogers,Eli Rogers,WR,WR,"https://static.www.nfl.com/image/private/f_auto,q_auto/league/wj9e3uvudi1wvdsr0qdi",PIT,2018,15,REG,NE,0.0,0.0,0.0,0.0,0.0,0.0,0.0,0.0,0.0,0.0,0.0,0.0,,0.0,,,0.0,0.0,0.0,0.0,0.0,0.0,,0.0,4.0,4.0,20.0,0.0,0.0,0.0,11.0,9.0,1.0,1.2917155027389526,0.0,1.8181818723678589,0.1212121248245239,0.0301369857043027,0.2029140740633011,0.0,2.0,6.0,00-0031782,WR,2018_15_NE_PIT,201812160pit,REG,RogeEl00,WR,PIT,NE,28.0,44.0,0.0,0.0,0.0,0.0,28.0,,,,4.0,0.0,1,2018,4
00-0031787,J.Kumerow,Jake Kumerow,WR,WR,"https://static.www.nfl.com/image/private/f_auto,q_auto/league/lrfqprrjgaeaicqsd0f9",GB,2018,13,REG,ARI,0.0,0.0,0.0,0.0,0.0,0.0,0.0,0.0,0.0,0.0,0.0,0.0,,0.0,,,0.0,0.0,0.0,0.0,0.0,0.0,,0.0,1.0,2.0,11.0,0.0,0.0,0.0,21.0,-1.0,1.0,0.4969335794448852,0.0,0.523809552192688,0.0416666679084301,0.0593220330774784,0.1040254235267639,0.0,1.100000023841858,2.0999999046325684,00-0031787,WR,2018_13_ARI_GB,201812020gnb,REG,KumeJa00,WR,GB,ARI,5.0,7.000000000000001,0.0,0.0,14.0,0.45,19.0,,,,1.6,0.0,5,2022,31
00-0031788,M.Lengel,Matt Lengel,TE,TE,"https://static.www.nfl.com/image/private/f_auto,q_auto/league/ofsdmsids4mwmhkdpxoz",CIN,2018,7,REG,KC,0.0,0.0,0.0,0.0,0.0,0.0,0.0,0.0,0.0,0.0,0.0,0.0,,0.0,,,0.0,0.0,0.0,0.0,0.0,0.0,,0.0,0.0,1.0,0.0,0.0,0.0,0.0,1.0,0.0,0.0,-0.5819866061210632,0.0,0.0,0.03125,0.0038167939055711,0.049546755850315,0.0,0.0,0.0,00-0031788,TE,2018_07_CIN_KC,201810210kan,REG,LengMa00,TE,CIN,KC,5.0,9.0,0.0,0.0,8.0,0.3,13.0,00-0031788,TE,2.0,0.0,0.0,1,2018,7
00-0031796,J.Coleman,Justin Coleman,CB,DB,"https://static.www.nfl.com/image/private/f_auto,q_auto/league/v4axwk5l0cixta9m4hw7",MIA,2021,12,REG,MIA,0.0,0.0,0.0,0.0,0.0,0.0,0.0,0.0,0.0,0.0,0.0,0.0,,0.0,,,0.0,0.0,0.0,0.0,0.0,0.0,,0.0,0.0,0.0,0.0,0.0,0.0,0.0,0.0,0.0,0.0,,0.0,,,,,1.0,6.0,6.0,00-0031796,CB,2021_12_CAR_MIA,202111280mia,REG,ColeJu01,CB,MIA,CAR,0.0,0.0,20.0,36.0,9.0,0.32,29.0,00-0031796,CB,2.0,0.0,0.0,1,2021,2
00-0031806,M.Brown,Malcolm Brown,RB,RB,"https://static.www.nfl.com/image/private/f_auto,q_auto/league/zxnjheichwlnvvu5qdyl",LA,2018,1,REG,LV,0.0,0.0,0.0,0.0,0.0,0.0,0.0,0.0,0.0,0.0,0.0,0.0,,0.0,,,1.0,5.0,0.0,0.0,0.0,0.0,0.0888352617621421,0.0,2.0,2.0,18.0,0.0,0.0,0.0,7.0,11.0,1.0,1.952975153923035,0.0,2.5714285373687744,0.0606060624122619,0.0212121214717626,0.1057575792074203,0.0,2.299999952316284,4.300000190734863,00-0031806,RB,2018_01_LA_OAK,201809100rai,REG,BrowMa03,RB,LA,OAK,4.0,6.0,0.0,0.0,10.0,0.33,14.0,00-0031806,RB,2.0,3.3,0.0,5,2022,60
00-0031868,D.Byrd,Damiere Byrd,WR,WR,"https://static.www.nfl.com/image/private/f_auto,q_auto/league/cskulleqxehtrgkqsl3u",CAR,2018,7,REG,PHI,0.0,0.0,0.0,0.0,0.0,0.0,0.0,0.0,0.0,0.0,0.0,0.0,,0.0,,,0.0,0.0,0.0,0.0,0.0,0.0,,0.0,1.0,1.0,8.0,0.0,0.0,0.0,7.0,1.0,1.0,0.5535460114479065,0.0,1.1428571939468384,0.0270270276814699,0.0265151523053646,0.0591011457145214,0.0,0.800000011920929,1.7999999523162842,00-0031868,WR,2018_07_CAR_PHI,201810210phi,REG,ByrdDa00,WR,CAR,PHI,2.0,3.0,0.0,0.0,8.0,0.36,10.0,00-0031868,WR,3.0,1.3,0.0,6,2023,106
00-0031900,R.Smith,Rod Smith,RB,RB,"https://static.www.nfl.com/image/private/f_auto,q_auto/league/zmhmhduytwid1kjim5rp",DAL,2018,1,REG,CAR,0.0,0.0,0.0,0.0,0.0,0.0,0.0,0.0,0.0,0.0,0.0,0.0,,0.0,,,1.0,5.0,0.0,0.0,0.0,0.0,-0.543923556804657,0.0,0.0,1.0,0.0,0.0,0.0,0.0,-4.0,0.0,0.0,-1.031118631362915,0.0,-0.0,0.0344827584922313,-0.0185185186564922,0.0387611761689186,0.0,0.5,0.5,00-0031900,RB,2018_01_DAL_CAR,201809090car,REG,SmitRo06,RB,DAL,CAR,4.0,6.0,0.0,0.0,17.0,0.77,21.0,00-0031900,RB,2.0,0.5,0.0,1,2018,16
00-0031912,C.Meredith,Cameron Meredith,WR,WR,"https://static.www.nfl.com/image/private/f_auto,q_auto/league/galvhjzccy4mw0ipexho",NO,2018,3,REG,ATL,0.0,0.0,0.0,0.0,0.0,0.0,0.0,0.0,0.0,0.0,0.0,0.0,,0.0,,,0.0,0.0,0.0,0.0,0.0,0.0,,0.0,1.0,1.0,11.0,1.0,0.0,0.0,7.0,4.0,1.0,2.122429132461548,0.0,1.5714285373687744,0.0204081628471612,0.0256410259753465,0.0485609620809555,0.0,7.099999904632568,8.100000381469727,00-0031912,WR,2018_03_NO_ATL,201809230atl,REG,MereCa00,WR,NO,ATL,34.0,43.0,0.0,0.0,0.0,0.0,34.0,00-0031912,WR,2.0,7.6,0.0,1,2018,4
00-0031922,K.Lee,Khari Lee,TE,TE,"https://static.www.nfl.com/image/private/f_auto,q_auto/league/na3rt3lesebmcwilj62y",BUF,2018,4,REG,GB,0.0,0.0,0.0,0.0,0.0,0.0,0.0,0.0,0.0,0.0,0.0,0.0,,0.0,,,0.0,0.0,0.0,0.0,0.0,0.0,,0.0,1.0,1.0,5.0,0.0,0.0,0.0,-1.0,6.0,0.0,-0.1099777072668075,0.0,0.0,0.0303030312061309,-0.0032573288772255,0.0431744158267974,0.0,0.5,1.5,00-0031922,TE,2018_04_BUF_GB,201809300gnb,REG,LeexKh00,TE,BUF,GB,13.0,22.0,0.0,0.0,5.0,0.22,18.0,00-0031922,TE,3.0,1.0,0.0,1,2018,2
00-0031934,D.Smith,Devin Smith,WR,WR,"https://static.www.nfl.com/image/private/f_auto,q_auto/league/sxvloat4tcr7e6eghply",DAL,2019,2,REG,WAS,0.0,0.0,0.0,0.0,0.0,0.0,0.0,0.0,0.0,0.0,0.0,0.0,,0.0,,,0.0,0.0,0.0,0.0,0.0,0.0,,0.0,3.0,3.0,74.0,1.0,0.0,0.0,56.0,18.0,2.0,6.857201099395752,0.0,1.3214285373687744,0.1000000014901161,0.2178988307714462,0.3025291860103607,0.0,13.399999618530272,16.399999618530273,00-0031934,WR,2019_02_DAL_WAS,201909150was,REG,SmitDe04,WR,DAL,WAS,18.0,26.0,0.0,0.0,3.0,0.13,21.0,00-0031934,WR,2.0,14.9,0.0,2,2021,6
00-0031941,J.Crowder,Jamison Crowder,WR,WR,"https://static.www.nfl.com/image/private/f_auto,q_auto/league/glmuevjuy3coqf1t3rqj",WAS,2018,1,REG,ARI,0.0,0.0,0.0,0.0,0.0,0.0,0.0,0.0,0.0,0.0,0.0,0.0,,0.0,,,0.0,0.0,0.0,0.0,0.0,0.0,,0.0,3.0,4.0,32.0,0.0,0.0,0.0,22.0,12.0,2.0,3.8736572265625,0.0,1.454545497894287,0.1379310339689254,0.2156862765550613,0.3578769564628601,0.0,3.200000047683716,6.199999809265137,00-0031941,WR,2018_01_WAS_ARI,201809090crd,REG,CrowJa00,WR,WAS,ARI,49.0,62.0,0.0,0.0,1.0,0.05,50.0,00-0031941,WR,1.0,4.7,0.0,7,2024,111
00-0031951,J.O'Shaughnessy,James O'Shaughnessy,TE,TE,"https://static.www.nfl.com/image/private/f_auto,q_auto/league/sz5g57zhnshipkpw39sz",JAX,2018,1,REG,NYG,0.0,0.0,0.0,0.0,0.0,0.0,0.0,0.0,0.0,0.0,0.0,0.0,,0.0,,,0.0,0.0,0.0,0.0,0.0,0.0,,0.0,0.0,2.0,0.0,0.0,0.0,0.0,6.0,0.0,0.0,-1.2521079778671265,0.0,0.0,0.0606060624122619,0.0260869562625885,0.1091699600219726,0.0,0.0,0.0,00-0031951,TE,2018_01_JAX_NYG,201809090nyg,REG,O'ShJa00,TE,JAX,NYG,26.0,41.0,0.0,0.0,16.0,0.55,42.0,00-0031951,TE,2.0,0.0,0.0,4,2021,44
00-0031953,G.Davis,Geremy Davis,WR,WR,"https://static.www.nfl.com/image/private/f_auto,q_auto/league/q0pogtzy8q737pqb7zr2",LAC,2018,12,REG,ARI,0.0,0.0,0.0,0.0,0.0,0.0,0.0,0.0,0.0,0.0,0.0,0.0,,0.0,,,0.0,0.0,0.0,0.0,0.0,0.0,,0.0,0.0,1.0,0.0,0.0,0.0,0.0,0.0,0.0,0.0,-0.7954915165901184,0.0,,0.0322580635547637,0.0,0.0483870953321456,0.0,0.0,0.0,00-0031953,WR,2018_12_ARI_LAC,201811250sdg,REG,DaviGe00,WR,LAC,ARI,13.0,19.0,0.0,0.0,18.0,0.64,31.0,00-0031953,WR,3.0,0.0,0.0,2,2019,5
00-0031959,M.Murphy,Marcus Murphy,RB,RB,"https://static.www.nfl.com/image/private/f_auto,q_auto/league/y9j91g8089mu9tjj0zis",BUF,2018,1,REG,BAL,0.0,0.0,0.0,0.0,0.0,0.0,0.0,0.0,0.0,0.0,0.0,0.0,,0.0,,,6.0,31.0,0.0,0.0,0.0,0.0,-3.138081312179565,0.0,0.0,2.0,0.0,0.0,0.0,0.0,4.0,0.0,0.0,-1.1403220891952517,0.0,0.0,0.0625,0.0113960113376379,0.1017272099852562,0.0,3.0999999046325684,3.0999999046325684,00-0031959,RB,2018_01_BUF_BAL,201809090rav,REG,MurpMa03,RB,BUF,BAL,23.0,36.0,0.0,0.0,11.0,0.32,34.0,00-0031959,RB,3.0,3.1,0.0,1,2018,28
00-0031972,D.Jennings,Darius Jennings,WR,WR,"https://static.www.nfl.com/image/private/f_auto,q_auto/league/ttzaqozynmreovwpwwlh",TEN,2018,1,REG,MIA,0.0,0.0,0.0,0.0,0.0,0.0,0.0,0.0,0.0,0.0,0.0,0.0,,0.0,,,0.0,0.0,0.0,0.0,0.0,0.0,,0.0,0.0,0.0,0.0,0.0,0.0,0.0,0.0,0.0,0.0,,0.0,,,,,1.0,6.0,6.0,00-0031972,WR,2018_01_TEN_MIA,201809090mia,REG,JennDa00,WR,TEN,MIA,6.0,9.0,0.0,0.0,11.0,0.39,17.0,00-0031972,WR,3.0,0.0,0.0,2,2019,27
00-0032009,A.Humphries,Adam Humphries,WR,WR,"https://static.www.nfl.com/image/private/f_auto,q_auto/league/l56ywjejfpraigzs4qia",TB,2018,1,REG,NO,0.0,0.0,0.0,0.0,0.0,0.0,0.0,0.0,0.0,0.0,0.0,0.0,,0.0,,,0.0,0.0,0.0,0.0,0.0,0.0,,0.0,3.0,5.0,27.0,0.0,0.0,0.0,0.0,30.0,1.0,-0.4849367439746856,0.0,0.0,0.1785714328289032,0.0,0.2678571343421936,0.0,2.700000047683716,5.699999809265137,00-0032009,WR,2018_01_TB_NO,201809090nor,REG,HumpAd00,WR,TB,NO,44.0,67.0,0.0,0.0,4.0,0.12,48.0,00-0032009,WR,2.0,4.2,0.0,4,2021,92
00-0032054,B.Perriman,Breshad Perriman,WR,WR,"https://static.www.nfl.com/image/private/f_auto,q_auto/league/zpwov1n42bi5lsqdlxhh",CLE,2018,7,REG,TB,0.0,0.0,0.0,0.0,0.0,0.0,0.0,0.0,0.0,0.0,0.0,0.0,,0.0,,,0.0,0.0,0.0,0.0,0.0,0.0,,0.0,1.0,1.0,6.0,0.0,0.0,0.0,2.0,4.0,0.0,-0.4825127720832824,0.0,3.0,0.0303030312061309,0.0069686411879956,0.0503325946629047,0.0,0.6000000238418579,1.600000023841858,00-0032054,WR,2018_07_CLE_TB,201810210tam,REG,PerrBr02,WR,CLE,TB,11.0,16.0,0.0,0.0,0.0,0.0,11.0,,,,1.1,0.0,5,2022,58
00-0032055,D.Funchess,Devin Funchess,TE,TE,"https://static.www.nfl.com/image/private/f_auto,q_auto/league/j0q0lmao9tg0rbviax6z",CAR,2018,1,REG,DAL,0.0,0.0,0.0,0.0,0.0,0.0,0.0,0.0,0.0,0.0,0.0,0.0,,0.0,,,0.0,0.0,0.0,0.0,0.0,0.0,,0.0,3.0,5.0,41.0,0.0,0.0,0.0,77.0,0.0,2.0,0.5776357650756836,0.0,0.5324675440788269,0.2000000029802322,0.4967741966247558,0.6477419137954712,0.0,4.099999904632568,7.099999904632568,00-0032055,WR,2018_01_DAL_CAR,201809090car,REG,FuncDe00,WR,CAR,DAL,57.0,85.0,0.0,0.0,0.0,0.0,57.0,00-0032055,TE,1.0,5.6000000000000005,0.0,2,2019,17
00-0032058,T.Coleman,Tevin Coleman,RB,RB,"https://static.www.nfl.com/image/private/f_auto,q_auto/league/wiu4r7bvhcafs9vamqc",ATL,2018,1,REG,PHI,0.0,0.0,0.0,0.0,0.0,0.0,0.0,0.0,0.0,0.0,0.0,0.0,,0.0,,,9.0,19.0,1.0,0.0,0.0,1.0,-2.4048821926116943,0.0,1.0,2.0,26.0,0.0,0.0,0.0,-19.0,35.0,1.0,2.281834363937378,0.0,-1.3684210777282717,0.0512820519506931,-0.0527777783572673,0.0399786308407783,0.0,10.5,11.5,00-0032058,RB,2018_01_ATL_PHI,201809060phi,REG,ColeTe01,RB,ATL,PHI,36.0,51.0,0.0,0.0,0.0,0.0,36.0,00-0032058,RB,2.0,11.0,0.0,5,2022,63
00-0032062,B.Bell,Blake Bell,TE,TE,"https://static.www.nfl.com/image/private/f_auto,q_auto/league/eqrmmjto8koqqc9j2kjj",JAX,2018,8,REG,PHI,0.0,0.0,0.0,0.0,0.0,0.0,0.0,0.0,0.0,0.0,0.0,0.0,,0.0,,,0.0,0.0,0.0,0.0,0.0,0.0,,0.0,1.0,2.0,13.0,0.0,0.0,0.0,8.0,8.0,0.0,-0.9030137062072754,0.0,1.625,0.0487804859876632,0.031128404662013,0.0949606150388717,0.0,1.2999999523162842,2.299999952316284,00-0032062,TE,2018_08_PHI_JAX,201810280jax,REG,BellBl00,TE,JAX,PHI,32.0,50.0,0.0,0.0,10.0,0.42,42.0,00-0032062,TE,3.0,1.8,0.0,6,2023,59
00-0032063,M.Davis,Mike Davis,RB,RB,"https://static.www.nfl.com/image/private/f_auto,q_auto/league/csrqinegeyunycijua2q",SEA,2018,2,REG,CHI,0.0,0.0,0.0,0.0,0.0,0.0,0.0,0.0,0.0,0.0,0.0,0.0,,0.0,,,3.0,3.0,0.0,0.0,0.0,1.0,-0.5324380397796631,0.0,1.0,1.0,-1.0,0.0,0.0,0.0,-6.0,5.0,0.0,-1.0875086784362793,0.0,0.1666666716337204,0.0303030312061309,-0.0207612458616495,0.0309216734021902,0.0,0.2000000029802322,1.2000000476837158,00-0032063,RB,2018_02_SEA_CHI,201809170chi,REG,DaviMi01,RB,SEA,CHI,9.0,14.000000000000002,0.0,0.0,17.0,0.63,26.0,00-0032063,RB,3.0,0.7000000000000001,0.0,5,2022,63
00-0032089,B.Parker,Brian Parker,TE,TE,"https://static.www.nfl.com/image/private/f_auto,q_auto/league/lozfj8mnyln9bo6frq6r",DEN,2018,5,REG,NYJ,0.0,0.0,0.0,0.0,0.0,0.0,0.0,0.0,0.0,0.0,0.0,0.0,,0.0,,,0.0,0.0,0.0,0.0,0.0,0.0,,0.0,0.0,1.0,0.0,0.0,0.0,0.0,7.0,0.0,0.0,-0.4674448370933532,0.0,0.0,0.0196078438311815,0.0212121214717626,0.0442602485418319,0.0,0.0,0.0,00-0032089,TE,2018_05_DEN_NYJ,201810070nyj,REG,ParkBr00,TE,DEN,NYJ,5.0,6.0,0.0,0.0,7.0,0.22,12.0,00-0032089,TE,3.0,0.0,0.0,1,2018,7
00-0032098,D.Brown,Daniel Brown,TE,TE,"https://static.www.nfl.com/image/private/f_auto,q_auto/league/fnhg5hbp5sjn3uuanqua",NYJ,2019,11,REG,WAS,0.0,0.0,0.0,0.0,0.0,0.0,0.0,0.0,0.0,0.0,0.0,0.0,,0.0,,,0.0,0.0,0.0,0.0,0.0,0.0,,0.0,1.0,1.0,20.0,1.0,0.0,0.0,20.0,0.0,1.0,2.4079432487487797,0.0,1.0,0.0357142873108387,0.0643086805939674,0.0985875055193901,0.0,8.0,9.0,00-0032098,TE,2019_11_NYJ_WAS,201911170was,REG,BrowDa04,TE,NYJ,WAS,19.0,27.0,0.0,0.0,27.0,0.87,46.0,00-0032098,TE,3.0,8.5,0.0,3,2021,12
00-0032112,J.Nelson,J.J. Nelson,WR,WR,"https://static.www.nfl.com/image/private/f_auto,q_auto/league/rdpp1eiaqse92yvujbs0",ARI,2018,2,REG,LA,0.0,0.0,0.0,0.0,0.0,0.0,0.0,0.0,0.0,0.0,0.0,0.0,,0.0,,,0.0,0.0,0.0,0.0,0.0,0.0,,0.0,0.0,1.0,0.0,0.0,0.0,0.0,6.0,0.0,0.0,-0.7895112037658691,0.0,0.0,0.0370370373129844,0.0451127812266349,0.0871345028281211,0.0,0.0,0.0,00-0032112,WR,,,,,,,,0.0,0.0,0.0,0.0,0.0,0.0,0.0,00-0032112,WR,2.0,0.0,0.0,2,2019,15
00-0032117,N.O'Leary,Nick O'Leary,TE,TE,"https://static.www.nfl.com/image/private/f_auto,q_auto/league/f5411hjmqqxoa27quwfz",MIA,2018,6,REG,CHI,0.0,0.0,0.0,0.0,0.0,0.0,0.0,0.0,0.0,0.0,0.0,0.0,,0.0,,,0.0,0.0,0.0,0.0,0.0,0.0,,0.0,4.0,4.0,49.0,1.0,0.0,0.0,6.0,43.0,4.0,4.685365200042725,0.0,8.166666984558105,0.1000000014901161,0.0236220471560955,0.1665354371070861,0.0,10.899999618530272,14.899999618530272,00-0032117,TE,2018_06_CHI_MIA,201810140mia,REG,OLeaNi00,TE,MIA,CHI,52.0,67.0,0.0,0.0,6.0,0.21,58.0,,,,12.9,0.0,2,2019,15
00-0032120,N.Sterling,Neal Sterling,TE,TE,"https://static.www.nfl.com/image/private/f_auto,q_auto/league/zeft21ybfc5pjye3lmq2",NYJ,2018,1,REG,DET,0.0,0.0,0.0,0.0,0.0,0.0,0.0,0.0,0.0,0.0,0.0,0.0,,0.0,,,0.0,0.0,0.0,0.0,0.0,0.0,,0.0,3.0,3.0,27.0,0.0,0.0,0.0,5.0,22.0,1.0,2.6148722171783447,0.0,5.400000095367432,0.1500000059604644,0.0295857992023229,0.2457100600004196,0.0,2.700000047683716,5.699999809265137,00-0032120,TE,2018_01_NYJ_DET,201809100det,REG,SterNe00,TE,NYJ,DET,40.0,67.0,0.0,0.0,7.0,0.22,47.0,00-0032120,TE,2.0,4.2,0.0,1,2018,5
00-0032128,C.Conley,Chris Conley,WR,WR,"https://static.www.nfl.com/image/private/f_auto,q_auto/league/wddhtkz5tmo47x5s3qnq",KC,2018,1,REG,LAC,0.0,0.0,0.0,0.0,0.0,0.0,0.0,0.0,0.0,0.0,0.0,0.0,,0.0,,,0.0,0.0,0.0,0.0,0.0,0.0,,0.0,1.0,1.0,15.0,0.0,0.0,0.0,7.0,8.0,1.0,1.374103546142578,0.0,2.142857074737549,0.0399999991059303,0.020833333954215,0.0745833367109298,0.0,1.5,2.5,00-0032128,WR,2018_01_KC_LAC,201809090sdg,REG,ConlCh00,WR,KC,LAC,35.0,62.0,0.0,0.0,9.0,0.3,44.0,00-0032128,WR,2.0,2.0,0.0,7,2024,82
00-0032134,C.Uzomah,C.J. Uzomah,TE,TE,"https://static.www.nfl.com/image/private/f_auto,q_auto/league/hnkflpl5pzbfbdvtcv1c",CIN,2018,1,REG,IND,0.0,0.0,0.0,0.0,0.0,0.0,0.0,0.0,0.0,0.0,0.0,0.0,,0.0,,,0.0,0.0,0.0,0.0,0.0,0.0,,0.0,1.0,1.0,4.0,0.0,0.0,0.0,4.0,0.0,0.0,-0.1052416115999221,0.0,1.0,0.0357142873108387,0.0287769790738821,0.0737153142690658,0.0,0.4000000059604645,1.399999976158142,00-0032134,TE,2018_01_CIN_IND,201809090clt,REG,UzomC.00,TE,CIN,IND,36.0,64.0,0.0,0.0,21.0,0.72,57.0,00-0032134,TE,2.0,0.9,0.0,6,2023,77
00-0032135,J.James,Jesse James,TE,TE,"https://static.www.nfl.com/image/private/f_auto,q_auto/league/rgk9zqdx9lmbcblem3xn",PIT,2018,1,REG,CLE,0.0,0.0,0.0,0.0,0.0,0.0,0.0,0.0,0.0,0.0,0.0,0.0,,0.0,,,0.0,0.0,0.0,0.0,0.0,0.0,,0.0,3.0,5.0,60.0,0.0,0.0,0.0,51.0,29.0,3.0,0.1329341381788253,0.0,1.1764706373214722,0.1219512224197387,0.1335078477859497,0.2763823270797729,0.0,6.0,9.0,00-0032135,TE,2018_01_PIT_CLE,201809090cle,REG,JameJe00,TE,PIT,CLE,69.0,82.0,0.0,0.0,4.0,0.11,73.0,00-0032135,TE,2.0,7.5,0.0,4,2021,47
00-0032139,B.Koyack,Ben Koyack,TE,TE,"https://static.www.nfl.com/image/private/f_auto,q_auto/league/hg1fdty7xbpwztueey8j",JAX,2019,9,REG,HOU,0.0,0.0,0.0,0.0,0.0,0.0,0.0,0.0,0.0,0.0,0.0,0.0,,0.0,,,0.0,0.0,0.0,0.0,0.0,0.0,,0.0,0.0,1.0,0.0,0.0,0.0,0.0,-1.0,0.0,0.0,-0.7996710538864136,0.0,0.0,0.0227272734045982,-0.0026315790601074,0.0322488024830818,0.0,0.0,0.0,00-0032139,TE,2019_09_HOU_JAX,201911030jax,REG,KoyaBe00,TE,JAX,HOU,15.0,23.0,0.0,0.0,0.0,0.0,15.0,00-0032139,TE,3.0,0.0,0.0,1,2019,4
00-0032141,G.Swaim,Geoff Swaim,TE,TE,"https://static.www.nfl.com/image/upload/f_auto,q_auto/league/hx9yaocl4a6owbwaqajy",DAL,2018,1,REG,CAR,0.0,0.0,0.0,0.0,0.0,0.0,0.0,0.0,0.0,0.0,0.0,0.0,,0.0,,,0.0,0.0,0.0,0.0,0.0,0.0,,0.0,3.0,4.0,18.0,0.0,0.0,0.0,16.0,18.0,2.0,-0.5904569029808044,0.0,1.125,0.1379310339689254,0.0740740746259689,0.2587484121322632,0.0,1.7999999523162842,4.800000190734863,00-0032141,TE,2018_01_DAL_CAR,201809090car,REG,SwaiGe00,TE,DAL,CAR,58.0,91.0,0.0,0.0,11.0,0.5,69.0,00-0032141,TE,1.0,3.3,0.0,7,2024,64
00-0032144,M.Gordon,Melvin Gordon,RB,RB,"https://static.www.nfl.com/image/private/f_auto,q_auto/league/i4g8x7yotpgszlyanow0",LAC,2018,1,REG,KC,0.0,0.0,0.0,0.0,0.0,0.0,0.0,0.0,0.0,0.0,0.0,0.0,,0.0,,,15.0,64.0,0.0,0.0,0.0,3.0,-2.662677526473999,1.0,9.0,13.0,102.0,0.0,0.0,0.0,-16.0,119.0,6.0,1.396825671195984,0.0,-6.375,0.2599999904632568,-0.0331262946128845,0.366811603307724,0.0,18.600000381469727,27.600000381469727,00-0032144,RB,2018_01_KC_LAC,201809090sdg,REG,GordMe00,RB,LAC,KC,62.0,76.0,0.0,0.0,0.0,0.0,62.0,00-0032144,RB,1.0,24.1,0.0,6,2023,78
00-0032147,T.Sambrailo,Ty Sambrailo,T,OL,"https://static.www.nfl.com/image/private/f_auto,q_auto/league/rzx2kzsxlbhmzevaekzp",ATL,2019,17,REG,TB,0.0,0.0,0.0,0.0,0.0,0.0,0.0,0.0,0.0,0.0,0.0,0.0,,0.0,,,0.0,0.0,0.0,0.0,0.0,0.0,,0.0,1.0,1.0,35.0,1.0,0.0,0.0,15.0,20.0,1.0,3.2651727199554443,0.0,2.3333332538604736,0.020833333954215,0.0485436879098415,0.0652305856347084,0.0,9.5,10.5,00-0032147,OT,2019_17_ATL_TB,201912290tam,REG,SambTy00,T,ATL,TB,2.0,2.0,0.0,0.0,6.0,0.21,8.0,00-0032147,T,2.0,10.0,0.0,1,2019,2
00-0032156,T.Siemian,Trevor Siemian,QB,QB,"https://static.www.nfl.com/image/private/f_auto,q_auto/league/vmksfbms9zefxezf39sb",NYJ,2019,2,REG,CLE,3.0,6.0,3.0,0.0,0.0,2.0,17.0,0.0,0.0,41.0,11.0,0.0,-5.561112880706787,0.0,0.0731707289814949,-0.0044430657289922,0.0,0.0,0.0,0.0,0.0,0.0,,0.0,0.0,0.0,0.0,0.0,0.0,0.0,0.0,0.0,0.0,,0.0,,,,,0.0,0.1199999973177909,0.1199999973177909,00-0032156,QB,2019_02_CLE_NYJ,201909160nyj,REG,SiemTr00,QB,NYJ,CLE,18.0,28.000000000000004,0.0,0.0,0.0,0.0,18.0,00-0032156,QB,2.0,0.12,0.0,4,2023,20
00-0032160,T.Williams,Tyrell Williams,WR,WR,"https://static.www.nfl.com/image/private/f_auto,q_auto/league/qixhze7yidydtc1vyeih",LAC,2018,1,REG,KC,0.0,0.0,0.0,0.0,0.0,0.0,0.0,0.0,0.0,0.0,0.0,0.0,,0.0,,,0.0,0.0,0.0,0.0,0.0,0.0,,0.0,2.0,5.0,8.0,1.0,0.0,0.0,83.0,1.0,1.0,-4.832791328430176,0.0,0.0963855385780334,0.1000000014901161,0.1718426495790481,0.2702898681163788,0.0,6.800000190734863,8.800000190734863,00-0032160,WR,2018_01_KC_LAC,201809090sdg,REG,WillTy00,WR,LAC,KC,62.0,76.0,0.0,0.0,0.0,0.0,62.0,00-0032160,WR,1.0,7.8,0.0,3,2021,35
00-0032166,S.Coates,Sammie Coates,WR,WR,"https://static.www.nfl.com/image/private/f_auto,q_auto/league/qtqofzkmblah8ycd4687",HOU,2018,1,REG,NE,0.0,0.0,0.0,0.0,0.0,0.0,0.0,0.0,0.0,0.0,0.0,0.0,,0.0,,,0.0,0.0,0.0,0.0,0.0,0.0,,0.0,0.0,1.0,0.0,0.0,0.0,0.0,2.0,0.0,0.0,-0.4745045602321625,0.0,0.0,0.0294117648154497,0.0053050396963953,0.0478311739861965,0.0,0.0,0.0,00-0032166,WR,2018_01_HOU_NE,201809090nwe,REG,CoatSa00,WR,HOU,NE,6.0,8.0,0.0,0.0,11.0,0.34,17.0,00-0032166,WR,2.0,0.0,0.0,1,2018,5
00-0032170,R.Greene,Rashad Greene,WR,WR,"https://static.www.nfl.com/image/private/f_auto,q_auto/league/xte6opvwocivpjpjplzp",JAX,2018,7,REG,HOU,0.0,0.0,0.0,0.0,0.0,0.0,0.0,0.0,0.0,0.0,0.0,0.0,,0.0,,,0.0,0.0,0.0,0.0,0.0,0.0,,0.0,1.0,1.0,8.0,0.0,0.0,0.0,6.0,2.0,0.0,0.1571664959192276,0.0,1.3333333730697632,0.025000000372529,0.0262008737772703,0.0558406114578247,0.0,0.800000011920929,1.7999999523162842,00-0032170,WR,2018_07_HOU_JAX,201810210jax,REG,GreeRa00,WR,JAX,HOU,18.0,26.0,0.0,0.0,0.0,0.0,18.0,,,,1.3,0.0,1,2018,14
00-0032187,D.Johnson,David Johnson,RB,RB,"https://static.www.nfl.com/image/private/f_auto,q_auto/league/y7dtsyyjnoafefkbylbb",ARI,2018,1,REG,WAS,0.0,0.0,0.0,0.0,0.0,0.0,0.0,0.0,0.0,0.0,0.0,0.0,,0.0,,,9.0,37.0,1.0,0.0,0.0,4.0,1.459059715270996,0.0,5.0,9.0,30.0,0.0,0.0,0.0,7.0,20.0,1.0,-4.553018569946289,0.0,4.285714149475098,0.2647058963775635,0.0336538478732109,0.4206165075302124,0.0,12.699999809265137,17.700000762939453,00-0032187,RB,2018_01_WAS_ARI,201809090crd,REG,JohnDa08,RB,ARI,WAS,36.0,68.0,0.0,0.0,0.0,0.0,36.0,00-0032187,RB,1.0,15.2,0.0,5,2022,62
00-0032200,T.Montgomery,Ty Montgomery,WR,WR,"https://static.www.nfl.com/image/private/f_auto,q_auto/league/eagn4fvhnc9cp3wxeqoz",GB,2018,1,REG,CHI,0.0,0.0,0.0,0.0,0.0,0.0,0.0,0.0,0.0,0.0,0.0,0.0,,0.0,,,2.0,7.0,0.0,0.0,0.0,0.0,0.1638348847627639,0.0,2.0,3.0,21.0,0.0,0.0,0.0,3.0,15.0,1.0,-5.852684020996094,0.0,7.0,0.0833333358168602,0.0088235298171639,0.131176471710205,0.0,2.799999952316284,4.800000190734863,00-0032200,WR,2018_01_CHI_GB,201809090gnb,REG,MontTy01,RB,GB,CHI,23.0,38.0,0.0,0.0,8.0,0.29,31.0,00-0032200,WR,2.0,3.8,0.0,6,2023,80
00-0032209,T.Yeldon,T.J. Yeldon,RB,RB,"https://static.www.nfl.com/image/private/f_auto,q_auto/league/ktxkn2ltkmqfb5ugunt4",JAX,2018,1,REG,NYG,0.0,0.0,0.0,0.0,0.0,0.0,0.0,0.0,0.0,0.0,0.0,0.0,,0.0,,,14.0,51.0,0.0,0.0,0.0,1.0,-1.8888128995895384,0.0,3.0,7.0,18.0,1.0,0.0,0.0,5.0,21.0,2.0,-0.9358975291252136,0.0,3.5999999046325684,0.2121212184429168,0.0217391308397054,0.3333992063999176,0.0,12.899999618530272,15.899999618530272,00-0032209,RB,2018_01_JAX_NYG,201809090nyg,REG,YeldT.00,RB,JAX,NYG,39.0,62.0,0.0,0.0,0.0,0.0,39.0,00-0032209,RB,2.0,14.4,0.0,3,2020,26
00-0032214,T.Kroft,Tyler Kroft,TE,TE,"https://static.www.nfl.com/image/private/f_auto,q_auto/league/ztko1uhl01ebiutefibj",CIN,2018,1,REG,IND,0.0,0.0,0.0,0.0,0.0,0.0,0.0,0.0,0.0,0.0,0.0,0.0,,0.0,,,0.0,0.0,0.0,0.0,0.0,0.0,,0.0,1.0,1.0,9.0,0.0,0.0,0.0,2.0,7.0,1.0,0.4778495728969574,0.0,4.5,0.0357142873108387,0.014388489536941,0.0636433735489845,0.0,0.8999999761581421,1.899999976158142,00-0032214,TE,2018_01_CIN_IND,201809090clt,REG,KrofTy00,TE,CIN,IND,18.0,32.0,0.0,0.0,6.0,0.21,24.0,00-0032214,TE,1.0,1.4,0.0,5,2022,39
00-0032217,D.Smith,Donovan Smith,T,OL,"https://static.www.nfl.com/image/private/f_auto,q_auto/league/iivzp0ofngoslzvvb46q",KC,2023,2,REG,JAX,0.0,0.0,0.0,0.0,0.0,0.0,0.0,0.0,0.0,0.0,0.0,0.0,,0.0,,,0.0,0.0,0.0,0.0,0.0,0.0,,0.0,1.0,1.0,0.0,0.0,0.0,0.0,0.0,0.0,0.0,-1.6393696069717407,0.0,,0.025000000372529,0.0,0.0375000014901161,0.0,0.0,1.0,00-0032217,OT,2023_02_KC_JAX,202309170jax,REG,SmitDo02,T,KC,JAX,67.0,100.0,0.0,0.0,3.0,0.14,70.0,00-0032217,T,1.0,0.5,0.0,1,2023,2
00-0032227,J.Heuerman,Jeff Heuerman,TE,TE,"https://static.www.nfl.com/image/private/f_auto,q_auto/league/u3cggxnuwxem6rnkwzvg",DEN,2018,1,REG,SEA,0.0,0.0,0.0,0.0,0.0,0.0,0.0,0.0,0.0,0.0,0.0,0.0,,0.0,,,0.0,0.0,0.0,0.0,0.0,0.0,,0.0,1.0,1.0,15.0,0.0,0.0,0.0,15.0,0.0,1.0,0.7582624554634094,0.0,1.0,0.0256410259753465,0.0409836061298847,0.0671500638127327,0.0,1.5,2.5,00-0032227,TE,2018_01_SEA_DEN,201809090den,REG,HeueJe00,TE,DEN,SEA,60.0,81.0,0.0,0.0,0.0,0.0,60.0,00-0032227,TE,1.0,2.0,0.0,2,2019,20
00-0032241,T.Gurley,Todd Gurley,RB,RB,"https://static.www.nfl.com/image/private/f_auto,q_auto/league/ym7oprwel3dxbab0k7x9",LA,2018,1,REG,LV,0.0,0.0,0.0,0.0,0.0,0.0,0.0,0.0,0.0,0.0,0.0,0.0,,0.0,,,20.0,108.0,0.0,0.0,0.0,6.0,0.895159900188446,0.0,3.0,5.0,39.0,1.0,0.0,0.0,-9.0,55.0,2.0,2.621607542037964,0.0,-4.333333492279053,0.1515151560306549,-0.0272727273404598,0.2081818133592605,0.0,20.700000762939453,23.700000762939453,00-0032241,RB,2018_01_LA_OAK,201809100rai,REG,GurlTo01,RB,LA,OAK,59.0,94.0,0.0,0.0,0.0,0.0,59.0,00-0032241,RB,1.0,25.200000000000003,0.0,3,2020,50
00-0032245,S.Mannion,Sean Mannion,QB,QB,"https://static.www.nfl.com/image/private/f_auto,q_auto/league/lcuc7hhiijmt8xtitm77",LA,2018,7,REG,SF,0.0,0.0,0.0,0.0,0.0,0.0,0.0,0.0,0.0,0.0,0.0,0.0,,0.0,,,3.0,1.0,0.0,0.0,0.0,1.0,-0.4752805829048157,0.0,0.0,0.0,0.0,0.0,0.0,0.0,0.0,0.0,0.0,,0.0,,,,,0.0,0.1000000014901161,0.1000000014901161,00-0032245,QB,2018_07_LA_SF,201810210sfo,REG,MannSe00,QB,LA,SF,10.0,16.0,0.0,0.0,0.0,0.0,10.0,00-0032245,QB,2.0,0.1,0.0,3,2021,10
00-0032256,C.Walford,Clive Walford,TE,TE,"https://static.www.nfl.com/image/private/f_auto,q_auto/league/fjs40pz6ry6p7jqzckeg",MIA,2019,10,REG,IND,0.0,0.0,0.0,0.0,0.0,0.0,0.0,0.0,0.0,0.0,0.0,0.0,,0.0,,,0.0,0.0,0.0,0.0,0.0,0.0,,0.0,1.0,1.0,8.0,0.0,0.0,0.0,4.0,4.0,1.0,1.854403376579285,0.0,2.0,0.0303030312061309,0.0231213867664337,0.0616395175457,0.0,0.800000011920929,1.7999999523162842,00-0032256,TE,2019_10_MIA_IND,201911100clt,REG,WalfCl00,TE,MIA,IND,7.0,11.0,0.0,0.0,4.0,0.15,11.0,00-0032256,TE,3.0,1.3,0.0,1,2019,5
00-0032257,D.Johnson,Duke Johnson,RB,RB,"https://static.www.nfl.com/image/private/f_auto,q_auto/league/hf7lxjjesduggqdfktsg",CLE,2018,1,REG,PIT,0.0,0.0,0.0,0.0,0.0,0.0,0.0,0.0,0.0,0.0,0.0,0.0,,0.0,,,5.0,17.0,0.0,0.0,0.0,1.0,-0.2443912625312805,0.0,1.0,6.0,8.0,0.0,0.0,0.0,0.0,6.0,0.0,-3.936431169509888,0.0,0.0,0.1578947305679321,0.0,0.2368421107530594,0.0,2.5,3.5,00-0032257,RB,2018_01_PIT_CLE,201809090cle,REG,JohnDu00,RB,CLE,PIT,41.0,46.0,0.0,0.0,0.0,0.0,41.0,00-0032257,RB,2.0,3.0,0.0,5,2022,57
00-0032319,R.Travis,Ross Travis,TE,TE,"https://static.www.nfl.com/image/private/f_auto,q_auto/league/pqolizpud8fnjlh1s44h",IND,2019,13,REG,TEN,0.0,0.0,0.0,0.0,0.0,0.0,0.0,0.0,0.0,0.0,0.0,0.0,,0.0,,,0.0,0.0,0.0,0.0,0.0,0.0,,0.0,2.0,3.0,31.0,0.0,1.0,1.0,16.0,16.0,0.0,-3.543120861053467,0.0,1.9375,0.0810810774564743,0.0544217675924301,0.159716859459877,0.0,1.100000023841858,3.0999999046325684,00-0032319,TE,2019_13_TEN_IND,201912010clt,REG,TravRo00,TE,IND,TEN,12.0,17.0,0.0,0.0,0.0,0.0,12.0,,,,2.1,0.0,1,2019,4
00-0032320,E.Harris,Erik Harris,FS,DB,"https://static.www.nfl.com/image/private/f_auto,q_auto/league/vzqjwjllaqqqmrvvqwry",LV,2019,5,REG,CHI,0.0,0.0,0.0,0.0,0.0,0.0,0.0,0.0,0.0,0.0,0.0,0.0,,0.0,,,1.0,4.0,0.0,0.0,0.0,1.0,1.7644507884979248,0.0,0.0,0.0,0.0,0.0,0.0,0.0,0.0,0.0,0.0,,0.0,,,,,0.0,0.4000000059604645,0.4000000059604645,00-0032320,FS,2019_05_CHI_OAK,201910060rai,REG,HarrEr00,SS,OAK,CHI,0.0,0.0,56.0,100.0,19.0,0.68,75.0,00-0032320,FS,2.0,0.4,0.0,1,2019,2
00-0032355,C.Rogers,Chester Rogers,WR,WR,"https://static.www.nfl.com/image/private/f_auto,q_auto/league/lkszsifhpwtjpvjvlxw5",IND,2018,1,REG,CIN,0.0,0.0,0.0,0.0,0.0,0.0,0.0,0.0,0.0,0.0,0.0,0.0,,0.0,,,0.0,0.0,0.0,0.0,0.0,0.0,,0.0,3.0,3.0,18.0,0.0,0.0,0.0,3.0,15.0,2.0,1.854148507118225,0.0,6.0,0.0576923079788684,0.0105633800849318,0.0939328297972679,0.0,1.7999999523162842,4.800000190734863,00-0032355,WR,2018_01_CIN_IND,201809090clt,REG,RogeCh02,WR,IND,CIN,47.0,56.99999999999999,0.0,0.0,2.0,0.07,49.0,00-0032355,WR,1.0,3.3,0.0,3,2021,126
00-0032362,M.Harris,Maurice Harris,WR,WR,"https://static.www.nfl.com/image/private/f_auto,q_auto/league/w31fw8vgazrlgvyp2szu",WAS,2018,5,REG,NO,0.0,0.0,0.0,0.0,0.0,0.0,0.0,0.0,0.0,0.0,0.0,0.0,,0.0,,,0.0,0.0,0.0,0.0,0.0,0.0,,0.0,3.0,8.0,47.0,0.0,0.0,0.0,110.0,11.0,1.0,-8.433439254760742,0.0,0.4272727370262146,0.2162162214517593,0.3098591566085815,0.5412257313728333,0.0,4.699999809265137,7.699999809265137,00-0032362,WR,2018_05_WAS_NO,201810080nor,REG,HarrMa05,WR,WAS,NO,49.0,80.0,0.0,0.0,6.0,0.24,55.0,00-0032362,WR,2.0,6.2,0.0,1,2018,20
00-0032371,R.Kelley,Rob Kelley,RB,RB,"https://static.www.nfl.com/image/private/f_auto,q_auto/league/xh5lyubvptmxmccydl73",WAS,2018,1,REG,ARI,0.0,0.0,0.0,0.0,0.0,0.0,0.0,0.0,0.0,0.0,0.0,0.0,,0.0,,,3.0,7.0,0.0,0.0,0.0,0.0,-1.3540195226669312,0.0,0.0,0.0,0.0,0.0,0.0,0.0,0.0,0.0,0.0,,0.0,,,,,0.0,0.699999988079071,0.699999988079071,00-0032371,RB,,,,,,,,0.0,0.0,0.0,0.0,0.0,0.0,0.0,00-0032371,RB,3.0,0.7000000000000001,0.0,1,2018,3
00-0032377,J.Ferguson,Josh Ferguson,RB,RB,"https://static.www.nfl.com/image/private/f_auto,q_auto/league/htmbqglun1ydytcfrltb",WAS,2019,15,REG,PHI,0.0,0.0,0.0,0.0,0.0,0.0,0.0,0.0,0.0,0.0,0.0,0.0,,0.0,,,3.0,9.0,0.0,0.0,0.0,1.0,-0.065275952219963,0.0,0.0,0.0,0.0,0.0,0.0,0.0,0.0,0.0,0.0,,0.0,,,,,0.0,0.8999999761581421,0.8999999761581421,00-0032377,RB,2019_15_PHI_WAS,201912150was,REG,FergJo02,RB,WAS,PHI,3.0,6.0,0.0,0.0,8.0,0.28,11.0,,,,0.9,0.0,1,2019,2
00-0032390,C.Jones,Cyrus Jones,CB,DB,"https://static.www.nfl.com/image/private/f_auto,q_auto/league/bpmiikrnvmkpkk5hgjhz",BAL,2018,12,REG,BAL,0.0,0.0,0.0,0.0,0.0,0.0,0.0,0.0,0.0,0.0,0.0,0.0,,0.0,,,0.0,0.0,0.0,0.0,0.0,0.0,,0.0,0.0,0.0,0.0,0.0,0.0,0.0,0.0,0.0,0.0,,0.0,,,,,1.0,6.0,6.0,00-0032390,CB,2018_12_OAK_BAL,201811250rav,REG,JoneCy00,CB,BAL,OAK,0.0,0.0,2.0,3.0,16.0,0.57,18.0,00-0032390,CB,3.0,0.0,0.0,1,2018,3
00-0032393,C.Prosise,C.J. Prosise,RB,RB,"https://static.www.nfl.com/image/private/f_auto,q_auto/league/rcutby5hu0vtijh6adle",SEA,2018,2,REG,CHI,0.0,0.0,0.0,0.0,0.0,0.0,0.0,0.0,0.0,0.0,0.0,0.0,,0.0,,,0.0,0.0,0.0,0.0,0.0,0.0,,0.0,3.0,3.0,22.0,0.0,0.0,0.0,5.0,17.0,0.0,0.7432247400283813,0.0,4.400000095367432,0.0909090936183929,0.0173010379076004,0.1484743654727935,0.0,2.200000047683716,5.199999809265137,00-0032393,RB,2018_02_SEA_CHI,201809170chi,REG,ProsC.00,RB,SEA,CHI,18.0,27.0,0.0,0.0,12.0,0.44,30.0,00-0032393,RB,3.0,3.7,0.0,3,2020,20
00-0032404,T.Ervin,Tyler Ervin,RB,RB,"https://static.www.nfl.com/image/private/f_auto,q_auto/league/tqevofjpvkvuvpdaoggm",HOU,2018,1,REG,NE,0.0,0.0,0.0,0.0,0.0,0.0,0.0,0.0,0.0,0.0,0.0,0.0,,0.0,,,0.0,0.0,0.0,0.0,0.0,0.0,,0.0,1.0,1.0,12.0,0.0,0.0,0.0,1.0,11.0,0.0,-0.1218053996562957,0.0,12.0,0.0294117648154497,0.0026525198481976,0.0459744110703468,0.0,1.2000000476837158,2.200000047683716,00-0032404,RB,2018_01_HOU_NE,201809090nwe,REG,ErviTy00,RB,HOU,NE,7.0,9.0,0.0,0.0,12.0,0.38,19.0,00-0032404,RB,1.0,1.7000000000000002,0.0,3,2020,44
00-0032411,K.Dixon,Kenneth Dixon,RB,RB,"https://static.www.nfl.com/image/private/f_auto,q_auto/league/gzfijcqkmupkv6ajjruz",BAL,2018,1,REG,BUF,0.0,0.0,0.0,0.0,0.0,0.0,0.0,0.0,0.0,0.0,0.0,0.0,,0.0,,,13.0,44.0,1.0,0.0,0.0,3.0,-1.2839187383651731,0.0,0.0,0.0,0.0,0.0,0.0,0.0,0.0,0.0,0.0,,0.0,,,,,0.0,10.399999618530272,10.399999618530272,00-0032411,RB,2018_01_BUF_BAL,201809090rav,REG,DixoKe00,RB,BAL,BUF,22.0,28.000000000000004,0.0,0.0,0.0,0.0,22.0,00-0032411,RB,3.0,10.4,0.0,1,2018,9
00-0032417,P.Perkins,Paul Perkins,RB,RB,"https://static.www.nfl.com/image/private/f_auto,q_auto/league/bvq9v0mxyltlm9b8lstx",DET,2019,8,REG,NYG,0.0,0.0,0.0,0.0,0.0,0.0,0.0,0.0,0.0,0.0,0.0,0.0,,0.0,,,3.0,4.0,0.0,0.0,0.0,0.0,-1.798458218574524,0.0,0.0,0.0,0.0,0.0,0.0,0.0,0.0,0.0,0.0,,0.0,,,,,0.0,0.4000000059604645,0.4000000059604645,00-0032417,RB,2019_08_NYG_DET,201910270det,REG,PerkPa00,RB,DET,NYG,6.0,10.0,0.0,0.0,4.0,0.15,10.0,,,,0.4,0.0,1,2019,4
00-0032419,J.Haeg,Joe Haeg,T,OL,"https://static.www.nfl.com/image/private/f_auto,q_auto/league/r1dnsh9odto6vsiyzl9i",TB,2020,21,POST,KC,0.0,0.0,0.0,0.0,0.0,0.0,0.0,0.0,0.0,0.0,0.0,0.0,,0.0,,,0.0,0.0,0.0,0.0,0.0,0.0,,0.0,0.0,1.0,0.0,0.0,0.0,0.0,2.0,0.0,0.0,-0.8708342909812927,0.0,0.0,0.0344827584922313,0.0113636367022991,0.0596786849200725,0.0,0.0,0.0,00-0032419,OT,2020_21_KC_TB,202102070tam,SB,HaegJo00,T,KC,TB,21.0,31.0,0.0,0.0,6.0,0.22,27.0,00-0032419,T,2.0,0.0,0.0,1,2020,2
00-0032423,T.Davis,Trevor Davis,WR,WR,"https://static.www.nfl.com/image/private/f_auto,q_auto/league/hinncjtjusiowdpefuj6",GB,2019,1,REG,CHI,0.0,0.0,0.0,0.0,0.0,0.0,0.0,0.0,0.0,0.0,0.0,0.0,,0.0,,,0.0,0.0,0.0,0.0,0.0,0.0,,0.0,1.0,1.0,28.0,0.0,0.0,0.0,18.0,10.0,1.0,2.3656556606292725,0.0,1.5555555820465088,0.0370370373129844,0.0711462423205375,0.1053579300642013,0.0,2.799999952316284,3.799999952316284,00-0032423,WR,2019_01_GB_CHI,201909050chi,REG,DaviTr03,WR,GB,CHI,17.0,28.000000000000004,0.0,0.0,20.0,0.8,37.0,00-0032423,WR,1.0,3.3000000000000003,0.0,1,2019,14
00-0032426,A.Collins,Alex Collins,RB,RB,"https://static.www.nfl.com/image/private/f_auto,q_auto/league/ddlhbm7zsi5o69wh6z5o",BAL,2018,1,REG,BUF,0.0,0.0,0.0,0.0,0.0,0.0,0.0,0.0,0.0,0.0,0.0,0.0,,0.0,,,7.0,13.0,1.0,1.0,1.0,2.0,-5.541586399078369,0.0,1.0,1.0,6.0,0.0,0.0,0.0,-1.0,7.0,0.0,0.194743737578392,0.0,-6.0,0.0270270276814699,-0.0041322312317788,0.0376479774713516,0.0,5.900000095367432,6.900000095367432,00-0032426,RB,2018_01_BUF_BAL,201809090rav,REG,CollAl00,RB,BAL,BUF,27.0,34.0,0.0,0.0,0.0,0.0,27.0,00-0032426,RB,1.0,6.4,0.0,3,2021,27
00-0032430,D.Morgan,David Morgan,TE,TE,"https://static.www.nfl.com/image/private/f_auto,q_auto/league/vvmtt05lja1y2iulrwdp",MIN,2018,1,REG,SF,0.0,0.0,0.0,0.0,0.0,0.0,0.0,0.0,0.0,0.0,0.0,0.0,,0.0,,,0.0,0.0,0.0,0.0,0.0,0.0,,0.0,1.0,1.0,9.0,0.0,0.0,0.0,-1.0,10.0,1.0,0.8935263752937317,0.0,0.0,0.0285714287310838,-0.0040650404989719,0.0400116145610809,0.0,0.8999999761581421,1.899999976158142,00-0032430,TE,2018_01_SF_MIN,201809090min,REG,MorgDa01,TE,MIN,SF,30.0,42.0,0.0,0.0,6.0,0.21,36.0,00-0032430,TE,2.0,1.4,0.0,1,2018,6
00-0032436,J.Driskel,Jeff Driskel,QB,QB,"https://static.www.nfl.com/image/private/f_auto,q_auto/league/vs04xemcmwboamd8fpas",CIN,2018,7,REG,KC,4.0,4.0,39.0,0.0,0.0,0.0,-0.0,0.0,0.0,31.0,8.0,2.0,2.5554049015045166,0.0,1.2580645084381104,,1.0,5.0,0.0,0.0,0.0,0.0,0.115001156926155,0.0,0.0,0.0,0.0,0.0,0.0,0.0,0.0,0.0,0.0,,0.0,,,,,0.0,2.059999942779541,2.059999942779541,00-0032436,QB,2018_07_CIN_KC,201810210kan,REG,DrisJe00,QB,CIN,KC,9.0,16.0,0.0,0.0,0.0,0.0,9.0,00-0032436,QB,2.0,2.06,0.0,5,2023,27
00-0032437,K.Grugier-Hill,Kamu Grugier-Hill,ILB,LB,"https://static.www.nfl.com/image/private/f_auto,q_auto/league/xwbgovhlzpkahi8bxbkr",ARI,2022,16,REG,TB,0.0,0.0,0.0,0.0,0.0,0.0,0.0,0.0,0.0,0.0,0.0,0.0,,0.0,,,0.0,0.0,0.0,0.0,0.0,0.0,,0.0,1.0,1.0,4.0,0.0,0.0,0.0,0.0,4.0,1.0,2.8644769191741943,0.0,0.0,0.0238095242530107,0.0,0.0357142873108387,0.0,0.4000000059604645,1.399999976158142,00-0032437,OLB,2022_16_TB_ARI,202212250crd,REG,GrugKa00,LB,ARI,TB,0.0,0.0,18.0,22.0,23.0,0.7,41.0,00-0032437,ILB,3.0,0.9,0.0,1,2022,2
00-0032450,D.Washington,Dwayne Washington,RB,RB,"https://static.www.nfl.com/image/private/f_auto,q_auto/league/h1nintlpbk2zyxerjpy4",NO,2018,4,REG,NYG,0.0,0.0,0.0,0.0,0.0,0.0,0.0,0.0,0.0,0.0,0.0,0.0,,0.0,,,2.0,2.0,0.0,0.0,0.0,0.0,-1.2021621465682983,0.0,0.0,0.0,0.0,0.0,0.0,0.0,0.0,0.0,0.0,,0.0,,,,,0.0,0.2000000029802322,0.2000000029802322,00-0032450,RB,2018_04_NO_NYG,201809300nyg,REG,WashDw00,RB,NO,NYG,2.0,3.0,0.0,0.0,12.0,0.41,14.0,,,,0.2,0.0,5,2022,22
00-0032466,G.Fant,George Fant,T,OL,"https://static.www.nfl.com/image/upload/f_auto,q_auto/league/ldacexcnjy4isq1imivf",SEA,2018,14,REG,MIN,0.0,0.0,0.0,0.0,0.0,0.0,0.0,0.0,0.0,0.0,0.0,0.0,,0.0,,,0.0,0.0,0.0,0.0,0.0,0.0,,0.0,1.0,1.0,9.0,0.0,0.0,0.0,0.0,9.0,0.0,0.7334258556365967,0.0,0.0,0.0625,0.0,0.09375,0.0,0.8999999761581421,1.899999976158142,00-0032466,OT,2018_14_MIN_SEA,201812100sea,REG,FantGe00,T,SEA,MIN,39.0,59.0,0.0,0.0,3.0,0.14,42.0,00-0032466,T,2.0,1.4,0.0,2,2019,6
00-0032472,T.Madden,Tre Madden,FB,RB,"https://static.www.nfl.com/image/private/f_auto,q_auto/league/gxkbbtamw8l5tpecbssm",SEA,2018,1,REG,DEN,0.0,0.0,0.0,0.0,0.0,0.0,0.0,0.0,0.0,0.0,0.0,0.0,,0.0,,,0.0,0.0,0.0,0.0,0.0,0.0,,0.0,1.0,1.0,7.0,0.0,0.0,0.0,0.0,7.0,0.0,0.4178967177867889,0.0,0.0,0.0303030312061309,0.0,0.0454545468091964,0.0,0.699999988079071,1.7000000476837158,00-0032472,FB,2018_01_SEA_DEN,201809090den,REG,MaddTr01,FB,SEA,DEN,6.0,11.0,0.0,0.0,22.0,0.65,28.0,00-0032472,FB,1.0,1.2000000000000002,0.0,1,2018,6
00-0032496,M.Farley,Matthias Farley,FS,DB,"https://static.www.nfl.com/image/private/f_auto,q_auto/league/yz4nj2cu0emfjudr3ofz",TEN,2021,1,REG,ARI,1.0,1.0,6.0,0.0,0.0,0.0,-0.0,0.0,0.0,4.0,2.0,1.0,3.0622718334198,0.0,1.5,,0.0,0.0,0.0,0.0,0.0,0.0,,0.0,0.0,0.0,0.0,0.0,0.0,0.0,0.0,0.0,0.0,,0.0,,,,,0.0,0.2399999946355819,0.2399999946355819,00-0032496,DB,2021_01_ARI_TEN,202109120oti,REG,FarlMa00,FS,TEN,ARI,0.0,0.0,2.0,3.0,19.0,0.7,21.0,00-0032496,FS,2.0,0.24,0.0,2,2022,4
00-0032508,H.Valles,Hakeem Valles,TE,TE,"https://static.www.nfl.com/image/private/f_auto,q_auto/league/ieiahqsygsyjbwlvl3cy",DET,2018,1,REG,NYJ,0.0,0.0,0.0,0.0,0.0,0.0,0.0,0.0,0.0,0.0,0.0,0.0,,0.0,,,0.0,0.0,0.0,0.0,0.0,0.0,,0.0,1.0,2.0,5.0,0.0,0.0,0.0,20.0,0.0,0.0,-0.473808228969574,0.0,0.25,0.0384615398943424,0.0496277920901775,0.0924317613244056,0.0,0.5,1.5,00-0032508,TE,2018_01_NYJ_DET,201809100det,REG,VallHa00,TE,DET,NYJ,18.0,26.0,0.0,0.0,0.0,0.0,18.0,00-0032508,TE,3.0,1.0,0.0,1,2018,3
00-0032540,T.Carson,Tra Carson,RB,RB,"https://static.www.nfl.com/image/private/f_auto,q_auto/league/cpbomacc0snqelgvpz58",GB,2019,5,REG,DAL,0.0,0.0,0.0,0.0,0.0,0.0,0.0,0.0,0.0,0.0,0.0,0.0,,0.0,,,6.0,14.0,0.0,0.0,0.0,1.0,-2.170825719833374,0.0,4.0,4.0,18.0,0.0,0.0,0.0,4.0,14.0,0.0,-0.1533317565917968,0.0,4.5,0.1290322542190551,0.0176991149783134,0.205937772989273,0.0,3.200000047683716,7.199999809265137,00-0032540,RB,2019_05_GB_DAL,201910060dal,REG,CarsTr01,RB,GB,DAL,24.0,33.0,0.0,0.0,13.0,0.38,37.0,,,,5.2,0.0,1,2019,3
00-0032543,A.Erickson,Alex Erickson,WR,WR,"https://static.www.nfl.com/image/private/f_auto,q_auto/league/tnd77vbkyo8srrrkaisu",CIN,2018,4,REG,ATL,0.0,0.0,0.0,0.0,0.0,0.0,0.0,0.0,0.0,0.0,0.0,0.0,,0.0,,,1.0,8.0,0.0,0.0,0.0,0.0,0.6250853538513184,0.0,1.0,2.0,8.0,0.0,0.0,0.0,10.0,11.0,0.0,-0.3620231747627258,0.0,0.800000011920929,0.0487804859876632,0.0350877195596694,0.0977321341633796,0.0,1.600000023841858,2.5999999046325684,00-0032543,WR,2018_04_CIN_ATL,201809300atl,REG,EricAl01,WR,CIN,ATL,36.0,49.0,0.0,0.0,9.0,0.31,45.0,00-0032543,WR,1.0,2.1,0.0,5,2023,136
00-0032562,C.Wick,Cole Wick,TE,TE,"https://static.www.nfl.com/image/private/f_auto,q_auto/league/iht2lfaubsm1jhgvi9tu",SF,2018,5,REG,ARI,0.0,0.0,0.0,0.0,0.0,0.0,0.0,0.0,0.0,0.0,0.0,0.0,,0.0,,,0.0,0.0,0.0,0.0,0.0,0.0,,0.0,0.0,1.0,0.0,0.0,0.0,0.0,1.0,0.0,0.0,-1.1772828102111816,0.0,0.0,0.0185185186564922,0.0038461538497358,0.03047008626163,0.0,0.0,0.0,00-0032562,TE,2018_05_ARI_SF,201810070sfo,REG,WickCo00,TE,SF,ARI,4.0,4.0,0.0,0.0,12.0,0.44,16.0,00-0032562,TE,3.0,0.0,0.0,1,2018,2
00-0032575,M.Skura,Matt Skura,C,OL,"https://static.www.nfl.com/image/private/f_auto,q_auto/league/h9enr0ycapsfxudjqe43",BAL,2020,9,REG,IND,0.0,0.0,0.0,0.0,0.0,0.0,0.0,0.0,0.0,0.0,0.0,0.0,,0.0,,,1.0,0.0,0.0,1.0,0.0,0.0,-0.5921327471733093,0.0,0.0,0.0,0.0,0.0,0.0,0.0,0.0,0.0,0.0,,0.0,,,,,0.0,0.0,0.0,00-0032575,C,2020_09_BAL_IND,202011080clt,REG,SkurMa01,C/G,BAL,IND,64.0,100.0,0.0,0.0,4.0,0.17,68.0,00-0032575,C,1.0,-2.0,0.0,1,2020,2
00-0032577,D.Foster,D.J. Foster,RB,RB,"https://static.www.nfl.com/image/private/f_auto,q_auto/league/thjquiyzbnepofa1mb94",ARI,2020,9,REG,MIA,0.0,0.0,0.0,0.0,0.0,0.0,0.0,0.0,0.0,0.0,0.0,0.0,,0.0,,,1.0,2.0,0.0,0.0,0.0,0.0,-0.4153468012809753,0.0,1.0,1.0,7.0,0.0,0.0,0.0,4.0,3.0,1.0,0.6621657609939575,0.0,1.75,0.0384615398943424,0.0160000007599592,0.0688923075795173,0.0,0.8999999761581421,1.899999976158142,00-0032577,RB,2020_09_MIA_ARI,202011080crd,REG,FostD.01,RB,ARI,MIA,5.0,7.000000000000001,0.0,0.0,1.0,0.04,6.0,,,,1.4,0.0,1,2020,3
00-0032592,S.Neasman,Sharrod Neasman,CB,DB,"https://static.www.nfl.com/image/private/f_auto,q_auto/league/yut5typ5hmpbucewbnwd",ATL,2020,1,REG,SEA,0.0,0.0,0.0,0.0,0.0,0.0,0.0,0.0,0.0,0.0,0.0,0.0,,0.0,,,1.0,2.0,0.0,1.0,1.0,0.0,-3.105419397354126,0.0,0.0,0.0,0.0,0.0,0.0,0.0,0.0,0.0,0.0,,0.0,,,,,0.0,-1.7999999523162842,-1.7999999523162842,00-0032592,S,2020_01_SEA_ATL,202009130atl,REG,NeasSh00,DB,ATL,SEA,0.0,0.0,0.0,0.0,25.0,0.86,25.0,00-0032592,CB,2.0,-1.8,0.0,1,2020,2
00-0032593,B.Wilds,Brandon Wilds,RB,RB,"https://static.www.nfl.com/image/private/f_auto,q_auto/league/pnkbbcmp3qmc3ncxfm7a",JAX,2018,2,REG,NE,0.0,0.0,0.0,0.0,0.0,0.0,0.0,0.0,0.0,0.0,0.0,0.0,,0.0,,,3.0,4.0,0.0,0.0,0.0,0.0,-1.4753690958023071,0.0,0.0,0.0,0.0,0.0,0.0,0.0,0.0,0.0,0.0,,0.0,,,,,0.0,0.4000000059604645,0.4000000059604645,00-0032593,RB,2018_02_NE_JAX,201809160jax,REG,WildBr01,RB,JAX,NE,5.0,7.000000000000001,0.0,0.0,0.0,0.0,5.0,,,,0.4,0.0,1,2018,4
00-0032599,J.Perkins,Joshua Perkins,TE,TE,"https://static.www.nfl.com/image/private/f_auto,q_auto/league/xxy4pbngyjfvrlkytvhk",PHI,2018,2,REG,TB,0.0,0.0,0.0,0.0,0.0,0.0,0.0,0.0,0.0,0.0,0.0,0.0,,0.0,,,0.0,0.0,0.0,0.0,0.0,0.0,,0.0,4.0,6.0,57.0,0.0,0.0,0.0,55.0,11.0,3.0,1.8966933488845823,0.0,1.0363636016845703,0.1276595741510391,0.1697530895471573,0.3103165328502655,0.0,5.699999809265137,9.699999809265137,00-0032599,TE,2018_02_PHI_TB,201809160tam,REG,PerkJo02,TE,PHI,TB,26.0,33.0,0.0,0.0,16.0,0.57,42.0,00-0032599,TE,3.0,7.7,0.0,2,2019,8
00-0032602,J.McKissic,J.D. McKissic,RB,RB,"https://static.www.nfl.com/image/private/f_auto,q_auto/league/zi77vkqwrmklt5ic6lc6",SEA,2018,13,REG,SF,0.0,0.0,0.0,0.0,0.0,0.0,0.0,0.0,0.0,0.0,0.0,0.0,,0.0,,,0.0,0.0,0.0,0.0,0.0,0.0,,0.0,0.0,1.0,0.0,0.0,0.0,0.0,7.0,0.0,0.0,-0.5455206036567688,0.0,0.0,0.0588235296308994,0.0476190485060215,0.1215686276555061,0.0,0.0,0.0,00-0032602,RB,2018_13_SF_SEA,201812020sea,REG,McKiJ.00,WR,SEA,SF,2.0,3.0,0.0,0.0,17.0,0.57,19.0,,,,0.0,0.0,5,2022,62
00-0032626,G.Allison,Geronimo Allison,WR,WR,"https://static.www.nfl.com/image/private/f_auto,q_auto/league/pngohl9rhrwyiaf7ywnz",GB,2018,1,REG,CHI,0.0,0.0,0.0,0.0,0.0,0.0,0.0,0.0,0.0,0.0,0.0,0.0,,0.0,,,0.0,0.0,0.0,0.0,0.0,0.0,,0.0,5.0,8.0,69.0,1.0,0.0,0.0,112.0,11.0,3.0,5.584020137786865,0.0,0.6160714030265808,0.2222222238779068,0.3294117748737335,0.5639215707778931,0.0,12.899999618530272,17.899999618530273,00-0032626,WR,2018_01_CHI_GB,201809090gnb,REG,AlliGe01,WR,GB,CHI,42.0,70.0,0.0,0.0,14.0,0.5,56.0,00-0032626,WR,1.0,15.4,0.0,3,2021,26
00-0032634,D.Grinnage,David Grinnage,TE,TE,"https://static.www.nfl.com/image/private/f_auto,q_auto/league/xzwdae27ugz08bfuce7b",JAX,2018,6,REG,DAL,0.0,0.0,0.0,0.0,0.0,0.0,0.0,0.0,0.0,0.0,0.0,0.0,,0.0,,,0.0,0.0,0.0,0.0,0.0,0.0,,0.0,1.0,1.0,7.0,0.0,0.0,0.0,4.0,3.0,0.0,0.3612063527107239,0.0,1.75,0.0384615398943424,0.0180995482951402,0.0703619942069053,0.0,0.699999988079071,1.7000000476837158,00-0032634,TE,2018_06_JAX_DAL,201810140dal,REG,GrinDa00,TE,JAX,DAL,9.0,19.0,0.0,0.0,0.0,0.0,9.0,,,,1.2000000000000002,0.0,1,2018,4
00-0032661,B.Braunecker,Ben Braunecker,TE,TE,"https://static.www.nfl.com/image/private/f_auto,q_auto/league/rjixl9e7vu8gze8324ne",CHI,2018,6,REG,MIA,0.0,0.0,0.0,0.0,0.0,0.0,0.0,0.0,0.0,0.0,0.0,0.0,,0.0,,,0.0,0.0,0.0,0.0,0.0,0.0,,0.0,0.0,1.0,0.0,0.0,0.0,0.0,13.0,0.0,0.0,-5.26234769821167,0.0,0.0,0.0333333350718021,0.0396341457962989,0.0777439028024673,0.0,0.0,0.0,00-0032661,TE,2018_06_CHI_MIA,201810140mia,REG,BrauBe00,TE,CHI,MIA,8.0,11.0,0.0,0.0,15.0,0.54,23.0,00-0032661,TE,3.0,0.0,0.0,2,2019,13
00-0032707,A.Jones,Andy Jones,WR,WR,"https://static.www.nfl.com/image/private/f_auto,q_auto/league/mdjom6h1xosrxbulj0gw",DET,2018,12,REG,CHI,0.0,0.0,0.0,0.0,0.0,0.0,0.0,0.0,0.0,0.0,0.0,0.0,,0.0,,,0.0,0.0,0.0,0.0,0.0,0.0,,0.0,1.0,3.0,4.0,0.0,0.0,0.0,4.0,1.0,1.0,-2.294935941696167,0.0,1.0,0.0810810774564743,0.0310077518224716,0.1433270424604416,0.0,0.4000000059604645,1.399999976158142,00-0032707,WR,2018_12_CHI_DET,201811220det,REG,JoneAn01,WR,DET,CHI,21.0,32.0,0.0,0.0,8.0,0.33,29.0,,,,0.9,0.0,1,2018,6
00-0032725,S.Anderson,Stephen Anderson,TE,TE,"https://static.www.nfl.com/image/private/f_auto,q_auto/league/inufsxftnotmpeot1lh2",LAC,2020,13,REG,NE,0.0,0.0,0.0,0.0,0.0,0.0,0.0,0.0,0.0,0.0,0.0,0.0,,0.0,,,0.0,0.0,0.0,0.0,0.0,0.0,,0.0,1.0,2.0,6.0,0.0,0.0,0.0,11.0,0.0,1.0,-0.2998052537441253,0.0,0.5454545617103577,0.0384615398943424,0.0339506156742572,0.0814577415585517,0.0,0.6000000238418579,1.600000023841858,00-0032725,TE,2020_13_NE_LAC,202012060sdg,REG,AndeSt01,TE,LAC,NE,15.0,21.0,0.0,0.0,18.0,0.67,33.0,00-0032725,TE,2.0,1.1,0.0,3,2022,26
00-0032728,Te.Jones,Tevin Jones,WR,WR,"https://static.www.nfl.com/image/private/f_auto,q_auto/league/urta5cwlyagell20pqlo",PIT,2019,11,REG,CLE,0.0,0.0,0.0,0.0,0.0,0.0,0.0,0.0,0.0,0.0,0.0,0.0,,0.0,,,0.0,0.0,0.0,0.0,0.0,0.0,,0.0,2.0,4.0,24.0,0.0,0.0,0.0,74.0,0.0,0.0,-7.032649993896484,0.0,0.3243243098258972,0.0930232554674148,0.1774580329656601,0.2637555003166199,0.0,2.400000095367432,4.400000095367432,00-0032728,WR,2019_11_PIT_CLE,201911140cle,REG,JoneTe02,WR,PIT,CLE,35.0,49.0,0.0,0.0,6.0,0.23,41.0,,,,3.4000000000000004,0.0,1,2019,5
00-0032741,P.Barber,Peyton Barber,RB,RB,"https://static.www.nfl.com/image/private/f_auto,q_auto/league/yjcjcrdiztmfwjgcfbux",TB,2018,1,REG,NO,0.0,0.0,0.0,0.0,0.0,0.0,0.0,0.0,0.0,0.0,0.0,0.0,,0.0,,,19.0,69.0,0.0,0.0,0.0,2.0,-3.407118797302246,0.0,0.0,0.0,0.0,0.0,0.0,0.0,0.0,0.0,0.0,,0.0,,,,,0.0,6.900000095367432,6.900000095367432,00-0032741,RB,2018_01_TB_NO,201809090nor,REG,BarbPe01,RB,TB,NO,48.0,73.0,0.0,0.0,0.0,0.0,48.0,00-0032741,RB,1.0,6.9,0.0,4,2021,62
00-0032745,A.Cross,Alan Cross,TE,TE,"https://static.www.nfl.com/image/private/f_auto,q_auto/league/flcn8rvasatcy4cuoe1k",TB,2018,1,REG,NO,0.0,0.0,0.0,0.0,0.0,0.0,0.0,0.0,0.0,0.0,0.0,0.0,,0.0,,,0.0,0.0,0.0,0.0,0.0,0.0,,0.0,0.0,1.0,0.0,0.0,0.0,0.0,0.0,0.0,0.0,-0.986971378326416,0.0,,0.0357142873108387,0.0,0.0535714291036129,0.0,0.0,0.0,00-0032745,TE,2018_01_TB_NO,201809090nor,REG,CrosAl00,TE,TB,NO,15.0,23.0,0.0,0.0,18.0,0.55,33.0,00-0032745,TE,3.0,0.0,0.0,1,2018,9
00-0032760,J.Doctson,Josh Doctson,WR,WR,"https://static.www.nfl.com/image/private/f_auto,q_auto/league/mkq3ycvjnr0ltb0yjczi",WAS,2018,1,REG,ARI,0.0,0.0,0.0,0.0,0.0,0.0,0.0,0.0,0.0,0.0,0.0,0.0,,0.0,,,0.0,0.0,0.0,0.0,0.0,0.0,,0.0,1.0,3.0,11.0,0.0,0.0,0.0,13.0,2.0,1.0,-0.4436812400817871,0.0,0.8461538553237915,0.1034482792019844,0.1274509876966476,0.2443881034851074,0.0,1.100000023841858,2.0999999046325684,00-0032760,WR,2018_01_WAS_ARI,201809090crd,REG,DoctJo00,WR,WAS,ARI,70.0,89.0,0.0,0.0,0.0,0.0,70.0,00-0032760,WR,1.0,1.6,0.0,1,2018,16
00-0032765,M.Thomas,Michael Thomas,WR,WR,"https://static.www.nfl.com/image/private/f_auto,q_auto/league/sxldsbuw65hfmkzqhw96",NO,2018,1,REG,TB,0.0,0.0,0.0,0.0,0.0,0.0,0.0,0.0,0.0,0.0,0.0,0.0,,0.0,,,0.0,0.0,0.0,0.0,0.0,0.0,,0.0,16.0,17.0,180.0,1.0,1.0,1.0,128.0,63.0,7.0,5.066769599914551,0.0,1.40625,0.3863636255264282,0.3753665685653686,0.8423020243644714,0.0,22.0,38.0,00-0032765,WR,2018_01_TB_NO,201809090nor,REG,ThomMi05,WR,NO,TB,61.0,95.0,0.0,0.0,0.0,0.0,61.0,,,,33.0,0.0,5,2023,99
00-0032773,N.Kwiatkoski,Nick Kwiatkoski,ILB,LB,"https://static.www.nfl.com/image/private/f_auto,q_auto/league/y4kxbbep5gxsvsdjjdnf",CHI,2018,17,REG,MIN,0.0,0.0,0.0,0.0,0.0,0.0,0.0,0.0,0.0,0.0,0.0,0.0,,0.0,,,0.0,0.0,0.0,0.0,0.0,0.0,,0.0,0.0,0.0,0.0,0.0,0.0,0.0,0.0,0.0,0.0,,1.0,,,,,0.0,2.0,2.0,00-0032773,ILB,2018_17_CHI_MIN,201812300min,REG,KwiaNi00,LB,CHI,MIN,1.0,1.0,14.0,25.0,19.0,0.86,34.0,00-0032773,ILB,2.0,0.0,0.0,1,2018,2
00-0032778,T.Sharpe,Tajae Sharpe,WR,WR,"https://static.www.nfl.com/image/private/f_auto,q_auto/league/c8fgfxrl2gmdv8thgw1p",TEN,2018,1,REG,MIA,0.0,0.0,0.0,0.0,0.0,0.0,0.0,0.0,0.0,0.0,0.0,0.0,,0.0,,,0.0,0.0,0.0,0.0,0.0,0.0,,0.0,1.0,3.0,17.0,0.0,0.0,0.0,31.0,13.0,1.0,-5.036745071411133,0.0,0.5483871102333069,0.078947365283966,0.1196911185979843,0.2022048383951187,0.0,1.7000000476837158,2.700000047683716,00-0032778,WR,2018_01_TEN_MIA,201809090mia,REG,SharTa00,WR,TEN,MIA,58.0,84.0,0.0,0.0,1.0,0.04,59.0,00-0032778,WR,2.0,2.2,0.0,4,2021,52
00-0032780,J.Howard,Jordan Howard,RB,RB,"https://static.www.nfl.com/image/private/f_auto,q_auto/league/nbvb6bsrmjupmqrrf1n4",CHI,2018,1,REG,GB,0.0,0.0,0.0,0.0,0.0,0.0,0.0,0.0,0.0,0.0,0.0,0.0,,0.0,,,15.0,82.0,0.0,0.0,0.0,3.0,0.8633059859275818,0.0,5.0,5.0,25.0,0.0,0.0,0.0,8.0,17.0,0.0,0.3257727026939392,0.0,3.125,0.1515151560306549,0.0384615398943424,0.2541958093643188,0.0,10.699999809265137,15.699999809265137,00-0032780,RB,2018_01_CHI_GB,201809090gnb,REG,HowaJo00,RB,CHI,GB,50.0,71.0,0.0,0.0,0.0,0.0,50.0,00-0032780,RB,1.0,13.2,0.0,5,2022,48
00-0032782,W.Smallwood,Wendell Smallwood,RB,RB,"https://static.www.nfl.com/image/private/f_auto,q_auto/league/r20rhl0c17ql8dtnl5kz",PHI,2018,2,REG,TB,0.0,0.0,0.0,0.0,0.0,0.0,0.0,0.0,0.0,0.0,0.0,0.0,,0.0,,,7.0,28.0,0.0,0.0,0.0,1.0,0.4811375439167022,0.0,1.0,1.0,2.0,0.0,1.0,1.0,-3.0,5.0,0.0,-0.670673131942749,0.0,-0.6666666865348816,0.0212765950709581,-0.0092592593282461,0.0254334118217229,0.0,1.0,2.0,00-0032782,RB,2018_02_PHI_TB,201809160tam,REG,SmalWe00,RB,PHI,TB,24.0,30.0,0.0,0.0,19.0,0.68,43.0,00-0032782,RB,3.0,1.5000000000000004,0.0,3,2021,56
00-0032790,D.Houston-Carson,DeAndre Houston-Carson,FS,DB,"https://static.www.nfl.com/image/private/f_auto,q_auto/league/fxpb4ojlixre6s7tn5ru",CHI,2021,9,REG,PIT,0.0,0.0,0.0,0.0,0.0,0.0,0.0,0.0,0.0,0.0,0.0,0.0,,0.0,,,0.0,0.0,0.0,0.0,0.0,0.0,,0.0,0.0,0.0,0.0,0.0,0.0,0.0,0.0,0.0,0.0,,0.0,,,,,1.0,6.0,6.0,00-0032790,DB,2021_09_CHI_PIT,202111080pit,REG,HousDe00,FS,CHI,PIT,0.0,0.0,72.0,100.0,11.0,0.31,83.0,00-0032790,FS,2.0,0.0,0.0,1,2021,2
00-0032791,J.Grant,Jakeem Grant,WR,WR,"https://static.www.nfl.com/image/private/f_auto,q_auto/league/f2ujcvb61rknhjyxcrsu",MIA,2018,1,REG,TEN,0.0,0.0,0.0,0.0,0.0,0.0,0.0,0.0,0.0,0.0,0.0,0.0,,0.0,,,0.0,0.0,0.0,0.0,0.0,0.0,,0.0,5.0,7.0,38.0,0.0,0.0,0.0,112.0,3.0,2.0,1.24642014503479,0.0,0.3392857015132904,0.25,0.3848797380924225,0.6444157958030701,1.0,9.800000190734863,14.800000190734863,00-0032791,WR,2018_01_TEN_MIA,201809090mia,REG,GranJa00,WR,MIA,TEN,25.0,40.0,0.0,0.0,6.0,0.21,31.0,00-0032791,WR,1.0,6.300000000000001,0.0,4,2021,123
00-0032792,N.Sudfeld,Nate Sudfeld,QB,QB,"https://static.www.nfl.com/image/private/f_auto,q_auto/league/it5e3w2ufgfp7sc5wgo2",PHI,2018,16,REG,HOU,0.0,1.0,0.0,0.0,0.0,0.0,-0.0,0.0,0.0,10.0,0.0,0.0,-0.2787508070468902,0.0,0.0,,0.0,0.0,0.0,0.0,0.0,0.0,,0.0,0.0,0.0,0.0,0.0,0.0,0.0,0.0,0.0,0.0,,0.0,,,,,0.0,0.0,0.0,00-0032792,QB,2018_16_HOU_PHI,201812230phi,REG,SudfNa00,QB,PHI,HOU,1.0,1.0,0.0,0.0,0.0,0.0,1.0,00-0032792,QB,2.0,0.0,0.0,3,2022,8
00-0032793,B.Countess,Blake Countess,SS,DB,"https://static.www.nfl.com/image/private/f_auto,q_auto/league/gtcvlfetdzz2sdsmqf7v",LA,2018,3,REG,LA,0.0,0.0,0.0,0.0,0.0,0.0,0.0,0.0,0.0,0.0,0.0,0.0,,0.0,,,0.0,0.0,0.0,0.0,0.0,0.0,,0.0,0.0,0.0,0.0,0.0,0.0,0.0,0.0,0.0,0.0,,0.0,,,,,1.0,6.0,6.0,00-0032793,CB,2018_03_LAC_LA,201809230ram,REG,CounBl00,SS,LA,LAC,0.0,0.0,0.0,0.0,19.0,0.76,19.0,00-0032793,SS,2.0,0.0,0.0,1,2018,2
00-0032794,D.Vitale,Dan Vitale,FB,RB,"https://static.www.nfl.com/image/private/f_auto,q_auto/league/x9z1hqodjhb8dio4dr1w",GB,2018,16,REG,NYJ,0.0,0.0,0.0,0.0,0.0,0.0,0.0,0.0,0.0,0.0,0.0,0.0,,0.0,,,0.0,0.0,0.0,0.0,0.0,0.0,,0.0,1.0,2.0,2.0,0.0,0.0,0.0,3.0,0.0,1.0,-0.6913949251174927,0.0,0.6666666865348816,0.0377358496189117,0.0078740157186985,0.0621155835688114,0.0,0.2000000029802322,1.2000000476837158,00-0032794,RB,,,,,,,,0.0,0.0,0.0,0.0,0.0,0.0,0.0,00-0032794,FB,3.0,0.7,0.0,2,2019,12
00-0032795,C.Core,Cody Core,WR,WR,"https://static.www.nfl.com/image/private/f_auto,q_auto/league/aan5zyvrcyn0wfeh2xdi",CIN,2018,6,REG,PIT,0.0,0.0,0.0,0.0,0.0,0.0,0.0,0.0,0.0,0.0,0.0,0.0,,0.0,,,0.0,0.0,0.0,0.0,0.0,0.0,,0.0,0.0,3.0,0.0,0.0,0.0,0.0,43.0,0.0,0.0,-2.479709386825561,0.0,0.0,0.0731707289814949,0.1059113293886184,0.1838940232992172,0.0,0.0,0.0,00-0032795,WR,2018_06_PIT_CIN,201810140cin,REG,CoreCo00,WR,CIN,PIT,8.0,13.0,0.0,0.0,18.0,0.67,26.0,00-0032795,WR,3.0,0.0,0.0,2,2019,13
00-0032807,C.Fejedelem,Clayton Fejedelem,SS,DB,"https://static.www.nfl.com/image/private/f_auto,q_auto/league/mlxzah8tensxhgwc7z3x",CIN,2018,7,REG,KC,0.0,0.0,0.0,0.0,0.0,0.0,0.0,0.0,0.0,0.0,0.0,0.0,,0.0,,,1.0,0.0,0.0,1.0,0.0,0.0,-3.3130269050598145,0.0,0.0,0.0,0.0,0.0,0.0,0.0,0.0,0.0,0.0,,0.0,,,,,0.0,0.0,0.0,00-0032807,DB,2018_07_CIN_KC,201810210kan,REG,FejeCl00,SS,CIN,KC,0.0,0.0,0.0,0.0,25.0,0.93,25.0,00-0032807,SS,2.0,-2.0,0.0,4,2022,10
00-0032813,E.Penny,Elijhaa Penny,RB,RB,"https://static.www.nfl.com/image/private/f_auto,q_auto/league/jiebuu94lu81xzneqrsf",NYG,2018,7,REG,ATL,0.0,0.0,0.0,0.0,0.0,0.0,0.0,0.0,0.0,0.0,0.0,0.0,,0.0,,,1.0,2.0,0.0,0.0,0.0,1.0,0.3282174468040466,0.0,0.0,0.0,0.0,0.0,0.0,0.0,0.0,0.0,0.0,,0.0,,,,,0.0,0.2000000029802322,0.2000000029802322,00-0032813,FB,2018_07_NYG_ATL,201810220atl,REG,PennEl00,RB,NYG,ATL,6.0,9.0,0.0,0.0,1.0,0.04,7.0,00-0032813,RB,3.0,0.2,0.0,4,2021,38
00-0032881,T.Lewis,Tommylee Lewis,WR,WR,"https://static.www.nfl.com/image/private/f_auto,q_auto/league/qvf3ud6rgqusejdd4f5u",NO,2018,12,REG,ATL,0.0,0.0,0.0,0.0,0.0,0.0,0.0,0.0,0.0,0.0,0.0,0.0,,0.0,,,0.0,0.0,0.0,0.0,0.0,0.0,,0.0,1.0,1.0,28.0,1.0,0.0,0.0,27.0,1.0,1.0,2.429640293121338,0.0,1.037037014961243,0.0454545468091964,0.0978260859847068,0.1366600841283798,0.0,8.800000190734863,9.800000190734863,00-0032881,WR,2018_12_ATL_NO,201811220nor,REG,LewiTo00,WR,NO,ATL,28.0,49.0,0.0,0.0,0.0,0.0,28.0,,,,9.3,0.0,3,2021,19
00-0032897,D.Watt,Derek Watt,FB,RB,"https://static.www.nfl.com/image/private/f_auto,q_auto/league/jrhk6npb7u3tmgzt7rwn",LAC,2018,1,REG,KC,0.0,0.0,0.0,0.0,0.0,0.0,0.0,0.0,0.0,0.0,0.0,0.0,,0.0,,,1.0,1.0,0.0,0.0,0.0,1.0,0.5794231295585632,0.0,0.0,0.0,0.0,0.0,0.0,0.0,0.0,0.0,0.0,,0.0,,,,,0.0,0.1000000014901161,0.1000000014901161,00-0032897,FB,2018_01_KC_LAC,201809090sdg,REG,WattDe00,FB,LAC,KC,7.0,9.0,0.0,0.0,24.0,0.8,31.0,00-0032897,FB,1.0,0.1,0.0,5,2022,37
00-0032911,S.Pulley,Spencer Pulley,C,OL,"https://static.www.nfl.com/image/private/f_auto,q_auto/league/hvyebzfdomw94gdyce0g",NYG,2018,10,REG,SF,0.0,0.0,0.0,0.0,0.0,0.0,0.0,0.0,0.0,0.0,0.0,0.0,,0.0,,,0.0,0.0,0.0,0.0,0.0,0.0,,0.0,1.0,1.0,-2.0,0.0,0.0,0.0,-2.0,0.0,0.0,-1.885764956474304,0.0,0.0,0.0322580635547637,-0.0073260073550045,0.0432588905096054,0.0,-0.2000000029802322,0.800000011920929,00-0032911,C,2018_10_NYG_SF,201811120sfo,REG,PullSp00,G,NYG,SF,59.0,100.0,0.0,0.0,0.0,0.0,59.0,00-0032911,C,1.0,0.3,0.0,1,2018,2
00-0032935,J.Holton,Johnny Holton,WR,WR,"https://static.www.nfl.com/image/private/f_auto,q_auto/league/has0upkyuzqewhty3pb2",LV,2018,12,REG,BAL,0.0,0.0,0.0,0.0,0.0,0.0,0.0,0.0,0.0,0.0,0.0,0.0,,0.0,,,0.0,0.0,0.0,0.0,0.0,0.0,,0.0,0.0,1.0,0.0,0.0,0.0,0.0,45.0,0.0,0.0,-0.7448216676712036,0.0,0.0,0.0303030312061309,0.1510067135095596,0.1511592417955398,0.0,0.0,0.0,00-0032935,WR,2018_12_OAK_BAL,201811250rav,REG,HoltJo00,WR,OAK,BAL,5.0,9.0,0.0,0.0,5.0,0.18,10.0,,,,0.0,0.0,2,2019,16
00-0032940,D.Washington,DeAndre Washington,RB,RB,"https://static.www.nfl.com/image/private/f_auto,q_auto/league/r89dcprs99qahleja3mz",LV,2018,8,REG,IND,0.0,0.0,0.0,0.0,0.0,0.0,0.0,0.0,0.0,0.0,0.0,0.0,,0.0,,,1.0,4.0,0.0,0.0,0.0,0.0,-0.1501721441745758,0.0,0.0,0.0,0.0,0.0,0.0,0.0,0.0,0.0,0.0,,0.0,,,,,0.0,0.4000000059604645,0.4000000059604645,00-0032940,RB,2018_08_IND_OAK,201810280rai,REG,WashDe00,RB,OAK,IND,2.0,4.0,0.0,0.0,8.0,0.31,10.0,00-0032940,RB,3.0,0.4,0.0,3,2020,31
00-0032945,D.Williams,Duke Williams,WR,WR,"https://static.www.nfl.com/image/private/f_auto,q_auto/league/eqfjdj83ogwlnoumgacf",BUF,2019,5,REG,TEN,0.0,0.0,0.0,0.0,0.0,0.0,0.0,0.0,0.0,0.0,0.0,0.0,,0.0,,,0.0,0.0,0.0,0.0,0.0,0.0,,0.0,4.0,4.0,29.0,1.0,0.0,0.0,19.0,10.0,3.0,4.2241644859313965,0.0,1.5263158082962036,0.1379310339689254,0.1596638709306717,0.3186612427234649,0.0,8.899999618530273,12.899999618530272,00-0032945,WR,2019_05_BUF_TEN,201910060oti,REG,WillDu01,WR,BUF,TEN,50.0,78.0,0.0,0.0,6.0,0.24,56.0,,,,10.9,0.0,1,2019,7
00-0032950,C.Wentz,Carson Wentz,QB,QB,"https://static.www.nfl.com/image/private/f_auto,q_auto/league/indtay8ngoq8ubhhydbp",PHI,2018,3,REG,IND,25.0,37.0,255.0,1.0,1.0,5.0,28.0,1.0,1.0,288.0,92.0,12.0,-6.572577476501465,0.0,0.8854166865348816,0.0623396821320056,3.0,10.0,0.0,0.0,0.0,1.0,-1.016697645187378,0.0,0.0,0.0,0.0,0.0,0.0,0.0,0.0,0.0,0.0,,0.0,,,,,0.0,11.199999809265137,11.199999809265137,00-0032950,QB,2018_03_IND_PHI,201809230phi,REG,WentCa00,QB,PHI,IND,82.0,100.0,0.0,0.0,0.0,0.0,82.0,00-0032950,QB,1.0,12.2,0.0,7,2024,76
00-0032956,A.Janovich,Andy Janovich,FB,RB,"https://static.www.nfl.com/image/private/f_auto,q_auto/league/w4nnz0yrfilgpexcseqy",DEN,2018,2,REG,LV,0.0,0.0,0.0,0.0,0.0,0.0,0.0,0.0,0.0,0.0,0.0,0.0,,0.0,,,0.0,0.0,0.0,0.0,0.0,0.0,,0.0,1.0,1.0,11.0,0.0,0.0,0.0,7.0,4.0,0.0,0.7183603644371033,0.0,1.5714285373687744,0.0294117648154497,0.020648967474699,0.0585719235241413,0.0,1.100000023841858,2.0999999046325684,00-0032956,FB,2018_02_OAK_DEN,201809160den,REG,JanoAn00,FB,DEN,OAK,11.0,17.0,0.0,0.0,17.0,0.65,28.0,00-0032956,FB,1.0,1.6,0.0,4,2021,28
00-0032958,W.Parks,Will Parks,FS,DB,"https://static.www.nfl.com/image/private/f_auto,q_auto/league/lfhinmy4ca72xl7c9ead",NYJ,2022,6,REG,NYJ,0.0,0.0,0.0,0.0,0.0,0.0,0.0,0.0,0.0,0.0,0.0,0.0,,0.0,,,0.0,0.0,0.0,0.0,0.0,0.0,,0.0,0.0,0.0,0.0,0.0,0.0,0.0,0.0,0.0,0.0,,0.0,,,,,1.0,6.0,6.0,00-0032958,S,2022_06_NYJ_GB,202210160gnb,REG,ParkWi01,FS,NYJ,GB,0.0,0.0,0.0,0.0,14.0,0.48,14.0,00-0032958,FS,3.0,0.0,0.0,1,2022,2
00-0032959,C.Peake,Charone Peake,WR,WR,"https://static.www.nfl.com/image/private/f_auto,q_auto/league/f7a4bmcrcxmoyaagieop",NYJ,2018,7,REG,MIN,0.0,0.0,0.0,0.0,0.0,0.0,0.0,0.0,0.0,0.0,0.0,0.0,,0.0,,,0.0,0.0,0.0,0.0,0.0,0.0,,0.0,0.0,1.0,0.0,0.0,0.0,0.0,11.0,0.0,0.0,-5.234523296356201,0.0,0.0,0.0238095242530107,0.0224489793181419,0.0514285713434219,0.0,0.0,0.0,00-0032959,WR,2018_07_MIN_NYJ,201810210nyj,REG,PeakCh00,WR,NYJ,MIN,9.0,13.0,0.0,0.0,27.0,0.69,36.0,00-0032959,WR,2.0,0.0,0.0,1,2018,4
00-0032964,B.Marshall,Byron Marshall,RB,RB,"https://static.www.nfl.com/image/private/f_auto,q_auto/league/sdfnye7daaffwtre1mbl",WAS,2018,11,REG,HOU,0.0,0.0,0.0,0.0,0.0,0.0,0.0,0.0,0.0,0.0,0.0,0.0,,0.0,,,2.0,5.0,0.0,0.0,0.0,0.0,-0.5115094184875488,0.0,0.0,1.0,0.0,0.0,0.0,0.0,1.0,0.0,0.0,-0.7355993390083313,0.0,0.0,0.0277777779847383,0.0024154589045792,0.0433574877679348,0.0,0.5,0.5,00-0032964,RB,2018_11_HOU_WAS,201811180was,REG,MarsBy01,RB,WAS,HOU,17.0,23.0,0.0,0.0,12.0,0.44,29.0,,,,0.5,0.0,1,2018,5
00-0032966,C.Coleman,Corey Coleman,WR,WR,"https://static.www.nfl.com/image/private/f_auto,q_auto/league/yawvrg2sh7ryru2z2kwe",NYG,2018,10,REG,SF,0.0,0.0,0.0,0.0,0.0,0.0,0.0,0.0,0.0,0.0,0.0,0.0,,0.0,,,0.0,0.0,0.0,0.0,0.0,0.0,,0.0,1.0,1.0,11.0,0.0,0.0,0.0,11.0,0.0,1.0,1.7155470848083496,0.0,1.0,0.0322580635547637,0.0402930416166782,0.0765922218561172,0.0,1.100000023841858,2.0999999046325684,00-0032966,WR,2018_10_NYG_SF,201811120sfo,REG,ColeCo00,WR,NYG,SF,8.0,14.000000000000002,0.0,0.0,6.0,0.2,14.0,00-0032966,WR,3.0,1.6,0.0,1,2018,18
00-0032972,D.Booker,Devontae Booker,RB,RB,"https://static.www.nfl.com/image/private/f_auto,q_auto/league/y5fw68qxcmxykv1uchlo",DEN,2018,1,REG,SEA,0.0,0.0,0.0,0.0,0.0,0.0,0.0,0.0,0.0,0.0,0.0,0.0,,0.0,,,2.0,4.0,0.0,0.0,0.0,0.0,-1.025765895843506,0.0,2.0,2.0,11.0,0.0,0.0,0.0,-8.0,19.0,0.0,-0.588683009147644,0.0,-1.375,0.0512820519506931,-0.0218579228967428,0.061622530221939,0.0,1.5,3.5,00-0032972,RB,2018_01_SEA_DEN,201809090den,REG,BookDe00,RB,DEN,SEA,19.0,26.0,0.0,0.0,9.0,0.26,28.0,00-0032972,RB,2.0,2.5,0.0,4,2021,68
00-0032975,J.Williams,Jonathan Williams,RB,RB,"https://static.www.nfl.com/image/private/f_auto,q_auto/league/dnlboggtjcflj9fxauub",NO,2018,1,REG,TB,0.0,0.0,0.0,0.0,0.0,0.0,0.0,0.0,0.0,0.0,0.0,0.0,,0.0,,,1.0,0.0,0.0,0.0,0.0,0.0,-0.4280217885971069,0.0,0.0,0.0,0.0,0.0,0.0,0.0,0.0,0.0,0.0,,0.0,,,,,0.0,0.0,0.0,00-0032975,RB,2018_01_TB_NO,201809090nor,REG,WillJo07,RB,NO,TB,3.0,5.0,0.0,0.0,0.0,0.0,3.0,,,,0.0,0.0,6,2023,28
00-0032977,R.Higgins,Rashard Higgins,WR,WR,"https://static.www.nfl.com/image/private/f_auto,q_auto/league/mdn4he3iuc2mwx3cfvfj",CLE,2018,1,REG,PIT,0.0,0.0,0.0,0.0,0.0,0.0,0.0,0.0,0.0,0.0,0.0,0.0,,0.0,,,0.0,0.0,0.0,0.0,0.0,0.0,,0.0,1.0,3.0,38.0,0.0,0.0,0.0,48.0,13.0,1.0,1.980562210083008,0.0,0.7916666865348816,0.078947365283966,0.1162227615714073,0.1997769922018051,0.0,3.799999952316284,4.800000190734863,00-0032977,WR,2018_01_PIT_CLE,201809090cle,REG,HiggRa00,WR,CLE,PIT,53.0,60.0,0.0,0.0,1.0,0.03,54.0,00-0032977,WR,2.0,4.300000000000001,0.0,4,2021,50
00-0032980,M.Johnson,Marcus Johnson,WR,WR,"https://static.www.nfl.com/image/private/f_auto,q_auto/league/pwq2yi4ewqtsx6buynay",IND,2018,3,REG,PHI,0.0,0.0,0.0,0.0,0.0,0.0,0.0,0.0,0.0,0.0,0.0,0.0,,0.0,,,1.0,-2.0,0.0,0.0,0.0,0.0,-0.9096971154212952,0.0,0.0,0.0,0.0,0.0,0.0,0.0,0.0,0.0,0.0,,0.0,,,,,0.0,-0.2000000029802322,-0.2000000029802322,00-0032980,WR,2018_03_IND_PHI,201809230phi,REG,JohnMa07,WR,IND,PHI,2.0,3.0,0.0,0.0,10.0,0.36,12.0,00-0032980,WR,3.0,-0.2,0.0,5,2022,39
00-0032986,J.Holtz,J.P. Holtz,TE,TE,"https://static.www.nfl.com/image/private/f_auto,q_auto/league/qmr1ixr4moaj0cri78sq",CHI,2019,4,REG,MIN,0.0,0.0,0.0,0.0,0.0,0.0,0.0,0.0,0.0,0.0,0.0,0.0,,0.0,,,0.0,0.0,0.0,0.0,0.0,0.0,,0.0,1.0,1.0,7.0,0.0,0.0,0.0,1.0,6.0,0.0,0.3537377715110779,0.0,7.0,0.0303030312061309,0.0048780487850308,0.0488691814243793,0.0,0.699999988079071,1.7000000476837158,00-0032986,TE,2019_04_MIN_CHI,201909290chi,REG,HoltJ.01,TE,CHI,MIN,16.0,23.0,0.0,0.0,6.0,0.3,22.0,00-0032986,TE,2.0,1.2000000000000002,0.0,2,2020,8
00-0033006,J.Mickens,Jaydon Mickens,WR,WR,"https://static.www.nfl.com/image/private/f_auto,q_auto/league/edjmdcnmfcqucsqym7ku",TB,2020,5,REG,CHI,0.0,0.0,0.0,0.0,0.0,0.0,0.0,0.0,0.0,0.0,0.0,0.0,,0.0,,,0.0,0.0,0.0,0.0,0.0,0.0,,0.0,2.0,2.0,22.0,0.0,0.0,0.0,6.0,16.0,1.0,1.0081007480621338,0.0,3.6666667461395264,0.0487804859876632,0.0156657956540584,0.0841367915272712,0.0,2.200000047683716,4.199999809265137,00-0033006,WR,2020_05_TB_CHI,202010080chi,REG,MickJa01,WR,TB,CHI,8.0,11.0,0.0,0.0,10.0,0.36,18.0,00-0033006,WR,1.0,3.2,0.0,2,2021,12
00-0033009,T.Boyd,Tyler Boyd,WR,WR,"https://static.www.nfl.com/image/private/f_auto,q_auto/league/vconwllovf9jqxpu9mow",CIN,2018,1,REG,IND,0.0,0.0,0.0,0.0,0.0,0.0,0.0,0.0,0.0,0.0,0.0,0.0,,0.0,,,0.0,0.0,0.0,0.0,0.0,0.0,,0.0,3.0,5.0,26.0,0.0,0.0,0.0,12.0,13.0,1.0,0.1352141499519348,0.0,2.1666667461395264,0.1785714328289032,0.0863309353590011,0.3282887935638428,0.0,2.5999999046325684,5.599999904632568,00-0033009,WR,2018_01_CIN_IND,201809090clt,REG,BoydTy00,WR,CIN,IND,49.0,88.0,0.0,0.0,0.0,0.0,49.0,00-0033009,WR,1.0,4.1,0.0,7,2024,237
00-0033025,J.Richard,Jalen Richard,RB,RB,"https://static.www.nfl.com/image/private/f_auto,q_auto/league/evmn0ccnvk73tukpmk5f",LV,2018,1,REG,LA,0.0,0.0,0.0,0.0,0.0,0.0,0.0,0.0,0.0,0.0,0.0,0.0,,0.0,,,5.0,24.0,0.0,0.0,0.0,1.0,-0.8318256139755249,0.0,9.0,11.0,55.0,0.0,0.0,0.0,32.0,29.0,2.0,-2.191481590270996,0.0,1.71875,0.289473682641983,0.1632653027772903,0.5484962463378906,0.0,7.900000095367432,16.899999618530273,00-0033025,RB,2018_01_LA_OAK,201809100rai,REG,RichJa01,RB,OAK,LA,37.0,53.0,0.0,0.0,3.0,0.1,40.0,00-0033025,RB,3.0,12.4,0.0,4,2021,108
00-0033045,E.Elliott,Ezekiel Elliott,RB,RB,"https://static.www.nfl.com/image/upload/f_auto,q_auto/league/qf0zgze0wkbvu9rlvolf",DAL,2018,1,REG,CAR,0.0,0.0,0.0,0.0,0.0,0.0,0.0,0.0,0.0,0.0,0.0,0.0,,0.0,,,15.0,69.0,1.0,0.0,0.0,3.0,0.185951292514801,0.0,3.0,4.0,17.0,0.0,0.0,0.0,-1.0,18.0,0.0,-1.7128705978393557,0.0,-17.0,0.1379310339689254,-0.004629629664123,0.2036558091640472,0.0,14.600000381469728,17.600000381469727,00-0033045,RB,2018_01_DAL_CAR,201809090car,REG,ElliEz00,RB,DAL,CAR,59.0,92.0,0.0,0.0,0.0,0.0,59.0,00-0033045,RB,1.0,16.1,0.0,7,2024,125
00-0033049,D.Jackson,Darius Jackson,RB,RB,"https://static.www.nfl.com/image/private/f_auto,q_auto/league/bmanrbbyt4fi777iarsx",DAL,2018,17,REG,NYG,0.0,0.0,0.0,0.0,0.0,0.0,0.0,0.0,0.0,0.0,0.0,0.0,,0.0,,,6.0,16.0,0.0,0.0,0.0,0.0,-1.4341057538986206,0.0,0.0,1.0,0.0,0.0,0.0,0.0,-1.0,0.0,0.0,-0.5143518447875977,0.0,-0.0,0.0232558138668537,-0.0023923444095999,0.0332090780138969,0.0,1.600000023841858,1.600000023841858,00-0033049,RB,2018_17_DAL_NYG,201812300nyg,REG,JackDa01,RB,DAL,NYG,18.0,23.0,0.0,0.0,7.0,0.25,25.0,,,,1.6,0.0,1,2018,2
00-0033054,R.Gathers,Rico Gathers,TE,TE,"https://static.www.nfl.com/image/private/f_auto,q_auto/league/qovjpn6bhqobiwiv2b0c",DAL,2018,2,REG,NYG,0.0,0.0,0.0,0.0,0.0,0.0,0.0,0.0,0.0,0.0,0.0,0.0,,0.0,,,0.0,0.0,0.0,0.0,0.0,0.0,,0.0,0.0,2.0,0.0,0.0,0.0,0.0,23.0,0.0,0.0,-1.3522355556488037,0.0,0.0,0.0869565233588218,0.1036036014556884,0.2029573023319244,0.0,0.0,0.0,00-0033054,TE,2018_02_NYG_DAL,201809160dal,REG,GathRi00,TE,DAL,NYG,5.0,9.0,0.0,0.0,0.0,0.0,5.0,00-0033054,TE,3.0,0.0,0.0,1,2018,8
00-0033060,L.Carroo,Leonte Carroo,WR,WR,"https://static.www.nfl.com/image/private/f_auto,q_auto/league/rtyecvs5rx9awmpdk4c8",MIA,2018,10,REG,GB,0.0,0.0,0.0,0.0,0.0,0.0,0.0,0.0,0.0,0.0,0.0,0.0,,0.0,,,1.0,14.0,0.0,0.0,0.0,1.0,2.8845667839050293,0.0,1.0,1.0,20.0,0.0,0.0,0.0,19.0,1.0,1.0,3.120335340499878,0.0,1.0526316165924072,0.0277777779847383,0.0837004408240318,0.100256972014904,0.0,3.400000095367432,4.400000095367432,00-0033060,WR,2018_10_MIA_GB,201811110gnb,REG,CarrLe00,WR,MIA,GB,17.0,25.0,0.0,0.0,17.0,0.65,34.0,00-0033060,WR,2.0,3.9,0.0,1,2018,4
00-0033080,S.DeValve,Seth DeValve,TE,TE,"https://static.www.nfl.com/image/private/f_auto,q_auto/league/nrihd72oevgvvbhb8l6g",CLE,2018,5,REG,BAL,0.0,0.0,0.0,0.0,0.0,0.0,0.0,0.0,0.0,0.0,0.0,0.0,,0.0,,,0.0,0.0,0.0,0.0,0.0,0.0,,0.0,1.0,1.0,26.0,0.0,0.0,0.0,16.0,10.0,1.0,1.4964967966079712,0.0,1.625,0.0238095242530107,0.0391198061406612,0.0630981475114822,0.0,2.5999999046325684,3.5999999046325684,00-0033080,TE,,,,,,,,0.0,0.0,0.0,0.0,0.0,0.0,0.0,00-0033080,TE,2.0,3.1,0.0,3,2020,16
00-0033083,D.Thompson,Darian Thompson,FS,DB,"https://static.www.nfl.com/image/private/f_auto,q_auto/league/nfzpwopmrdccg8or1hj4",DAL,2020,2,REG,ATL,0.0,0.0,0.0,0.0,0.0,0.0,0.0,0.0,0.0,0.0,0.0,0.0,,0.0,,,1.0,3.0,0.0,0.0,0.0,0.0,-2.536555290222168,0.0,0.0,0.0,0.0,0.0,0.0,0.0,0.0,0.0,0.0,,0.0,,,,,0.0,0.3000000119209289,0.3000000119209289,00-0033083,DB,2020_02_ATL_DAL,202009200dal,REG,ThomDa05,S,DAL,ATL,0.0,0.0,38.0,51.0,14.0,0.38,52.0,00-0033083,FS,1.0,0.3,0.0,1,2020,3
00-0033085,J.Hawkins,Jerald Hawkins,T,OL,"https://static.www.nfl.com/image/private/f_auto,q_auto/league/qxv0dm3zyuz3eqcx1f3z",PIT,2020,13,REG,WAS,0.0,0.0,0.0,0.0,0.0,0.0,0.0,0.0,0.0,0.0,0.0,0.0,,0.0,,,0.0,0.0,0.0,0.0,0.0,0.0,,0.0,0.0,1.0,0.0,0.0,0.0,0.0,0.0,0.0,0.0,-1.0825693607330322,0.0,,0.0188679248094558,0.0,0.0283018872141838,0.0,0.0,0.0,00-0033085,OT,2020_13_WAS_PIT,202012070pit,REG,HawkJe00,T,PIT,WAS,4.0,6.0,0.0,0.0,0.0,0.0,4.0,,,,0.0,0.0,1,2020,2
00-0033094,M.Hall,Marvin Hall,WR,WR,"https://static.www.nfl.com/image/private/f_auto,q_auto/league/dgyruyvyeuy4cwxhysox",ATL,2018,2,REG,CAR,0.0,0.0,0.0,0.0,0.0,0.0,0.0,0.0,0.0,0.0,0.0,0.0,,0.0,,,0.0,0.0,0.0,0.0,0.0,0.0,,0.0,1.0,1.0,30.0,0.0,0.0,0.0,21.0,9.0,1.0,2.0827441215515137,0.0,1.4285714626312256,0.0357142873108387,0.0716723576188087,0.1037420779466629,0.0,3.0,4.0,00-0033094,WR,2018_02_CAR_ATL,201809160atl,REG,HallMa02,WR,ATL,CAR,9.0,14.000000000000002,0.0,0.0,18.0,0.64,27.0,00-0033094,WR,3.0,3.5,0.0,4,2021,55
00-0033095,G.Griffin,Garrett Griffin,TE,TE,"https://static.www.nfl.com/image/private/f_auto,q_auto/league/ss70hidq9xcteze3rdeg",NO,2018,20,POST,LA,0.0,0.0,0.0,0.0,0.0,0.0,0.0,0.0,0.0,0.0,0.0,0.0,,0.0,,,0.0,0.0,0.0,0.0,0.0,0.0,,0.0,2.0,2.0,12.0,1.0,0.0,0.0,0.0,12.0,1.0,1.2242032289505005,0.0,0.0,0.0512820519506931,0.0,0.0769230797886848,0.0,7.199999809265137,9.199999809265137,00-0033095,TE,2018_20_LA_NO,201901200nor,CON,GrifGa00,TE,NO,LA,39.0,57.99999999999999,0.0,0.0,7.0,0.2,46.0,,,,8.2,0.0,2,2021,5
00-0033104,C.Kessler,Cody Kessler,QB,QB,"https://static.www.nfl.com/image/private/f_auto,q_auto/league/gkvutiyutml2atftmu09",JAX,2018,7,REG,HOU,21.0,30.0,156.0,1.0,1.0,4.0,28.0,1.0,0.0,170.0,61.0,9.0,-4.687009811401367,0.0,0.9176470637321472,0.0606290623545646,2.0,8.0,0.0,0.0,0.0,1.0,-0.266659528017044,0.0,0.0,0.0,0.0,0.0,0.0,0.0,0.0,0.0,0.0,,0.0,,,,,0.0,9.039999961853027,9.039999961853027,00-0033104,QB,2018_07_HOU_JAX,201810210jax,REG,KessCo00,QB,JAX,HOU,38.0,56.00000000000001,0.0,0.0,0.0,0.0,38.0,00-0033104,QB,2.0,8.040000000000001,0.0,1,2018,6
00-0033111,P.Cooper,Pharoh Cooper,WR,WR,"https://static.www.nfl.com/image/private/f_auto,q_auto/league/mnsqfcfqiehw5aocr1lg",LA,2018,13,REG,DET,0.0,0.0,0.0,0.0,0.0,0.0,0.0,0.0,0.0,0.0,0.0,0.0,,0.0,,,0.0,0.0,0.0,0.0,0.0,0.0,,0.0,0.0,1.0,0.0,0.0,0.0,0.0,6.0,0.0,0.0,-1.0020666122436523,0.0,0.0,0.03125,0.0171919763088226,0.0589093826711177,0.0,0.0,0.0,00-0033111,WR,2018_13_LA_DET,201812020det,REG,CoopPh00,WR,LA,DET,5.0,7.000000000000001,0.0,0.0,7.0,0.23,12.0,00-0033111,WR,2.0,0.0,0.0,5,2022,62
00-0033112,T.Hemingway,Temarrick Hemingway,TE,TE,"https://static.www.nfl.com/image/private/f_auto,q_auto/league/ikzbygp007w9gn1rofoo",WAS,2020,5,REG,LA,0.0,0.0,0.0,0.0,0.0,0.0,0.0,0.0,0.0,0.0,0.0,0.0,,0.0,,,0.0,0.0,0.0,0.0,0.0,0.0,,0.0,1.0,1.0,10.0,0.0,0.0,0.0,4.0,6.0,1.0,0.817818820476532,0.0,2.5,0.0357142873108387,0.0330578498542308,0.0767119228839874,0.0,1.0,2.0,00-0033112,TE,2020_05_LA_WAS,202010110was,REG,HemiTe00,TE,WAS,LA,5.0,9.0,0.0,0.0,9.0,0.29,14.0,,,,1.5,0.0,1,2020,3
00-0033114,M.Thomas,Mike Thomas,WR,WR,"https://static.www.nfl.com/image/private/f_auto,q_auto/league/sytj4awk8kseyootqzec",LA,2019,8,REG,CIN,0.0,0.0,0.0,0.0,0.0,0.0,0.0,0.0,0.0,0.0,0.0,0.0,,0.0,,,0.0,0.0,0.0,0.0,0.0,0.0,,0.0,0.0,1.0,0.0,0.0,0.0,0.0,14.0,0.0,0.0,-0.6679529547691345,0.0,0.0,0.0333333350718021,0.0444444455206394,0.0811111107468605,0.0,0.0,0.0,00-0033114,WR,2019_08_CIN_LA,201910270ram,REG,ThomMi04,WR,LA,CIN,4.0,7.000000000000001,0.0,0.0,10.0,0.42,14.0,00-0033114,WR,2.0,0.0,0.0,4,2022,30
00-0033118,K.Drake,Kenyan Drake,RB,RB,"https://static.www.nfl.com/image/private/f_auto,q_auto/league/rp5apwel9vuk49b4lykn",MIA,2018,1,REG,TEN,0.0,0.0,0.0,0.0,0.0,0.0,0.0,0.0,0.0,0.0,0.0,0.0,,0.0,,,14.0,48.0,0.0,0.0,0.0,3.0,-3.1579439640045166,0.0,3.0,4.0,18.0,0.0,0.0,0.0,11.0,11.0,1.0,-1.473314881324768,0.0,1.6363636255264282,0.1428571492433548,0.0378006882965564,0.2407462000846862,0.0,6.599999904632568,9.600000381469728,00-0033118,RB,2018_01_TEN_MIA,201809090mia,REG,DrakKe00,RB,MIA,TEN,46.0,74.0,0.0,0.0,0.0,0.0,46.0,00-0033118,RB,1.0,8.100000000000001,0.0,6,2023,108
00-0033127,W.Fuller,Will Fuller,WR,WR,"https://static.www.nfl.com/image/private/f_auto,q_auto/league/dgemxvhu8ffqmvmqczks",HOU,2018,2,REG,TEN,0.0,0.0,0.0,0.0,0.0,0.0,0.0,0.0,0.0,0.0,0.0,0.0,,0.0,,,0.0,0.0,0.0,0.0,0.0,0.0,,0.0,8.0,9.0,113.0,1.0,0.0,0.0,133.0,14.0,6.0,11.356589317321776,0.0,0.8496240377426147,0.2903225719928741,0.3333333432674408,0.6688172221183777,0.0,17.299999237060547,25.299999237060547,00-0033127,WR,2018_02_HOU_TEN,201809160oti,REG,FullWi01,WR,HOU,TEN,55.0,82.0,0.0,0.0,0.0,0.0,55.0,00-0033127,WR,1.0,24.3,0.0,4,2021,37
00-0033132,K.Byard,Kevin Byard,FS,DB,"https://static.www.nfl.com/image/upload/f_auto,q_auto/league/uqesj1ki6bpa2slj7yvl",TEN,2018,2,REG,HOU,1.0,1.0,66.0,1.0,0.0,0.0,-0.0,0.0,0.0,17.0,49.0,1.0,7.64647102355957,0.0,3.882352828979492,,0.0,0.0,0.0,0.0,0.0,0.0,,0.0,0.0,0.0,0.0,0.0,0.0,0.0,0.0,0.0,0.0,,0.0,,,,,0.0,6.639999866485596,6.639999866485596,00-0033132,FS,2018_02_HOU_TEN,201809160oti,REG,ByarKe01,FS,TEN,HOU,0.0,0.0,67.0,100.0,8.0,0.3,75.0,00-0033132,FS,1.0,6.640000000000001,0.0,2,2019,4
00-0033164,T.Pope,Troymaine Pope,RB,RB,"https://static.www.nfl.com/image/private/f_auto,q_auto/league/qgwjblnzedbxfulfhltu",LAC,2019,4,REG,MIA,0.0,0.0,0.0,0.0,0.0,0.0,0.0,0.0,0.0,0.0,0.0,0.0,,0.0,,,10.0,20.0,0.0,0.0,0.0,0.0,-3.5979480743408203,0.0,2.0,2.0,14.0,1.0,0.0,0.0,3.0,11.0,1.0,2.249408006668091,0.0,4.666666507720947,0.0666666701436042,0.012448132969439,0.1087136939167976,0.0,9.399999618530272,11.399999618530272,00-0033164,RB,2019_04_LAC_MIA,201909290mia,REG,PopeTr00,RB,LAC,MIA,28.0,42.0,0.0,0.0,11.0,0.48,39.0,00-0033164,RB,3.0,10.4,0.0,2,2020,11
00-0033215,C.Grayson,Cyril Grayson,WR,WR,"https://static.www.nfl.com/image/private/f_auto,q_auto/league/klv5np9csnnm6p6zpkcs",TB,2019,17,REG,ATL,0.0,0.0,0.0,0.0,0.0,0.0,0.0,0.0,0.0,0.0,0.0,0.0,,0.0,,,0.0,0.0,0.0,0.0,0.0,0.0,,0.0,1.0,1.0,3.0,0.0,0.0,0.0,2.0,1.0,0.0,-1.3904311656951904,0.0,1.5,0.0434782616794109,0.0078431377187371,0.0707075893878936,0.0,0.3000000119209289,1.2999999523162842,00-0033215,WR,2019_17_ATL_TB,201912290tam,REG,GrayCy01,WR,TB,ATL,4.0,8.0,0.0,0.0,0.0,0.0,4.0,00-0033215,WR,3.0,0.8,0.0,3,2021,9
00-0033258,D.Daniels,Darrell Daniels,TE,TE,"https://static.www.nfl.com/image/private/f_auto,q_auto/league/uite1keyl09qsvofsqzf",SEA,2018,5,REG,LA,0.0,0.0,0.0,0.0,0.0,0.0,0.0,0.0,0.0,0.0,0.0,0.0,,0.0,,,0.0,0.0,0.0,0.0,0.0,0.0,,0.0,0.0,1.0,0.0,0.0,0.0,0.0,21.0,0.0,0.0,-0.4779697954654693,0.0,0.0,0.0526315793395042,0.0985915511846542,0.1479614526033401,0.0,0.0,0.0,00-0033258,TE,2018_05_LA_SEA,201810070sea,REG,DaniDa02,TE,SEA,LA,20.0,33.0,0.0,0.0,8.0,0.27,28.0,,,,0.0,0.0,4,2021,22
00-0033266,J.Natson,JoJo Natson,WR,WR,"https://static.www.nfl.com/image/private/f_auto,q_auto/league/ctmojzcskxm2rhyotsxo",CLE,2020,3,REG,WAS,0.0,0.0,0.0,0.0,0.0,0.0,0.0,0.0,0.0,0.0,0.0,0.0,,0.0,,,1.0,3.0,0.0,0.0,0.0,0.0,-0.1811243295669555,0.0,0.0,0.0,0.0,0.0,0.0,0.0,0.0,0.0,0.0,,0.0,,,,,0.0,0.3000000119209289,0.3000000119209289,00-0033266,WR,,,,,,,,0.0,0.0,0.0,0.0,0.0,0.0,0.0,00-0033266,WR,3.0,0.3,0.0,1,2020,4
00-0033275,P.Walker,P.J. Walker,QB,QB,"https://static.www.nfl.com/image/upload/f_auto,q_auto/league/rfbfapksdwh1o4othraq",CAR,2020,8,REG,ATL,1.0,4.0,3.0,0.0,0.0,0.0,-0.0,0.0,0.0,36.0,6.0,0.0,-2.826850891113281,0.0,0.0833333358168602,,0.0,0.0,0.0,0.0,0.0,0.0,,0.0,0.0,0.0,0.0,0.0,0.0,0.0,0.0,0.0,0.0,,0.0,,,,,0.0,0.1199999973177909,0.1199999973177909,00-0033275,QB,,,,,,,,0.0,0.0,0.0,0.0,0.0,0.0,0.0,00-0033275,QB,3.0,0.12,0.0,4,2023,24
00-0033295,E.McGuire,Elijah McGuire,RB,RB,"https://static.www.nfl.com/image/private/f_auto,q_auto/league/hf6svwovhi83xfee214j",NYJ,2018,9,REG,MIA,0.0,0.0,0.0,0.0,0.0,0.0,0.0,0.0,0.0,0.0,0.0,0.0,,0.0,,,7.0,30.0,0.0,0.0,0.0,2.0,-0.8509950041770935,0.0,3.0,5.0,37.0,0.0,0.0,0.0,18.0,31.0,2.0,1.7152745723724363,0.0,2.055555582046509,0.1315789520740509,0.0564263314008712,0.2368668466806411,0.0,6.699999809265137,9.699999809265137,00-0033295,RB,2018_09_NYJ_MIA,201811040mia,REG,McGuEl00,RB,NYJ,MIA,36.0,55.00000000000001,0.0,0.0,0.0,0.0,36.0,,,,8.2,0.0,1,2018,9
00-0033296,A.Armah,Alex Armah,RB,RB,"https://static.www.nfl.com/image/private/f_auto,q_auto/league/pvbqmdwlukehpxovupsg",CAR,2018,1,REG,DAL,0.0,0.0,0.0,0.0,0.0,0.0,0.0,0.0,0.0,0.0,0.0,0.0,,0.0,,,1.0,1.0,1.0,0.0,0.0,1.0,0.5357802510261536,0.0,0.0,0.0,0.0,0.0,0.0,0.0,0.0,0.0,0.0,,0.0,,,,,0.0,6.099999904632568,6.099999904632568,00-0033296,RB,2018_01_DAL_CAR,201809090car,REG,ArmaAl00,RB,CAR,DAL,20.0,30.0,0.0,0.0,17.0,0.77,37.0,00-0033296,RB,1.0,6.1,0.0,5,2023,39
00-0033300,C.McDermott,Conor McDermott,T,OL,"https://static.www.nfl.com/image/private/f_auto,q_auto/league/cj0p7gori3mozhonb9lk",NYJ,2021,16,REG,JAX,0.0,0.0,0.0,0.0,0.0,0.0,0.0,0.0,0.0,0.0,0.0,0.0,,0.0,,,0.0,0.0,0.0,0.0,0.0,0.0,,0.0,1.0,1.0,1.0,1.0,0.0,0.0,1.0,0.0,1.0,2.4646782875061035,0.0,1.0,0.0476190485060215,0.0101010100916028,0.0784992799162864,0.0,6.099999904632568,7.099999904632568,00-0033300,OT,2021_16_JAX_NYJ,202112260nyj,REG,McDeCo00,T,NYJ,JAX,9.0,16.0,0.0,0.0,6.0,0.25,15.0,00-0033300,T,2.0,6.6,0.0,1,2021,3
00-0033306,V.Bolden,Victor Bolden,WR,WR,"https://static.www.nfl.com/image/private/f_auto,q_auto/league/kmdby2vcvsafzpkpsp5l",SF,2018,5,REG,ARI,0.0,0.0,0.0,0.0,0.0,0.0,0.0,0.0,0.0,0.0,0.0,0.0,,0.0,,,0.0,0.0,0.0,0.0,0.0,0.0,,0.0,1.0,4.0,10.0,0.0,0.0,0.0,47.0,1.0,1.0,-2.803766965866089,0.0,0.2127659618854522,0.0740740746259689,0.1807692348957061,0.2376495748758316,0.0,1.0,2.0,00-0033306,WR,2018_05_ARI_SF,201810070sfo,REG,BoldVi00,WR,SF,ARI,57.0,57.99999999999999,0.0,0.0,8.0,0.3,65.0,,,,1.5,0.0,1,2018,2
00-0033308,M.Breida,Matt Breida,RB,RB,"https://static.www.nfl.com/image/private/f_auto,q_auto/league/rc4m1xw0xmtsrxswd0bg",SF,2018,1,REG,MIN,0.0,0.0,0.0,0.0,0.0,0.0,0.0,0.0,0.0,0.0,0.0,0.0,,0.0,,,11.0,46.0,0.0,0.0,0.0,2.0,-2.276087045669556,0.0,1.0,2.0,5.0,0.0,0.0,0.0,5.0,5.0,0.0,-0.2445195019245147,0.0,1.0,0.0625,0.0145348841324448,0.1039244160056114,0.0,5.099999904632568,6.099999904632568,00-0033308,RB,2018_01_SF_MIN,201809090min,REG,BreiMa00,RB,SF,MIN,30.0,45.0,0.0,0.0,4.0,0.14,34.0,00-0033308,RB,1.0,5.6000000000000005,0.0,6,2023,108
00-0033338,C.Carter,Cethan Carter,TE,TE,"https://static.www.nfl.com/image/private/f_auto,q_auto/league/soxu9ft40rqaizt9yizp",CIN,2019,15,REG,NE,0.0,0.0,0.0,0.0,0.0,0.0,0.0,0.0,0.0,0.0,0.0,0.0,,0.0,,,0.0,0.0,0.0,0.0,0.0,0.0,,0.0,2.0,2.0,13.0,1.0,0.0,0.0,8.0,5.0,2.0,2.8364527225494385,0.0,1.625,0.0689655169844627,0.0349344983696937,0.1279024183750152,0.0,7.300000190734863,9.300000190734863,00-0033338,TE,2019_15_NE_CIN,201912150cin,REG,CartCe00,TE,CIN,NE,32.0,48.0,0.0,0.0,22.0,0.79,54.0,00-0033338,TE,3.0,8.3,0.0,3,2021,13
00-0033357,T.Hill,Taysom Hill,QB,QB,"https://static.www.nfl.com/image/private/f_auto,q_auto/league/pjp1aahvacigoh0sorpg",NO,2018,3,REG,ATL,0.0,0.0,0.0,0.0,0.0,0.0,0.0,0.0,0.0,0.0,0.0,0.0,,0.0,,,3.0,39.0,0.0,0.0,0.0,2.0,3.482248306274414,0.0,0.0,0.0,0.0,0.0,0.0,0.0,0.0,0.0,0.0,,0.0,,,,,0.0,3.900000095367432,3.900000095367432,00-0033357,TE,2018_03_NO_ATL,201809230atl,REG,HillTa00,QB,NO,ATL,5.0,6.0,0.0,0.0,29.0,0.81,34.0,00-0033357,QB,3.0,3.9,0.0,7,2024,209
00-0033367,C.Board,C.J. Board,WR,WR,"https://static.www.nfl.com/image/private/f_auto,q_auto/league/pzshlaz0iihftpmg9imt",JAX,2019,9,REG,HOU,0.0,0.0,0.0,0.0,0.0,0.0,0.0,0.0,0.0,0.0,0.0,0.0,,0.0,,,0.0,0.0,0.0,0.0,0.0,0.0,,0.0,1.0,3.0,23.0,0.0,0.0,0.0,24.0,5.0,1.0,-0.1548640429973602,0.0,0.9583333134651184,0.0681818202137947,0.0631578937172889,0.1464832574129104,0.0,2.299999952316284,3.299999952316284,00-0033367,WR,2019_09_HOU_JAX,201911030jax,REG,BoarC.00,WR,JAX,HOU,7.0,11.0,0.0,0.0,0.0,0.0,7.0,00-0033367,WR,2.0,2.8000000000000003,0.0,4,2022,30
00-0033373,T.Mizzell,Taquan Mizzell,RB,RB,"https://static.www.nfl.com/image/private/f_auto,q_auto/league/hgm2eiin7bfergfrjhxi",CHI,2018,9,REG,BUF,0.0,0.0,0.0,0.0,0.0,0.0,0.0,0.0,0.0,0.0,0.0,0.0,,0.0,,,0.0,0.0,0.0,0.0,0.0,0.0,,0.0,1.0,2.0,5.0,0.0,0.0,0.0,-1.0,8.0,0.0,-0.3931741714477539,0.0,-5.0,0.1000000014901161,-0.004739336669445,0.146682471036911,0.0,0.5,1.5,00-0033373,RB,2018_09_CHI_BUF,201811040buf,REG,MizzTa00,RB,CHI,BUF,7.0,14.000000000000002,0.0,0.0,15.0,0.52,22.0,,,,1.0,0.0,1,2018,17
00-0033374,R.Ortiz,Ricky Ortiz,FB,RB,"https://static.www.nfl.com/image/private/f_auto,q_auto/league/dt4lvt5dpo92g8xdifnm",ATL,2018,5,REG,PIT,0.0,0.0,0.0,0.0,0.0,0.0,0.0,0.0,0.0,0.0,0.0,0.0,,0.0,,,0.0,0.0,0.0,0.0,0.0,0.0,,0.0,0.0,1.0,0.0,0.0,0.0,0.0,1.0,0.0,0.0,-0.8110549449920654,0.0,0.0,0.0222222227603197,0.0027855152729898,0.0352831929922103,0.0,0.0,0.0,00-0033374,RB,2018_05_ATL_PIT,201810070pit,REG,OrtiRi00,FB,ATL,PIT,13.0,18.0,0.0,0.0,7.0,0.26,20.0,00-0033374,FB,1.0,0.0,0.0,2,2019,6
00-0033379,T.White,Tim White,WR,WR,"https://static.www.nfl.com/image/private/f_auto,q_auto/league/caxmcdcvqnix2vkutbq4",BAL,2018,4,REG,PIT,0.0,0.0,0.0,0.0,0.0,0.0,0.0,0.0,0.0,0.0,0.0,0.0,,0.0,,,0.0,0.0,0.0,0.0,0.0,0.0,,0.0,1.0,1.0,14.0,0.0,0.0,0.0,14.0,0.0,1.0,2.1641340255737305,0.0,1.0,0.025000000372529,0.0354430377483367,0.0623101256787776,0.0,1.399999976158142,2.400000095367432,00-0033379,WR,2018_04_BAL_PIT,201809300pit,REG,WhitTi00,WR,BAL,PIT,2.0,3.0,0.0,0.0,10.0,0.34,12.0,,,,1.9,0.0,1,2018,2
00-0033382,A.Carr,Austin Carr,WR,WR,"https://static.www.nfl.com/image/private/f_auto,q_auto/league/uuln9v0o8aeurocrzvxp",NO,2018,1,REG,TB,0.0,0.0,0.0,0.0,0.0,0.0,0.0,0.0,0.0,0.0,0.0,0.0,,0.0,,,0.0,0.0,0.0,0.0,0.0,0.0,,0.0,2.0,2.0,20.0,0.0,0.0,0.0,13.0,7.0,0.0,1.424005389213562,0.0,1.5384615659713743,0.0454545468091964,0.0381231680512428,0.0948680341243743,0.0,2.0,4.0,00-0033382,WR,2018_01_TB_NO,201809090nor,REG,CarrAu00,WR,NO,TB,44.0,69.0,0.0,0.0,0.0,0.0,44.0,00-0033382,WR,3.0,3.0,0.0,3,2020,22
00-0033386,C.Hollister,Cody Hollister,WR,WR,"https://static.www.nfl.com/image/private/f_auto,q_auto/league/naicfqo1ayh448qi86xq",TEN,2019,13,REG,IND,0.0,0.0,0.0,0.0,0.0,0.0,0.0,0.0,0.0,0.0,0.0,0.0,,0.0,,,0.0,0.0,0.0,0.0,0.0,0.0,,0.0,2.0,2.0,13.0,0.0,0.0,0.0,10.0,3.0,0.0,0.1865562200546264,0.0,1.2999999523162842,0.095238097012043,0.0625,0.1866071373224258,0.0,1.2999999523162842,3.299999952316284,00-0033386,WR,2019_13_TEN_IND,201912010clt,REG,HollCo00,WR,TEN,IND,2.0,3.0,0.0,0.0,6.0,0.21,8.0,00-0033386,WR,2.0,2.3,0.0,4,2022,13
00-0033387,J.Hollister,Jacob Hollister,TE,TE,"https://static.www.nfl.com/image/private/f_auto,q_auto/league/qdny7ap8ly1ozectd8zu",NE,2018,2,REG,JAX,0.0,0.0,0.0,0.0,0.0,0.0,0.0,0.0,0.0,0.0,0.0,0.0,,0.0,,,0.0,0.0,0.0,0.0,0.0,0.0,,0.0,3.0,3.0,35.0,0.0,0.0,0.0,23.0,12.0,1.0,2.629340171813965,0.0,1.52173912525177,0.0857142880558967,0.1079812198877334,0.2041582763195037,0.0,3.5,6.5,00-0033387,TE,2018_02_NE_JAX,201809160jax,REG,HollJa03,TE,NE,JAX,14.0,23.0,0.0,0.0,10.0,0.36,24.0,00-0033387,TE,3.0,5.0,0.0,4,2021,40
00-0033400,M.Haack,Matt Haack,P,SPEC,"https://static.www.nfl.com/image/private/f_auto,q_auto/league/piyf9wj7piroy6fqscvn",MIA,2019,7,REG,BUF,0.0,0.0,0.0,0.0,0.0,0.0,0.0,0.0,0.0,0.0,0.0,0.0,,0.0,,,1.0,2.0,0.0,0.0,0.0,1.0,2.423769235610962,0.0,0.0,0.0,0.0,0.0,0.0,0.0,0.0,0.0,0.0,,0.0,,,,,0.0,0.2000000029802322,0.2000000029802322,00-0033400,P,2019_07_MIA_BUF,201910200buf,REG,HaacMa00,P,MIA,BUF,0.0,0.0,0.0,0.0,8.0,0.3,8.0,00-0033400,P,1.0,0.2,0.0,1,2019,7
00-0033421,A.Auclair,Antony Auclair,TE,TE,"https://static.www.nfl.com/image/private/f_auto,q_auto/league/qkktgjw9l0ntyfiobegs",TB,2018,4,REG,CHI,0.0,0.0,0.0,0.0,0.0,0.0,0.0,0.0,0.0,0.0,0.0,0.0,,0.0,,,0.0,0.0,0.0,0.0,0.0,0.0,,0.0,1.0,1.0,8.0,0.0,0.0,0.0,6.0,2.0,0.0,0.3440779745578766,0.0,1.3333333730697632,0.0263157896697521,0.0164383556693792,0.0509805344045162,0.0,0.800000011920929,1.7999999523162842,00-0033421,TE,2018_04_TB_CHI,201809300chi,REG,AuclAn00,TE,TB,CHI,19.0,30.0,0.0,0.0,15.0,0.54,34.0,00-0033421,TE,2.0,1.3,0.0,4,2021,17
00-0033434,B.Wilson,Bobo Wilson,WR,WR,"https://static.www.nfl.com/image/private/f_auto,q_auto/league/dxmqeel8jwf3yokvtg9a",TB,2018,14,REG,NO,0.0,0.0,0.0,0.0,0.0,0.0,0.0,0.0,0.0,0.0,0.0,0.0,,0.0,,,0.0,0.0,0.0,0.0,0.0,0.0,,0.0,1.0,1.0,8.0,0.0,0.0,0.0,1.0,7.0,0.0,-1.0688830614089966,0.0,8.0,0.0270270276814699,0.002145922742784,0.0420426875352859,0.0,0.800000011920929,1.7999999523162842,00-0033434,WR,2018_14_NO_TB,201812090tam,REG,WilsJe00,WR,TB,NO,17.0,24.0,0.0,0.0,14.0,0.54,31.0,,,,1.3,0.0,2,2019,20
00-0033441,K.Hatcher,Keon Hatcher,WR,WR,"https://static.www.nfl.com/image/private/f_auto,q_auto/league/xiahm288zxajbteu026w",LV,2018,12,REG,BAL,0.0,0.0,0.0,0.0,0.0,0.0,0.0,0.0,0.0,0.0,0.0,0.0,,0.0,,,0.0,0.0,0.0,0.0,0.0,0.0,,0.0,1.0,2.0,8.0,0.0,0.0,0.0,14.0,8.0,0.0,-1.3011573553085327,0.0,0.5714285969734192,0.0606060624122619,0.0469798669219017,0.1237949952483177,0.0,0.800000011920929,1.7999999523162842,00-0033441,WR,2018_12_OAK_BAL,201811250rav,REG,HatcKe00,WR,OAK,BAL,2.0,3.0,0.0,0.0,0.0,0.0,2.0,,,,1.3,0.0,1,2018,2
00-0033455,A.Firkser,Anthony Firkser,TE,TE,"https://static.www.nfl.com/image/private/f_auto,q_auto/league/rta4x11kt1dt4hifufjq",TEN,2018,6,REG,BAL,0.0,0.0,0.0,0.0,0.0,0.0,0.0,0.0,0.0,0.0,0.0,0.0,,0.0,,,0.0,0.0,0.0,0.0,0.0,0.0,,0.0,2.0,2.0,25.0,0.0,0.0,0.0,11.0,14.0,1.0,2.325352430343628,0.0,2.2727272510528564,0.1428571492433548,0.0662650614976883,0.2606712579727173,0.0,2.5,4.5,00-0033455,TE,2018_06_BAL_TEN,201810140oti,REG,FirkAn00,TE,TEN,BAL,15.0,34.0,0.0,0.0,4.0,0.18,19.0,,,,3.5,0.0,6,2023,84
00-0033460,J.Ross,John Ross,WR,WR,"https://static.www.nfl.com/image/private/f_auto,q_auto/league/u6ysgs3kj738n662uehl",CIN,2018,1,REG,IND,0.0,0.0,0.0,0.0,0.0,0.0,0.0,0.0,0.0,0.0,0.0,0.0,,0.0,,,0.0,0.0,0.0,0.0,0.0,0.0,,0.0,1.0,2.0,3.0,1.0,0.0,0.0,22.0,0.0,1.0,0.8635864853858948,0.0,0.1363636404275894,0.0714285746216774,0.158273383975029,0.2179342210292816,0.0,6.300000190734863,7.300000190734863,00-0033460,WR,2018_01_CIN_IND,201809090clt,REG,RossJo00,WR,CIN,IND,37.0,66.0,0.0,0.0,0.0,0.0,37.0,00-0033460,WR,2.0,6.8,0.0,5,2024,38
00-0033464,J.Chesson,Jehu Chesson,WR,WR,"https://static.www.nfl.com/image/private/f_auto,q_auto/league/nmn44gw214duhlpzasyi",WAS,2018,2,REG,IND,0.0,0.0,0.0,0.0,0.0,0.0,0.0,0.0,0.0,0.0,0.0,0.0,,0.0,,,0.0,0.0,0.0,0.0,0.0,0.0,,0.0,0.0,1.0,0.0,0.0,0.0,0.0,15.0,0.0,0.0,-1.615340232849121,0.0,0.0,0.0227272734045982,0.0460122711956501,0.0662994980812072,0.0,0.0,0.0,00-0033464,WR,2018_02_IND_WAS,201809160was,REG,ChesJe00,WR,WAS,IND,1.0,1.0,0.0,0.0,18.0,0.72,19.0,,,,0.0,0.0,1,2018,4
00-0033466,I.McKenzie,Isaiah McKenzie,WR,WR,"https://static.www.nfl.com/image/upload/f_auto,q_auto/league/gy6grhpxsegfgklfadte",BUF,2018,10,REG,NYJ,0.0,0.0,0.0,0.0,0.0,0.0,0.0,0.0,0.0,0.0,0.0,0.0,,0.0,,,3.0,32.0,0.0,0.0,0.0,2.0,3.048325300216675,0.0,1.0,1.0,14.0,0.0,0.0,0.0,-4.0,18.0,1.0,0.9382529258728028,0.0,0.0,0.0384615398943424,-0.0125786159187555,0.0488872751593589,0.0,4.599999904632568,5.599999904632568,00-0033466,WR,2018_10_BUF_NYJ,201811110nyj,REG,McKeIs00,WR,BUF,NYJ,7.0,10.0,0.0,0.0,8.0,0.26,15.0,,,,5.1000000000000005,0.0,6,2023,198
00-0033471,I.Ford,Isaiah Ford,WR,WR,"https://static.www.nfl.com/image/private/f_auto,q_auto/league/ycqftcjsc9vyqmc8tlmw",MIA,2018,13,REG,BUF,0.0,0.0,0.0,0.0,0.0,0.0,0.0,0.0,0.0,0.0,0.0,0.0,,0.0,,,0.0,0.0,0.0,0.0,0.0,0.0,,0.0,0.0,1.0,0.0,0.0,0.0,0.0,6.0,0.0,0.0,-0.7439061403274536,0.0,0.0,0.0416666679084301,0.024896265938878,0.079927384853363,0.0,0.0,0.0,00-0033471,WR,2018_13_BUF_MIA,201812020mia,REG,FordIs00,WR,MIA,BUF,13.0,24.0,0.0,0.0,0.0,0.0,13.0,,,,0.0,0.0,4,2021,32
00-0033474,G.Dieter,Gehrig Dieter,WR,WR,"https://static.www.nfl.com/image/private/f_auto,q_auto/league/ex3zzzxojejpl5rqskmq",KC,2018,13,REG,LV,0.0,0.0,0.0,0.0,0.0,0.0,0.0,0.0,0.0,0.0,0.0,0.0,,0.0,,,0.0,0.0,0.0,0.0,0.0,0.0,,0.0,0.0,1.0,0.0,0.0,0.0,0.0,41.0,0.0,0.0,-0.8824223279953003,0.0,0.0,0.0270270276814699,0.0951276123523712,0.1071298643946647,0.0,0.0,0.0,00-0033474,WR,2018_13_KC_OAK,201812020rai,REG,DietGe00,WR,KC,OAK,7.0,10.0,0.0,0.0,14.0,0.44,21.0,00-0033474,WR,3.0,0.0,0.0,2,2020,6
00-0033481,M.Kemp,Marcus Kemp,WR,WR,"https://static.www.nfl.com/image/private/f_auto,q_auto/league/hetkew9ad3agbj8cq1r3",KC,2018,3,REG,SF,0.0,0.0,0.0,0.0,0.0,0.0,0.0,0.0,0.0,0.0,0.0,0.0,,0.0,,,0.0,0.0,0.0,0.0,0.0,0.0,,0.0,1.0,1.0,7.0,0.0,0.0,0.0,-1.0,8.0,0.0,-0.0140742119401693,0.0,0.0,0.0263157896697521,-0.0026041667442768,0.0376507677137851,0.0,0.699999988079071,1.7000000476837158,00-0033481,WR,2018_03_SF_KC,201809230kan,REG,KempMa00,WR,KC,SF,1.0,1.0,0.0,0.0,18.0,0.64,19.0,00-0033481,WR,3.0,1.2000000000000002,0.0,4,2022,13
00-0033528,J.Sprinkle,Jeremy Sprinkle,TE,TE,"https://static.www.nfl.com/image/private/f_auto,q_auto/league/cncqiyqmj7ohm5k70bog",WAS,2018,7,REG,DAL,0.0,0.0,0.0,0.0,0.0,0.0,0.0,0.0,0.0,0.0,0.0,0.0,,0.0,,,0.0,0.0,0.0,0.0,0.0,0.0,,0.0,0.0,1.0,0.0,0.0,0.0,0.0,9.0,0.0,0.0,-0.5515180230140686,0.0,0.0,0.0416666679084301,0.0332103334367275,0.0857472345232963,0.0,0.0,0.0,00-0033528,TE,2018_07_DAL_WAS,201810210was,REG,SpriJe00,TE,WAS,DAL,19.0,32.0,0.0,0.0,18.0,0.64,37.0,00-0033528,TE,3.0,0.0,0.0,4,2021,31
00-0033530,R.Davis,Robert Davis,WR,WR,"https://static.www.nfl.com/image/private/f_auto,q_auto/league/cqtclxiwsfbxniwvrldy",WAS,2019,4,REG,NYG,0.0,0.0,0.0,0.0,0.0,0.0,0.0,0.0,0.0,0.0,0.0,0.0,,0.0,,,0.0,0.0,0.0,0.0,0.0,0.0,,0.0,1.0,2.0,11.0,0.0,0.0,0.0,18.0,0.0,1.0,-2.991438627243042,0.0,0.6111111044883728,0.0769230797886848,0.0775862038135528,0.1696949601173401,0.0,1.100000023841858,2.0999999046325684,00-0033530,WR,2019_04_WAS_NYG,201909290nyg,REG,DaviRo00,WR,WAS,NYG,21.0,43.0,0.0,0.0,2.0,0.1,23.0,00-0033530,WR,3.0,1.6,0.0,1,2019,4
00-0033536,M.Williams,Mike Williams,WR,WR,"https://static.www.nfl.com/image/private/f_auto,q_auto/league/oaa76gdfwdhaum4b5qkh",LAC,2018,1,REG,KC,0.0,0.0,0.0,0.0,0.0,0.0,0.0,0.0,0.0,0.0,0.0,0.0,,0.0,,,0.0,0.0,0.0,0.0,0.0,0.0,,0.0,5.0,6.0,81.0,0.0,0.0,0.0,88.0,15.0,5.0,6.145945549011231,0.0,0.9204545617103576,0.1199999973177909,0.1821946203708648,0.307536244392395,0.0,8.100000381469727,13.100000381469728,00-0033536,WR,2018_01_KC_LAC,201809090sdg,REG,WillMi07,WR,LAC,KC,44.0,54.0,0.0,0.0,0.0,0.0,44.0,00-0033536,WR,2.0,10.6,0.0,7,2024,113
00-0033550,D.Webb,Davis Webb,QB,QB,"https://static.www.nfl.com/image/private/f_auto,q_auto/league/rxvilxbyuvwvorzzxhxf",BUF,2021,10,REG,NYJ,0.0,0.0,0.0,0.0,0.0,0.0,0.0,0.0,0.0,0.0,0.0,0.0,,0.0,,,2.0,-3.0,0.0,0.0,0.0,0.0,0.0,0.0,0.0,0.0,0.0,0.0,0.0,0.0,0.0,0.0,0.0,,0.0,,,,,0.0,-0.3000000119209289,-0.3000000119209289,00-0033550,QB,2021_10_BUF_NYJ,202111140nyj,REG,WebbDa00,QB,BUF,NYJ,4.0,7.000000000000001,0.0,0.0,0.0,0.0,4.0,,,,-0.3,0.0,2,2022,4
00-0033556,T.Cohen,Tarik Cohen,RB,RB,"https://static.www.nfl.com/image/private/f_auto,q_auto/league/pm0uewrl0ugotlc5wbpc",CHI,2018,1,REG,GB,0.0,0.0,0.0,0.0,0.0,0.0,0.0,0.0,0.0,0.0,0.0,0.0,,0.0,,,5.0,25.0,0.0,0.0,0.0,2.0,1.653306245803833,0.0,3.0,4.0,16.0,0.0,0.0,0.0,-10.0,28.0,1.0,1.2689056396484375,0.0,-1.600000023841858,0.1212121248245239,-0.0480769239366054,0.1481643319129943,0.0,4.099999904632568,7.099999904632568,00-0033556,RB,2018_01_CHI_GB,201809090gnb,REG,CoheTa00,RB,CHI,GB,28.0,40.0,0.0,0.0,4.0,0.14,32.0,00-0033556,RB,2.0,5.6,0.0,3,2020,95
00-0033557,J.Reeves-Maybin,Jalen Reeves-Maybin,OLB,LB,"https://static.www.nfl.com/image/upload/f_auto,q_auto/league/oczccxuvy4ltvjy4fhmu",DET,2023,1,REG,KC,0.0,0.0,0.0,0.0,0.0,0.0,0.0,0.0,0.0,0.0,0.0,0.0,,0.0,,,1.0,3.0,0.0,0.0,0.0,1.0,2.528829336166382,0.0,0.0,0.0,0.0,0.0,0.0,0.0,0.0,0.0,0.0,,0.0,,,,,0.0,0.3000000119209289,0.3000000119209289,00-0033557,LB,2023_01_DET_KC,202309070kan,REG,ReevJa00,LB,DET,KC,0.0,0.0,0.0,0.0,24.0,0.89,24.0,00-0033557,OLB,3.0,0.3,0.0,2,2024,6
00-0033559,M.Roberts,Michael Roberts,TE,TE,"https://static.www.nfl.com/image/private/f_auto,q_auto/league/budz2kcuoa7xbjfrfurg",DET,2018,2,REG,SF,0.0,0.0,0.0,0.0,0.0,0.0,0.0,0.0,0.0,0.0,0.0,0.0,,0.0,,,0.0,0.0,0.0,0.0,0.0,0.0,,0.0,1.0,1.0,15.0,1.0,0.0,0.0,15.0,0.0,1.0,3.9893085956573486,0.0,1.0,0.0192307699471712,0.0326086953282356,0.0516722425818443,0.0,7.5,8.5,00-0033559,TE,2018_02_DET_SF,201809160sfo,REG,RobeMi01,TE,DET,SF,7.0,9.0,0.0,0.0,7.0,0.21,14.0,00-0033559,TE,2.0,8.0,0.0,1,2018,8
00-0033562,R.Switzer,Ryan Switzer,WR,WR,"https://static.www.nfl.com/image/private/f_auto,q_auto/league/s7w7b3uxhppii72mttcu",PIT,2018,1,REG,CLE,0.0,0.0,0.0,0.0,0.0,0.0,0.0,0.0,0.0,0.0,0.0,0.0,,0.0,,,1.0,8.0,0.0,0.0,0.0,0.0,0.0962172821164131,0.0,0.0,1.0,0.0,0.0,0.0,0.0,2.0,0.0,0.0,-0.8444321155548096,0.0,0.0,0.0243902429938316,0.0052356021478772,0.0402502864599227,0.0,0.800000011920929,0.800000011920929,00-0033562,WR,2018_01_PIT_CLE,201809090cle,REG,SwitRy00,WR,PIT,CLE,7.0,8.0,0.0,0.0,16.0,0.44,23.0,00-0033562,WR,3.0,0.8,0.0,2,2019,55
00-0033564,J.Butt,Jake Butt,TE,TE,"https://static.www.nfl.com/image/private/f_auto,q_auto/league/faqk9sw4zigenjoavboi",DEN,2018,1,REG,SEA,0.0,0.0,0.0,0.0,0.0,0.0,0.0,0.0,0.0,0.0,0.0,0.0,,0.0,,,0.0,0.0,0.0,0.0,0.0,0.0,,0.0,2.0,4.0,29.0,0.0,0.0,0.0,44.0,18.0,2.0,-0.6330901384353638,0.0,0.6590909361839294,0.1025641039013862,0.1202185824513435,0.2379991561174392,0.0,2.900000095367432,4.900000095367432,00-0033564,TE,2018_01_SEA_DEN,201809090den,REG,ButtJa00,TE,DEN,SEA,36.0,49.0,0.0,0.0,6.0,0.18,42.0,00-0033564,TE,2.0,3.9,0.0,2,2020,8
00-0033566,D.King,Desmond King,CB,DB,"https://static.www.nfl.com/image/private/f_auto,q_auto/league/jer13zsb22rmdldq5jtr",LAC,2018,13,REG,LAC,0.0,0.0,0.0,0.0,0.0,0.0,0.0,0.0,0.0,0.0,0.0,0.0,,0.0,,,0.0,0.0,0.0,0.0,0.0,0.0,,0.0,0.0,0.0,0.0,0.0,0.0,0.0,0.0,0.0,0.0,,0.0,,,,,1.0,6.0,6.0,00-0033566,DB,2018_13_LAC_PIT,201812020pit,REG,KingDe01,CB,LAC,PIT,0.0,0.0,56.0,82.0,9.0,0.3,65.0,00-0033566,CB,1.0,0.0,0.0,2,2019,9
00-0033567,B.Hill,Brian Hill,RB,RB,"https://static.www.nfl.com/image/private/f_auto,q_auto/league/bsgtdhaylnpxdhfxtx0y",ATL,2018,14,REG,GB,0.0,0.0,0.0,0.0,0.0,0.0,0.0,0.0,0.0,0.0,0.0,0.0,,0.0,,,1.0,5.0,0.0,0.0,0.0,1.0,0.3445717990398407,0.0,0.0,0.0,0.0,0.0,0.0,0.0,0.0,0.0,0.0,,0.0,,,,,0.0,0.5,0.5,00-0033567,RB,2018_14_ATL_GB,201812090gnb,REG,HillBr02,RB,ATL,GB,9.0,13.0,0.0,0.0,9.0,0.32,18.0,,,,0.5,0.0,3,2020,33
00-0033573,S.Gibson,Shelton Gibson,WR,WR,"https://static.www.nfl.com/image/private/f_auto,q_auto/league/ooeitkt377s485zhchsi",PHI,2018,2,REG,TB,0.0,0.0,0.0,0.0,0.0,0.0,0.0,0.0,0.0,0.0,0.0,0.0,,0.0,,,0.0,0.0,0.0,0.0,0.0,0.0,,0.0,0.0,2.0,0.0,0.0,0.0,0.0,52.0,0.0,0.0,-2.8257758617401123,0.0,0.0,0.0425531901419162,0.1604938209056854,0.1761754602193832,0.0,0.0,0.0,00-0033573,WR,2018_02_PHI_TB,201809160tam,REG,GibsSh00,WR,PHI,TB,35.0,44.0,0.0,0.0,9.0,0.32,44.0,00-0033573,WR,1.0,0.0,0.0,1,2018,5
00-0033581,D.Henderson,De'Angelo Henderson Sr.,RB,RB,"https://static.www.nfl.com/image/private/f_auto,q_auto/league/jgr8ujycflajknnwxlnr",NYJ,2018,17,REG,NE,0.0,0.0,0.0,0.0,0.0,0.0,0.0,0.0,0.0,0.0,0.0,0.0,,0.0,,,2.0,19.0,0.0,1.0,1.0,0.0,-1.400043487548828,0.0,0.0,0.0,0.0,0.0,0.0,0.0,0.0,0.0,0.0,,0.0,,,,,0.0,-0.1000000014901161,-0.1000000014901161,00-0033581,RB,,,,,,,,0.0,0.0,0.0,0.0,0.0,0.0,0.0,00-0033581,RB,3.0,-0.0999999999999998,0.0,1,2018,2
00-0033594,C.Carson,Chris Carson,RB,RB,"https://static.www.nfl.com/image/private/f_auto,q_auto/league/zxjqunrgf4j8p2eg4xyl",SEA,2018,1,REG,DEN,0.0,0.0,0.0,0.0,0.0,0.0,0.0,0.0,0.0,0.0,0.0,0.0,,0.0,,,7.0,51.0,0.0,1.0,1.0,1.0,-5.40452766418457,0.0,3.0,5.0,28.0,0.0,0.0,0.0,-1.0,28.0,1.0,-0.8481748104095459,0.0,-28.0,0.1515151560306549,-0.0029673590324819,0.2251955717802047,0.0,5.900000095367432,8.899999618530273,00-0033594,RB,2018_01_SEA_DEN,201809090den,REG,CarsCh00,RB,SEA,DEN,25.0,44.0,0.0,0.0,6.0,0.18,31.0,00-0033594,RB,1.0,7.4,0.0,4,2021,53
00-0033597,C.Kelly,Chad Kelly,QB,QB,"https://static.www.nfl.com/image/private/f_auto,q_auto/league/msrm2dj2ksmjxpym2rqs",DEN,2018,6,REG,LA,0.0,0.0,0.0,0.0,0.0,0.0,0.0,0.0,0.0,0.0,0.0,0.0,,0.0,,,1.0,-1.0,0.0,0.0,0.0,0.0,0.0,0.0,0.0,0.0,0.0,0.0,0.0,0.0,0.0,0.0,0.0,,0.0,,,,,0.0,-0.1000000014901161,-0.1000000014901161,00-0033597,QB,2018_06_LA_DEN,201810140den,REG,KellCh00,QB,DEN,LA,1.0,2.0,0.0,0.0,0.0,0.0,1.0,00-0033597,QB,2.0,-0.1,0.0,1,2018,2
00-0033604,K.Hogan,Krishawn Hogan,WR,WR,"https://static.www.nfl.com/image/private/f_auto,q_auto/league/wxw9mclsvbju33ixnqz9",NO,2019,16,REG,TEN,0.0,0.0,0.0,0.0,0.0,0.0,0.0,0.0,0.0,0.0,0.0,0.0,,0.0,,,0.0,0.0,0.0,0.0,0.0,0.0,,0.0,1.0,1.0,4.0,0.0,0.0,0.0,2.0,2.0,0.0,-1.0189834833145142,0.0,2.0,0.0256410259753465,0.0071684587746858,0.043479461222887,0.0,0.4000000059604645,1.399999976158142,00-0033604,WR,2019_16_NO_TEN,201912220oti,REG,HogaKr00,WR,NO,TEN,7.0,10.0,0.0,0.0,16.0,0.44,23.0,00-0033604,WR,3.0,0.9,0.0,1,2019,2
00-0033611,R.Seals-Jones,Ricky Seals-Jones,TE,TE,"https://static.www.nfl.com/image/private/f_auto,q_auto/league/nqwpbsutfe0anvjkqeux",ARI,2018,1,REG,WAS,0.0,0.0,0.0,0.0,0.0,0.0,0.0,0.0,0.0,0.0,0.0,0.0,,0.0,,,0.0,0.0,0.0,0.0,0.0,0.0,,0.0,3.0,6.0,19.0,0.0,0.0,0.0,53.0,5.0,2.0,-5.940600395202637,0.0,0.3584905564785003,0.1764705926179886,0.2548076808452606,0.4430712759494781,0.0,1.899999976158142,4.900000095367432,00-0033611,TE,2018_01_WAS_ARI,201809090crd,REG,SealRi00,TE,ARI,WAS,49.0,92.0,0.0,0.0,0.0,0.0,49.0,00-0033611,TE,1.0,3.4000000000000004,0.0,4,2021,40
00-0033627,J.Croom,Jason Croom,TE,TE,"https://static.www.nfl.com/image/private/f_auto,q_auto/league/ce3qgmgn139gn6vu44zz",BUF,2018,1,REG,BAL,0.0,0.0,0.0,0.0,0.0,0.0,0.0,0.0,0.0,0.0,0.0,0.0,,0.0,,,0.0,0.0,0.0,0.0,0.0,0.0,,0.0,2.0,3.0,18.0,0.0,0.0,0.0,27.0,12.0,1.0,-1.372982382774353,0.0,0.6666666865348816,0.09375,0.0769230797886848,0.1944711506366729,0.0,1.7999999523162842,3.799999952316284,00-0033627,TE,2018_01_BUF_BAL,201809090rav,REG,CrooJa00,TE,BUF,BAL,18.0,28.000000000000004,0.0,0.0,16.0,0.47,34.0,00-0033627,TE,2.0,2.8,0.0,2,2020,15
00-0033633,T.Gentry,Tanner Gentry,WR,WR,"https://static.www.nfl.com/image/private/f_auto,q_auto/league/ykdkdfncfuiirn9qsrk9",BUF,2022,5,REG,PIT,0.0,0.0,0.0,0.0,0.0,0.0,0.0,0.0,0.0,0.0,0.0,0.0,,0.0,,,0.0,0.0,0.0,0.0,0.0,0.0,,0.0,0.0,1.0,0.0,0.0,0.0,0.0,7.0,0.0,0.0,-0.7896298170089722,0.0,0.0,0.0277777779847383,0.0154867256060242,0.0525073744356632,0.0,0.0,0.0,00-0033633,WR,2022_05_PIT_BUF,202210090buf,REG,GentTa00,WR,BUF,PIT,11.0,20.0,0.0,0.0,1.0,0.04,12.0,,,,0.0,0.0,1,2022,2
00-0033642,B.Bello,B.J. Bello,MLB,LB,"https://static.www.nfl.com/image/private/f_auto,q_auto/league/qcodwdsis92iva0h2wft",NYJ,2019,15,REG,NYJ,0.0,0.0,0.0,0.0,0.0,0.0,0.0,0.0,0.0,0.0,0.0,0.0,,0.0,,,0.0,0.0,0.0,0.0,0.0,0.0,,0.0,0.0,0.0,0.0,0.0,0.0,0.0,0.0,0.0,0.0,,0.0,,,,,1.0,6.0,6.0,00-0033642,LB,2019_15_NYJ_BAL,201912120rav,REG,BellB.00,LB,NYJ,BAL,0.0,0.0,0.0,0.0,17.0,0.57,17.0,00-0033642,MLB,2.0,0.0,0.0,1,2019,2
00-0033658,B.Jarwin,Blake Jarwin,TE,TE,"https://static.www.nfl.com/image/private/f_auto,q_auto/league/fsn8rvgup22r5e53mu7i",DAL,2018,1,REG,CAR,0.0,0.0,0.0,0.0,0.0,0.0,0.0,0.0,0.0,0.0,0.0,0.0,,0.0,,,0.0,0.0,0.0,0.0,0.0,0.0,,0.0,0.0,1.0,0.0,0.0,0.0,0.0,32.0,0.0,0.0,-0.9112293124198914,0.0,0.0,0.0344827584922313,0.1481481492519378,0.1554278433322906,0.0,0.0,0.0,00-0033658,TE,2018_01_DAL_CAR,201809090car,REG,JarwBl00,TE,DAL,CAR,22.0,34.0,0.0,0.0,15.0,0.68,37.0,00-0033658,TE,2.0,0.0,0.0,4,2021,43
00-0033681,K.Cole,Keelan Cole,WR,WR,"https://static.www.nfl.com/image/private/f_auto,q_auto/league/djdjurxk3b6y347zirvz",JAX,2018,1,REG,NYG,0.0,0.0,0.0,0.0,0.0,0.0,0.0,0.0,0.0,0.0,0.0,0.0,,0.0,,,0.0,0.0,0.0,0.0,0.0,0.0,,0.0,3.0,4.0,54.0,0.0,0.0,0.0,39.0,15.0,3.0,1.5722671747207642,0.0,1.384615421295166,0.1212121248245239,0.1695652157068252,0.3005138337612152,0.0,5.400000095367432,8.399999618530273,00-0033681,WR,2018_01_JAX_NYG,201809090nyg,REG,ColeKe00,WR,JAX,NYG,47.0,75.0,0.0,0.0,0.0,0.0,47.0,00-0033681,WR,1.0,6.9,0.0,5,2022,123
00-0033696,S.Culkin,Sean Culkin,TE,TE,"https://static.www.nfl.com/image/private/f_auto,q_auto/league/pj36sitdqfq76pveqckq",LAC,2018,12,REG,ARI,0.0,0.0,0.0,0.0,0.0,0.0,0.0,0.0,0.0,0.0,0.0,0.0,,0.0,,,0.0,0.0,0.0,0.0,0.0,0.0,,0.0,1.0,1.0,24.0,0.0,0.0,0.0,24.0,0.0,1.0,2.271965980529785,0.0,1.0,0.0322580635547637,0.190476194024086,0.1817204356193542,0.0,2.400000095367432,3.400000095367432,00-0033696,TE,2018_12_ARI_LAC,201811250sdg,REG,CulkSe00,TE,LAC,ARI,7.0,10.0,0.0,0.0,10.0,0.36,17.0,00-0033696,TE,3.0,2.9000000000000004,0.0,2,2019,5
00-0033705,A.Patton,Andre Patton,WR,WR,"https://static.www.nfl.com/image/private/f_auto,q_auto/league/dca3n5hsrjgafphple2g",LAC,2019,4,REG,MIA,0.0,0.0,0.0,0.0,0.0,0.0,0.0,0.0,0.0,0.0,0.0,0.0,,0.0,,,0.0,0.0,0.0,0.0,0.0,0.0,,0.0,2.0,4.0,22.0,0.0,0.0,0.0,49.0,10.0,2.0,0.4814657866954803,0.0,0.4489795863628387,0.1333333402872085,0.2033195048570633,0.3423236608505249,0.0,2.200000047683716,4.199999809265137,00-0033705,WR,2019_04_LAC_MIA,201909290mia,REG,PattAn00,WR,LAC,MIA,24.0,36.0,0.0,0.0,12.0,0.52,36.0,,,,3.2,0.0,1,2019,8
00-0033720,C.Thompson,Colin Thompson,TE,TE,"https://static.www.nfl.com/image/private/f_auto,q_auto/league/lbjhmxtdg1i6ichpzrbw",CAR,2020,8,REG,ATL,0.0,0.0,0.0,0.0,0.0,0.0,0.0,0.0,0.0,0.0,0.0,0.0,,0.0,,,0.0,0.0,0.0,0.0,0.0,0.0,,0.0,0.0,1.0,0.0,0.0,0.0,0.0,-1.0,0.0,0.0,-0.5121307969093323,0.0,0.0,0.0384615398943424,-0.004524887073785,0.0545248873531818,0.0,0.0,0.0,00-0033720,TE,2020_08_ATL_CAR,202010290car,REG,ThomCo03,TE,CAR,ATL,10.0,19.0,0.0,0.0,13.0,0.54,23.0,00-0033720,TE,3.0,0.0,0.0,2,2021,5
00-0033725,C.Clement,Corey Clement,RB,RB,"https://static.www.nfl.com/image/private/f_auto,q_auto/league/rrbdxl0frmnyr1qcgexd",PHI,2018,1,REG,ATL,0.0,0.0,0.0,0.0,0.0,0.0,0.0,0.0,0.0,0.0,0.0,0.0,,0.0,,,5.0,26.0,0.0,0.0,0.0,1.0,-0.2206198275089264,0.0,0.0,0.0,0.0,0.0,0.0,0.0,0.0,0.0,0.0,,0.0,,,,,0.0,2.5999999046325684,2.5999999046325684,00-0033725,RB,2018_01_ATL_PHI,201809060phi,REG,ClemCo00,RB,PHI,ATL,13.0,18.0,0.0,0.0,19.0,0.7,32.0,00-0033725,RB,3.0,2.6,0.0,4,2022,57
00-0033733,G.Ward,Greg Ward,WR,WR,"https://static.www.nfl.com/image/private/f_auto,q_auto/league/avy32bijim6pgiiu8gtz",PHI,2019,12,REG,SEA,0.0,0.0,0.0,0.0,0.0,0.0,0.0,0.0,0.0,0.0,0.0,0.0,,0.0,,,0.0,0.0,0.0,0.0,0.0,0.0,,0.0,6.0,7.0,40.0,0.0,0.0,0.0,21.0,26.0,3.0,1.8286588191986084,0.0,1.9047619104385376,0.1555555611848831,0.0769230797886848,0.2871794998645782,0.0,4.0,10.0,00-0033733,WR,2019_12_SEA_PHI,201911240phi,REG,WardGr02,WR,PHI,SEA,36.0,49.0,0.0,0.0,7.0,0.32,43.0,,,,7.0,0.0,3,2021,63
00-0033742,T.Swoopes,Tyrone Swoopes,TE,TE,"https://static.www.nfl.com/image/private/f_auto,q_auto/league/ezsap0lrb7u92giefiyb",SEA,2018,6,REG,LV,0.0,0.0,0.0,0.0,0.0,0.0,0.0,0.0,0.0,0.0,0.0,0.0,,0.0,,,0.0,0.0,0.0,0.0,0.0,0.0,,0.0,1.0,1.0,23.0,0.0,0.0,0.0,8.0,15.0,1.0,3.110187292098999,0.0,2.875,0.0434782616794109,0.0357142873108387,0.0902173891663551,0.0,2.299999952316284,3.299999952316284,00-0033742,TE,2018_06_SEA_OAK,201810140rai,REG,SwooTy00,TE,SEA,OAK,27.0,42.0,0.0,0.0,5.0,0.26,32.0,,,,2.8000000000000003,0.0,2,2019,4
00-0033760,J.Davis,Justin Davis,RB,RB,"https://static.www.nfl.com/image/private/f_auto,q_auto/league/lxkhwmzny52eexsdyqnq",LA,2018,14,REG,CHI,0.0,0.0,0.0,0.0,0.0,0.0,0.0,0.0,0.0,0.0,0.0,0.0,,0.0,,,1.0,19.0,0.0,0.0,0.0,1.0,0.0821822211146354,0.0,0.0,0.0,0.0,0.0,0.0,0.0,0.0,0.0,0.0,,0.0,,,,,0.0,1.899999976158142,1.899999976158142,00-0033760,RB,2018_14_LA_CHI,201812090chi,REG,DaviJu00,RB,LA,CHI,1.0,2.0,0.0,0.0,8.0,0.33,9.0,00-0033760,RB,3.0,1.9,0.0,1,2018,3
00-0033770,J.Hardee,Justin Hardee,CB,DB,"https://static.www.nfl.com/image/private/f_auto,q_auto/league/cgnntlve9jglm2cqwigt",NO,2018,4,REG,NYG,0.0,0.0,0.0,0.0,0.0,0.0,0.0,0.0,0.0,0.0,0.0,0.0,,0.0,,,0.0,0.0,0.0,0.0,0.0,0.0,,0.0,1.0,1.0,10.0,0.0,0.0,0.0,8.0,2.0,1.0,3.0471060276031494,0.0,1.25,0.0303030312061309,0.0320000015199184,0.0678545460104942,0.0,1.0,2.0,00-0033770,DB,2018_04_NO_NYG,201809300nyg,REG,HardJu01,CB,NO,NYG,0.0,0.0,0.0,0.0,18.0,0.62,18.0,00-0033770,CB,3.0,1.5,0.0,2,2019,4
00-0033773,R.McCarron,Riley McCarron,WR,WR,"https://static.www.nfl.com/image/private/f_auto,q_auto/league/p2ktqatwl7ryhwjiycio",NE,2018,1,REG,HOU,0.0,0.0,0.0,0.0,0.0,0.0,0.0,0.0,0.0,0.0,0.0,0.0,,0.0,,,0.0,0.0,0.0,0.0,0.0,0.0,,0.0,0.0,1.0,0.0,0.0,0.0,0.0,27.0,0.0,0.0,-0.5395764112472534,0.0,0.0,0.0256410259753465,0.0843750014901161,0.0975240394473075,0.0,0.0,0.0,00-0033773,WR,2018_01_HOU_NE,201809090nwe,REG,McCaRi00,WR,NE,HOU,15.0,20.0,0.0,0.0,11.0,0.34,26.0,00-0033773,WR,3.0,0.0,0.0,1,2018,2
00-0033789,T.Logan,T.J. Logan,RB,RB,"https://static.www.nfl.com/image/private/f_auto,q_auto/league/ujf1khcqyjvzh8lukjdv",ARI,2018,10,REG,KC,0.0,0.0,0.0,0.0,0.0,0.0,0.0,0.0,0.0,0.0,0.0,0.0,,0.0,,,0.0,0.0,0.0,0.0,0.0,0.0,,0.0,2.0,2.0,14.0,0.0,0.0,0.0,4.0,10.0,0.0,-1.1610064506530762,0.0,3.5,0.0540540553629398,0.0149253727868199,0.0915288403630256,0.0,1.399999976158142,3.400000095367432,00-0033789,RB,2018_10_ARI_KC,201811110kan,REG,LogaT.00,RB,ARI,KC,3.0,4.0,0.0,0.0,6.0,0.24,9.0,00-0033789,RB,3.0,2.4000000000000004,0.0,2,2019,27
00-0033791,B.Wilson,Brandon Wilson,FS,DB,"https://static.www.nfl.com/image/private/f_auto,q_auto/league/qivxnok733r3757ruzqy",CIN,2019,6,REG,BAL,0.0,0.0,0.0,0.0,0.0,0.0,0.0,0.0,0.0,0.0,0.0,0.0,,0.0,,,0.0,0.0,0.0,0.0,0.0,0.0,,0.0,0.0,0.0,0.0,0.0,0.0,0.0,0.0,0.0,0.0,,0.0,,,,,1.0,6.0,6.0,00-0033791,DB,2019_06_CIN_BAL,201910130rav,REG,WilsBr01,FS,CIN,BAL,0.0,0.0,55.0,70.0,14.0,0.56,69.0,00-0033791,FS,2.0,0.0,0.0,2,2020,5
00-0033798,M.Schreck,Mason Schreck,TE,TE,"https://static.www.nfl.com/image/private/f_auto,q_auto/league/clgbpt0n6wqmkgaeeucy",CIN,2020,13,REG,MIA,0.0,0.0,0.0,0.0,0.0,0.0,0.0,0.0,0.0,0.0,0.0,0.0,,0.0,,,0.0,0.0,0.0,0.0,0.0,0.0,,0.0,0.0,1.0,0.0,0.0,0.0,0.0,2.0,0.0,0.0,-0.7669154405593872,0.0,0.0,0.0370370373129844,0.0123456791043281,0.0641975328326225,0.0,0.0,0.0,00-0033798,TE,2020_13_CIN_MIA,202012060mia,REG,SchrMa00,TE,CIN,MIA,1.0,2.0,0.0,0.0,12.0,0.43,13.0,00-0033798,TE,3.0,0.0,0.0,2,2022,5
00-0033838,T.Edmunds,Trey Edmunds,RB,RB,"https://static.www.nfl.com/image/private/f_auto,q_auto/league/xuzfvi2xmfnlkmlbqun3",PIT,2019,8,REG,MIA,0.0,0.0,0.0,0.0,0.0,0.0,0.0,0.0,0.0,0.0,0.0,0.0,,0.0,,,1.0,0.0,0.0,0.0,0.0,0.0,-0.7861426472663879,0.0,0.0,0.0,0.0,0.0,0.0,0.0,0.0,0.0,0.0,,0.0,,,,,0.0,0.0,0.0,00-0033838,RB,2019_08_MIA_PIT,201910280pit,REG,EdmuTr00,RB,PIT,MIA,2.0,3.0,0.0,0.0,14.0,0.64,16.0,00-0033838,RB,3.0,0.0,0.0,1,2019,7
00-0033839,D.Westbrook,Dede Westbrook,WR,WR,"https://static.www.nfl.com/image/private/f_auto,q_auto/league/jjlxw2ircxecpx3ipeax",JAX,2018,1,REG,NYG,0.0,0.0,0.0,0.0,0.0,0.0,0.0,0.0,0.0,0.0,0.0,0.0,,0.0,,,0.0,0.0,0.0,0.0,0.0,0.0,,0.0,5.0,6.0,51.0,0.0,0.0,0.0,55.0,10.0,4.0,3.7286252975463863,0.0,0.9272727370262146,0.1818181872367859,0.239130437374115,0.4401185810565948,0.0,5.099999904632568,10.100000381469728,00-0033839,WR,2018_01_JAX_NYG,201809090nyg,REG,WestDe00,WR,JAX,NYG,31.0,49.0,0.0,0.0,0.0,0.0,31.0,00-0033839,WR,2.0,7.6,0.0,4,2021,107
00-0033840,C.Hansen,Chad Hansen,WR,WR,"https://static.www.nfl.com/image/private/f_auto,q_auto/league/vnqylrclnnacn5lymvrk",HOU,2020,13,REG,IND,0.0,0.0,0.0,0.0,0.0,0.0,0.0,0.0,0.0,0.0,0.0,0.0,,0.0,,,0.0,0.0,0.0,0.0,0.0,0.0,,0.0,5.0,7.0,101.0,0.0,0.0,0.0,111.0,13.0,5.0,6.260732650756836,0.0,0.9099099040031432,0.1891891956329345,0.2838874757289886,0.4825050234794616,0.0,10.100000381469728,15.100000381469728,00-0033840,WR,2020_13_IND_HOU,202012060htx,REG,HansCh00,WR,HOU,IND,59.0,92.0,0.0,0.0,0.0,0.0,59.0,,,,15.6,0.0,1,2020,6
00-0033856,L.Fournette,Leonard Fournette,RB,RB,"https://static.www.nfl.com/image/private/f_auto,q_auto/league/atxppoc7zqcjnbnk0awz",JAX,2018,1,REG,NYG,0.0,0.0,0.0,0.0,0.0,0.0,0.0,0.0,0.0,0.0,0.0,0.0,,0.0,,,9.0,41.0,0.0,0.0,0.0,2.0,0.5569390654563904,0.0,3.0,3.0,14.0,0.0,0.0,0.0,-8.0,22.0,2.0,1.3500232696533203,0.0,-1.75,0.0909090936183929,-0.0347826071083545,0.112015813589096,0.0,5.5,8.5,00-0033856,RB,2018_01_JAX_NYG,201809090nyg,REG,FourLe00,RB,JAX,NYG,21.0,33.0,0.0,0.0,0.0,0.0,21.0,00-0033856,RB,1.0,7.000000000000001,0.0,6,2023,81
00-0033859,J.Malone,Josh Malone,WR,WR,"https://static.www.nfl.com/image/private/f_auto,q_auto/league/q0qpgsvrkxi4al0dkjij",CIN,2018,2,REG,BAL,0.0,0.0,0.0,0.0,0.0,0.0,0.0,0.0,0.0,0.0,0.0,0.0,,0.0,,,0.0,0.0,0.0,0.0,0.0,0.0,,0.0,0.0,1.0,0.0,0.0,0.0,0.0,0.0,0.0,0.0,-0.4945071339607239,0.0,,0.0243902429938316,0.0,0.0365853644907474,0.0,0.0,0.0,00-0033859,WR,2018_02_BAL_CIN,201809130cin,REG,MaloJo00,WR,CIN,BAL,6.0,8.0,0.0,0.0,6.0,0.2,12.0,00-0033859,WR,2.0,0.0,0.0,2,2020,6
00-0033871,C.Davis,Corey Davis,WR,WR,"https://static.www.nfl.com/image/private/f_auto,q_auto/league/hr0uv4ai1zhkn7nof2a2",TEN,2018,1,REG,MIA,0.0,0.0,0.0,0.0,0.0,0.0,0.0,0.0,0.0,0.0,0.0,0.0,,0.0,,,0.0,0.0,0.0,0.0,0.0,0.0,,0.0,6.0,13.0,62.0,0.0,0.0,0.0,112.0,25.0,4.0,-3.3999216556549072,0.0,0.5535714030265808,0.3421052694320678,0.4324324429035187,0.8158605694770813,0.0,6.199999809265137,12.199999809265137,00-0033871,WR,2018_01_TEN_MIA,201809090mia,REG,DaviCo03,WR,TEN,MIA,63.0,91.0,0.0,0.0,0.0,0.0,63.0,00-0033871,WR,1.0,9.2,0.0,5,2022,78
00-0033879,O.Howard,O.J. Howard,TE,TE,"https://static.www.nfl.com/image/private/f_auto,q_auto/league/wlvviyfhdn5fz5p04r95",TB,2018,1,REG,NO,0.0,0.0,0.0,0.0,0.0,0.0,0.0,0.0,0.0,0.0,0.0,0.0,,0.0,,,0.0,0.0,0.0,0.0,0.0,0.0,,0.0,2.0,2.0,54.0,0.0,0.0,0.0,36.0,18.0,2.0,4.650595188140869,0.0,1.5,0.0714285746216774,0.1055718511343002,0.1810431480407714,0.0,5.400000095367432,7.400000095367432,00-0033879,TE,2018_01_TB_NO,201809090nor,REG,HowaO.00,TE,TB,NO,43.0,65.0,0.0,0.0,9.0,0.27,52.0,00-0033879,TE,1.0,6.4,0.0,5,2022,54
00-0033893,D.Cook,Dalvin Cook,RB,RB,"https://static.www.nfl.com/image/upload/f_auto,q_auto/league/kl291pby4vjh160bkirg",MIN,2018,1,REG,SF,0.0,0.0,0.0,0.0,0.0,0.0,0.0,0.0,0.0,0.0,0.0,0.0,,0.0,,,16.0,40.0,0.0,1.0,1.0,1.0,-11.69057559967041,0.0,6.0,7.0,55.0,0.0,0.0,0.0,-16.0,69.0,3.0,2.034024238586426,0.0,-3.4375,0.2000000029802322,-0.065040647983551,0.2544715404510498,0.0,7.5,13.5,00-0033893,RB,2018_01_SF_MIN,201809090min,REG,CookDa01,RB,MIN,SF,57.0,80.0,0.0,0.0,0.0,0.0,57.0,00-0033893,RB,1.0,10.5,0.0,7,2024,98
00-0033895,G.Everett,Gerald Everett,TE,TE,"https://static.www.nfl.com/image/private/f_auto,q_auto/league/te11unippqhdc6auox6i",LA,2018,2,REG,ARI,0.0,0.0,0.0,0.0,0.0,0.0,0.0,0.0,0.0,0.0,0.0,0.0,,0.0,,,0.0,0.0,0.0,0.0,0.0,0.0,,0.0,1.0,1.0,17.0,0.0,0.0,0.0,5.0,12.0,0.0,1.4963583946228027,0.0,3.400000095367432,0.0322580635547637,0.0167224071919918,0.0600927807390689,0.0,1.7000000476837158,2.700000047683716,00-0033895,TE,2018_02_ARI_LA,201809160ram,REG,EverGe00,TE,LA,ARI,8.0,11.0,0.0,0.0,1.0,0.06,9.0,00-0033895,TE,2.0,2.2,0.0,7,2024,111
00-0033896,A.Shaheen,Adam Shaheen,TE,TE,"https://static.www.nfl.com/image/private/f_auto,q_auto/league/rvj5swstfh0vf6f6w2hr",CHI,2018,11,REG,MIN,0.0,0.0,0.0,0.0,0.0,0.0,0.0,0.0,0.0,0.0,0.0,0.0,,0.0,,,0.0,0.0,0.0,0.0,0.0,0.0,,0.0,0.0,0.0,0.0,0.0,0.0,0.0,0.0,0.0,0.0,,1.0,,,,,0.0,2.0,2.0,00-0033896,TE,2018_11_MIN_CHI,201811180chi,REG,ShahAd00,TE,CHI,MIN,19.0,26.0,0.0,0.0,0.0,0.0,19.0,,,,0.0,0.0,4,2021,37
00-0033899,D.Kizer,DeShone Kizer,QB,QB,"https://static.www.nfl.com/image/private/f_auto,q_auto/league/ajaqaaxoogjnfgxduv4u",GB,2018,1,REG,CHI,4.0,7.0,55.0,0.0,1.0,2.0,21.0,1.0,1.0,65.0,34.0,3.0,-7.9043707847595215,0.0,0.8461538553237915,0.0158005114644765,0.0,0.0,0.0,0.0,0.0,0.0,,0.0,0.0,0.0,0.0,0.0,0.0,0.0,0.0,0.0,0.0,,0.0,,,,,0.0,-1.7999999523162842,-1.7999999523162842,00-0033899,QB,2018_01_CHI_GB,201809090gnb,REG,KizeDe00,QB,GB,CHI,14.0,23.0,0.0,0.0,0.0,0.0,14.0,00-0033899,QB,2.0,-0.7999999999999998,0.0,1,2018,4
00-0033911,T.Taylor,Taywan Taylor,WR,WR,"https://static.www.nfl.com/image/private/f_auto,q_auto/league/n0kolr3zjappzojczo5w",TEN,2018,1,REG,MIA,0.0,0.0,0.0,0.0,0.0,0.0,0.0,0.0,0.0,0.0,0.0,0.0,,0.0,,,0.0,0.0,0.0,0.0,0.0,0.0,,0.0,0.0,1.0,0.0,0.0,0.0,0.0,28.0,0.0,0.0,-1.4580379724502563,0.0,0.0,0.0263157896697521,0.1081081107258796,0.1151493564248085,0.0,0.0,0.0,00-0033911,WR,2018_01_TEN_MIA,201809090mia,REG,TaylTa00,WR,TEN,MIA,9.0,13.0,0.0,0.0,0.0,0.0,9.0,00-0033911,WR,2.0,0.0,0.0,3,2020,18
00-0033925,D.Foreman,D'Onta Foreman,RB,RB,"https://static.www.nfl.com/image/private/f_auto,q_auto/league/fhxviqgdrngc8gvvhnor",HOU,2018,16,REG,PHI,0.0,0.0,0.0,0.0,0.0,0.0,0.0,0.0,0.0,0.0,0.0,0.0,,0.0,,,7.0,-1.0,0.0,1.0,0.0,0.0,-4.896638870239258,0.0,2.0,2.0,28.0,1.0,0.0,0.0,18.0,10.0,1.0,2.817103862762451,0.0,1.5555555820465088,0.050000000745058,0.0430622026324272,0.1051435396075248,0.0,8.699999809265137,10.699999809265137,00-0033925,RB,2018_16_HOU_PHI,201812230phi,REG,ForeDO00,RB,HOU,PHI,31.0,48.0,0.0,0.0,0.0,0.0,31.0,,,,7.699999999999999,0.0,6,2024,62
00-0033932,K.Golladay,Kenny Golladay,WR,WR,"https://static.www.nfl.com/image/private/f_auto,q_auto/league/vck7awhkwwhui3ndgts3",DET,2018,1,REG,NYJ,0.0,0.0,0.0,0.0,0.0,0.0,0.0,0.0,0.0,0.0,0.0,0.0,,0.0,,,0.0,0.0,0.0,0.0,0.0,0.0,,0.0,7.0,12.0,114.0,0.0,0.0,0.0,115.0,52.0,6.0,-1.1535614728927612,0.0,0.991304337978363,0.2307692319154739,0.2853597998619079,0.5459057092666626,0.0,11.399999618530272,18.399999618530277,00-0033932,WR,2018_01_NYJ_DET,201809100det,REG,GollKe00,WR,DET,NYJ,65.0,93.0,0.0,0.0,0.0,0.0,65.0,00-0033932,WR,2.0,17.9,0.0,5,2022,61
00-0033933,C.Williams,Chad Williams,WR,WR,"https://static.www.nfl.com/image/private/f_auto,q_auto/league/euzfm4rfpar0i5lmm2df",ARI,2018,1,REG,WAS,0.0,0.0,0.0,0.0,0.0,0.0,0.0,0.0,0.0,0.0,0.0,0.0,,0.0,,,0.0,0.0,0.0,0.0,0.0,0.0,,0.0,0.0,3.0,0.0,0.0,0.0,0.0,45.0,0.0,0.0,-2.1899406909942627,0.0,0.0,0.0882352963089943,0.2163461595773697,0.2837952375411987,0.0,0.0,0.0,00-0033933,WR,2018_01_WAS_ARI,201809090crd,REG,WillCh05,WR,ARI,WAS,50.0,94.0,0.0,0.0,0.0,0.0,50.0,00-0033933,WR,1.0,0.0,0.0,2,2019,13
00-0033936,C.Beathard,C.J. Beathard,QB,QB,"https://static.www.nfl.com/image/private/f_auto,q_auto/league/yw8euaevcvwswbx5w27w",SF,2018,4,REG,LAC,23.0,37.0,298.0,2.0,2.0,1.0,10.0,0.0,0.0,205.0,170.0,13.0,-1.8345344066619875,0.0,1.4536585807800293,0.0637851655483245,7.0,19.0,0.0,1.0,0.0,1.0,-1.799095630645752,0.0,0.0,0.0,0.0,0.0,0.0,0.0,0.0,0.0,0.0,,0.0,,,,,0.0,17.81999969482422,17.81999969482422,00-0033936,QB,2018_04_SF_LAC,201809300sdg,REG,BeatC.00,QB,SF,LAC,60.0,100.0,0.0,0.0,0.0,0.0,60.0,00-0033936,QB,2.0,17.82,0.0,5,2023,29
00-0033948,J.Williams,Jamaal Williams,RB,RB,"https://static.www.nfl.com/image/private/f_auto,q_auto/league/qerbr9qnhpn27cyogu4x",GB,2018,1,REG,CHI,0.0,0.0,0.0,0.0,0.0,0.0,0.0,0.0,0.0,0.0,0.0,0.0,,0.0,,,15.0,47.0,0.0,0.0,0.0,2.0,-3.871801853179932,0.0,0.0,2.0,0.0,0.0,0.0,0.0,28.0,0.0,0.0,-1.9522160291671755,0.0,0.0,0.0555555559694767,0.0823529437184333,0.1409803926944732,0.0,4.699999809265137,4.699999809265137,00-0033948,RB,2018_01_CHI_GB,201809090gnb,REG,WillJa06,RB,GB,CHI,37.0,62.0,0.0,0.0,0.0,0.0,37.0,00-0033948,RB,1.0,4.7,0.0,7,2024,131
00-0033950,W.Gallman,Wayne Gallman,RB,RB,"https://static.www.nfl.com/image/private/f_auto,q_auto/league/zrc9lbsy94hxanrf5voo",NYG,2018,1,REG,JAX,0.0,0.0,0.0,0.0,0.0,0.0,0.0,0.0,0.0,0.0,0.0,0.0,,0.0,,,1.0,-1.0,0.0,0.0,0.0,0.0,-0.8176012635231018,0.0,2.0,2.0,9.0,0.0,0.0,0.0,0.0,9.0,0.0,0.302966833114624,0.0,0.0,0.0555555559694767,0.0,0.0833333358168602,0.0,0.800000011920929,2.799999952316284,00-0033950,RB,2018_01_JAX_NYG,201809090nyg,REG,GallWa00,RB,NYG,JAX,6.0,8.0,0.0,0.0,4.0,0.14,10.0,00-0033950,RB,2.0,1.8,0.0,4,2021,46
00-0033951,M.Mack,Marlon Mack,RB,RB,"https://static.www.nfl.com/image/private/f_auto,q_auto/league/d3sdoo1yiey5oiyblulk",IND,2018,2,REG,WAS,0.0,0.0,0.0,0.0,0.0,0.0,0.0,0.0,0.0,0.0,0.0,0.0,,0.0,,,10.0,34.0,0.0,0.0,0.0,1.0,-0.9884857535362244,0.0,1.0,2.0,2.0,0.0,0.0,0.0,-9.0,6.0,0.0,-0.9898127317428588,0.0,-0.2222222238779068,0.0645161271095275,-0.0681818202137947,0.0490469224750995,0.0,3.5999999046325684,4.599999904632568,00-0033951,RB,2018_02_IND_WAS,201809160was,REG,MackMa00,RB,IND,WAS,18.0,30.0,0.0,0.0,0.0,0.0,18.0,00-0033951,RB,3.0,4.1000000000000005,0.0,5,2022,45
00-0033953,J.Leggett,Jordan Leggett,TE,TE,"https://static.www.nfl.com/image/private/f_auto,q_auto/league/kjcxnm0lntsec4idp0gi",NYJ,2018,3,REG,CLE,0.0,0.0,0.0,0.0,0.0,0.0,0.0,0.0,0.0,0.0,0.0,0.0,,0.0,,,0.0,0.0,0.0,0.0,0.0,0.0,,0.0,0.0,1.0,0.0,0.0,0.0,0.0,8.0,0.0,0.0,-0.8369970321655273,0.0,0.0,0.0333333350718021,0.0396039597690105,0.0777227729558944,0.0,0.0,0.0,00-0033953,TE,2018_03_NYJ_CLE,201809200cle,REG,LeggJo00,TE,NYJ,CLE,19.0,30.0,0.0,0.0,5.0,0.17,24.0,,,,0.0,0.0,1,2018,15
00-0033957,R.Adams,Rodney Adams,WR,WR,"https://static.www.nfl.com/image/private/f_auto,q_auto/league/ae8lsm9ahaczhqfz1pvo",CHI,2021,13,REG,ARI,0.0,0.0,0.0,0.0,0.0,0.0,0.0,0.0,0.0,0.0,0.0,0.0,,0.0,,,0.0,0.0,0.0,0.0,0.0,0.0,,0.0,0.0,1.0,0.0,0.0,0.0,0.0,15.0,0.0,0.0,-0.8159438967704773,0.0,0.0,0.025000000372529,0.0666666701436042,0.0841666683554649,0.0,0.0,0.0,00-0033957,WR,2021_13_ARI_CHI,202112050chi,REG,AdamRo01,WR,CHI,ARI,10.0,13.0,0.0,0.0,0.0,0.0,10.0,,,,0.0,0.0,1,2021,2
00-0033958,N.Peterman,Nathan Peterman,QB,QB,"https://static.www.nfl.com/image/private/f_auto,q_auto/league/owifll49p0mmsjgf7rhn",BUF,2018,1,REG,BAL,5.0,18.0,24.0,0.0,2.0,3.0,12.0,0.0,0.0,148.0,25.0,0.0,-23.95086479187012,0.0,0.1621621549129486,-0.1332371681928634,1.0,1.0,0.0,0.0,0.0,0.0,-0.8163583278656006,0.0,0.0,0.0,0.0,0.0,0.0,0.0,0.0,0.0,0.0,,0.0,,,,,0.0,-2.940000057220459,-2.940000057220459,00-0033958,QB,2018_01_BUF_BAL,201809090rav,REG,PeteNa00,QB,BUF,BAL,32.0,50.0,0.0,0.0,0.0,0.0,32.0,00-0033958,QB,1.0,-0.94,0.0,5,2023,15
00-0033968,S.Coley,Stacy Coley,WR,WR,"https://static.www.nfl.com/image/private/f_auto,q_auto/league/yawmfaxmvob2piqusoji",MIN,2018,2,REG,GB,0.0,0.0,0.0,0.0,0.0,0.0,0.0,0.0,0.0,0.0,0.0,0.0,,0.0,,,0.0,0.0,0.0,0.0,0.0,0.0,,0.0,0.0,1.0,0.0,0.0,0.0,0.0,9.0,0.0,0.0,-0.2238462418317794,0.0,0.0,0.020833333954215,0.0249307472258806,0.048701524734497,0.0,0.0,0.0,00-0033968,WR,2018_02_MIN_GB,201809160gnb,REG,ColeSt00,WR,MIN,GB,13.0,18.0,0.0,0.0,5.0,0.14,18.0,00-0033968,WR,2.0,0.0,0.0,1,2018,4
00-0033994,F.Brown,Fred Brown,WR,WR,"https://static.www.nfl.com/image/private/f_auto,q_auto/league/ljihjkepcfnshjkom2un",DEN,2019,6,REG,TEN,0.0,0.0,0.0,0.0,0.0,0.0,0.0,0.0,0.0,0.0,0.0,0.0,,0.0,,,0.0,0.0,0.0,0.0,0.0,0.0,,0.0,1.0,1.0,5.0,0.0,0.0,0.0,5.0,0.0,0.0,-0.4262629747390747,0.0,1.0,0.0384615398943424,0.0239234454929828,0.0744387209415435,0.0,0.5,1.5,00-0033994,WR,2019_06_TEN_DEN,201910130den,REG,BrowFr01,WR,DEN,TEN,8.0,13.0,0.0,0.0,16.0,0.59,24.0,00-0033994,WR,3.0,1.0,0.0,1,2019,3
00-0034011,D.Arnold,Dan Arnold,TE,TE,"https://static.www.nfl.com/image/private/f_auto,q_auto/league/wym2o0jlxcvswj3gy9kv",NO,2018,7,REG,BAL,0.0,0.0,0.0,0.0,0.0,0.0,0.0,0.0,0.0,0.0,0.0,0.0,,0.0,,,0.0,0.0,0.0,0.0,0.0,0.0,,0.0,2.0,3.0,35.0,0.0,0.0,0.0,32.0,11.0,2.0,1.3740952014923096,0.0,1.09375,0.1071428582072258,0.1729729771614074,0.2817953526973724,0.0,3.5,5.5,00-0034011,TE,2018_07_NO_BAL,201810210rav,REG,ArnoDa00,TE,NO,BAL,12.0,17.0,0.0,0.0,0.0,0.0,12.0,00-0034011,TE,3.0,4.5,0.0,5,2022,52
00-0034034,R.Davis,Rashard Davis,WR,WR,"https://static.www.nfl.com/image/private/f_auto,q_auto/league/row1skup96vnnn29zsdq",TEN,2019,17,REG,HOU,0.0,0.0,0.0,0.0,0.0,0.0,0.0,0.0,0.0,0.0,0.0,0.0,,0.0,,,0.0,0.0,0.0,0.0,0.0,0.0,,0.0,1.0,1.0,16.0,0.0,0.0,0.0,16.0,0.0,1.0,1.5548523664474487,0.0,1.0,0.0476190485060215,0.0563380271196365,0.1108651906251907,0.0,1.600000023841858,2.5999999046325684,00-0034034,WR,2019_17_TEN_HOU,201912290htx,REG,DaviRa01,WR,TEN,HOU,1.0,2.0,0.0,0.0,5.0,0.18,6.0,,,,2.1,0.0,1,2019,2
00-0034052,B.Zylstra,Brandon Zylstra,WR,WR,"https://static.www.nfl.com/image/private/f_auto,q_auto/league/arx0mz7gc5dm0wfc5kfx",MIN,2018,7,REG,NYJ,0.0,0.0,0.0,0.0,0.0,0.0,0.0,0.0,0.0,0.0,0.0,0.0,,0.0,,,0.0,0.0,0.0,0.0,0.0,0.0,,0.0,1.0,1.0,23.0,0.0,0.0,0.0,15.0,8.0,1.0,1.9210671186447144,0.0,1.5333333015441897,0.0256410259753465,0.0387596897780895,0.0655933246016502,0.0,2.299999952316284,3.299999952316284,00-0034052,WR,2018_07_MIN_NYJ,201810210nyj,REG,ZylsBr00,WR,MIN,NYJ,1.0,1.0,0.0,0.0,28.0,0.72,29.0,00-0034052,WR,2.0,2.8000000000000003,0.0,4,2021,28
00-0034054,R.Cracraft,River Cracraft,WR,WR,"https://static.www.nfl.com/image/private/f_auto,q_auto/league/zd4y2ok3owqbqx6bvkpm",DEN,2018,17,REG,LAC,0.0,0.0,0.0,0.0,0.0,0.0,0.0,0.0,0.0,0.0,0.0,0.0,,0.0,,,0.0,0.0,0.0,0.0,0.0,0.0,,0.0,1.0,2.0,44.0,0.0,0.0,0.0,74.0,1.0,1.0,0.1950834244489669,0.0,0.5945945978164673,0.0425531901419162,0.2120343893766403,0.2122538536787033,0.0,4.400000095367432,5.400000095367432,00-0034054,WR,2018_17_LAC_DEN,201812300den,REG,CracRi00,WR,DEN,LAC,8.0,10.0,0.0,0.0,16.0,0.7,24.0,00-0034054,WR,2.0,4.9,0.0,5,2024,33
00-0034064,C.Wadman,Colby Wadman,P,SPEC,"https://static.www.nfl.com/image/private/f_auto,q_auto/league/hlmh4uiswctg0tlo0yh1",DEN,2018,11,REG,LAC,1.0,1.0,12.0,0.0,0.0,0.0,-0.0,0.0,0.0,-1.0,13.0,1.0,3.393739461898804,0.0,0.0,,0.0,0.0,0.0,0.0,0.0,0.0,,0.0,0.0,0.0,0.0,0.0,0.0,0.0,0.0,0.0,0.0,,0.0,,,,,0.0,0.4799999892711639,0.4799999892711639,00-0034064,P,2018_11_DEN_LAC,201811180sdg,REG,WadmCo00,P,DEN,LAC,0.0,0.0,0.0,0.0,9.0,0.35,9.0,00-0034064,P,1.0,0.48,0.0,2,2019,6
00-0034081,S.Mitchell,Steven Mitchell,WR,WR,"https://static.www.nfl.com/image/private/f_auto,q_auto/league/lavpxb848zx0stc1imzb",HOU,2019,9,REG,JAX,0.0,0.0,0.0,0.0,0.0,0.0,0.0,0.0,0.0,0.0,0.0,0.0,,0.0,,,0.0,0.0,0.0,0.0,0.0,0.0,,0.0,0.0,1.0,0.0,0.0,0.0,0.0,15.0,0.0,0.0,-1.0224424600601196,0.0,0.0,0.0357142873108387,0.0828729271888732,0.1115824803709983,0.0,0.0,0.0,00-0034081,WR,2019_09_HOU_JAX,201911030jax,REG,MitcSt02,WR,HOU,JAX,11.0,16.0,0.0,0.0,0.0,0.0,11.0,00-0034081,WR,2.0,0.0,0.0,2,2020,7
00-0034101,M.Flanagan,Matt Flanagan,TE,TE,"https://static.www.nfl.com/image/private/f_auto,q_auto/league/hxj9ygsevktjzaq2twox",WAS,2018,17,REG,PHI,0.0,0.0,0.0,0.0,0.0,0.0,0.0,0.0,0.0,0.0,0.0,0.0,,0.0,,,0.0,0.0,0.0,0.0,0.0,0.0,,0.0,1.0,1.0,14.0,0.0,0.0,0.0,7.0,7.0,1.0,0.7513248324394226,0.0,2.0,0.0370370373129844,0.0265151523053646,0.0741161629557609,0.0,1.399999976158142,2.400000095367432,00-0034101,TE,2018_17_PHI_WAS,201812300was,REG,FlanMa00,TE,WAS,PHI,11.0,24.0,0.0,0.0,14.0,0.74,25.0,,,,1.9,0.0,1,2018,2
00-0034104,C.Sims,Cam Sims,WR,WR,"https://static.www.nfl.com/image/private/f_auto,q_auto/league/rskkpergva4snsvgathy",WAS,2019,16,REG,NYG,0.0,0.0,0.0,0.0,0.0,0.0,0.0,0.0,0.0,0.0,0.0,0.0,,0.0,,,0.0,0.0,0.0,0.0,0.0,0.0,,0.0,1.0,1.0,15.0,0.0,0.0,0.0,14.0,1.0,1.0,1.5836108922958374,0.0,1.0714285373687744,0.0270270276814699,0.0474576279520988,0.0737608820199966,0.0,1.5,2.5,00-0034104,WR,2019_16_NYG_WAS,201912220was,REG,SimsCa00,WR,WAS,NYG,6.0,9.0,0.0,0.0,12.0,0.35,18.0,00-0034104,WR,3.0,2.0,0.0,4,2022,41
00-0034109,P.Lindsay,Phillip Lindsay,RB,RB,"https://static.www.nfl.com/image/private/f_auto,q_auto/league/soywd4cnq19pigrwabb5",DEN,2018,1,REG,SEA,0.0,0.0,0.0,0.0,0.0,0.0,0.0,0.0,0.0,0.0,0.0,0.0,,0.0,,,15.0,71.0,0.0,0.0,0.0,5.0,-0.5634541511535645,0.0,2.0,3.0,31.0,1.0,0.0,0.0,-1.0,31.0,1.0,0.994388222694397,0.0,-31.0,0.0769230797886848,-0.0027322403620928,0.113472044467926,0.0,16.200000762939453,18.200000762939453,00-0034109,RB,2018_01_SEA_DEN,201809090den,REG,LindPh00,RB,DEN,SEA,26.0,35.0,0.0,0.0,12.0,0.35,38.0,00-0034109,RB,3.0,17.200000000000003,0.0,5,2022,88
00-0034115,J.Wilson,Jeffery Wilson,RB,RB,"https://static.www.nfl.com/image/private/f_auto,q_auto/league/zorqrtlrizlltgd6pnob",SF,2018,12,REG,TB,0.0,0.0,0.0,0.0,0.0,0.0,0.0,0.0,0.0,0.0,0.0,0.0,,0.0,,,7.0,33.0,0.0,0.0,0.0,2.0,0.9635382294654846,0.0,1.0,1.0,8.0,0.0,0.0,0.0,0.0,8.0,0.0,0.1359932571649551,0.0,0.0,0.0322580635547637,0.0,0.0483870953321456,0.0,4.099999904632568,5.099999904632568,00-0034115,RB,,,,,,,,0.0,0.0,0.0,0.0,0.0,0.0,0.0,,,,4.6000000000000005,0.0,7,2024,76
00-0034131,K.Benkert,Kurt Benkert,QB,QB,"https://static.www.nfl.com/image/private/f_auto,q_auto/league/lq7drrswvcbnkyghztab",GB,2021,14,REG,CHI,0.0,0.0,0.0,0.0,0.0,0.0,0.0,0.0,0.0,0.0,0.0,0.0,,0.0,,,2.0,-1.0,0.0,0.0,0.0,0.0,0.0,0.0,0.0,0.0,0.0,0.0,0.0,0.0,0.0,0.0,0.0,,0.0,,,,,0.0,-0.1000000014901161,-0.1000000014901161,00-0034131,QB,2021_14_CHI_GB,202112120gnb,REG,BenkKu01,QB,GB,CHI,2.0,3.0,0.0,0.0,0.0,0.0,2.0,00-0034131,QB,2.0,-0.1,0.0,1,2021,2
00-0034132,C.Blake,Christian Blake,WR,WR,"https://static.www.nfl.com/image/private/f_auto,q_auto/league/xaaqzgbfsqhs4qvdndrz",ATL,2019,10,REG,NO,0.0,0.0,0.0,0.0,0.0,0.0,0.0,0.0,0.0,0.0,0.0,0.0,,0.0,,,0.0,0.0,0.0,0.0,0.0,0.0,,0.0,2.0,2.0,15.0,0.0,0.0,0.0,15.0,0.0,1.0,1.2201532125473022,0.0,1.0,0.0625,0.0579150579869747,0.1342905461788177,0.0,1.5,3.5,00-0034132,WR,2019_10_ATL_NO,201911100nor,REG,BlakCh00,WR,ATL,NO,15.0,20.0,0.0,0.0,13.0,0.48,28.0,00-0034132,WR,3.0,2.5,0.0,3,2021,22
00-0034164,T.Cannon,Trenton Cannon,RB,RB,"https://static.www.nfl.com/image/private/f_auto,q_auto/league/hkpxcipgs7jtgdwpkjel",NYJ,2018,1,REG,DET,0.0,0.0,0.0,0.0,0.0,0.0,0.0,0.0,0.0,0.0,0.0,0.0,,0.0,,,6.0,15.0,0.0,0.0,0.0,0.0,-3.229814291000366,0.0,1.0,1.0,6.0,0.0,0.0,0.0,6.0,0.0,1.0,2.247586965560913,0.0,1.0,0.050000000745058,0.0355029590427875,0.0998520702123642,0.0,2.0999999046325684,3.0999999046325684,00-0034164,RB,2018_01_NYJ_DET,201809100det,REG,CannTr00,RB,NYJ,DET,12.0,20.0,0.0,0.0,13.0,0.41,25.0,00-0034164,RB,3.0,2.6,0.0,3,2021,48
00-0034169,M.Baugh,Marcus Baugh,TE,TE,"https://static.www.nfl.com/image/private/f_auto,q_auto/league/chxibegpxlq45cc9fev1",WAS,2020,2,REG,ARI,0.0,0.0,0.0,0.0,0.0,0.0,0.0,0.0,0.0,0.0,0.0,0.0,,0.0,,,0.0,0.0,0.0,0.0,0.0,0.0,,0.0,1.0,1.0,2.0,0.0,0.0,0.0,0.0,2.0,0.0,-0.2949758172035217,0.0,0.0,0.0303030312061309,0.0,0.0454545468091964,0.0,0.2000000029802322,1.2000000476837158,00-0034169,TE,2020_02_WAS_ARI,202009200crd,REG,BaugMa02,TE,WAS,ARI,15.0,23.0,0.0,0.0,7.0,0.25,22.0,00-0034169,TE,3.0,0.7,0.0,1,2020,2
00-0034171,J.Cabinda,Jason Cabinda,FB,RB,"https://static.www.nfl.com/image/private/f_auto,q_auto/league/nvi4viyciscnso8qgbtn",DET,2020,4,REG,NO,0.0,0.0,0.0,0.0,0.0,0.0,0.0,0.0,0.0,0.0,0.0,0.0,,0.0,,,0.0,0.0,0.0,0.0,0.0,0.0,,0.0,1.0,1.0,4.0,0.0,0.0,0.0,0.0,4.0,0.0,-0.1216133013367652,0.0,0.0,0.0333333350718021,0.0,0.050000000745058,0.0,0.4000000059604645,1.399999976158142,00-0034171,FB,2020_04_NO_DET,202010040det,REG,CabiJa00,LB/F,DET,NO,5.0,8.0,0.0,0.0,16.0,0.64,21.0,00-0034171,FB,3.0,0.9,0.0,4,2023,23
00-0034179,R.Greene,Raven Greene,FS,DB,"https://static.www.nfl.com/image/private/f_auto,q_auto/league/xkdclbkqqd47mz97fizd",GB,2018,10,REG,MIA,0.0,0.0,0.0,0.0,0.0,0.0,0.0,0.0,0.0,0.0,0.0,0.0,,0.0,,,1.0,26.0,0.0,0.0,0.0,1.0,4.059288024902344,0.0,0.0,0.0,0.0,0.0,0.0,0.0,0.0,0.0,0.0,,0.0,,,,,0.0,2.5999999046325684,2.5999999046325684,00-0034179,SAF,2018_10_MIA_GB,201811110gnb,REG,GreeRa02,FS,GB,MIA,0.0,0.0,30.0,44.0,21.0,0.81,51.0,00-0034179,FS,2.0,2.6,0.0,1,2018,2
00-0034184,G.Edwards,Gus Edwards,RB,RB,"https://static.www.nfl.com/image/private/f_auto,q_auto/league/tvxpivjku1lbpf7tfafl",BAL,2018,6,REG,TEN,0.0,0.0,0.0,0.0,0.0,0.0,0.0,0.0,0.0,0.0,0.0,0.0,,0.0,,,10.0,42.0,0.0,0.0,0.0,3.0,1.6516475677490234,0.0,0.0,0.0,0.0,0.0,0.0,0.0,0.0,0.0,0.0,,0.0,,,,,0.0,4.199999809265137,4.199999809265137,00-0034184,RB,2018_06_BAL_TEN,201810140oti,REG,EdwaGu00,RB,BAL,TEN,14.0,18.0,0.0,0.0,14.0,0.64,28.0,,,,4.2,0.0,6,2024,98
00-0034192,N.Keizer,Nick Keizer,TE,TE,"https://static.www.nfl.com/image/private/f_auto,q_auto/league/zuebnpizkvrjzmxlxf6v",KC,2020,3,REG,BAL,0.0,0.0,0.0,0.0,0.0,0.0,0.0,0.0,0.0,0.0,0.0,0.0,,0.0,,,0.0,0.0,0.0,0.0,0.0,0.0,,0.0,0.0,1.0,0.0,0.0,0.0,0.0,8.0,0.0,0.0,-1.4694998264312744,0.0,0.0,0.0243902429938316,0.0233918130397796,0.0529596358537673,0.0,0.0,0.0,00-0034192,TE,2020_03_KC_BAL,202009280rav,REG,KeizNi00,TE,KC,BAL,20.0,27.0,0.0,0.0,12.0,0.48,32.0,00-0034192,TE,2.0,0.0,0.0,1,2020,9
00-0034193,K.Rader,Kevin Rader,TE,TE,"https://static.www.nfl.com/image/private/f_auto,q_auto/league/buopatfei7mdyxxxi9bv",PIT,2020,17,REG,CLE,0.0,0.0,0.0,0.0,0.0,0.0,0.0,0.0,0.0,0.0,0.0,0.0,,0.0,,,0.0,0.0,0.0,0.0,0.0,0.0,,0.0,0.0,1.0,0.0,0.0,0.0,0.0,4.0,0.0,0.0,-1.4395779371261597,0.0,0.0,0.0238095242530107,0.0098280096426606,0.0425938926637172,0.0,0.0,0.0,00-0034193,TE,2020_17_PIT_CLE,202101030cle,REG,RadeKe00,TE,PIT,CLE,12.0,18.0,0.0,0.0,12.0,0.48,24.0,,,,0.0,0.0,3,2023,8
00-0034201,D.Turner,De'Lance Turner,RB,RB,"https://static.www.nfl.com/image/private/f_auto,q_auto/league/eyoauplfm4yffbfu9ijf",BAL,2018,4,REG,PIT,0.0,0.0,0.0,0.0,0.0,0.0,0.0,0.0,0.0,0.0,0.0,0.0,,0.0,,,1.0,4.0,0.0,0.0,0.0,0.0,-0.0616620071232318,0.0,1.0,1.0,10.0,0.0,0.0,0.0,0.0,10.0,0.0,0.3837830722332001,0.0,0.0,0.025000000372529,0.0,0.0375000014901161,0.0,1.399999976158142,2.400000095367432,00-0034201,RB,2018_04_BAL_PIT,201809300pit,REG,TurnDe01,RB,BAL,PIT,4.0,5.0,0.0,0.0,17.0,0.59,21.0,00-0034201,RB,3.0,1.9,0.0,2,2019,5
00-0034207,J.Badet,Jeff Badet,WR,WR,"https://static.www.nfl.com/image/private/f_auto,q_auto/league/q5nwe08ka3mrnuanrqic",WAS,2020,10,REG,DET,0.0,0.0,0.0,0.0,0.0,0.0,0.0,0.0,0.0,0.0,0.0,0.0,,0.0,,,0.0,0.0,0.0,0.0,0.0,0.0,,0.0,0.0,1.0,0.0,0.0,0.0,0.0,25.0,0.0,0.0,-0.2288803607225418,0.0,0.0,0.0192307699471712,0.0793650820851326,0.084401711821556,0.0,0.0,0.0,00-0034207,WR,2020_10_WAS_DET,202011150det,REG,BadeJe00,WR,WAS,DET,5.0,6.0,0.0,0.0,0.0,0.0,5.0,00-0034207,WR,3.0,0.0,0.0,1,2020,2
00-0034208,M.Boone,Mike Boone,RB,RB,"https://static.www.nfl.com/image/private/f_auto,q_auto/league/rcrpzluchltmk9stwtfc",MIN,2018,3,REG,BUF,0.0,0.0,0.0,0.0,0.0,0.0,0.0,0.0,0.0,0.0,0.0,0.0,,0.0,,,2.0,11.0,0.0,0.0,0.0,1.0,0.4204536974430084,0.0,1.0,1.0,0.0,0.0,0.0,0.0,-5.0,5.0,0.0,-0.9904834032058716,0.0,-0.0,0.0181818176060915,-0.0149253727868199,0.0168249662965536,0.0,1.100000023841858,2.0999999046325684,00-0034208,RB,2018_03_BUF_MIN,201809230min,REG,BoonMi00,RB,MIN,BUF,13.0,20.0,0.0,0.0,0.0,0.0,13.0,00-0034208,RB,3.0,1.6,0.0,7,2024,58
00-0034221,R.Thomas,Roc Thomas,RB,RB,"https://static.www.nfl.com/image/private/f_auto,q_auto/league/tlhpjc9tui7j6zfxoyfm",MIN,2018,4,REG,LA,0.0,0.0,0.0,0.0,0.0,0.0,0.0,0.0,0.0,0.0,0.0,0.0,,0.0,,,1.0,4.0,0.0,0.0,0.0,0.0,-0.1283171027898788,0.0,0.0,1.0,0.0,0.0,0.0,0.0,2.0,0.0,0.0,-0.7502073645591736,0.0,0.0,0.0204081628471612,0.0065359477885067,0.0351874083280563,0.0,0.4000000059604645,0.4000000059604645,00-0034221,RB,2018_04_MIN_LA,201809270ram,REG,ThomRo05,RB,MIN,LA,4.0,5.0,0.0,0.0,14.0,0.42,18.0,00-0034221,RB,3.0,0.4,0.0,1,2018,6
00-0034253,D.Hilliard,Dontrell Hilliard,RB,RB,"https://static.www.nfl.com/image/private/f_auto,q_auto/league/ukhyslngeuojxkjqfq9f",CLE,2018,8,REG,PIT,0.0,0.0,0.0,0.0,0.0,0.0,0.0,0.0,0.0,0.0,0.0,0.0,,0.0,,,0.0,0.0,0.0,0.0,0.0,0.0,,0.0,1.0,1.0,24.0,0.0,0.0,0.0,0.0,24.0,1.0,1.3936320543289185,0.0,0.0,0.0303030312061309,0.0,0.0454545468091964,0.0,2.400000095367432,3.400000095367432,00-0034253,RB,2018_08_CLE_PIT,201810280pit,REG,HillDo00,RB,CLE,PIT,15.0,23.0,0.0,0.0,16.0,0.53,31.0,00-0034253,RB,3.0,2.9000000000000004,0.0,5,2022,71
00-0034256,D.Scott,Da'Mari Scott,WR,WR,"https://static.www.nfl.com/image/private/f_auto,q_auto/league/nebin0nevleumqvsk0fu",NYG,2019,13,REG,GB,0.0,0.0,0.0,0.0,0.0,0.0,0.0,0.0,0.0,0.0,0.0,0.0,,0.0,,,0.0,0.0,0.0,0.0,0.0,0.0,,0.0,1.0,2.0,11.0,0.0,0.0,0.0,22.0,0.0,1.0,0.2271361798048019,0.0,0.5,0.0555555559694767,0.0794223845005035,0.1389289945363998,0.0,1.100000023841858,2.0999999046325684,00-0034256,WR,2019_13_GB_NYG,201912010nyg,REG,ScotDa02,WR,NYG,GB,22.0,33.0,0.0,0.0,4.0,0.18,26.0,,,,1.6,0.0,1,2019,4
00-0034258,D.Willies,Derrick Willies,WR,WR,"https://static.www.nfl.com/image/private/f_auto,q_auto/league/rmioj9lqsbhzgojtsq0u",CLE,2018,5,REG,BAL,0.0,0.0,0.0,0.0,0.0,0.0,0.0,0.0,0.0,0.0,0.0,0.0,,0.0,,,0.0,0.0,0.0,0.0,0.0,0.0,,0.0,3.0,5.0,61.0,0.0,1.0,0.0,57.0,32.0,2.0,0.7327454686164856,0.0,1.0701754093170166,0.1190476194024086,0.1393643021583557,0.2761264443397522,0.0,6.099999904632568,9.100000381469728,00-0034258,WR,2018_05_BAL_CLE,201810070cle,REG,WillDe06,WR,CLE,BAL,26.0,32.0,0.0,0.0,15.0,0.44,41.0,00-0034258,WR,3.0,5.6000000000000005,0.0,1,2018,2
00-0034267,J.Scott,Jaleel Scott,WR,WR,"https://static.www.nfl.com/image/private/f_auto,q_auto/league/npoq59gzmfmtwmrfdnhk",BAL,2019,17,REG,PIT,0.0,0.0,0.0,0.0,0.0,0.0,0.0,0.0,0.0,0.0,0.0,0.0,,0.0,,,0.0,0.0,0.0,0.0,0.0,0.0,,0.0,1.0,3.0,6.0,0.0,0.0,0.0,39.0,6.0,0.0,-1.354858636856079,0.0,0.1538461595773697,0.1500000059604644,0.2888889014720917,0.4272222220897674,0.0,0.6000000238418579,1.600000023841858,00-0034267,WR,2019_17_PIT_BAL,201912290rav,REG,ScotJa02,WR,BAL,PIT,17.0,25.0,0.0,0.0,0.0,0.0,17.0,00-0034267,WR,3.0,1.1,0.0,2,2020,4
00-0034268,J.Moore,J'Mon Moore,WR,WR,"https://static.www.nfl.com/image/private/f_auto,q_auto/league/x812ydgnxirh4jsanqm9",GB,2018,6,REG,SF,0.0,0.0,0.0,0.0,0.0,0.0,0.0,0.0,0.0,0.0,0.0,0.0,,0.0,,,0.0,0.0,0.0,0.0,0.0,0.0,,0.0,1.0,1.0,10.0,0.0,0.0,0.0,4.0,6.0,1.0,0.4535195827484131,0.0,2.5,0.0227272734045982,0.0108108110725879,0.0416584759950637,0.0,1.0,2.0,00-0034268,WR,2018_06_SF_GB,201810150gnb,REG,MoorJM00,WR,GB,SF,17.0,24.0,0.0,0.0,1.0,0.03,18.0,00-0034268,WR,2.0,1.5,0.0,1,2018,4
00-0034273,D.Ratley,Damion Ratley,WR,WR,"https://static.www.nfl.com/image/private/f_auto,q_auto/league/yafh5dzxcfpwqwrirmdd",CLE,2018,6,REG,LAC,0.0,0.0,0.0,0.0,0.0,0.0,0.0,0.0,0.0,0.0,0.0,0.0,,0.0,,,0.0,0.0,0.0,0.0,0.0,0.0,,0.0,6.0,8.0,82.0,0.0,0.0,0.0,132.0,9.0,3.0,3.0192244052886963,0.0,0.6212121248245239,0.1860465109348297,0.3211678862571716,0.5038872957229614,0.0,8.199999809265137,14.199999809265137,00-0034273,WR,2018_06_LAC_CLE,201810140cle,REG,RatlDa00,WR,CLE,LAC,65.0,88.0,0.0,0.0,13.0,0.45,78.0,00-0034273,WR,2.0,11.2,0.0,3,2020,25
00-0034286,R.James,Richie James,WR,WR,"https://static.www.nfl.com/image/private/f_auto,q_auto/league/qusoivtzbud2wl0spptz",SF,2018,5,REG,ARI,0.0,0.0,0.0,0.0,0.0,0.0,0.0,0.0,0.0,0.0,0.0,0.0,,0.0,,,0.0,0.0,0.0,0.0,0.0,0.0,,0.0,1.0,1.0,7.0,0.0,0.0,0.0,0.0,7.0,0.0,0.2443209439516067,0.0,0.0,0.0185185186564922,0.0,0.0277777779847383,0.0,0.699999988079071,1.7000000476837158,00-0034286,WR,2018_05_ARI_SF,201810070sfo,REG,JameRi00,WR,SF,ARI,24.0,24.0,0.0,0.0,2.0,0.07,26.0,00-0034286,WR,3.0,1.2000000000000002,0.0,5,2023,153
00-0034297,B.Pringle,Byron Pringle,WR,WR,"https://static.www.nfl.com/image/private/f_auto,q_auto/league/qgwipkdsunodvqlumsmp",KC,2019,3,REG,BAL,0.0,0.0,0.0,0.0,0.0,0.0,0.0,0.0,0.0,0.0,0.0,0.0,,0.0,,,0.0,0.0,0.0,0.0,0.0,0.0,,0.0,1.0,1.0,7.0,0.0,0.0,0.0,7.0,0.0,0.0,0.4965988993644714,0.0,1.0,0.0285714287310838,0.0237288139760494,0.0594673119485378,0.0,0.699999988079071,1.7000000476837158,00-0034297,WR,2019_03_BAL_KC,201909220kan,REG,PrinBy00,WR,KC,BAL,2.0,3.0,0.0,0.0,16.0,0.59,18.0,00-0034297,WR,3.0,1.2000000000000002,0.0,5,2023,101
00-0034301,D.Williams,Darrel Williams,RB,RB,"https://static.www.nfl.com/image/private/f_auto,q_auto/league/qloiwle7db59cznhqhub",KC,2018,14,REG,BAL,0.0,0.0,0.0,0.0,0.0,0.0,0.0,0.0,0.0,0.0,0.0,0.0,,0.0,,,0.0,0.0,0.0,0.0,0.0,0.0,,0.0,1.0,1.0,8.0,0.0,0.0,0.0,-4.0,12.0,0.0,-0.0522010363638401,0.0,-2.0,0.020833333954215,-0.0109589044004678,0.0235787667334079,0.0,0.800000011920929,1.7999999523162842,00-0034301,RB,2018_14_BAL_KC,201812090kan,REG,WillDa10,RB,KC,BAL,2.0,2.0,0.0,0.0,15.0,0.52,17.0,00-0034301,RB,3.0,1.3,0.0,5,2022,58
00-0034309,C.Beebe,Chad Beebe,WR,WR,"https://static.www.nfl.com/image/private/f_auto,q_auto/league/dd7cmld2lqxgqnizif4p",MIN,2018,9,REG,DET,0.0,0.0,0.0,0.0,0.0,0.0,0.0,0.0,0.0,0.0,0.0,0.0,,0.0,,,0.0,0.0,0.0,0.0,0.0,0.0,,0.0,3.0,3.0,21.0,0.0,0.0,0.0,8.0,13.0,2.0,3.3142521381378174,0.0,2.625,0.1363636404275894,0.0610687024891376,0.247293546795845,0.0,2.0999999046325684,5.099999904632568,00-0034309,WR,2018_09_DET_MIN,201811040min,REG,BeebCh00,WR,MIN,DET,13.0,27.0,0.0,0.0,0.0,0.0,13.0,,,,3.6,0.0,3,2020,28
00-0034311,J.Stanton,Johnny Stanton,FB,RB,"https://static.www.nfl.com/image/private/f_auto,q_auto/league/fick0qg9xwij9svv1rxk",CLE,2021,6,REG,ARI,0.0,0.0,0.0,0.0,0.0,0.0,0.0,0.0,0.0,0.0,0.0,0.0,,0.0,,,0.0,0.0,0.0,0.0,0.0,0.0,,0.0,1.0,1.0,6.0,0.0,0.0,0.0,2.0,4.0,0.0,-0.5271656513214111,0.0,3.0,0.0322580635547637,0.0082987556234002,0.0541962236166,0.0,0.6000000238418579,1.600000023841858,00-0034311,RB,2021_06_ARI_CLE,202110170cle,REG,StanJo02,FB,CLE,ARI,2.0,3.0,0.0,0.0,12.0,0.52,14.0,,,,1.1,0.0,1,2021,4
00-0034319,D.Yelder,Deon Yelder,TE,TE,"https://static.www.nfl.com/image/private/f_auto,q_auto/league/ipykvobx6lilpvc5vyca",KC,2019,4,REG,DET,0.0,0.0,0.0,0.0,0.0,0.0,0.0,0.0,0.0,0.0,0.0,0.0,,0.0,,,0.0,0.0,0.0,0.0,0.0,0.0,,0.0,2.0,2.0,43.0,0.0,0.0,0.0,17.0,26.0,2.0,3.626810312271118,0.0,2.529411792755127,0.0512820519506931,0.0358649790287017,0.1020285636186599,0.0,4.300000190734863,6.300000190734863,00-0034319,TE,2019_04_KC_DET,201909290det,REG,YeldDe00,TE,KC,DET,5.0,7.000000000000001,0.0,0.0,0.0,0.0,5.0,00-0034319,TE,2.0,5.3,0.0,3,2021,14
00-0034331,J.Samuels,Jaylen Samuels,RB,RB,"https://static.www.nfl.com/image/private/f_auto,q_auto/league/stceem3dtyjhdlqlaqxn",PIT,2018,8,REG,CLE,0.0,0.0,0.0,0.0,0.0,0.0,0.0,0.0,0.0,0.0,0.0,0.0,,0.0,,,4.0,17.0,0.0,0.0,0.0,1.0,0.2268954515457153,0.0,0.0,0.0,0.0,0.0,0.0,0.0,0.0,0.0,0.0,,0.0,,,,,0.0,1.7000000476837158,1.7000000476837158,00-0034331,RB,2018_08_CLE_PIT,201810280pit,REG,SamuJa00,RB,PIT,CLE,7.0,10.0,0.0,0.0,9.0,0.3,16.0,00-0034331,RB,2.0,1.7000000000000002,0.0,4,2021,38
00-0034335,M.Allen,Marcus Allen,ILB,LB,"https://static.www.nfl.com/image/private/f_auto,q_auto/league/vvpy4ouo24iqozvyp4rc",PIT,2022,8,REG,PHI,0.0,0.0,0.0,0.0,0.0,0.0,0.0,0.0,0.0,0.0,0.0,0.0,,0.0,,,1.0,4.0,0.0,0.0,0.0,1.0,2.643261194229126,0.0,0.0,0.0,0.0,0.0,0.0,0.0,0.0,0.0,0.0,,0.0,,,,,0.0,0.4000000059604645,0.4000000059604645,00-0034335,LB,2022_08_PIT_PHI,202210300phi,REG,AlleMa03,LB,PIT,PHI,0.0,0.0,0.0,0.0,19.0,0.7,19.0,00-0034335,ILB,3.0,0.4,0.0,1,2022,2
00-0034339,T.Quinn,Trey Quinn,WR,WR,"https://static.www.nfl.com/image/private/f_auto,q_auto/league/ln6e9abuw9gjvaqjwltw",WAS,2018,11,REG,HOU,0.0,0.0,0.0,0.0,0.0,0.0,0.0,0.0,0.0,0.0,0.0,0.0,,0.0,,,1.0,0.0,0.0,0.0,0.0,0.0,-0.5719380974769592,0.0,4.0,4.0,49.0,0.0,0.0,0.0,33.0,16.0,4.0,3.80019211769104,0.0,1.4848484992980957,0.1111111119389534,0.0797101482748985,0.222463771700859,0.0,4.900000095367432,8.899999618530273,00-0034339,WR,2018_11_HOU_WAS,201811180was,REG,QuinTr00,WR,WAS,HOU,53.0,71.0,0.0,0.0,4.0,0.15,57.0,,,,6.9,0.0,2,2019,28
00-0034343,J.Rosen,Josh Rosen,QB,QB,"https://static.www.nfl.com/image/private/f_auto,q_auto/league/nqycxzi8tkcyauk55mj8",ARI,2018,3,REG,CHI,4.0,7.0,36.0,0.0,1.0,1.0,7.0,0.0,0.0,77.0,-1.0,2.0,-0.6645292639732361,0.0,0.4675324559211731,0.0561311244964599,1.0,12.0,0.0,0.0,0.0,1.0,0.0633290335536003,0.0,0.0,0.0,0.0,0.0,0.0,0.0,0.0,0.0,0.0,,0.0,,,,,0.0,0.6399999856948853,0.6399999856948853,00-0034343,QB,2018_03_CHI_ARI,201809230crd,REG,RoseJo01,QB,ARI,CHI,13.0,26.0,0.0,0.0,0.0,0.0,13.0,00-0034343,QB,2.0,1.64,0.0,3,2021,25
00-0034349,K.Johnson,Kerryon Johnson,RB,RB,"https://static.www.nfl.com/image/private/f_auto,q_auto/league/tmqxfjwvjlcfacertjqp",DET,2018,1,REG,NYJ,0.0,0.0,0.0,0.0,0.0,0.0,0.0,0.0,0.0,0.0,0.0,0.0,,0.0,,,5.0,17.0,0.0,0.0,0.0,1.0,-0.1706365346908569,0.0,3.0,3.0,20.0,0.0,0.0,0.0,-1.0,21.0,0.0,-0.035143282264471,0.0,-20.0,0.0576923079788684,-0.0024813895579427,0.0848014876246452,0.0,3.700000047683716,6.699999809265137,00-0034349,RB,2018_01_NYJ_DET,201809100det,REG,JohnKe06,RB,DET,NYJ,16.0,23.0,0.0,0.0,0.0,0.0,16.0,00-0034349,RB,2.0,5.2,0.0,3,2020,35
00-0034358,D.Guice,Derrius Guice,RB,RB,"https://static.www.nfl.com/image/private/f_auto,q_auto/league/vkzgf6tpbcidlbnvyvon",WAS,2019,1,REG,PHI,0.0,0.0,0.0,0.0,0.0,0.0,0.0,0.0,0.0,0.0,0.0,0.0,,0.0,,,10.0,18.0,0.0,0.0,0.0,0.0,-5.5362420082092285,0.0,3.0,3.0,20.0,0.0,0.0,0.0,-1.0,21.0,1.0,1.3886010646820068,0.0,-20.0,0.0697674453258514,-0.003086419776082,0.1024906709790229,0.0,3.799999952316284,6.800000190734863,00-0034358,RB,2019_01_WAS_PHI,201909080phi,REG,GuicDe00,RB,WAS,PHI,23.0,36.0,0.0,0.0,0.0,0.0,23.0,00-0034358,RB,1.0,5.3,0.0,1,2019,6
00-0034360,L.Carter,Lorenzo Carter,OLB,LB,"https://static.www.nfl.com/image/private/f_auto,q_auto/league/vzt4cv29hrn9dw0wtpze",ATL,2022,2,REG,ATL,0.0,0.0,0.0,0.0,0.0,0.0,0.0,0.0,0.0,0.0,0.0,0.0,,0.0,,,0.0,0.0,0.0,0.0,0.0,0.0,,0.0,0.0,0.0,0.0,0.0,0.0,0.0,0.0,0.0,0.0,,0.0,,,,,1.0,6.0,6.0,00-0034360,LB,2022_02_ATL_LA,202209180ram,REG,CartLo01,LB,ATL,LA,0.0,0.0,52.0,83.0,1.0,0.04,53.0,00-0034360,OLB,1.0,0.0,0.0,1,2022,2
00-0034364,J.Akins,Jordan Akins,TE,TE,"https://static.www.nfl.com/image/private/f_auto,q_auto/league/fgkl9zfpy2yxrkxfge84",HOU,2018,1,REG,NE,0.0,0.0,0.0,0.0,0.0,0.0,0.0,0.0,0.0,0.0,0.0,0.0,,0.0,,,0.0,0.0,0.0,0.0,0.0,0.0,,0.0,2.0,2.0,11.0,0.0,0.0,0.0,11.0,0.0,0.0,-0.3692131340503692,0.0,1.0,0.0588235296308994,0.0291777197271585,0.1086596995592117,0.0,1.100000023841858,3.0999999046325684,00-0034364,TE,2018_01_HOU_NE,201809090nwe,REG,AkinJo00,TE,HOU,NE,37.0,50.0,0.0,0.0,6.0,0.19,43.0,00-0034364,TE,2.0,2.1,0.0,7,2024,110
00-0034366,K.Coutee,Keke Coutee,WR,WR,"https://static.www.nfl.com/image/private/f_auto,q_auto/league/b63h388y8kzvntk6tuqx",HOU,2018,4,REG,IND,0.0,0.0,0.0,0.0,0.0,0.0,0.0,0.0,0.0,0.0,0.0,0.0,,0.0,,,2.0,-2.0,0.0,0.0,0.0,0.0,-1.4568068981170654,0.0,11.0,15.0,109.0,0.0,0.0,0.0,51.0,92.0,6.0,3.428302049636841,0.0,2.1372549533843994,0.375,0.149122804403305,0.6668859720230103,0.0,10.699999809265137,21.700000762939453,00-0034366,WR,2018_04_HOU_IND,201809300clt,REG,CoutKe00,WR,HOU,IND,80.0,93.0,0.0,0.0,0.0,0.0,80.0,00-0034366,WR,3.0,19.2,0.0,5,2022,59
00-0034367,N.Hines,Nyheim Hines,RB,RB,"https://static.www.nfl.com/image/private/f_auto,q_auto/league/lgpfurgix754r54hvas4",IND,2018,1,REG,CIN,0.0,0.0,0.0,0.0,0.0,0.0,0.0,0.0,0.0,0.0,0.0,0.0,,0.0,,,5.0,19.0,0.0,0.0,0.0,2.0,0.197149783372879,0.0,7.0,9.0,33.0,0.0,0.0,0.0,-5.0,42.0,3.0,0.6271144151687622,0.0,-6.599999904632568,0.1730769276618957,-0.0176056344062089,0.2472914457321167,0.0,5.199999809265137,12.199999809265137,00-0034367,RB,2018_01_CIN_IND,201809090clt,REG,HineNy00,RB,IND,CIN,37.0,45.0,0.0,0.0,0.0,0.0,37.0,00-0034367,RB,3.0,8.700000000000001,0.0,5,2022,209
00-0034369,K.Lauletta,Kyle Lauletta,QB,QB,"https://static.www.nfl.com/image/private/f_auto,q_auto/league/pp8tdknrv8r1cmq1rgkf",NYG,2018,14,REG,WAS,0.0,5.0,0.0,0.0,1.0,0.0,-0.0,0.0,0.0,76.0,0.0,0.0,-6.705424308776856,0.0,0.0,-0.1981975436210632,1.0,-2.0,0.0,0.0,0.0,0.0,-1.8139889240264893,0.0,0.0,0.0,0.0,0.0,0.0,0.0,0.0,0.0,0.0,,0.0,,,,,0.0,-2.200000047683716,-2.200000047683716,00-0034369,QB,2018_14_NYG_WAS,201812090was,REG,LaulKy00,QB,NYG,WAS,18.0,28.000000000000004,0.0,0.0,0.0,0.0,18.0,00-0034369,QB,3.0,-1.2,0.0,1,2018,2
00-0034370,D.Hamilton,DaeSean Hamilton,WR,WR,"https://static.www.nfl.com/image/private/f_auto,q_auto/league/thfspx6c8befeosbsj1b",DEN,2018,5,REG,NYJ,0.0,0.0,0.0,0.0,0.0,0.0,0.0,0.0,0.0,0.0,0.0,0.0,,0.0,,,0.0,0.0,0.0,0.0,0.0,0.0,,0.0,3.0,3.0,44.0,0.0,0.0,0.0,27.0,17.0,2.0,2.789679527282715,0.0,1.629629611968994,0.0588235296308994,0.0818181782960891,0.1455080211162567,0.0,4.400000095367432,7.400000095367432,00-0034370,WR,2018_05_DEN_NYJ,201810070nyj,REG,HamiDa01,WR,DEN,NYJ,32.0,42.0,0.0,0.0,14.0,0.44,46.0,00-0034370,WR,2.0,5.9,0.0,3,2020,51
00-0034378,I.Smith,Ito Smith,RB,RB,"https://static.www.nfl.com/image/private/f_auto,q_auto/league/dh6fxo1jdenrkgcwdpib",ATL,2018,2,REG,CAR,0.0,0.0,0.0,0.0,0.0,0.0,0.0,0.0,0.0,0.0,0.0,0.0,,0.0,,,9.0,46.0,0.0,1.0,0.0,3.0,-0.5043044686317444,0.0,1.0,1.0,8.0,0.0,0.0,0.0,2.0,6.0,0.0,0.5438644886016846,0.0,4.0,0.0357142873108387,0.0068259383551776,0.0583495870232582,0.0,5.400000095367432,6.400000095367432,00-0034378,RB,2018_02_CAR_ATL,201809160atl,REG,SmitIt00,RB,ATL,CAR,19.0,30.0,0.0,0.0,0.0,0.0,19.0,00-0034378,RB,3.0,3.9,0.0,4,2021,39
00-0034389,D.Cruikshank,Dane Cruikshank,SS,DB,"https://static.www.nfl.com/image/private/f_auto,q_auto/league/lnq0ypzkle8qqwbtbqr3",TEN,2018,2,REG,HOU,0.0,0.0,0.0,0.0,0.0,0.0,0.0,0.0,0.0,0.0,0.0,0.0,,0.0,,,0.0,0.0,0.0,0.0,0.0,0.0,,0.0,1.0,1.0,66.0,1.0,0.0,0.0,17.0,49.0,1.0,7.64647102355957,0.0,3.882352828979492,0.0476190485060215,0.13934426009655,0.1689695566892624,0.0,12.600000381469728,13.600000381469728,00-0034389,DB,2018_02_HOU_TEN,201809160oti,REG,CruiDa00,FS,TEN,HOU,0.0,0.0,1.0,1.0,17.0,0.63,18.0,00-0034389,SS,2.0,13.1,0.0,2,2019,4
00-0034393,T.Fumagalli,Troy Fumagalli,TE,TE,"https://static.www.nfl.com/image/private/f_auto,q_auto/league/ec3s3n119ph0se5reacd",DEN,2019,2,REG,CHI,0.0,0.0,0.0,0.0,0.0,0.0,0.0,0.0,0.0,0.0,0.0,0.0,,0.0,,,0.0,0.0,0.0,0.0,0.0,0.0,,0.0,1.0,1.0,7.0,0.0,0.0,0.0,5.0,2.0,0.0,0.4160071313381195,0.0,1.399999976158142,0.0199999995529651,0.0199203193187713,0.0439442247152328,0.0,0.699999988079071,1.7000000476837158,00-0034393,TE,2019_02_CHI_DEN,201909150den,REG,FumaTr00,TE,DEN,CHI,14.0,17.0,0.0,0.0,9.0,0.36,23.0,00-0034393,TE,3.0,1.2000000000000002,0.0,2,2020,15
00-0034395,D.Fountain,Daurice Fountain,WR,WR,"https://static.www.nfl.com/image/upload/f_auto,q_auto/league/o1qlrzg7ddwfh7igt5e7",IND,2020,3,REG,NYJ,0.0,0.0,0.0,0.0,0.0,0.0,0.0,0.0,0.0,0.0,0.0,0.0,,0.0,,,0.0,0.0,0.0,0.0,0.0,0.0,,0.0,2.0,2.0,23.0,0.0,0.0,0.0,23.0,0.0,2.0,1.4340859651565552,0.0,1.0,0.0799999982118606,0.1608391553163528,0.2325874119997024,0.0,2.299999952316284,4.300000190734863,00-0034395,WR,2020_03_NYJ_IND,202009270clt,REG,FounDa00,WR,IND,NYJ,19.0,32.0,0.0,0.0,6.0,0.22,25.0,00-0034395,WR,3.0,3.3000000000000003,0.0,1,2020,3
00-0034400,J.Wilkins,Jordan Wilkins,RB,RB,"https://static.www.nfl.com/image/private/f_auto,q_auto/league/ltz7ffp0fnywwhcm2d3z",IND,2018,1,REG,CIN,0.0,0.0,0.0,0.0,0.0,0.0,0.0,0.0,0.0,0.0,0.0,0.0,,0.0,,,14.0,40.0,0.0,0.0,0.0,1.0,-5.988628387451172,0.0,3.0,3.0,21.0,0.0,0.0,0.0,-5.0,26.0,0.0,1.4051328897476196,0.0,-4.199999809265137,0.0576923079788684,-0.0176056344062089,0.0742145180702209,0.0,6.099999904632568,9.100000381469728,00-0034400,RB,2018_01_CIN_IND,201809090clt,REG,WilkJo01,RB,IND,CIN,46.0,56.00000000000001,0.0,0.0,7.0,0.24,53.0,00-0034400,RB,1.0,7.6,0.0,4,2022,49
00-0034407,R.McCloud,Ray-Ray McCloud,WR,WR,"https://static.www.nfl.com/image/upload/f_auto,q_auto/league/k3ykgsntuqdb0nl4grxk",BUF,2018,3,REG,MIN,0.0,0.0,0.0,0.0,0.0,0.0,0.0,0.0,0.0,0.0,0.0,0.0,,0.0,,,0.0,0.0,0.0,0.0,0.0,0.0,,0.0,1.0,1.0,6.0,0.0,0.0,0.0,-3.0,9.0,0.0,0.2233046442270279,0.0,0.0,0.0454545468091964,-0.0157894734293222,0.0571291856467723,0.0,0.6000000238418579,1.600000023841858,00-0034407,WR,2018_03_BUF_MIN,201809230min,REG,McClRa00,WR,BUF,MIN,14.0,21.0,0.0,0.0,3.0,0.12,17.0,00-0034407,WR,2.0,1.1,0.0,6,2024,183
00-0034412,L.Falk,Luke Falk,QB,QB,"https://static.www.nfl.com/image/private/f_auto,q_auto/league/caeic48dkstqkisxvs0x",NYJ,2019,2,REG,CLE,20.0,25.0,198.0,0.0,0.0,2.0,15.0,0.0,0.0,124.0,120.0,6.0,-4.962313175201416,0.0,1.5967742204666138,0.072082333266735,0.0,0.0,0.0,0.0,0.0,0.0,,0.0,0.0,0.0,0.0,0.0,0.0,0.0,0.0,0.0,0.0,,0.0,,,,,0.0,7.920000076293945,7.920000076293945,00-0034412,QB,2019_02_CLE_NYJ,201909160nyj,REG,FalkLu00,QB,NYJ,CLE,46.0,72.0,0.0,0.0,0.0,0.0,46.0,,,,7.92,0.0,1,2019,4
00-0034414,B.Scott,Boston Scott,RB,RB,"https://static.www.nfl.com/image/upload/f_auto,q_auto/league/eqdpw33quvi1wbwakaak",PHI,2019,6,REG,MIN,0.0,0.0,0.0,0.0,0.0,0.0,0.0,0.0,0.0,0.0,0.0,0.0,,0.0,,,4.0,30.0,0.0,0.0,0.0,1.0,-1.6117271184921265,0.0,0.0,0.0,0.0,0.0,0.0,0.0,0.0,0.0,0.0,,0.0,,,,,0.0,3.0,3.0,00-0034414,RB,2019_06_PHI_MIN,201910130min,REG,ScotBo02,RB,PHI,MIN,4.0,6.0,0.0,0.0,3.0,0.1,7.0,,,,3.0,0.0,5,2023,115
00-0034420,J.Thomas,Jordan Thomas,TE,TE,"https://static.www.nfl.com/image/private/f_auto,q_auto/league/lhqymyl9yfmt9gfqb0ro",HOU,2018,1,REG,NE,0.0,0.0,0.0,0.0,0.0,0.0,0.0,0.0,0.0,0.0,0.0,0.0,,0.0,,,0.0,0.0,0.0,0.0,0.0,0.0,,0.0,1.0,2.0,27.0,0.0,0.0,0.0,22.0,5.0,1.0,1.6590139865875244,0.0,1.2272727489471436,0.0588235296308994,0.058355439454317,0.1290840953588485,0.0,2.700000047683716,3.700000047683716,00-0034420,LB,2018_01_HOU_NE,201809090nwe,REG,ThomJo05,TE,HOU,NE,14.0,19.0,0.0,0.0,4.0,0.12,18.0,00-0034420,TE,3.0,3.2,0.0,3,2020,23
00-0034426,J.Wims,Javon Wims,WR,WR,"https://static.www.nfl.com/image/private/f_auto,q_auto/league/yz9qgdgesqc9nbkv832p",CHI,2018,4,REG,TB,0.0,0.0,0.0,0.0,0.0,0.0,0.0,0.0,0.0,0.0,0.0,0.0,,0.0,,,0.0,0.0,0.0,0.0,0.0,0.0,,0.0,0.0,1.0,0.0,0.0,0.0,0.0,4.0,0.0,0.0,-0.8152632713317871,0.0,0.0,0.0384615398943424,0.0148148145526647,0.0680626779794693,0.0,0.0,0.0,00-0034426,WR,2018_04_TB_CHI,201809300chi,REG,WimsJa00,WR,CHI,TB,1.0,2.0,0.0,0.0,0.0,0.0,1.0,00-0034426,WR,3.0,0.0,0.0,3,2020,27
00-0034427,Da.Williams,Dave Williams,RB,RB,"https://static.www.nfl.com/image/private/f_auto,q_auto/league/ljq6ab6ehmjwvcq2knbv",JAX,2018,7,REG,HOU,0.0,0.0,0.0,0.0,0.0,0.0,0.0,0.0,0.0,0.0,0.0,0.0,,0.0,,,1.0,2.0,0.0,0.0,0.0,0.0,-0.4040718376636505,0.0,0.0,0.0,0.0,0.0,0.0,0.0,0.0,0.0,0.0,,0.0,,,,,0.0,0.2000000029802322,0.2000000029802322,00-0034427,RB,,,,,,,,0.0,0.0,0.0,0.0,0.0,0.0,0.0,00-0034427,RB,3.0,0.2,0.0,1,2018,4
00-0034432,B.Scarbrough,Bo Scarbrough,RB,RB,"https://static.www.nfl.com/image/private/f_auto,q_auto/league/y9zcmooqisc5cex2tqxb",DET,2019,11,REG,DAL,0.0,0.0,0.0,0.0,0.0,0.0,0.0,0.0,0.0,0.0,0.0,0.0,,0.0,,,14.0,55.0,1.0,0.0,0.0,3.0,-0.6096765398979187,0.0,0.0,0.0,0.0,0.0,0.0,0.0,0.0,0.0,0.0,,0.0,,,,,0.0,11.5,11.5,00-0034432,RB,2019_11_DAL_DET,201911170det,REG,ScarBo01,RB,DET,DAL,31.0,50.0,0.0,0.0,0.0,0.0,31.0,,,,11.5,0.0,2,2020,9
00-0034433,N.Bawden,Nick Bawden,FB,RB,"https://static.www.nfl.com/image/private/f_auto,q_auto/league/rz1cgqj4rvl2xjffxyia",DET,2019,1,REG,ARI,0.0,0.0,0.0,0.0,0.0,0.0,0.0,0.0,0.0,0.0,0.0,0.0,,0.0,,,0.0,0.0,0.0,0.0,0.0,0.0,,0.0,1.0,1.0,0.0,0.0,0.0,0.0,-1.0,1.0,0.0,-0.6390010714530945,0.0,-0.0,0.0243902429938316,-0.0021141648758202,0.0351054519414901,0.0,0.0,1.0,00-0034433,RB,2019_01_DET_ARI,201909080crd,REG,BawdNi00,RB,DET,ARI,21.0,25.0,0.0,0.0,29.0,0.73,50.0,00-0034433,FB,3.0,0.5,0.0,3,2023,14
00-0034435,K.Crossen,Keion Crossen,CB,DB,"https://static.www.nfl.com/image/private/f_auto,q_auto/league/ocvxmo4ggct27fv9dn8x",NYG,2021,14,REG,LAC,0.0,0.0,0.0,0.0,0.0,0.0,0.0,0.0,0.0,0.0,0.0,0.0,,0.0,,,0.0,0.0,0.0,0.0,0.0,0.0,,0.0,0.0,1.0,0.0,0.0,0.0,0.0,13.0,0.0,0.0,-2.851037740707397,0.0,0.0,0.0294117648154497,0.0411392413079738,0.0729151144623756,0.0,0.0,0.0,00-0034435,DB,2021_14_NYG_LAC,202112120sdg,REG,CrosKe00,CB,NYG,LAC,0.0,0.0,0.0,0.0,28.0,0.97,28.0,00-0034435,CB,2.0,0.0,0.0,1,2021,2
00-0034438,L.Woodside,Logan Woodside,QB,QB,"https://static.www.nfl.com/image/upload/f_auto,q_auto/league/hf5rgpjctslpwjzl0er9",TEN,2020,11,REG,BAL,1.0,1.0,7.0,0.0,0.0,0.0,-0.0,0.0,0.0,7.0,0.0,1.0,3.019282579421997,0.0,1.0,,0.0,0.0,0.0,0.0,0.0,0.0,,0.0,0.0,0.0,0.0,0.0,0.0,0.0,0.0,0.0,0.0,,0.0,,,,,0.0,0.2800000011920929,0.2800000011920929,00-0034438,QB,2020_11_TEN_BAL,202011220rav,REG,WoodLo00,QB,TEN,BAL,0.0,0.0,0.0,0.0,1.0,0.04,1.0,00-0034438,QB,2.0,0.28,0.0,3,2023,23
00-0034439,R.Izzo,Ryan Izzo,TE,TE,"https://static.www.nfl.com/image/private/f_auto,q_auto/league/mrgkhzunyljetpkfadkt",NE,2019,1,REG,PIT,0.0,0.0,0.0,0.0,0.0,0.0,0.0,0.0,0.0,0.0,0.0,0.0,,0.0,,,0.0,0.0,0.0,0.0,0.0,0.0,,0.0,1.0,2.0,3.0,0.0,0.0,0.0,9.0,1.0,0.0,-1.0614619255065918,0.0,0.3333333432674408,0.0540540553629398,0.0321428589522838,0.1035810783505439,0.0,0.3000000119209289,1.2999999523162842,00-0034439,TE,2019_01_PIT_NE,201909080nwe,REG,IzzoRy00,TE,NE,PIT,45.0,64.0,0.0,0.0,0.0,0.0,45.0,00-0034439,TE,2.0,0.8,0.0,2,2020,16
00-0034440,J.Jackson,Justin Jackson,RB,RB,"https://static.www.nfl.com/image/private/f_auto,q_auto/league/n7pvb1trbn9rtttlw7df",LAC,2018,6,REG,CLE,0.0,0.0,0.0,0.0,0.0,0.0,0.0,0.0,0.0,0.0,0.0,0.0,,0.0,,,3.0,4.0,0.0,0.0,0.0,0.0,-2.804532527923584,0.0,1.0,1.0,8.0,0.0,0.0,0.0,-3.0,11.0,0.0,0.2494493871927261,0.0,-2.6666667461395264,0.0476190485060215,-0.0127659570425748,0.0624924004077911,0.0,1.2000000476837158,2.200000047683716,00-0034440,RB,2018_06_LAC_CLE,201810140cle,REG,JackJu01,RB,LAC,CLE,7.0,12.0,0.0,0.0,15.0,0.52,22.0,00-0034440,RB,3.0,1.7000000000000002,0.0,5,2022,66
00-0034445,N.Gates,Nick Gates,C,OL,"https://static.www.nfl.com/image/upload/f_auto,q_auto/league/mm6y8qrgmgv0nu5jvxbo",NYG,2020,15,REG,CLE,0.0,0.0,0.0,0.0,0.0,0.0,0.0,0.0,0.0,0.0,0.0,0.0,,0.0,,,0.0,0.0,0.0,0.0,0.0,0.0,,0.0,0.0,1.0,0.0,0.0,0.0,0.0,8.0,0.0,0.0,-2.573928117752075,0.0,0.0,0.03125,0.0268456377089023,0.0656669437885284,0.0,0.0,0.0,00-0034445,G,2020_15_CLE_NYG,202012200nyg,REG,GateNi00,C,NYG,CLE,54.0,100.0,0.0,0.0,3.0,0.16,57.0,00-0034445,C,1.0,0.0,0.0,1,2020,2
00-0034449,B.Howell,Buddy Howell,RB,RB,"https://static.www.nfl.com/image/private/f_auto,q_auto/league/iqoes3t0jkt62cpqmuvo",HOU,2019,11,REG,BAL,0.0,0.0,0.0,0.0,0.0,0.0,0.0,0.0,0.0,0.0,0.0,0.0,,0.0,,,2.0,5.0,0.0,0.0,0.0,0.0,-0.6116763949394226,0.0,0.0,0.0,0.0,0.0,0.0,0.0,0.0,0.0,0.0,,0.0,,,,,0.0,0.5,0.5,00-0034449,RB,2019_11_HOU_BAL,201911170rav,REG,HoweGr00,RB,HOU,BAL,4.0,7.000000000000001,0.0,0.0,13.0,0.54,17.0,00-0034449,RB,2.0,0.5,0.0,3,2021,8
00-0034457,J.Adams,Josh Adams,RB,RB,"https://static.www.nfl.com/image/private/f_auto,q_auto/league/ppc3a6qvlxjxmkwxbphn",PHI,2018,3,REG,IND,0.0,0.0,0.0,0.0,0.0,0.0,0.0,0.0,0.0,0.0,0.0,0.0,,0.0,,,6.0,30.0,0.0,0.0,0.0,1.0,-0.4181773066520691,0.0,0.0,0.0,0.0,0.0,0.0,0.0,0.0,0.0,0.0,,0.0,,,,,0.0,3.0,3.0,00-0034457,RB,2018_03_IND_PHI,201809230phi,REG,AdamJo03,RB,PHI,IND,8.0,10.0,0.0,0.0,0.0,0.0,8.0,,,,3.0,0.0,3,2020,25
00-0034489,J.Tolliver,Jalen Tolliver,WR,WR,"https://static.www.nfl.com/image/private/f_auto,q_auto/league/eghpk65s1q2vczdf9gry",ARI,2018,14,REG,DET,0.0,0.0,0.0,0.0,0.0,0.0,0.0,0.0,0.0,0.0,0.0,0.0,,0.0,,,0.0,0.0,0.0,0.0,0.0,0.0,,0.0,2.0,2.0,22.0,0.0,0.0,0.0,8.0,14.0,2.0,1.2536630630493164,0.0,2.75,0.0487804859876632,0.0210526324808597,0.087907575070858,0.0,2.200000047683716,4.199999809265137,00-0034489,WR,2018_14_DET_ARI,201812090crd,REG,TollJa00,WR,ARI,DET,12.0,17.0,0.0,0.0,5.0,0.21,17.0,,,,3.2,0.0,1,2018,4
00-0034496,S.Chandler,Sean Chandler,SS,DB,"https://static.www.nfl.com/image/private/f_auto,q_auto/league/m4glij7rkgkyhu01igmi",CAR,2021,12,REG,MIA,0.0,0.0,0.0,0.0,0.0,0.0,0.0,0.0,0.0,0.0,0.0,0.0,,0.0,,,1.0,14.0,0.0,0.0,0.0,1.0,3.515944480895996,0.0,0.0,0.0,0.0,0.0,0.0,0.0,0.0,0.0,0.0,,0.0,,,,,0.0,1.399999976158142,1.399999976158142,00-0034496,DB,2021_12_CAR_MIA,202111280mia,REG,ChanSe00,SS,CAR,MIA,0.0,0.0,15.0,20.0,19.0,0.68,34.0,00-0034496,SS,1.0,1.4,0.0,2,2022,4
00-0034499,J.Davis,Jawill Davis,WR,WR,"https://static.www.nfl.com/image/private/f_auto,q_auto/league/ovxnuaqurfd2nccer8is",NYG,2018,5,REG,CAR,0.0,0.0,0.0,0.0,0.0,0.0,0.0,0.0,0.0,0.0,0.0,0.0,,0.0,,,0.0,0.0,0.0,0.0,0.0,0.0,,0.0,2.0,4.0,27.0,0.0,0.0,0.0,54.0,2.0,1.0,-0.0911746844649314,0.0,0.5,0.1081081107258796,0.135000005364418,0.2566621601581573,0.0,2.700000047683716,4.699999809265137,00-0034499,WR,2018_05_NYG_CAR,201810070car,REG,DaviJa07,WR,NYG,CAR,10.0,18.0,0.0,0.0,10.0,0.31,20.0,,,,3.7,0.0,1,2018,6
00-0034509,K.Ford,Keith Ford,RB,RB,"https://static.www.nfl.com/image/private/f_auto,q_auto/league/tagamx47ebjwvjjk9zuw",BUF,2018,15,REG,DET,0.0,0.0,0.0,0.0,0.0,0.0,0.0,0.0,0.0,0.0,0.0,0.0,,0.0,,,14.0,46.0,0.0,0.0,0.0,3.0,-2.1103360652923584,0.0,1.0,1.0,7.0,0.0,0.0,0.0,2.0,5.0,0.0,0.3761512339115143,0.0,3.5,0.0434782616794109,0.005012531299144,0.0687261596322059,0.0,5.300000190734863,6.300000190734863,00-0034509,RB,2018_15_DET_BUF,201812160buf,REG,FordKe00,RB,BUF,DET,41.0,60.0,0.0,0.0,0.0,0.0,41.0,,,,5.800000000000001,0.0,1,2018,3
00-0034510,R.Foster,Robert Foster,WR,WR,"https://static.www.nfl.com/image/private/f_auto,q_auto/league/fmcyiy4oxx9soub8zbui",BUF,2018,1,REG,BAL,0.0,0.0,0.0,0.0,0.0,0.0,0.0,0.0,0.0,0.0,0.0,0.0,,0.0,,,0.0,0.0,0.0,0.0,0.0,0.0,,0.0,0.0,2.0,0.0,0.0,0.0,0.0,65.0,0.0,0.0,-0.6539934873580933,0.0,0.0,0.0625,0.1851851791143417,0.2233796268701553,0.0,0.0,0.0,00-0034510,WR,2018_01_BUF_BAL,201809090rav,REG,FostRo01,WR,BUF,BAL,16.0,25.0,0.0,0.0,4.0,0.12,20.0,00-0034510,WR,3.0,0.0,0.0,3,2020,27
00-0034512,C.Phillips,Cam Phillips,WR,WR,"https://static.www.nfl.com/image/private/f_auto,q_auto/league/bcflijys3gae61fdmfv2",BUF,2018,8,REG,NE,0.0,0.0,0.0,0.0,0.0,0.0,0.0,0.0,0.0,0.0,0.0,0.0,,0.0,,,0.0,0.0,0.0,0.0,0.0,0.0,,0.0,1.0,1.0,9.0,0.0,0.0,0.0,2.0,7.0,0.0,0.3518520593643188,0.0,4.5,0.025000000372529,0.0048192772082984,0.0408734939992427,0.0,0.8999999761581421,1.899999976158142,00-0034512,WR,2018_08_NE_BUF,201810290buf,REG,PhilCa01,WR,BUF,NE,11.0,17.0,0.0,0.0,4.0,0.14,15.0,00-0034512,WR,2.0,1.4,0.0,1,2018,2
00-0034532,J.Franks,Jordan Franks,TE,TE,"https://static.www.nfl.com/image/private/f_auto,q_auto/league/xlsa8rdfaysafmfyjy7m",CIN,2018,8,REG,TB,0.0,0.0,0.0,0.0,0.0,0.0,0.0,0.0,0.0,0.0,0.0,0.0,,0.0,,,0.0,0.0,0.0,0.0,0.0,0.0,,0.0,1.0,1.0,32.0,0.0,0.0,0.0,23.0,9.0,1.0,1.7227503061294556,0.0,1.39130437374115,0.03125,0.0744336545467376,0.0989785566926002,0.0,3.200000047683716,4.199999809265137,00-0034532,TE,2018_08_TB_CIN,201810280cin,REG,FranJo03,TE,CIN,TB,1.0,2.0,0.0,0.0,22.0,0.67,23.0,,,,3.7,0.0,1,2018,4
00-0034560,J.Jones,J.J. Jones,WR,WR,"https://static.www.nfl.com/image/private/f_auto,q_auto/league/uvfhpfx8uvtyj50b8lpy",LAC,2018,2,REG,BUF,0.0,0.0,0.0,0.0,0.0,0.0,0.0,0.0,0.0,0.0,0.0,0.0,,0.0,,,1.0,0.0,0.0,0.0,0.0,0.0,-0.752660870552063,0.0,0.0,0.0,0.0,0.0,0.0,0.0,0.0,0.0,0.0,,0.0,,,,,0.0,0.0,0.0,00-0034560,WR,,,,,,,,0.0,0.0,0.0,0.0,0.0,0.0,0.0,00-0034560,WR,3.0,0.0,0.0,1,2018,5
00-0034565,D.Newsome,Detrez Newsome,RB,RB,"https://static.www.nfl.com/image/private/f_auto,q_auto/league/nxw9d9uxbh2qsyle689j",LAC,2018,2,REG,BUF,0.0,0.0,0.0,0.0,0.0,0.0,0.0,0.0,0.0,0.0,0.0,0.0,,0.0,,,1.0,0.0,0.0,0.0,0.0,0.0,-0.4175139665603637,0.0,0.0,0.0,0.0,0.0,0.0,0.0,0.0,0.0,0.0,,0.0,,,,,0.0,0.0,0.0,00-0034565,RB,2018_02_LAC_BUF,201809160buf,REG,NewsDe00,RB,LAC,BUF,3.0,5.0,0.0,0.0,7.0,0.23,10.0,00-0034565,RB,3.0,0.0,0.0,1,2018,4
00-0034571,T.Scott,Trenton Scott,T,OL,"https://static.www.nfl.com/image/upload/f_auto,q_auto/league/v5tyxvb4cdtzumhdzbd0",WAS,2024,3,REG,CIN,0.0,0.0,0.0,0.0,0.0,0.0,0.0,0.0,0.0,0.0,0.0,0.0,,0.0,,,0.0,0.0,0.0,0.0,0.0,0.0,,0.0,1.0,1.0,1.0,1.0,0.0,0.0,1.0,0.0,1.0,0.8777435421943665,0.0,1.0,0.0434782616794109,0.0046511627733707,0.0684732049703598,0.0,6.099999904632568,7.099999904632568,00-0034571,OT,2024_03_WAS_CIN,202409230cin,REG,ScotTr01,T,WAS,CIN,1.0,2.0,0.0,0.0,6.0,0.23,7.0,00-0034571,T,2.0,6.6,0.0,1,2024,2
00-0034575,D.Wells,David Wells,TE,TE,"https://static.www.nfl.com/image/upload/f_auto,q_auto/league/ft7ynz8n2ehrduolhihy",TB,2023,2,REG,CHI,0.0,0.0,0.0,0.0,0.0,0.0,0.0,0.0,0.0,0.0,0.0,0.0,,0.0,,,0.0,0.0,0.0,0.0,0.0,0.0,,0.0,2.0,2.0,-10.0,0.0,1.0,0.0,0.0,-10.0,1.0,-1.7841486930847168,0.0,0.0,0.0625,0.0,0.09375,0.0,-1.0,1.0,00-0034575,TE,2023_02_CHI_TB,202309170tam,REG,WellDa00,TE,TB,CHI,18.0,25.0,0.0,0.0,8.0,0.3,26.0,00-0034575,TE,2.0,-2.0,0.0,1,2023,2
00-0034578,R.Bonnafon,Reggie Bonnafon,RB,RB,"https://static.www.nfl.com/image/private/f_auto,q_auto/league/revwhbm7uizs4oiwqdo3",CAR,2019,3,REG,ARI,0.0,0.0,0.0,0.0,0.0,0.0,0.0,0.0,0.0,0.0,0.0,0.0,,0.0,,,2.0,5.0,0.0,0.0,0.0,0.0,-0.5047907829284668,0.0,0.0,0.0,0.0,0.0,0.0,0.0,0.0,0.0,0.0,,0.0,,,,,0.0,0.5,0.5,00-0034578,RB,2019_03_CAR_ARI,201909220crd,REG,BonnRe00,RB,CAR,ARI,4.0,7.000000000000001,0.0,0.0,15.0,0.5,19.0,00-0034578,RB,3.0,0.5,0.0,4,2022,20
00-0034593,C.Lacy,Chris Lacy,WR,WR,"https://static.www.nfl.com/image/private/f_auto,q_auto/league/aopxp9h0dbs4beiar23d",DET,2018,17,REG,GB,0.0,0.0,0.0,0.0,0.0,0.0,0.0,0.0,0.0,0.0,0.0,0.0,,0.0,,,0.0,0.0,0.0,0.0,0.0,0.0,,0.0,0.0,1.0,0.0,0.0,0.0,0.0,9.0,0.0,0.0,-0.4952410459518432,0.0,0.0,0.0303030312061309,0.0422535203397274,0.0750320106744766,0.0,0.0,0.0,00-0034593,WR,2018_17_DET_GB,201812300gnb,REG,LacyCh00,WR,DET,GB,35.0,48.0,0.0,0.0,10.0,0.42,45.0,,,,0.0,0.0,2,2019,6
00-0034597,R.Nall,Ryan Nall,RB,RB,"https://static.www.nfl.com/image/private/f_auto,q_auto/league/qh4cznlh73ud2b9loalu",CHI,2019,17,REG,MIN,0.0,0.0,0.0,0.0,0.0,0.0,0.0,0.0,0.0,0.0,0.0,0.0,,0.0,,,2.0,8.0,0.0,0.0,0.0,1.0,0.1498584151268005,0.0,0.0,0.0,0.0,0.0,0.0,0.0,0.0,0.0,0.0,,0.0,,,,,0.0,0.800000011920929,0.800000011920929,00-0034597,RB,2019_17_CHI_MIN,201912290min,REG,NallRy00,RB,CHI,MIN,4.0,5.0,0.0,0.0,15.0,0.6,19.0,00-0034597,RB,3.0,0.8,0.0,3,2021,14
00-0034614,G.Igwebuike,Godwin Igwebuike,RB,RB,"https://static.www.nfl.com/image/private/f_auto,q_auto/league/d0jsvuhu4xwkyegnlauh",DET,2021,8,REG,PHI,0.0,0.0,0.0,0.0,0.0,0.0,0.0,0.0,0.0,0.0,0.0,0.0,,0.0,,,3.0,18.0,0.0,0.0,0.0,1.0,-0.1180096045136451,0.0,3.0,3.0,40.0,0.0,0.0,0.0,8.0,32.0,2.0,2.465501308441162,0.0,5.0,0.09375,0.0423280410468578,0.1702546328306198,0.0,5.800000190734863,8.800000190734863,00-0034614,RB,2021_08_PHI_DET,202110310det,REG,IgweGo00,RB,DET,PHI,11.0,18.0,0.0,0.0,15.0,0.6,26.0,00-0034614,RB,2.0,7.3,0.0,2,2022,19
00-0034621,S.Wilson,Shaun Wilson,RB,RB,"https://static.www.nfl.com/image/private/f_auto,q_auto/league/i623ykztphsbp6cnw5b3",TB,2018,1,REG,NO,0.0,0.0,0.0,0.0,0.0,0.0,0.0,0.0,0.0,0.0,0.0,0.0,,0.0,,,1.0,6.0,0.0,0.0,0.0,0.0,-0.1199229881167411,0.0,0.0,0.0,0.0,0.0,0.0,0.0,0.0,0.0,0.0,,0.0,,,,,0.0,0.6000000238418579,0.6000000238418579,00-0034621,RB,2018_01_TB_NO,201809090nor,REG,WilsSh01,RB,TB,NO,2.0,3.0,0.0,0.0,5.0,0.15,7.0,,,,0.6000000000000001,0.0,1,2018,12
00-0034631,V.Smith,Vyncint Smith,WR,WR,"https://static.www.nfl.com/image/private/f_auto,q_auto/league/jjwvixdxj0lapvuqwbz9",HOU,2018,1,REG,NE,0.0,0.0,0.0,0.0,0.0,0.0,0.0,0.0,0.0,0.0,0.0,0.0,,0.0,,,0.0,0.0,0.0,0.0,0.0,0.0,,0.0,0.0,2.0,0.0,0.0,0.0,0.0,88.0,0.0,0.0,-3.773107051849365,0.0,0.0,0.0588235296308994,0.2334217578172683,0.2516305148601532,0.0,0.0,0.0,00-0034631,WR,2018_01_HOU_NE,201809090nwe,REG,SmitVy00,WR,HOU,NE,37.0,50.0,0.0,0.0,0.0,0.0,37.0,00-0034631,WR,2.0,0.0,0.0,4,2021,37
00-0034646,B.Powell,Brandon Powell,WR,WR,"https://static.www.nfl.com/image/private/f_auto,q_auto/league/cqtogvopabvi3gcuaosi",DET,2018,10,REG,CHI,0.0,0.0,0.0,0.0,0.0,0.0,0.0,0.0,0.0,0.0,0.0,0.0,,0.0,,,0.0,0.0,0.0,0.0,0.0,0.0,,0.0,1.0,3.0,6.0,0.0,0.0,0.0,16.0,3.0,1.0,-1.318768858909607,0.0,0.375,0.0714285746216774,0.0459770113229751,0.1393267661333084,0.0,0.6000000238418579,1.600000023841858,00-0034646,WR,2018_10_DET_CHI,201811110chi,REG,PoweBr00,WR,DET,CHI,24.0,31.0,0.0,0.0,0.0,0.0,24.0,00-0034646,WR,2.0,1.1,0.0,6,2024,145
00-0034652,C.Batson,Cameron Batson,WR,WR,"https://static.www.nfl.com/image/private/f_auto,q_auto/league/pow47zamr7jdcca5ibsl",TEN,2018,7,REG,LAC,0.0,0.0,0.0,0.0,0.0,0.0,0.0,0.0,0.0,0.0,0.0,0.0,,0.0,,,0.0,0.0,0.0,0.0,0.0,0.0,,0.0,1.0,1.0,0.0,0.0,0.0,0.0,0.0,0.0,0.0,-0.3806293606758117,0.0,,0.03125,0.0,0.046875,0.0,0.0,1.0,00-0034652,WR,2018_07_TEN_LAC,201810210sdg,REG,BatsCa00,WR,TEN,LAC,6.0,8.0,0.0,0.0,0.0,0.0,6.0,00-0034652,WR,3.0,0.5,0.0,3,2021,44
00-0034653,D.Burnett,Deontay Burnett,WR,WR,"https://static.www.nfl.com/image/private/f_auto,q_auto/league/iyteeepnw4u0hssvjzxe",NYJ,2018,7,REG,MIN,0.0,0.0,0.0,0.0,0.0,0.0,0.0,0.0,0.0,0.0,0.0,0.0,,0.0,,,0.0,0.0,0.0,0.0,0.0,0.0,,0.0,1.0,2.0,9.0,0.0,0.0,0.0,7.0,6.0,0.0,0.2082975506782531,0.0,1.2857142686843872,0.0476190485060215,0.0142857143655419,0.0814285725355148,0.0,0.8999999761581421,1.899999976158142,00-0034653,WR,2018_07_MIN_NYJ,201810210nyj,REG,BurnDe00,WR,NYJ,MIN,15.0,21.0,0.0,0.0,0.0,0.0,15.0,,,,1.4,0.0,3,2020,12
00-0034654,D.Dawkins,Dalyn Dawkins,RB,RB,"https://static.www.nfl.com/image/private/f_auto,q_auto/league/loz7fcvw2grvnn9zplud",TEN,2019,6,REG,DEN,0.0,0.0,0.0,0.0,0.0,0.0,0.0,0.0,0.0,0.0,0.0,0.0,,0.0,,,2.0,2.0,0.0,0.0,0.0,0.0,-1.0837016105651855,0.0,0.0,0.0,0.0,0.0,0.0,0.0,0.0,0.0,0.0,,0.0,,,,,0.0,0.2000000029802322,0.2000000029802322,00-0034654,RB,2019_06_TEN_DEN,201910130den,REG,DawkDa01,RB,TEN,DEN,3.0,5.0,0.0,0.0,0.0,0.0,3.0,,,,0.2,0.0,1,2019,3
00-0034660,R.Gafford,Rico Gafford,WR,WR,"https://static.www.nfl.com/image/private/f_auto,q_auto/league/yotlvbawckg5e7shvr2y",LV,2019,14,REG,TEN,0.0,0.0,0.0,0.0,0.0,0.0,0.0,0.0,0.0,0.0,0.0,0.0,,0.0,,,0.0,0.0,0.0,0.0,0.0,0.0,,0.0,1.0,1.0,49.0,1.0,0.0,0.0,34.0,15.0,1.0,4.8775315284729,0.0,1.441176414489746,0.0333333350718021,0.1428571492433548,0.1500000059604644,0.0,10.899999618530272,11.899999618530272,00-0034660,WR,2019_14_TEN_OAK,201912080rai,REG,GaffRi00,WR,OAK,TEN,12.0,19.0,0.0,0.0,0.0,0.0,12.0,00-0034660,WR,3.0,11.4,0.0,2,2020,6
00-0034672,E.Wolf,Ethan Wolf,TE,TE,"https://static.www.nfl.com/image/private/f_auto,q_auto/league/axn5dxyd6e9jcixash1g",NO,2021,16,REG,MIA,0.0,0.0,0.0,0.0,0.0,0.0,0.0,0.0,0.0,0.0,0.0,0.0,,0.0,,,0.0,0.0,0.0,0.0,0.0,0.0,,0.0,2.0,2.0,8.0,0.0,0.0,0.0,2.0,6.0,0.0,-0.3909350037574768,0.0,4.0,0.1111111119389534,0.0263157896697521,0.1850877255201339,0.0,0.800000011920929,2.799999952316284,00-0034672,TE,2021_16_MIA_NO,202112270nor,REG,WolfEt00,TE,NO,MIA,12.0,23.0,0.0,0.0,6.0,0.23,18.0,,,,1.8,0.0,1,2021,2
00-0034676,J.Washington,James Washington,WR,WR,"https://static.www.nfl.com/image/private/f_auto,q_auto/league/z5svt5lojqlibpxitvty",PIT,2018,2,REG,KC,0.0,0.0,0.0,0.0,0.0,0.0,0.0,0.0,0.0,0.0,0.0,0.0,,0.0,,,0.0,0.0,0.0,0.0,0.0,0.0,,0.0,1.0,5.0,14.0,1.0,0.0,0.0,127.0,5.0,1.0,-0.1908977925777435,0.0,0.110236220061779,0.0833333358168602,0.2364990711212158,0.2905493378639221,0.0,7.400000095367432,8.399999618530273,00-0034676,WR,2018_02_KC_PIT,201809160pit,REG,WashJa00,WR,PIT,KC,66.0,80.0,0.0,0.0,0.0,0.0,66.0,00-0034676,WR,2.0,7.9,0.0,5,2022,71
00-0034679,M.Walton,Mark Walton,HB,RB,"https://static.www.nfl.com/image/private/f_auto,q_auto/league/bagm3hmxx07fqbe2xumb",CIN,2018,4,REG,ATL,0.0,0.0,0.0,0.0,0.0,0.0,0.0,0.0,0.0,0.0,0.0,0.0,,0.0,,,5.0,9.0,0.0,0.0,0.0,1.0,-2.1931681632995605,0.0,2.0,4.0,28.0,0.0,0.0,0.0,-3.0,27.0,1.0,2.94253158569336,0.0,-9.333333015441896,0.0975609719753265,-0.0105263162404298,0.1389730423688888,0.0,3.700000047683716,5.699999809265137,00-0034679,RB,2018_04_CIN_ATL,201809300atl,REG,WaltMa00,RB,CIN,ATL,28.0,38.0,0.0,0.0,0.0,0.0,28.0,00-0034679,RB,3.0,4.7,0.0,2,2019,15
00-0034681,C.Edmonds,Chase Edmonds,RB,RB,"https://static.www.nfl.com/image/private/f_auto,q_auto/league/y0u4btecdge4tsun4p2h",ARI,2018,1,REG,WAS,0.0,0.0,0.0,0.0,0.0,0.0,0.0,0.0,0.0,0.0,0.0,0.0,,0.0,,,4.0,24.0,0.0,0.0,0.0,2.0,0.8393282890319824,0.0,4.0,4.0,24.0,0.0,0.0,0.0,4.0,20.0,0.0,0.2755237817764282,0.0,6.0,0.1176470592617988,0.0192307699471712,0.1899321228265762,0.0,4.800000190734863,8.800000190734863,00-0034681,RB,2018_01_WAS_ARI,201809090crd,REG,EdmoCh00,RB,ARI,WAS,17.0,32.0,0.0,0.0,5.0,0.25,22.0,00-0034681,RB,2.0,6.800000000000001,0.0,6,2023,115
00-0034684,J.Townsend,Johnny Townsend,P,SPEC,"https://static.www.nfl.com/image/private/f_auto,q_auto/league/pezzfoj9b38mi0irh4e0",LV,2018,10,REG,LAC,0.0,0.0,0.0,0.0,0.0,0.0,0.0,0.0,0.0,0.0,0.0,0.0,,0.0,,,1.0,42.0,0.0,0.0,0.0,1.0,5.246490955352783,0.0,0.0,0.0,0.0,0.0,0.0,0.0,0.0,0.0,0.0,,0.0,,,,,0.0,4.199999809265137,4.199999809265137,00-0034684,P,2018_10_LAC_OAK,201811110rai,REG,TownJo01,P,OAK,LAC,0.0,0.0,0.0,0.0,6.0,0.27,6.0,00-0034684,P,1.0,4.2,0.0,1,2018,3
00-0034686,A.Tate,Auden Tate,WR,WR,"https://static.www.nfl.com/image/private/f_auto,q_auto/league/gp64utjveglpbit53u3t",CIN,2018,10,REG,NO,0.0,0.0,0.0,0.0,0.0,0.0,0.0,0.0,0.0,0.0,0.0,0.0,,0.0,,,0.0,0.0,0.0,0.0,0.0,0.0,,0.0,0.0,1.0,0.0,0.0,0.0,0.0,12.0,0.0,0.0,-0.4356268942356109,0.0,0.0,0.0454545468091964,0.061224490404129,0.1110389605164527,0.0,0.0,0.0,00-0034686,WR,2018_10_NO_CIN,201811110cin,REG,TateAu00,WR,CIN,NO,7.0,16.0,0.0,0.0,10.0,0.36,17.0,,,,0.0,0.0,4,2021,34
00-0034705,J.Franklin,John Franklin,WR,WR,"https://static.www.nfl.com/image/private/f_auto,q_auto/league/arlseo7rbaeylylcnpr1",TB,2019,17,REG,ATL,0.0,0.0,0.0,0.0,0.0,0.0,0.0,0.0,0.0,0.0,0.0,0.0,,0.0,,,1.0,11.0,0.0,0.0,0.0,1.0,0.8352160453796387,0.0,0.0,0.0,0.0,0.0,0.0,0.0,0.0,0.0,0.0,,0.0,,,,,0.0,1.100000023841858,1.100000023841858,00-0034705,WR,2019_17_ATL_TB,201912290tam,REG,FranJo04,DB,TB,ATL,2.0,4.0,0.0,0.0,0.0,0.0,2.0,,,,1.1,0.0,1,2019,2
00-0034710,D.Kidsy,Darvin Kidsy,WR,WR,"https://static.www.nfl.com/image/private/f_auto,q_auto/league/grfutadlsiyk3c8n7u8y",WAS,2018,17,REG,PHI,0.0,0.0,0.0,0.0,0.0,0.0,0.0,0.0,0.0,0.0,0.0,0.0,,0.0,,,0.0,0.0,0.0,0.0,0.0,0.0,,0.0,1.0,2.0,8.0,0.0,0.0,0.0,18.0,2.0,1.0,1.993958830833435,0.0,0.4444444477558136,0.0740740746259689,0.0681818202137947,0.1588383764028549,0.0,0.800000011920929,1.7999999523162842,00-0034710,WR,2018_17_PHI_WAS,201812300was,REG,KidsDa00,WR,WAS,PHI,10.0,22.0,0.0,0.0,0.0,0.0,10.0,,,,1.3,0.0,1,2018,2
00-0034726,D.Leavitt,Dallin Leavitt,SS,DB,"https://static.www.nfl.com/image/private/f_auto,q_auto/league/puozg5rjuz6vf3cudgx5",LV,2021,14,REG,KC,0.0,0.0,0.0,0.0,0.0,0.0,0.0,0.0,0.0,0.0,0.0,0.0,,0.0,,,1.0,4.0,0.0,0.0,0.0,1.0,0.9761319756507874,0.0,0.0,0.0,0.0,0.0,0.0,0.0,0.0,0.0,0.0,,0.0,,,,,0.0,0.4000000059604645,0.4000000059604645,00-0034726,DB,2021_14_LV_KC,202112120kan,REG,LeavDa00,FS,LV,KC,0.0,0.0,13.0,20.0,24.0,0.92,37.0,00-0034726,SS,2.0,0.4,0.0,2,2022,5
00-0034735,C.McElroy,Codey McElroy,TE,TE,"https://static.www.nfl.com/image/private/f_auto,q_auto/league/jzeu0mzarw5bosseecho",TB,2019,16,REG,HOU,0.0,0.0,0.0,0.0,0.0,0.0,0.0,0.0,0.0,0.0,0.0,0.0,,0.0,,,0.0,0.0,0.0,0.0,0.0,0.0,,0.0,1.0,1.0,30.0,0.0,0.0,0.0,30.0,0.0,1.0,2.623304605484009,0.0,1.0,0.0212765950709581,0.048154093325138,0.0656227618455886,0.0,3.0,4.0,00-0034735,TE,2019_16_HOU_TB,201912210tam,REG,McElCo00,WR,TB,HOU,3.0,4.0,0.0,0.0,6.0,0.2,9.0,,,,3.5,0.0,2,2021,4
00-0034747,M.Ateman,Marcell Ateman,WR,WR,"https://static.www.nfl.com/image/private/f_auto,q_auto/league/q5cbbfy8hxkcx7jwb7ve",LV,2018,11,REG,ARI,0.0,0.0,0.0,0.0,0.0,0.0,0.0,0.0,0.0,0.0,0.0,0.0,,0.0,,,0.0,0.0,0.0,0.0,0.0,0.0,,0.0,4.0,5.0,50.0,0.0,0.0,0.0,43.0,16.0,1.0,2.5034897327423096,0.0,1.1627906560897827,0.1785714328289032,0.1829787194728851,0.3959422409534454,0.0,5.0,9.0,00-0034747,WR,2018_11_OAK_ARI,201811180crd,REG,AtemMa00,WR,OAK,ARI,65.0,96.0,0.0,0.0,0.0,0.0,65.0,00-0034747,WR,3.0,7.0,0.0,2,2019,12
00-0034750,R.Penny,Rashaad Penny,RB,RB,"https://static.www.nfl.com/image/private/f_auto,q_auto/league/mwvzwst6cfcwifblqtsj",SEA,2018,1,REG,DEN,0.0,0.0,0.0,0.0,0.0,0.0,0.0,0.0,0.0,0.0,0.0,0.0,,0.0,,,7.0,8.0,0.0,0.0,0.0,0.0,-3.536757469177246,0.0,4.0,5.0,35.0,0.0,0.0,0.0,7.0,27.0,1.0,1.0455185174942017,0.0,5.0,0.1515151560306549,0.020771512761712,0.2418127804994583,0.0,4.300000190734863,8.300000190734863,00-0034750,RB,2018_01_SEA_DEN,201809090den,REG,PennRa00,RB,SEA,DEN,25.0,44.0,0.0,0.0,0.0,0.0,25.0,00-0034750,RB,2.0,6.3,0.0,6,2023,88
00-0034751,J.Jackson,Josh Jackson,CB,DB,"https://static.www.nfl.com/image/private/f_auto,q_auto/league/cdhgtve6ofjjbjqxzmfl",GB,2018,2,REG,GB,0.0,0.0,0.0,0.0,0.0,0.0,0.0,0.0,0.0,0.0,0.0,0.0,,0.0,,,0.0,0.0,0.0,0.0,0.0,0.0,,0.0,0.0,0.0,0.0,0.0,0.0,0.0,0.0,0.0,0.0,,0.0,,,,,1.0,6.0,6.0,00-0034751,CB,2018_02_MIN_GB,201809160gnb,REG,JackJo01,CB,GB,MIN,0.0,0.0,34.0,47.0,16.0,0.43,50.0,00-0034751,CB,3.0,0.0,0.0,1,2018,2
00-0034765,T.Smith,Tre'Quan Smith,WR,WR,"https://static.www.nfl.com/image/private/f_auto,q_auto/league/w0fqbjft1n3akkw7o6jc",NO,2018,1,REG,TB,0.0,0.0,0.0,0.0,0.0,0.0,0.0,0.0,0.0,0.0,0.0,0.0,,0.0,,,0.0,0.0,0.0,0.0,0.0,0.0,,0.0,0.0,1.0,0.0,0.0,0.0,0.0,20.0,0.0,0.0,-0.5219984650611877,0.0,0.0,0.0227272734045982,0.0586510263383388,0.0751466304063797,0.0,0.0,0.0,00-0034765,WR,2018_01_TB_NO,201809090nor,REG,SmitTr03,WR,NO,TB,11.0,17.0,0.0,0.0,0.0,0.0,11.0,00-0034765,WR,2.0,0.0,0.0,5,2022,67
00-0034766,C.Herndon,Christopher Herndon,TE,TE,"https://static.www.nfl.com/image/private/f_auto,q_auto/league/orypxaqv1ux3nbqssqqx",NYJ,2018,2,REG,MIA,0.0,0.0,0.0,0.0,0.0,0.0,0.0,0.0,0.0,0.0,0.0,0.0,,0.0,,,0.0,0.0,0.0,0.0,0.0,0.0,,0.0,2.0,4.0,30.0,0.0,1.0,0.0,62.0,4.0,2.0,-3.4702024459838867,0.0,0.4838709533214569,0.0975609719753265,0.1561712920665741,0.2556613683700561,0.0,3.0,5.0,00-0034766,TE,,,,,,,,0.0,0.0,0.0,0.0,0.0,0.0,0.0,00-0034766,TE,3.0,2.0,0.0,4,2021,35
00-0034772,A.Callaway,Antonio Callaway,WR,WR,"https://static.www.nfl.com/image/private/f_auto,q_auto/league/qebxtrpadsvtqkgvfy2u",CLE,2018,1,REG,PIT,0.0,0.0,0.0,0.0,0.0,0.0,0.0,0.0,0.0,0.0,0.0,0.0,,0.0,,,0.0,0.0,0.0,0.0,0.0,0.0,,0.0,0.0,1.0,0.0,0.0,0.0,0.0,16.0,0.0,0.0,-0.5341468453407288,0.0,0.0,0.0263157896697521,0.0387409217655658,0.0665923282504081,0.0,0.0,0.0,00-0034772,WR,2018_01_PIT_CLE,201809090cle,REG,CallAn00,WR,CLE,PIT,15.0,17.0,0.0,0.0,4.0,0.11,19.0,00-0034772,WR,2.0,0.0,0.0,3,2020,56
00-0034788,J.Graham,Jaeden Graham,TE,TE,"https://static.www.nfl.com/image/private/f_auto,q_auto/league/fybmurkbrd7waa35tpc8",ATL,2019,6,REG,ARI,0.0,0.0,0.0,0.0,0.0,0.0,0.0,0.0,0.0,0.0,0.0,0.0,,0.0,,,0.0,0.0,0.0,0.0,0.0,0.0,,0.0,1.0,1.0,21.0,0.0,0.0,0.0,9.0,12.0,1.0,1.9308072328567505,0.0,2.3333332538604736,0.0294117648154497,0.0301003344357013,0.0651878789067268,0.0,2.0999999046325684,3.0999999046325684,00-0034788,TE,2019_06_ATL_ARI,201910130crd,REG,GrahJa01,TE,ATL,ARI,8.0,12.0,0.0,0.0,26.0,0.79,34.0,00-0034788,TE,3.0,2.6,0.0,2,2020,13
00-0034799,K.Ballage,Kalen Ballage,RB,RB,"https://static.www.nfl.com/image/private/f_auto,q_auto/league/zxxklmhekefz5gaaxqi0",MIA,2018,4,REG,NE,0.0,0.0,0.0,0.0,0.0,0.0,0.0,0.0,0.0,0.0,0.0,0.0,,0.0,,,1.0,3.0,0.0,0.0,0.0,0.0,-0.224038079380989,0.0,0.0,0.0,0.0,0.0,0.0,0.0,0.0,0.0,0.0,,0.0,,,,,0.0,0.3000000119209289,0.3000000119209289,00-0034799,RB,2018_04_MIA_NE,201809300nwe,REG,BallKa00,RB,MIA,NE,1.0,2.0,0.0,0.0,14.0,0.56,15.0,00-0034799,RB,2.0,0.3,0.0,4,2021,57
00-0034808,J.Kelly,John Kelly,RB,RB,"https://static.www.nfl.com/image/private/f_auto,q_auto/league/vqih30rje8wvdeado2m9",LA,2018,15,REG,PHI,0.0,0.0,0.0,0.0,0.0,0.0,0.0,0.0,0.0,0.0,0.0,0.0,,0.0,,,2.0,4.0,0.0,0.0,0.0,0.0,-1.2746974229812622,0.0,0.0,0.0,0.0,0.0,0.0,0.0,0.0,0.0,0.0,,0.0,,,,,0.0,0.4000000059604645,0.4000000059604645,00-0034808,RB,2018_15_PHI_LA,201812160ram,REG,KellJo00,RB,LA,PHI,7.0,9.0,0.0,0.0,5.0,0.16,12.0,00-0034808,RB,3.0,0.4,0.0,3,2021,8
00-0034816,R.Jones,Ronald Jones,RB,RB,"https://static.www.nfl.com/image/private/f_auto,q_auto/league/juku3wy4sv0xwobxw7xp",TB,2018,4,REG,CHI,0.0,0.0,0.0,0.0,0.0,0.0,0.0,0.0,0.0,0.0,0.0,0.0,,0.0,,,10.0,29.0,0.0,0.0,0.0,1.0,-1.7445615530014038,0.0,1.0,2.0,-1.0,0.0,0.0,0.0,-7.0,1.0,0.0,-1.8449223041534424,0.0,0.1428571492433548,0.0526315793395042,-0.0191780813038349,0.0655227079987526,0.0,2.799999952316284,3.799999952316284,00-0034816,RB,,,,,,,,0.0,0.0,0.0,0.0,0.0,0.0,0.0,00-0034816,RB,3.0,3.3000000000000003,0.0,5,2022,87
00-0034830,H.Hurst,Hayden Hurst,TE,TE,"https://static.www.nfl.com/image/private/f_auto,q_auto/league/evevkgcgy0suudtprryp",BAL,2018,5,REG,CLE,0.0,0.0,0.0,0.0,0.0,0.0,0.0,0.0,0.0,0.0,0.0,0.0,,0.0,,,0.0,0.0,0.0,0.0,0.0,0.0,,0.0,1.0,2.0,7.0,0.0,0.0,0.0,13.0,7.0,0.0,-0.4374174475669861,0.0,0.5384615659713745,0.0350877195596694,0.0283224396407604,0.0724572837352752,0.0,0.699999988079071,1.7000000476837158,00-0034830,TE,2018_05_BAL_CLE,201810070cle,REG,HursHa00,TE,BAL,CLE,21.0,24.0,0.0,0.0,0.0,0.0,21.0,00-0034830,TE,3.0,1.2000000000000002,0.0,7,2024,96
00-0034834,S.Hubbard,Sam Hubbard,DE,DL,"https://static.www.nfl.com/image/private/f_auto,q_auto/league/fedpaaymkmox3miypjkl",CIN,2018,15,REG,LV,0.0,0.0,0.0,0.0,0.0,0.0,0.0,0.0,0.0,0.0,0.0,0.0,,0.0,,,0.0,0.0,0.0,0.0,0.0,0.0,,0.0,0.0,1.0,0.0,0.0,0.0,0.0,1.0,0.0,0.0,-1.1070878505706787,0.0,0.0,0.0303030312061309,0.0029498524963855,0.0475194416940212,0.0,0.0,0.0,00-0034834,DE,2018_15_OAK_CIN,201812160cin,REG,HubbSa00,DE,CIN,OAK,3.0,4.0,36.0,61.0,15.0,0.45,54.0,00-0034834,DE,2.0,0.0,0.0,2,2024,4
00-0034838,R.Freeman,Royce Freeman,RB,RB,"https://static.www.nfl.com/image/private/f_auto,q_auto/league/omv74ajxzfk50f5te1mp",DEN,2018,1,REG,SEA,0.0,0.0,0.0,0.0,0.0,0.0,0.0,0.0,0.0,0.0,0.0,0.0,,0.0,,,15.0,71.0,0.0,0.0,0.0,3.0,-2.4408304691314697,0.0,0.0,0.0,0.0,0.0,0.0,0.0,0.0,0.0,0.0,,0.0,,,,,0.0,7.099999904632568,7.099999904632568,00-0034838,RB,2018_01_SEA_DEN,201809090den,REG,FreeRo00,RB,DEN,SEA,29.0,39.0,0.0,0.0,0.0,0.0,29.0,00-0034838,RB,1.0,7.1000000000000005,0.0,6,2023,71
00-0034845,S.Michel,Sony Michel,RB,RB,"https://static.www.nfl.com/image/private/f_auto,q_auto/league/eydtwcqcaegkuwivq0ln",NE,2018,2,REG,JAX,0.0,0.0,0.0,0.0,0.0,0.0,0.0,0.0,0.0,0.0,0.0,0.0,,0.0,,,10.0,34.0,0.0,0.0,0.0,1.0,-3.857482671737671,0.0,1.0,2.0,7.0,0.0,0.0,0.0,9.0,1.0,0.0,-0.3151085674762726,0.0,0.7777777910232544,0.0571428574621677,0.0422535203397274,0.1152917519211769,0.0,4.099999904632568,5.099999904632568,00-0034845,RB,2018_02_NE_JAX,201809160jax,REG,MichSo00,RB,NE,JAX,13.0,21.0,0.0,0.0,6.0,0.21,19.0,00-0034845,RB,2.0,4.6000000000000005,0.0,5,2022,90
00-0034867,M.Turner,Malik Turner,WR,WR,"https://static.www.nfl.com/image/private/f_auto,q_auto/league/r7wv14bgrb5ohjmqsf9p",SEA,2018,12,REG,CAR,0.0,0.0,0.0,0.0,0.0,0.0,0.0,0.0,0.0,0.0,0.0,0.0,,0.0,,,0.0,0.0,0.0,0.0,0.0,0.0,,0.0,1.0,2.0,19.0,0.0,0.0,0.0,14.0,10.0,1.0,1.6440140008926392,0.0,1.3571428060531616,0.0714285746216774,0.0456026047468185,0.139064684510231,0.0,1.899999976158142,2.900000095367432,00-0034867,WR,2018_12_SEA_CAR,201811250car,REG,TurnMa00,WR,SEA,CAR,6.0,10.0,0.0,0.0,0.0,0.0,6.0,00-0034867,WR,3.0,2.4000000000000004,0.0,3,2021,25
00-0034903,T.Campbell,Tevaughn Campbell,CB,DB,"https://static.www.nfl.com/image/private/f_auto,q_auto/league/qb4fu699shbcolgy8nxz",LAC,2021,4,REG,LV,0.0,0.0,0.0,0.0,0.0,0.0,0.0,0.0,0.0,0.0,0.0,0.0,,0.0,,,0.0,0.0,0.0,0.0,0.0,0.0,,0.0,0.0,1.0,0.0,0.0,0.0,0.0,10.0,0.0,0.0,-2.767160654067993,0.0,0.0,0.0263157896697521,0.0327868834137916,0.0624245032668113,0.0,0.0,0.0,00-0034903,DB,2021_04_LV_LAC,202110040sdg,REG,CampTe00,CB,LAC,LV,0.0,0.0,38.0,67.0,21.0,0.78,59.0,00-0034903,CB,2.0,0.0,0.0,1,2021,2
00-0034922,I.Hyman,Ishmael Hyman,WR,WR,"https://static.www.nfl.com/image/private/f_auto,q_auto/league/z5krizipkrgqbw4sgs8e",TB,2019,15,REG,DET,0.0,0.0,0.0,0.0,0.0,0.0,0.0,0.0,0.0,0.0,0.0,0.0,,0.0,,,0.0,0.0,0.0,0.0,0.0,0.0,,0.0,1.0,1.0,3.0,0.0,0.0,0.0,2.0,1.0,1.0,1.001737117767334,0.0,1.5,0.0243902429938316,0.0043763676658272,0.0396488234400749,0.0,0.3000000119209289,1.2999999523162842,00-0034922,WR,2019_15_TB_DET,201912150det,REG,HymaIs00,WR,TB,DET,13.0,17.0,0.0,0.0,0.0,0.0,13.0,,,,0.8,0.0,1,2019,3
00-0034930,T.Benson,Trinity Benson,WR,WR,"https://static.www.nfl.com/image/private/f_auto,q_auto/league/ieftt22eccs8cjnodaxb",DET,2021,1,REG,SF,0.0,0.0,0.0,0.0,0.0,0.0,0.0,0.0,0.0,0.0,0.0,0.0,,0.0,,,0.0,0.0,0.0,0.0,0.0,0.0,,0.0,3.0,6.0,19.0,0.0,0.0,0.0,55.0,0.0,1.0,-3.3795430660247803,0.0,0.3454545438289642,0.1071428582072258,0.1575931161642074,0.2710294723510742,0.0,1.899999976158142,4.900000095367432,00-0034930,WR,2021_01_SF_DET,202109120det,REG,BensTr00,WR,DET,SF,49.0,53.0,0.0,0.0,0.0,0.0,49.0,00-0034930,WR,2.0,3.4000000000000004,0.0,1,2021,8
00-0034988,K.Smith,Kaden Smith,TE,TE,"https://static.www.nfl.com/image/private/f_auto,q_auto/league/gbwycqfz69f3c3ozzt0g",NYG,2019,10,REG,NYJ,0.0,0.0,0.0,0.0,0.0,0.0,0.0,0.0,0.0,0.0,0.0,0.0,,0.0,,,0.0,0.0,0.0,0.0,0.0,0.0,,0.0,1.0,1.0,1.0,0.0,0.0,0.0,1.0,0.0,0.0,-0.0031789320055395,0.0,1.0,0.0263157896697521,0.0040816324763,0.042330827564001,0.0,0.1000000014901161,1.100000023841858,00-0034988,TE,2019_10_NYG_NYJ,201911100nyj,REG,SmitKa00,TE,NYG,NYJ,40.0,56.99999999999999,0.0,0.0,4.0,0.12,44.0,00-0034988,TE,2.0,0.6,0.0,3,2021,30
00-0034995,D.Williams,Dexter Williams,RB,RB,"https://static.www.nfl.com/image/private/f_auto,q_auto/league/j13nyurtcej8pa7jg494",GB,2019,7,REG,LV,0.0,0.0,0.0,0.0,0.0,0.0,0.0,0.0,0.0,0.0,0.0,0.0,,0.0,,,3.0,2.0,0.0,0.0,0.0,0.0,-1.1253637075424194,0.0,0.0,0.0,0.0,0.0,0.0,0.0,0.0,0.0,0.0,,0.0,,,,,0.0,0.2000000029802322,0.2000000029802322,00-0034995,RB,2019_07_OAK_GB,201910200gnb,REG,WillDe07,RB,GB,OAK,6.0,10.0,0.0,0.0,11.0,0.41,17.0,00-0034995,RB,3.0,0.2,0.0,2,2020,5
00-0035006,O.Johnson,Olabisi Johnson,WR,WR,"https://static.www.nfl.com/image/private/f_auto,q_auto/league/uzlf6ftfizmo32d9v0x5",MIN,2019,4,REG,CHI,0.0,0.0,0.0,0.0,0.0,0.0,0.0,0.0,0.0,0.0,0.0,0.0,,0.0,,,0.0,0.0,0.0,0.0,0.0,0.0,,0.0,4.0,4.0,35.0,0.0,0.0,0.0,25.0,10.0,2.0,1.7261656522750854,0.0,1.399999976158142,0.1142857149243354,0.1308900564908981,0.2630515992641449,0.0,3.5,7.5,00-0035006,WR,2019_04_MIN_CHI,201909290chi,REG,JohnOl00,WR,MIN,CHI,34.0,56.99999999999999,0.0,0.0,4.0,0.2,38.0,00-0035006,WR,2.0,5.5,0.0,2,2020,40
00-0035013,J.Hilliman,Jon Hilliman,RB,RB,"https://static.www.nfl.com/image/private/f_auto,q_auto/league/oagfqcqfdbieehnioifx",NYG,2019,4,REG,WAS,0.0,0.0,0.0,0.0,0.0,0.0,0.0,0.0,0.0,0.0,0.0,0.0,,0.0,,,10.0,33.0,0.0,1.0,1.0,2.0,-5.329770088195801,0.0,0.0,0.0,0.0,0.0,0.0,0.0,0.0,0.0,0.0,,0.0,,,,,0.0,1.2999999523162842,1.2999999523162842,00-0035013,RB,2019_04_WAS_NYG,201909290nyg,REG,HillJo03,RB,NYG,WAS,27.0,35.0,0.0,0.0,9.0,0.45,36.0,,,,1.3000000000000005,0.0,1,2019,4
00-0035022,P.Hart,Penny Hart,WR,WR,"https://static.www.nfl.com/image/private/f_auto,q_auto/league/x56attwx7uv6a8zbetsq",SEA,2020,14,REG,NYJ,0.0,0.0,0.0,0.0,0.0,0.0,0.0,0.0,0.0,0.0,0.0,0.0,,0.0,,,1.0,19.0,0.0,0.0,0.0,1.0,1.1664477586746216,0.0,1.0,1.0,3.0,0.0,0.0,0.0,-1.0,4.0,0.0,-0.2042555958032608,0.0,0.0,0.03125,-0.0044052861630916,0.0437912978231906,0.0,2.200000047683716,3.200000047683716,00-0035022,WR,2020_14_NYJ_SEA,202012130sea,REG,HartPe01,WR,SEA,NYJ,27.0,37.0,0.0,0.0,15.0,0.54,42.0,00-0035022,WR,3.0,2.7,0.0,3,2022,16
00-0035025,H.Hentges,Hale Hentges,TE,TE,"https://static.www.nfl.com/image/private/f_auto,q_auto/league/qn06ratsj85aw7o2bzfn",WAS,2019,8,REG,MIN,0.0,0.0,0.0,0.0,0.0,0.0,0.0,0.0,0.0,0.0,0.0,0.0,,0.0,,,0.0,0.0,0.0,0.0,0.0,0.0,,0.0,1.0,1.0,13.0,0.0,0.0,0.0,-4.0,17.0,1.0,0.6934863328933716,0.0,0.0,0.0476190485060215,-0.0287769790738821,0.0512846857309341,0.0,1.2999999523162842,2.299999952316284,00-0035025,TE,2019_08_WAS_MIN,201910240min,REG,HentHa00,TE,WAS,MIN,18.0,42.0,0.0,0.0,6.0,0.3,24.0,00-0035025,TE,3.0,1.8,0.0,1,2019,6
00-0035040,D.Blough,David Blough,QB,QB,"https://static.www.nfl.com/image/private/f_auto,q_auto/league/enumsdgbnfykd6znzeck",DET,2019,13,REG,CHI,22.0,38.0,280.0,2.0,1.0,2.0,21.0,0.0,0.0,349.0,108.0,13.0,4.354348659515381,0.0,0.8022922873497009,0.0261702872812747,1.0,1.0,0.0,0.0,0.0,0.0,-0.5497875213623047,0.0,0.0,0.0,0.0,0.0,0.0,0.0,0.0,0.0,0.0,,0.0,,,,,0.0,17.299999237060547,17.299999237060547,00-0035040,QB,2019_13_CHI_DET,201911280det,REG,BlouDa00,QB,DET,CHI,74.0,100.0,0.0,0.0,0.0,0.0,74.0,00-0035040,QB,3.0,18.300000000000004,0.0,4,2022,13
00-0035099,K.Blasingame,Khari Blasingame,FB,RB,"https://static.www.nfl.com/image/upload/f_auto,q_auto/league/beioi5h4lq0obt8yx35v",TEN,2019,14,REG,LV,0.0,0.0,0.0,0.0,0.0,0.0,0.0,0.0,0.0,0.0,0.0,0.0,,0.0,,,0.0,0.0,0.0,0.0,0.0,0.0,,0.0,2.0,2.0,47.0,0.0,0.0,0.0,23.0,24.0,2.0,3.873180866241455,0.0,2.04347825050354,0.0740740746259689,0.0782312899827957,0.1658730208873748,0.0,4.699999809265137,6.699999809265137,00-0035099,FB,2019_14_TEN_OAK,201912080rai,REG,BlasKh00,FB,TEN,OAK,13.0,21.0,0.0,0.0,15.0,0.54,28.0,00-0035099,FB,3.0,5.7,0.0,5,2023,26
00-0035101,D.Davis,Davion Davis,WR,WR,"https://static.www.nfl.com/image/private/f_auto,q_auto/league/sqsasalphgxytdferwds",HOU,2021,13,REG,IND,0.0,0.0,0.0,0.0,0.0,0.0,0.0,0.0,0.0,0.0,0.0,0.0,,0.0,,,0.0,0.0,0.0,0.0,0.0,0.0,,0.0,0.0,2.0,0.0,0.0,0.0,0.0,10.0,0.0,0.0,-6.420924663543701,0.0,0.0,0.0769230797886848,0.077519379556179,0.1696481853723526,0.0,0.0,0.0,00-0035101,WR,2021_13_IND_HOU,202112050htx,REG,DaviDa03,WR,HOU,IND,20.0,38.0,0.0,0.0,4.0,0.18,24.0,00-0035101,WR,3.0,0.0,0.0,1,2021,3
00-0035102,B.Dillon,Brandon Dillon,TE,TE,"https://static.www.nfl.com/image/private/f_auto,q_auto/league/cdfez6yy9dzvblsnc3ou",MIN,2020,12,REG,CAR,0.0,0.0,0.0,0.0,0.0,0.0,0.0,0.0,0.0,0.0,0.0,0.0,,0.0,,,0.0,0.0,0.0,0.0,0.0,0.0,,0.0,1.0,1.0,6.0,0.0,0.0,0.0,5.0,1.0,0.0,-0.3779962658882141,0.0,1.2000000476837158,0.0232558138668537,0.0141643062233924,0.0447987355291843,0.0,0.6000000238418579,1.600000023841858,00-0035102,TE,2020_12_CAR_MIN,202011290min,REG,DillBr00,TE,MIN,CAR,8.0,11.0,0.0,0.0,2.0,0.07,10.0,,,,1.1,0.0,1,2020,2
00-0035104,A.Hollins,Alexander Hollins,WR,WR,"https://static.www.nfl.com/image/private/f_auto,q_auto/league/mmztaportamkis4gklpf",MIN,2019,14,REG,DET,0.0,0.0,0.0,0.0,0.0,0.0,0.0,0.0,0.0,0.0,0.0,0.0,,0.0,,,0.0,0.0,0.0,0.0,0.0,0.0,,0.0,0.0,1.0,0.0,0.0,0.0,0.0,27.0,0.0,0.0,-1.5791740417480469,0.0,0.0,0.0344827584922313,0.1255813986063003,0.1396311074495315,0.0,0.0,0.0,00-0035104,WR,2019_14_DET_MIN,201912080min,REG,HollAl00,WR,MIN,DET,5.0,7.000000000000001,0.0,0.0,0.0,0.0,5.0,00-0035104,WR,3.0,0.0,0.0,1,2019,5
00-0035120,K.Doss,Keelan Doss,WR,WR,"https://static.www.nfl.com/image/private/f_auto,q_auto/league/w1y0ujmc2ycaxfpysv0u",LV,2019,4,REG,IND,0.0,0.0,0.0,0.0,0.0,0.0,0.0,0.0,0.0,0.0,0.0,0.0,,0.0,,,0.0,0.0,0.0,0.0,0.0,0.0,,0.0,1.0,1.0,14.0,0.0,0.0,0.0,5.0,9.0,1.0,1.8086395263671875,0.0,2.799999952316284,0.0357142873108387,0.0289017334580421,0.0738026425242424,0.0,1.399999976158142,2.400000095367432,00-0035120,WR,2019_04_OAK_IND,201909290clt,REG,DossKe00,WR,OAK,IND,12.0,19.0,0.0,0.0,1.0,0.03,13.0,00-0035120,WR,3.0,1.9,0.0,2,2023,10
00-0035126,A.Wesley,Antoine Wesley,WR,WR,"https://static.www.nfl.com/image/private/f_auto,q_auto/league/qbvjkexq50bd0ik1get4",ARI,2021,8,REG,GB,0.0,0.0,0.0,0.0,0.0,0.0,0.0,0.0,0.0,0.0,0.0,0.0,,0.0,,,0.0,0.0,0.0,0.0,0.0,0.0,,0.0,1.0,3.0,7.0,0.0,0.0,0.0,51.0,1.0,1.0,1.7623876333236694,0.0,0.1372549086809158,0.0967741906642913,0.1802120208740234,0.2713097035884857,0.0,0.699999988079071,1.7000000476837158,00-0035126,WR,2021_08_GB_ARI,202110280crd,REG,WeslAn01,WR,ARI,GB,31.0,53.0,0.0,0.0,0.0,0.0,31.0,00-0035126,WR,2.0,1.2000000000000002,0.0,1,2021,11
00-0035146,T.McSorley,Trace McSorley,QB,QB,"https://static.www.nfl.com/image/private/f_auto,q_auto/league/gfl6nhrkzshnhcsxfvqy",BAL,2019,17,REG,PIT,0.0,0.0,0.0,0.0,0.0,0.0,0.0,0.0,0.0,0.0,0.0,0.0,,0.0,,,1.0,1.0,0.0,0.0,0.0,1.0,0.4531608521938324,0.0,0.0,0.0,0.0,0.0,0.0,0.0,0.0,0.0,0.0,,0.0,,,,,0.0,0.1000000014901161,0.1000000014901161,00-0035146,QB,2019_17_PIT_BAL,201912290rav,REG,McSoTr00,QB,BAL,PIT,1.0,1.0,0.0,0.0,0.0,0.0,1.0,00-0035146,QB,3.0,0.1,0.0,3,2022,11
00-0035148,D.Thompson,Darwin Thompson,RB,RB,"https://static.www.nfl.com/image/private/f_auto,q_auto/league/l1hcf7i4flghdacmhorc",KC,2019,1,REG,JAX,0.0,0.0,0.0,0.0,0.0,0.0,0.0,0.0,0.0,0.0,0.0,0.0,,0.0,,,0.0,0.0,0.0,0.0,0.0,0.0,,0.0,1.0,1.0,3.0,0.0,0.0,0.0,0.0,3.0,0.0,0.0164162181317806,0.0,0.0,0.0294117648154497,0.0,0.0441176481544971,0.0,0.3000000119209289,1.2999999523162842,00-0035148,RB,2019_01_KC_JAX,201909080jax,REG,ThomDa06,RB,KC,JAX,2.0,3.0,0.0,0.0,9.0,0.3,11.0,00-0035148,RB,3.0,0.8,0.0,2,2020,19
00-0035161,J.Lovett,John Lovett,QB,QB,"https://static.www.nfl.com/image/private/f_auto,q_auto/league/fvipxqujnb0t4bdy1ydz",GB,2020,9,REG,SF,0.0,0.0,0.0,0.0,0.0,0.0,0.0,0.0,0.0,0.0,0.0,0.0,,0.0,,,3.0,6.0,0.0,0.0,0.0,0.0,-1.1545244455337524,0.0,0.0,0.0,0.0,0.0,0.0,0.0,0.0,0.0,0.0,,0.0,,,,,0.0,0.6000000238418579,0.6000000238418579,00-0035161,FB,2020_09_GB_SF,202011050sfo,REG,LoveJo02,TE,GB,SF,11.0,17.0,0.0,0.0,14.0,0.52,25.0,00-0035161,FB,2.0,0.6000000000000001,0.0,1,2020,2
00-0035164,C.Thompson,Cody Thompson,WR,WR,"https://static.www.nfl.com/image/upload/f_auto,q_auto/league/dghmeq55sg0rb1ppakkr",SEA,2023,4,REG,NYG,0.0,0.0,0.0,0.0,0.0,0.0,0.0,0.0,0.0,0.0,0.0,0.0,,0.0,,,0.0,0.0,0.0,0.0,0.0,0.0,,0.0,1.0,1.0,10.0,0.0,0.0,0.0,6.0,4.0,0.0,0.4128614664077759,0.0,1.6666666269302368,0.0384615398943424,0.046875,0.0905048102140426,0.0,1.0,2.0,00-0035164,WR,2023_04_SEA_NYG,202310020nyg,REG,ThomCo04,WR,SEA,NYG,6.0,11.0,0.0,0.0,11.0,0.48,17.0,00-0035164,WR,2.0,1.5,0.0,1,2023,2
00-0035181,D.Shepherd,Darrius Shepherd,WR,WR,"https://static.www.nfl.com/image/private/f_auto,q_auto/league/mxa4mlth6p0bf5pfg3so",GB,2019,6,REG,DET,0.0,0.0,0.0,0.0,0.0,0.0,0.0,0.0,0.0,0.0,0.0,0.0,,0.0,,,0.0,0.0,0.0,0.0,0.0,0.0,,0.0,1.0,2.0,1.0,0.0,0.0,0.0,8.0,3.0,0.0,-7.770364761352539,0.0,0.125,0.0526315793395042,0.0217983648180961,0.0942062214016914,0.0,0.1000000014901161,1.100000023841858,00-0035181,WR,2019_06_DET_GB,201910140gnb,REG,ShepDa00,WR,GB,DET,29.0,39.0,0.0,0.0,11.0,0.35,40.0,00-0035181,WR,3.0,0.6,0.0,2,2020,15
00-0035184,D.Ozigbo,Devine Ozigbo,RB,RB,"https://static.www.nfl.com/image/private/f_auto,q_auto/league/teht8fiw2mu5g8xmdoqm",JAX,2019,17,REG,IND,0.0,0.0,0.0,0.0,0.0,0.0,0.0,0.0,0.0,0.0,0.0,0.0,,0.0,,,9.0,27.0,0.0,0.0,0.0,1.0,-0.5317296981811523,0.0,3.0,5.0,23.0,0.0,0.0,0.0,6.0,20.0,1.0,0.0976534560322761,0.0,3.8333332538604736,0.1282051354646682,0.0258620698004961,0.2104111462831497,0.0,5.0,8.0,00-0035184,RB,2019_17_IND_JAX,201912290jax,REG,OzigDe01,RB,JAX,IND,23.0,33.0,0.0,0.0,13.0,0.48,36.0,00-0035184,RB,3.0,6.5,0.0,5,2023,15
00-0035187,A.Walter,Austin Walter,RB,RB,"https://static.www.nfl.com/image/private/f_auto,q_auto/league/ra41toaybxgxojhemusk",SF,2020,10,REG,NO,0.0,0.0,0.0,0.0,0.0,0.0,0.0,0.0,0.0,0.0,0.0,0.0,,0.0,,,1.0,3.0,0.0,0.0,0.0,0.0,-0.214815467596054,0.0,1.0,1.0,27.0,0.0,0.0,0.0,-6.0,33.0,1.0,1.0316402912139893,0.0,-4.5,0.0256410259753465,-0.0227272734045982,0.0225524473935365,0.0,3.0,4.0,00-0035187,RB,2020_10_SF_NO,202011150nor,REG,WaltAu00,RB,SF,NO,12.0,17.0,0.0,0.0,8.0,0.29,20.0,00-0035187,RB,3.0,3.5,0.0,2,2021,7
00-0035215,D.Harty,Deonte Harty,WR,WR,"https://static.www.nfl.com/image/upload/f_auto,q_auto/league/fh7rbtvohdkaacqaxqke",NO,2019,2,REG,LA,0.0,0.0,0.0,0.0,0.0,0.0,0.0,0.0,0.0,0.0,0.0,0.0,,0.0,,,0.0,0.0,0.0,0.0,0.0,0.0,,0.0,1.0,1.0,-7.0,0.0,0.0,0.0,-4.0,-3.0,0.0,-1.4850095510482788,0.0,0.0,0.03125,-0.0167364012449979,0.0351595170795917,0.0,-0.699999988079071,0.3000000119209289,00-0035215,WR,,,,,,,,0.0,0.0,0.0,0.0,0.0,0.0,0.0,00-0035215,WR,1.0,-0.2,0.0,5,2023,146
00-0035217,B.Snell,Benny Snell,RB,RB,"https://static.www.nfl.com/image/private/f_auto,q_auto/league/fo3ppnx6djkougdmpthf",PIT,2019,2,REG,SEA,0.0,0.0,0.0,0.0,0.0,0.0,0.0,0.0,0.0,0.0,0.0,0.0,,0.0,,,1.0,23.0,0.0,0.0,0.0,1.0,1.9556246995925903,0.0,0.0,0.0,0.0,0.0,0.0,0.0,0.0,0.0,0.0,,0.0,,,,,0.0,2.299999952316284,2.299999952316284,00-0035217,RB,,,,,,,,0.0,0.0,0.0,0.0,0.0,0.0,0.0,00-0035217,RB,3.0,2.3000000000000003,0.0,4,2022,65
00-0035222,Z.Gentry,Zach Gentry,TE,TE,"https://static.www.nfl.com/image/upload/f_auto,q_auto/league/a8vddwqiybkx41wwtjy4",PIT,2019,15,REG,BUF,0.0,0.0,0.0,0.0,0.0,0.0,0.0,0.0,0.0,0.0,0.0,0.0,,0.0,,,0.0,0.0,0.0,0.0,0.0,0.0,,0.0,1.0,1.0,4.0,0.0,0.0,0.0,2.0,2.0,1.0,1.0050207376480105,0.0,2.0,0.0277777779847383,0.0065359477885067,0.0462418310344219,0.0,0.4000000059604645,1.399999976158142,00-0035222,TE,2019_15_BUF_PIT,201912150pit,REG,GentZa00,TE,PIT,BUF,14.0,24.0,0.0,0.0,0.0,0.0,14.0,00-0035222,TE,3.0,0.9,0.0,3,2022,30
00-0035223,U.Gilbert,Ulysees Gilbert,ILB,LB,"https://static.www.nfl.com/image/private/f_auto,q_auto/league/cuiogahz0e5enpzl6fbr",PIT,2021,1,REG,PIT,0.0,0.0,0.0,0.0,0.0,0.0,0.0,0.0,0.0,0.0,0.0,0.0,,0.0,,,0.0,0.0,0.0,0.0,0.0,0.0,,0.0,0.0,0.0,0.0,0.0,0.0,0.0,0.0,0.0,0.0,,0.0,,,,,1.0,6.0,6.0,00-0035223,LB,2021_01_PIT_BUF,202109120buf,REG,GilbUl00,LB,PIT,BUF,0.0,0.0,0.0,0.0,19.0,0.66,19.0,00-0035223,ILB,3.0,0.0,0.0,1,2021,2
00-0035231,C.Wilkins,Christian Wilkins,DT,DL,"https://static.www.nfl.com/image/upload/f_auto,q_auto/league/ogy5fqw1xsut7lcxffyw",MIA,2019,16,REG,CIN,0.0,0.0,0.0,0.0,0.0,0.0,0.0,0.0,0.0,0.0,0.0,0.0,,0.0,,,0.0,0.0,0.0,0.0,0.0,0.0,,0.0,1.0,1.0,1.0,1.0,1.0,0.0,0.0,1.0,1.0,0.7035620212554932,0.0,0.0,0.0196078438311815,0.0,0.0294117648154497,0.0,6.099999904632568,7.099999904632568,00-0035231,DT,2019_16_CIN_MIA,201912220mia,REG,WilkCh00,DE,MIA,CIN,1.0,1.0,55.0,61.0,12.0,0.31,68.0,00-0035231,DE,1.0,4.6,0.0,2,2021,4
00-0035232,D.Haskins,Dwayne Haskins,QB,QB,"https://static.www.nfl.com/image/private/f_auto,q_auto/league/cctguuvjeglkuo1o6yvx",WAS,2019,4,REG,NYG,9.0,17.0,107.0,0.0,3.0,2.0,21.0,0.0,0.0,132.0,72.0,5.0,-14.218381881713867,0.0,0.810606062412262,-0.0062754242680966,2.0,23.0,0.0,0.0,0.0,1.0,3.1790480613708496,0.0,0.0,0.0,0.0,0.0,0.0,0.0,0.0,0.0,0.0,,0.0,,,,,0.0,0.5799999833106995,0.5799999833106995,00-0035232,QB,2019_04_WAS_NYG,201909290nyg,REG,HaskDw00,QB,WAS,NYG,32.0,65.0,0.0,0.0,0.0,0.0,32.0,00-0035232,QB,2.0,3.5800000000000005,0.0,2,2020,18
00-0035246,J.Arcega-Whiteside,J.J. Arcega-Whiteside,WR,WR,"https://static.www.nfl.com/image/private/f_auto,q_auto/league/ybukzc2rvl0mqfnn387e",PHI,2019,2,REG,ATL,0.0,0.0,0.0,0.0,0.0,0.0,0.0,0.0,0.0,0.0,0.0,0.0,,0.0,,,0.0,0.0,0.0,0.0,0.0,0.0,,0.0,1.0,4.0,4.0,0.0,0.0,0.0,65.0,0.0,0.0,-3.59218692779541,0.0,0.0615384615957737,0.0851063802838325,0.1477272659540176,0.2310686707496643,0.0,0.4000000059604645,1.399999976158142,00-0035246,WR,,,,,,,,0.0,0.0,0.0,0.0,0.0,0.0,0.0,00-0035246,WR,2.0,0.9,0.0,3,2021,22
00-0035259,T.Wesco,Trevon Wesco,TE,TE,"https://static.www.nfl.com/image/private/f_auto,q_auto/league/ptq3iidy6uyg3f31gjl5",NYJ,2019,10,REG,NYG,0.0,0.0,0.0,0.0,0.0,0.0,0.0,0.0,0.0,0.0,0.0,0.0,,0.0,,,1.0,2.0,0.0,0.0,0.0,1.0,2.108617782592773,0.0,1.0,1.0,15.0,0.0,0.0,0.0,8.0,7.0,1.0,1.2164524793624878,0.0,1.875,0.0370370373129844,0.0370370373129844,0.0814814791083335,0.0,1.7000000476837158,2.700000047683716,00-0035259,TE,2019_10_NYG_NYJ,201911100nyj,REG,WescTr00,TE,NYJ,NYG,18.0,28.000000000000004,0.0,0.0,5.0,0.15,23.0,00-0035259,TE,3.0,2.2,0.0,5,2023,25
00-0035268,R.Armstead,Ryquell Armstead,RB,RB,"https://static.www.nfl.com/image/private/f_auto,q_auto/league/jgcl3vn95zrklzlulgut",JAX,2019,1,REG,KC,0.0,0.0,0.0,0.0,0.0,0.0,0.0,0.0,0.0,0.0,0.0,0.0,,0.0,,,1.0,7.0,0.0,0.0,0.0,0.0,0.571062445640564,0.0,0.0,1.0,0.0,0.0,0.0,0.0,-4.0,0.0,0.0,-0.4339112937450409,0.0,-0.0,0.0303030312061309,-0.018264839425683,0.0326691567897796,0.0,0.699999988079071,0.699999988079071,00-0035268,RB,2019_01_KC_JAX,201909080jax,REG,ArmsRy00,RB,JAX,KC,8.0,14.000000000000002,0.0,0.0,10.0,0.33,18.0,00-0035268,RB,2.0,0.7000000000000001,0.0,2,2021,18
00-0035273,Q.Ollison,Qadree Ollison,RB,RB,"https://static.www.nfl.com/image/private/f_auto,q_auto/league/ifvzpr0bzxjwbpv0zpml",ATL,2019,11,REG,CAR,0.0,0.0,0.0,0.0,0.0,0.0,0.0,0.0,0.0,0.0,0.0,0.0,,0.0,,,4.0,11.0,1.0,1.0,0.0,1.0,0.8291312456130981,0.0,0.0,1.0,0.0,0.0,0.0,0.0,-1.0,0.0,0.0,-0.5479347109794617,0.0,-0.0,0.0322580635547637,-0.0034722222480922,0.0459565408527851,0.0,7.099999904632568,7.099999904632568,00-0035273,RB,2019_11_ATL_CAR,201911170car,REG,OlliQa00,RB,ATL,CAR,12.0,18.0,0.0,0.0,9.0,0.39,21.0,00-0035273,RB,3.0,5.1,0.0,3,2021,16
00-0035275,J.Scarlett,Jordan Scarlett,RB,RB,"https://static.www.nfl.com/image/private/f_auto,q_auto/league/k3w7dtbs4tpvnvzo6l6h",CAR,2019,8,REG,SF,0.0,0.0,0.0,0.0,0.0,0.0,0.0,0.0,0.0,0.0,0.0,0.0,,0.0,,,4.0,9.0,0.0,0.0,0.0,0.0,-4.4930100440979,0.0,0.0,0.0,0.0,0.0,0.0,0.0,0.0,0.0,0.0,,0.0,,,,,0.0,0.8999999761581421,0.8999999761581421,00-0035275,RB,2019_08_CAR_SF,201910270sfo,REG,ScarJo00,RB,CAR,SF,4.0,6.0,0.0,0.0,20.0,0.65,24.0,00-0035275,RB,3.0,0.9,0.0,1,2019,2
00-0035277,M.Jackson,Michael Jackson,CB,DB,"https://static.www.nfl.com/image/upload/f_auto,q_auto/league/nbudnfgau5q49t7mik4g",SEA,2022,2,REG,SEA,0.0,0.0,0.0,0.0,0.0,0.0,0.0,0.0,0.0,0.0,0.0,0.0,,0.0,,,0.0,0.0,0.0,0.0,0.0,0.0,,0.0,0.0,0.0,0.0,0.0,0.0,0.0,0.0,0.0,0.0,,0.0,,,,,1.0,6.0,6.0,00-0035277,CB,2022_02_SEA_SF,202209180sfo,REG,JackMi01,CB,SEA,SF,0.0,0.0,73.0,96.0,6.0,0.26,79.0,00-0035277,CB,1.0,0.0,0.0,1,2022,2
00-0035287,K.Johnson,KeeSean Johnson,WR,WR,"https://static.www.nfl.com/image/private/f_auto,q_auto/league/xevuoqg8h0chgypuqy8k",ARI,2019,1,REG,DET,0.0,0.0,0.0,0.0,0.0,0.0,0.0,0.0,0.0,0.0,0.0,0.0,,0.0,,,0.0,0.0,0.0,0.0,0.0,0.0,,0.0,5.0,10.0,46.0,0.0,0.0,0.0,113.0,3.0,3.0,-2.8696963787078857,0.0,0.4070796370506286,0.1923076957464218,0.2092592567205429,0.4349430203437805,0.0,4.599999904632568,9.600000381469728,00-0035287,WR,2019_01_DET_ARI,201909080crd,REG,JohnKe07,WR,ARI,DET,67.0,76.0,0.0,0.0,0.0,0.0,67.0,00-0035287,WR,2.0,7.1000000000000005,0.0,2,2020,20
00-0035290,J.Johnson,Jaquan Johnson,FS,DB,"https://static.www.nfl.com/image/private/f_auto,q_auto/league/d83fqx8f4xboaay0iefs",BUF,2020,16,REG,NE,1.0,1.0,13.0,0.0,0.0,0.0,-0.0,0.0,0.0,10.0,3.0,1.0,3.1153674125671387,0.0,1.2999999523162842,,0.0,0.0,0.0,0.0,0.0,0.0,,0.0,0.0,0.0,0.0,0.0,0.0,0.0,0.0,0.0,0.0,,0.0,,,,,0.0,0.5199999809265137,0.5199999809265137,00-0035290,DB,2020_16_BUF_NE,202012280nwe,REG,JohnJa11,S,BUF,NE,0.0,0.0,6.0,12.0,18.0,0.64,24.0,00-0035290,FS,2.0,0.52,0.0,1,2020,2
00-0035297,K.Harmon,Kelvin Harmon,WR,WR,"https://static.www.nfl.com/image/upload/f_auto,q_auto/league/fface3xneon0qi0kttvd",WAS,2019,1,REG,PHI,0.0,0.0,0.0,0.0,0.0,0.0,0.0,0.0,0.0,0.0,0.0,0.0,,0.0,,,0.0,0.0,0.0,0.0,0.0,0.0,,0.0,2.0,2.0,31.0,0.0,0.0,0.0,26.0,5.0,2.0,2.195511102676392,0.0,1.192307710647583,0.0465116277337074,0.0802469104528427,0.1259402781724929,0.0,3.0999999046325684,5.099999904632568,00-0035297,WR,2019_01_WAS_PHI,201909080phi,REG,HarmKe00,WR,WAS,PHI,13.0,20.0,0.0,0.0,13.0,0.45,26.0,00-0035297,WR,2.0,4.1,0.0,1,2019,26
00-0035298,S.Miller,Scott Miller,WR,WR,"https://static.www.nfl.com/image/upload/f_auto,q_auto/league/v5fxl6tig8qarofg0lo1",TB,2019,4,REG,LA,0.0,0.0,0.0,0.0,0.0,0.0,0.0,0.0,0.0,0.0,0.0,0.0,,0.0,,,0.0,0.0,0.0,0.0,0.0,0.0,,0.0,0.0,1.0,0.0,0.0,0.0,0.0,39.0,0.0,0.0,-1.7533092498779297,0.0,0.0,0.025000000372529,0.1005154624581337,0.1078608259558677,0.0,0.0,0.0,00-0035298,WR,2019_04_TB_LA,201909290ram,REG,MillSc01,WR,TB,LA,8.0,11.0,0.0,0.0,0.0,0.0,8.0,00-0035298,WR,2.0,0.0,0.0,6,2024,117
00-0035304,C.Gillaspia,Cullen Gillaspia,FB,RB,"https://static.www.nfl.com/image/private/f_auto,q_auto/league/nalegoem45fmncudsllg",HOU,2020,3,REG,PIT,0.0,0.0,0.0,0.0,0.0,0.0,0.0,0.0,0.0,0.0,0.0,0.0,,0.0,,,0.0,0.0,0.0,0.0,0.0,0.0,,0.0,1.0,1.0,6.0,0.0,0.0,0.0,-2.0,8.0,0.0,-0.2235163450241089,0.0,-3.0,0.0370370373129844,-0.0070175440050661,0.0506432764232158,0.0,0.6000000238418579,1.600000023841858,00-0035304,RB,2020_03_HOU_PIT,202009270pit,REG,GillCu00,FB,HOU,PIT,1.0,2.0,0.0,0.0,19.0,0.68,20.0,00-0035304,FB,1.0,1.1,0.0,1,2020,2
00-0035308,T.Sweeney,Tommy Sweeney,TE,TE,"https://static.www.nfl.com/image/upload/f_auto,q_auto/league/ixhp102leeriycsx1pkl",BUF,2019,1,REG,NYJ,0.0,0.0,0.0,0.0,0.0,0.0,0.0,0.0,0.0,0.0,0.0,0.0,,0.0,,,0.0,0.0,0.0,0.0,0.0,0.0,,0.0,2.0,2.0,35.0,0.0,0.0,0.0,24.0,11.0,1.0,2.5848066806793213,0.0,1.4583333730697632,0.0571428574621677,0.0839160829782486,0.144455537199974,0.0,3.5,5.5,00-0035308,TE,2019_01_BUF_NYJ,201909080nyj,REG,SweeTo00,TE,BUF,NYJ,21.0,32.0,0.0,0.0,0.0,0.0,21.0,00-0035308,TE,3.0,4.5,0.0,3,2022,16
00-0035310,C.Cox,Chandler Cox,FB,RB,"https://static.www.nfl.com/image/private/f_auto,q_auto/league/gfoujc315g6dzntlqxnc",MIA,2020,4,REG,SEA,0.0,0.0,0.0,0.0,0.0,0.0,0.0,0.0,0.0,0.0,0.0,0.0,,0.0,,,0.0,0.0,0.0,0.0,0.0,0.0,,0.0,1.0,1.0,3.0,0.0,0.0,0.0,0.0,3.0,1.0,0.3263124525547027,0.0,0.0,0.0222222227603197,0.0,0.0333333350718021,0.0,0.3000000119209289,1.2999999523162842,00-0035310,FB,2020_04_SEA_MIA,202010040mia,REG,CoxxCh01,FB,MIA,SEA,8.0,11.0,0.0,0.0,6.0,0.23,14.0,00-0035310,FB,1.0,0.8,0.0,1,2020,3
00-0035311,M.Gaskin,Myles Gaskin,RB,RB,"https://static.www.nfl.com/image/upload/f_auto,q_auto/league/dn5kacxm99pb95u8dle1",MIA,2019,10,REG,IND,0.0,0.0,0.0,0.0,0.0,0.0,0.0,0.0,0.0,0.0,0.0,0.0,,0.0,,,0.0,0.0,0.0,0.0,0.0,0.0,,0.0,1.0,1.0,0.0,0.0,0.0,0.0,-5.0,5.0,0.0,-3.0704801082611084,0.0,-0.0,0.0303030312061309,-0.0289017334580421,0.0252233315259218,0.0,0.0,1.0,00-0035311,RB,2019_10_MIA_IND,201911100clt,REG,GaskMy00,RB,MIA,IND,5.0,8.0,0.0,0.0,0.0,0.0,5.0,00-0035311,RB,3.0,0.5,0.0,5,2024,44
00-0035313,T.Godwin,Terry Godwin,WR,WR,"https://static.www.nfl.com/image/private/f_auto,q_auto/league/gjydumzkxelrd5rziupn",JAX,2020,10,REG,GB,0.0,0.0,0.0,0.0,0.0,0.0,0.0,0.0,0.0,0.0,0.0,0.0,,0.0,,,0.0,0.0,0.0,0.0,0.0,0.0,,0.0,0.0,2.0,0.0,0.0,0.0,0.0,29.0,0.0,0.0,-2.8020622730255127,0.0,0.0,0.0588235296308994,0.1510416716337204,0.1939644664525985,0.0,0.0,0.0,00-0035313,WR,2020_10_JAX_GB,202011150gnb,REG,GodwTe00,WR,JAX,GB,2.0,3.0,0.0,0.0,5.0,0.17,7.0,,,,0.0,0.0,1,2020,3
00-0035327,C.Moore,C.J. Moore,FS,DB,"https://static.www.nfl.com/image/upload/f_auto,q_auto/league/lnna9lfl2zadwrtpkhea",DET,2020,15,REG,TEN,0.0,0.0,0.0,0.0,0.0,0.0,0.0,0.0,0.0,0.0,0.0,0.0,,0.0,,,1.0,3.0,0.0,0.0,0.0,0.0,-2.629055976867676,0.0,0.0,0.0,0.0,0.0,0.0,0.0,0.0,0.0,0.0,,0.0,,,,,0.0,0.3000000119209289,0.3000000119209289,00-0035327,DB,2020_15_DET_TEN,202012200oti,REG,MoorCJ01,S,DET,TEN,0.0,0.0,0.0,0.0,16.0,0.62,16.0,00-0035327,FS,3.0,0.3,0.0,3,2022,7
00-0035342,P.Laird,Patrick Laird,RB,RB,"https://static.www.nfl.com/image/private/f_auto,q_auto/league/lhildzn90os4dmucczjw",MIA,2019,10,REG,IND,0.0,0.0,0.0,0.0,0.0,0.0,0.0,0.0,0.0,0.0,0.0,0.0,,0.0,,,2.0,4.0,0.0,0.0,0.0,0.0,-1.2353028059005735,0.0,2.0,2.0,15.0,0.0,0.0,0.0,6.0,9.0,2.0,1.876014351844788,0.0,2.5,0.0606060624122619,0.0346820801496505,0.1151865497231483,0.0,1.899999976158142,3.900000095367432,00-0035342,RB,2019_10_MIA_IND,201911100clt,REG,LairPa00,RB,MIA,IND,7.0,11.0,0.0,0.0,20.0,0.74,27.0,00-0035342,RB,3.0,2.9,0.0,3,2021,23
00-0035350,P.Williams,Preston Williams,WR,WR,"https://static.www.nfl.com/image/private/f_auto,q_auto/league/ycedbmymomppxkrh6gcc",MIA,2019,1,REG,BAL,0.0,0.0,0.0,0.0,0.0,0.0,0.0,0.0,0.0,0.0,0.0,0.0,,0.0,,,0.0,0.0,0.0,0.0,0.0,0.0,,0.0,3.0,5.0,24.0,1.0,0.0,0.0,73.0,0.0,2.0,2.32197380065918,0.0,0.3287671208381653,0.15625,0.1742243468761444,0.3563320338726043,0.0,8.399999618530273,11.399999618530272,00-0035350,WR,2019_01_BAL_MIA,201909080mia,REG,WillPr01,WR,MIA,BAL,20.0,41.0,0.0,0.0,11.0,0.34,31.0,00-0035350,WR,2.0,9.9,0.0,3,2021,37
00-0035374,M.Walker,Michael Walker,WR,WR,"https://static.www.nfl.com/image/private/f_auto,q_auto/league/hif6vcfhct6nesewer3o",JAX,2019,13,REG,TB,0.0,0.0,0.0,0.0,0.0,0.0,0.0,0.0,0.0,0.0,0.0,0.0,,0.0,,,0.0,0.0,0.0,0.0,0.0,0.0,,0.0,1.0,2.0,6.0,0.0,0.0,0.0,6.0,4.0,0.0,-0.4681764543056488,0.0,1.0,0.0526315793395042,0.0294117648154497,0.0995356068015098,0.0,0.6000000238418579,1.600000023841858,00-0035374,WR,2019_13_TB_JAX,201912010jax,REG,WalkMi00,WR,JAX,TB,7.0,10.0,1.0,1.0,22.0,0.92,30.0,00-0035374,WR,2.0,1.1,0.0,1,2019,7
00-0035399,S.Morgan,Stanley Morgan,WR,WR,"https://static.www.nfl.com/image/upload/f_auto,q_auto/league/wxgibmduh5kodwlvbgct",CIN,2019,5,REG,ARI,0.0,0.0,0.0,0.0,0.0,0.0,0.0,0.0,0.0,0.0,0.0,0.0,,0.0,,,0.0,0.0,0.0,0.0,0.0,0.0,,0.0,1.0,2.0,6.0,0.0,0.0,0.0,5.0,6.0,0.0,-1.197818398475647,0.0,1.2000000476837158,0.0540540553629398,0.0216450225561857,0.0962325930595398,0.0,0.6000000238418579,1.600000023841858,00-0035399,WR,,,,,,,,0.0,0.0,0.0,0.0,0.0,0.0,0.0,,,,1.1,0.0,3,2022,12
00-0035401,D.Willis,Damion Willis,WR,WR,"https://static.www.nfl.com/image/private/f_auto,q_auto/league/qc6dvlvsaekyjgcqdkou",CIN,2019,1,REG,SEA,0.0,0.0,0.0,0.0,0.0,0.0,0.0,0.0,0.0,0.0,0.0,0.0,,0.0,,,0.0,0.0,0.0,0.0,0.0,0.0,,0.0,3.0,5.0,30.0,0.0,0.0,0.0,49.0,4.0,2.0,0.7925939559936523,0.0,0.6122449040412903,0.1020408198237419,0.1380281746387481,0.2496809363365173,0.0,3.0,6.0,00-0035401,WR,2019_01_CIN_SEA,201909080sea,REG,WillDa11,WR,CIN,SEA,67.0,89.0,0.0,0.0,0.0,0.0,67.0,00-0035401,WR,2.0,4.5,0.0,1,2019,8
00-0035414,J.Guyton,Jalen Guyton,WR,WR,"https://static.www.nfl.com/image/upload/f_auto,q_auto/league/a6j9njysh2lwdjblxvxw",LAC,2019,14,REG,JAX,0.0,0.0,0.0,0.0,0.0,0.0,0.0,0.0,0.0,0.0,0.0,0.0,,0.0,,,0.0,0.0,0.0,0.0,0.0,0.0,,0.0,0.0,2.0,0.0,0.0,0.0,0.0,75.0,0.0,0.0,-1.744832158088684,0.0,0.0,0.0769230797886848,0.2976190447807312,0.3237179517745971,0.0,0.0,0.0,00-0035414,WR,2019_14_LAC_JAX,201912080jax,REG,GuytJa01,WR,LAC,JAX,9.0,15.0,0.0,0.0,6.0,0.21,15.0,,,,0.0,0.0,5,2023,66
00-0035428,D.Helm,Daniel Helm,TE,TE,"https://static.www.nfl.com/image/private/f_auto,q_auto/league/aevwno51rzt28qzgkm3v",LV,2021,12,REG,DAL,0.0,0.0,0.0,0.0,0.0,0.0,0.0,0.0,0.0,0.0,0.0,0.0,,0.0,,,0.0,0.0,0.0,0.0,0.0,0.0,,0.0,0.0,1.0,0.0,0.0,0.0,0.0,4.0,0.0,0.0,-1.507667064666748,0.0,0.0,0.0263157896697521,0.0107816709205508,0.0470208525657653,0.0,0.0,0.0,00-0035428,TE,2021_12_LV_DAL,202111250dal,REG,HelmDa01,TE,LV,DAL,14.0,16.0,0.0,0.0,19.0,0.45,33.0,00-0035428,TE,3.0,0.0,0.0,1,2021,3
00-0035432,J.Moore,Jason Moore,WR,WR,"https://static.www.nfl.com/image/private/f_auto,q_auto/league/gbbc1ckeorj74mpfvstq",LAC,2019,6,REG,PIT,0.0,0.0,0.0,0.0,0.0,0.0,0.0,0.0,0.0,0.0,0.0,0.0,,0.0,,,0.0,0.0,0.0,0.0,0.0,0.0,,0.0,2.0,2.0,43.0,0.0,0.0,0.0,37.0,6.0,2.0,3.517245292663574,0.0,1.162162184715271,0.0476190485060215,0.0761316865682601,0.1247207522392273,0.0,4.300000190734863,6.300000190734863,00-0035432,WR,2019_06_PIT_LAC,201910130sdg,REG,MoorJa02,WR,LAC,PIT,5.0,8.0,0.0,0.0,13.0,0.5,18.0,,,,5.3,0.0,3,2022,9
00-0035448,D.Crockett,Damarea Crockett,RB,RB,"https://static.www.nfl.com/image/private/f_auto,q_auto/league/bhihbxc1ert3qwrlyx7t",DEN,2021,3,REG,NYJ,0.0,0.0,0.0,0.0,0.0,0.0,0.0,0.0,0.0,0.0,0.0,0.0,,0.0,,,3.0,7.0,0.0,0.0,0.0,0.0,-0.8934330940246582,0.0,0.0,0.0,0.0,0.0,0.0,0.0,0.0,0.0,0.0,,0.0,,,,,0.0,0.699999988079071,0.699999988079071,00-0035448,RB,2021_03_NYJ_DEN,202109260den,REG,CrocDa01,RB,DEN,NYJ,4.0,6.0,0.0,0.0,16.0,0.7,20.0,,,,0.7000000000000001,0.0,1,2021,2
00-0035457,T.Johnson,Tyron Johnson,WR,WR,"https://static.www.nfl.com/image/private/f_auto,q_auto/league/vrm7fxgx1p0cdabbo7ce",LAC,2020,4,REG,TB,0.0,0.0,0.0,0.0,0.0,0.0,0.0,0.0,0.0,0.0,0.0,0.0,,0.0,,,0.0,0.0,0.0,0.0,0.0,0.0,,0.0,1.0,1.0,53.0,1.0,0.0,0.0,52.0,1.0,1.0,4.610445499420166,0.0,1.0192307233810425,0.0399999991059303,0.2765957415103912,0.2536170184612274,0.0,11.300000190734863,12.300000190734863,00-0035457,WR,2020_04_LAC_TB,202010040tam,REG,JohnTy03,WR,LAC,TB,8.0,15.0,0.0,0.0,10.0,0.31,18.0,,,,11.8,0.0,3,2022,26
00-0035489,W.Hills,Wes Hills,RB,RB,"https://static.www.nfl.com/image/private/f_auto,q_auto/league/kxvtw7tugtuh36zptnko",DET,2019,15,REG,TB,0.0,0.0,0.0,0.0,0.0,0.0,0.0,0.0,0.0,0.0,0.0,0.0,,0.0,,,10.0,21.0,2.0,0.0,0.0,3.0,0.3852812647819519,0.0,2.0,2.0,1.0,0.0,0.0,0.0,-2.0,3.0,0.0,-1.5606000423431396,0.0,-0.5,0.0465116277337074,-0.0056497175246477,0.0658126398921012,0.0,14.199999809265137,16.200000762939453,00-0035489,RB,2019_15_TB_DET,201912150det,REG,HillWe00,RB,DET,TB,23.0,36.0,0.0,0.0,0.0,0.0,23.0,,,,15.2,0.0,1,2019,2
00-0035510,J.Smith,Jeff Smith,WR,WR,"https://static.www.nfl.com/image/upload/f_auto,q_auto/league/nrlg2m2ohbrp0duq1g3b",NYJ,2019,15,REG,BAL,0.0,0.0,0.0,0.0,0.0,0.0,0.0,0.0,0.0,0.0,0.0,0.0,,0.0,,,0.0,0.0,0.0,0.0,0.0,0.0,,0.0,1.0,2.0,12.0,0.0,0.0,0.0,48.0,0.0,1.0,0.479500412940979,0.0,0.25,0.0689655169844627,0.2000000029802322,0.2434482723474502,0.0,1.2000000476837158,2.200000047683716,00-0035510,WR,2019_15_NYJ_BAL,201912120rav,REG,SmitJe03,WR,NYJ,BAL,14.0,23.0,0.0,0.0,4.0,0.13,18.0,,,,1.7000000000000002,0.0,4,2022,28
00-0035527,A.Isabella,Andy Isabella,WR,WR,"https://static.www.nfl.com/image/upload/f_auto,q_auto/league/qpqphhsofn96dvojfsx1",ARI,2019,4,REG,SEA,0.0,0.0,0.0,0.0,0.0,0.0,0.0,0.0,0.0,0.0,0.0,0.0,,0.0,,,1.0,5.0,0.0,0.0,0.0,0.0,-0.7941398024559021,0.0,0.0,0.0,0.0,0.0,0.0,0.0,0.0,0.0,0.0,,0.0,,,,,0.0,0.5,0.5,00-0035527,WR,2019_04_SEA_ARI,201909290crd,REG,IsabAn00,WR,ARI,SEA,8.0,13.0,0.0,0.0,5.0,0.19,13.0,00-0035527,WR,1.0,0.5,0.0,5,2023,61
00-0035529,H.Butler,Hakeem Butler,WR,WR,"https://static.www.nfl.com/image/private/f_auto,q_auto/league/oghggusz6f5y52yoslzi",PHI,2020,7,REG,NYG,0.0,0.0,0.0,0.0,0.0,0.0,0.0,0.0,0.0,0.0,0.0,0.0,,0.0,,,0.0,0.0,0.0,0.0,0.0,0.0,,0.0,0.0,1.0,0.0,0.0,0.0,0.0,3.0,0.0,0.0,-2.6381635665893555,0.0,0.0,0.0243902429938316,0.0081300809979438,0.0422764234244823,0.0,0.0,0.0,00-0035529,TE,2020_07_NYG_PHI,202010220phi,REG,ButlHa00,TE,PHI,NYG,1.0,1.0,0.0,0.0,14.0,0.54,15.0,00-0035529,WR,3.0,0.0,0.0,1,2020,2
00-0035539,I.Nauta,Isaac Nauta,TE,TE,"https://static.www.nfl.com/image/private/f_auto,q_auto/league/nr3byepe2tjg8v8iot3z",DET,2019,14,REG,MIN,0.0,0.0,0.0,0.0,0.0,0.0,0.0,0.0,0.0,0.0,0.0,0.0,,0.0,,,0.0,0.0,0.0,0.0,0.0,0.0,,0.0,1.0,1.0,3.0,0.0,0.0,0.0,2.0,1.0,0.0,-0.0644644349813461,0.0,1.5,0.0263157896697521,0.0080000003799796,0.0450736843049526,0.0,0.3000000119209289,1.2999999523162842,00-0035539,TE,2019_14_DET_MIN,201912080min,REG,NautIs00,TE,DET,MIN,6.0,8.0,0.0,0.0,12.0,0.44,18.0,00-0035539,TE,3.0,0.8,0.0,2,2020,6
00-0035547,J.Fortson,Joseph Fortson,TE,TE,"https://static.www.nfl.com/image/private/f_auto,q_auto/league/gxhstzqswbn4z05r9rqv",KC,2021,2,REG,BAL,0.0,0.0,0.0,0.0,0.0,0.0,0.0,0.0,0.0,0.0,0.0,0.0,,0.0,,,0.0,0.0,0.0,0.0,0.0,0.0,,0.0,1.0,1.0,11.0,0.0,0.0,0.0,7.0,4.0,0.0,-0.2870550453662872,0.0,1.5714285373687744,0.0333333350718021,0.0270270276814699,0.0689189210534095,0.0,1.100000023841858,2.0999999046325684,00-0035547,TE,,,,,,,,0.0,0.0,0.0,0.0,0.0,0.0,0.0,00-0035547,TE,1.0,1.6,0.0,3,2024,20
00-0035548,V.Bryant,Ventell Bryant,WR,WR,"https://static.www.nfl.com/image/private/f_auto,q_auto/league/k7tj2w8kpuhq2gtpvi37",DAL,2019,13,REG,BUF,0.0,0.0,0.0,0.0,0.0,0.0,0.0,0.0,0.0,0.0,0.0,0.0,,0.0,,,0.0,0.0,0.0,0.0,0.0,0.0,,0.0,1.0,1.0,15.0,1.0,0.0,0.0,15.0,0.0,1.0,2.0072147846221924,0.0,1.0,0.0204081628471612,0.0420168079435825,0.060024008154869,0.0,7.5,8.5,00-0035548,WR,2019_13_BUF_DAL,201911280dal,REG,BryaVe00,WR,DAL,BUF,1.0,1.0,0.0,0.0,13.0,0.57,14.0,00-0035548,WR,3.0,8.0,0.0,1,2019,2
00-0035551,T.Brooks-James,Tony Brooks-James,RB,RB,"https://static.www.nfl.com/image/private/f_auto,q_auto/league/zn6yi45uu1wgpm8x08ph",PIT,2019,9,REG,IND,0.0,0.0,0.0,0.0,0.0,0.0,0.0,0.0,0.0,0.0,0.0,0.0,,0.0,,,1.0,0.0,0.0,0.0,0.0,0.0,-0.4963802695274353,0.0,0.0,0.0,0.0,0.0,0.0,0.0,0.0,0.0,0.0,,0.0,,,,,0.0,0.0,0.0,00-0035551,RB,2019_09_IND_PIT,201911030pit,REG,BrooTo01,RB,PIT,IND,3.0,5.0,0.0,0.0,0.0,0.0,3.0,,,,0.0,0.0,2,2020,6
00-0035553,C.Jones,Charles Jones,TE,TE,"https://static.www.nfl.com/image/private/f_auto,q_auto/league/cx7tosfq741z1xu3lbnf",JAX,2019,17,REG,IND,0.0,0.0,0.0,0.0,0.0,0.0,0.0,0.0,0.0,0.0,0.0,0.0,,0.0,,,0.0,0.0,0.0,0.0,0.0,0.0,,0.0,1.0,1.0,5.0,0.0,0.0,0.0,3.0,2.0,0.0,-0.6341140270233154,0.0,1.6666666269302368,0.0256410259753465,0.012931034900248,0.047513261437416,0.0,0.5,1.5,00-0035553,TE,2019_17_IND_JAX,201912290jax,REG,JoneCh10,TE,JAX,IND,13.0,19.0,0.0,0.0,0.0,0.0,13.0,,,,1.0,0.0,1,2019,2
00-0035562,J.Horsted,Jesper Horsted,TE,TE,"https://static.www.nfl.com/image/private/f_auto,q_auto/league/mqbodeysdvvvuhkctewa",CHI,2019,12,REG,NYG,0.0,0.0,0.0,0.0,0.0,0.0,0.0,0.0,0.0,0.0,0.0,0.0,,0.0,,,0.0,0.0,0.0,0.0,0.0,0.0,,0.0,1.0,1.0,4.0,0.0,0.0,0.0,-1.0,5.0,0.0,0.0230514947324991,0.0,0.0,0.0243902429938316,-0.0027397261001169,0.0346675589680671,0.0,0.4000000059604645,1.399999976158142,00-0035562,TE,2019_12_NYG_CHI,201911240chi,REG,HorsJe00,WR,CHI,NYG,4.0,5.0,0.0,0.0,8.0,0.29,12.0,,,,0.9,0.0,4,2023,15
00-0035572,P.Hesse,Parker Hesse,TE,TE,"https://static.www.nfl.com/image/private/f_auto,q_auto/league/gjzgdhrxeze35hqygj1y",ATL,2021,2,REG,TB,0.0,0.0,0.0,0.0,0.0,0.0,0.0,0.0,0.0,0.0,0.0,0.0,,0.0,,,0.0,0.0,0.0,0.0,0.0,0.0,,0.0,0.0,1.0,0.0,0.0,0.0,0.0,0.0,0.0,0.0,-0.438898354768753,0.0,,0.020833333954215,0.0,0.03125,0.0,0.0,0.0,00-0035572,TE,2021_02_ATL_TB,202109190tam,REG,HessPa00,TE,ATL,TB,6.0,8.0,0.0,0.0,8.0,0.27,14.0,,,,0.0,0.0,2,2022,15
00-0035577,D.Hodges,Devlin Hodges,QB,QB,"https://static.www.nfl.com/image/private/f_auto,q_auto/league/ehkdoer4nv2qp2ddam83",PIT,2019,5,REG,BAL,7.0,9.0,68.0,0.0,0.0,0.0,-0.0,0.0,0.0,47.0,17.0,4.0,2.65287709236145,0.0,1.4468084573745728,0.2063125818967819,2.0,20.0,0.0,0.0,0.0,1.0,2.080763816833496,0.0,0.0,0.0,0.0,0.0,0.0,0.0,0.0,0.0,0.0,,0.0,,,,,0.0,4.71999979019165,4.71999979019165,00-0035577,QB,2019_05_BAL_PIT,201910060pit,REG,HodgDe00,QB,PIT,BAL,26.0,45.0,0.0,0.0,0.0,0.0,26.0,00-0035577,QB,2.0,4.720000000000001,0.0,1,2019,9
00-0035590,R.Ridley,Riley Ridley,WR,WR,"https://static.www.nfl.com/image/private/f_auto,q_auto/league/r9fsvecapqc351xr2qie",CHI,2019,14,REG,DAL,0.0,0.0,0.0,0.0,0.0,0.0,0.0,0.0,0.0,0.0,0.0,0.0,,0.0,,,0.0,0.0,0.0,0.0,0.0,0.0,,0.0,1.0,1.0,5.0,0.0,0.0,0.0,5.0,0.0,0.0,0.1072543561458587,0.0,1.0,0.0322580635547637,0.025125628337264,0.0659750401973724,0.0,0.5,1.5,00-0035590,WR,2019_14_DAL_CHI,201912050chi,REG,RidlRi00,WR,CHI,DAL,29.0,41.0,0.0,0.0,4.0,0.13,33.0,00-0035590,WR,2.0,1.0,0.0,2,2020,9
00-0035592,T.Fulgham,Travis Fulgham,WR,WR,"https://static.www.nfl.com/image/private/f_auto,q_auto/league/xe4kdnx9a9p9735nhwh5",DET,2019,16,REG,DEN,0.0,0.0,0.0,0.0,0.0,0.0,0.0,0.0,0.0,0.0,0.0,0.0,,0.0,,,0.0,0.0,0.0,0.0,0.0,0.0,,0.0,0.0,2.0,0.0,0.0,0.0,0.0,56.0,0.0,0.0,-1.8024181127548216,0.0,0.0,0.0869565233588218,0.2304526716470718,0.2917516529560089,0.0,0.0,0.0,00-0035592,WR,2019_16_DET_DEN,201912220den,REG,FulgTr00,WR,DET,DEN,17.0,34.0,0.0,0.0,8.0,0.3,25.0,,,,0.0,0.0,2,2020,16
00-0035593,J.Winfree,Juwann Winfree,WR,WR,"https://static.www.nfl.com/image/private/f_auto,q_auto/league/fty9irxwcqq7malchotw",GB,2021,8,REG,ARI,0.0,0.0,0.0,0.0,0.0,0.0,0.0,0.0,0.0,0.0,0.0,0.0,,0.0,,,0.0,0.0,0.0,0.0,0.0,0.0,,0.0,4.0,6.0,30.0,0.0,1.0,0.0,24.0,14.0,2.0,0.0624256506562233,0.0,1.25,0.1714285761117935,0.208695650100708,0.4032298028469085,0.0,3.0,7.0,00-0035593,WR,2021_08_GB_ARI,202110280crd,REG,WinfJu00,WR,GB,ARI,54.0,74.0,0.0,0.0,0.0,0.0,54.0,,,,3.0,0.0,3,2023,12
00-0035596,K.Whyte,Kerrith Whyte,RB,RB,"https://static.www.nfl.com/image/private/f_auto,q_auto/league/wkjzrhylwknzyztlza5g",PIT,2019,12,REG,CIN,0.0,0.0,0.0,0.0,0.0,0.0,0.0,0.0,0.0,0.0,0.0,0.0,,0.0,,,6.0,43.0,0.0,0.0,0.0,2.0,1.7301747798919678,0.0,0.0,0.0,0.0,0.0,0.0,0.0,0.0,0.0,0.0,,0.0,,,,,0.0,4.300000190734863,4.300000190734863,00-0035596,RB,,,,,,,,0.0,0.0,0.0,0.0,0.0,0.0,0.0,,,,4.3,0.0,1,2019,10
00-0035597,J.Ursua,John Ursua,WR,WR,"https://static.www.nfl.com/image/private/f_auto,q_auto/league/unhfaasxtecti2bpdozv",SEA,2019,17,REG,SF,0.0,0.0,0.0,0.0,0.0,0.0,0.0,0.0,0.0,0.0,0.0,0.0,,0.0,,,0.0,0.0,0.0,0.0,0.0,0.0,,0.0,1.0,1.0,11.0,0.0,0.0,0.0,11.0,0.0,1.0,3.188706874847412,0.0,1.0,0.0263157896697521,0.0436507947742939,0.0700292363762855,0.0,1.100000023841858,2.0999999046325684,00-0035597,WR,2019_17_SF_SEA,201912290sea,REG,UrsuJo00,WR,SEA,SF,7.0,9.0,0.0,0.0,0.0,0.0,7.0,00-0035597,WR,3.0,1.6,0.0,1,2019,3
00-0035602,A.Bachman,Alex Bachman,WR,WR,"https://static.www.nfl.com/image/private/f_auto,q_auto/league/kwgigqsxcz8klxjfobxs",NYG,2021,18,REG,WAS,0.0,0.0,0.0,0.0,0.0,0.0,0.0,0.0,0.0,0.0,0.0,0.0,,0.0,,,1.0,-3.0,0.0,0.0,0.0,0.0,-3.791856288909912,0.0,0.0,0.0,0.0,0.0,0.0,0.0,0.0,0.0,0.0,,0.0,,,,,0.0,-0.3000000119209289,-0.3000000119209289,00-0035602,WR,2021_18_WAS_NYG,202201090nyg,REG,BachAl00,WR,NYG,WAS,25.0,42.0,0.0,0.0,11.0,0.46,36.0,,,,-0.3,0.0,2,2024,4
00-0035603,K.Blanton,Kendall Blanton,TE,TE,"https://static.www.nfl.com/image/private/f_auto,q_auto/league/hyne29kklkfyyhaljukj",LA,2021,10,REG,SF,0.0,0.0,0.0,0.0,0.0,0.0,0.0,0.0,0.0,0.0,0.0,0.0,,0.0,,,0.0,0.0,0.0,0.0,0.0,0.0,,0.0,1.0,1.0,2.0,0.0,0.0,0.0,-4.0,6.0,0.0,-2.5820915699005127,0.0,0.0,0.0238095242530107,-0.0119047621265053,0.0273809526115655,0.0,0.2000000029802322,1.2000000476837158,00-0035603,TE,2021_10_LA_SF,202111150sfo,REG,BlanKe01,TE,LA,SF,2.0,4.0,0.0,0.0,9.0,0.39,11.0,00-0035603,TE,2.0,0.7,0.0,2,2022,10
00-0035609,J.Gervase,Jake Gervase,ILB,LB,"https://static.www.nfl.com/image/private/f_auto,q_auto/league/tgzuawrs7ra52ultqahi",LA,2022,5,REG,DAL,0.0,0.0,0.0,0.0,0.0,0.0,0.0,0.0,0.0,0.0,0.0,0.0,,0.0,,,0.0,0.0,0.0,0.0,0.0,0.0,,0.0,1.0,1.0,12.0,0.0,0.0,0.0,6.0,6.0,1.0,2.616058349609375,0.0,2.0,0.0238095242530107,0.0176470596343278,0.0480672270059585,0.0,1.2000000476837158,2.200000047683716,00-0035609,LB,2022_05_DAL_LA,202210090ram,REG,GervJa00,LB,LA,DAL,0.0,0.0,0.0,0.0,27.0,0.9,27.0,00-0035609,ILB,3.0,1.7000000000000002,0.0,1,2022,2
00-0035621,N.Webster,Nsimba Webster,WR,WR,"https://static.www.nfl.com/image/private/f_auto,q_auto/league/ozrgm6uydeeuyh0ropgj",CHI,2022,15,REG,PHI,0.0,0.0,0.0,0.0,0.0,0.0,0.0,0.0,0.0,0.0,0.0,0.0,,0.0,,,0.0,0.0,0.0,0.0,0.0,0.0,,0.0,2.0,3.0,14.0,0.0,1.0,0.0,22.0,4.0,1.0,0.3813299834728241,0.0,0.6363636255264282,0.1428571492433548,0.1392405033111572,0.3117540776729584,0.0,1.399999976158142,3.400000095367432,00-0035621,WR,2022_15_PHI_CHI,202212180chi,REG,WebsNs00,WR,CHI,PHI,10.0,17.0,0.0,0.0,10.0,0.4,20.0,,,,0.4000000000000003,0.0,1,2022,2
00-0035624,N.Harry,N'Keal Harry,TE,TE,"https://static.www.nfl.com/image/upload/f_auto,q_auto/league/yl0nlprrudo2o0awymq3",NE,2019,11,REG,PHI,0.0,0.0,0.0,0.0,0.0,0.0,0.0,0.0,0.0,0.0,0.0,0.0,,0.0,,,0.0,0.0,0.0,0.0,0.0,0.0,,0.0,3.0,4.0,18.0,0.0,0.0,0.0,16.0,6.0,1.0,0.2386767119169235,0.0,1.125,0.0888888910412788,0.0486322194337844,0.1673758924007415,0.0,1.7999999523162842,4.800000190734863,00-0035624,TE,2019_11_NE_PHI,201911170phi,REG,HarrNK00,WR,NE,PHI,32.0,43.0,0.0,0.0,3.0,0.1,35.0,00-0035624,WR,2.0,3.3,0.0,4,2022,41
00-0035639,P.Campbell,Parris Campbell,WR,WR,"https://static.www.nfl.com/image/upload/f_auto,q_auto/league/zesqmghc8zchkvhsv9jb",IND,2019,1,REG,LAC,0.0,0.0,0.0,0.0,0.0,0.0,0.0,0.0,0.0,0.0,0.0,0.0,,0.0,,,1.0,7.0,0.0,0.0,0.0,0.0,0.3979115784168243,0.0,1.0,1.0,1.0,0.0,0.0,0.0,-4.0,5.0,0.0,-0.6951454877853394,0.0,0.0,0.0370370373129844,-0.0253164563328027,0.0378340370953083,0.0,0.800000011920929,1.7999999523162842,00-0035639,WR,2019_01_IND_LAC,201909080sdg,REG,CampPa00,WR,IND,LAC,18.0,29.0,0.0,0.0,5.0,0.19,23.0,00-0035639,WR,3.0,1.3000000000000005,0.0,6,2024,54
00-0035652,R.Finley,Ryan Finley,QB,QB,"https://static.www.nfl.com/image/private/f_auto,q_auto/league/vz8qctzxuap5nxbaw8ql",CIN,2019,10,REG,BAL,16.0,30.0,167.0,1.0,1.0,2.0,17.0,1.0,1.0,225.0,87.0,9.0,-23.89351463317871,0.0,0.742222249507904,-0.0205093082040548,5.0,22.0,0.0,0.0,0.0,2.0,-1.7196344137191772,0.0,0.0,0.0,0.0,0.0,0.0,0.0,0.0,0.0,0.0,,0.0,,,,,0.0,8.880000114440918,8.880000114440918,00-0035652,QB,2019_10_BAL_CIN,201911100cin,REG,FinlRy00,QB,CIN,BAL,73.0,100.0,0.0,0.0,0.0,0.0,73.0,00-0035652,QB,2.0,9.88,0.0,2,2020,9
00-0035654,C.Winovich,Chase Winovich,DE,DL,"https://static.www.nfl.com/image/private/f_auto,q_auto/league/pbnpzaqm5bba9dfrtmis",NE,2019,6,REG,NE,0.0,0.0,0.0,0.0,0.0,0.0,0.0,0.0,0.0,0.0,0.0,0.0,,0.0,,,0.0,0.0,0.0,0.0,0.0,0.0,,0.0,0.0,0.0,0.0,0.0,0.0,0.0,0.0,0.0,0.0,,0.0,,,,,1.0,6.0,6.0,00-0035654,DE,2019_06_NYG_NE,201910100nwe,REG,WinoCh00,DE,NE,NYG,0.0,0.0,14.0,28.000000000000004,7.0,0.27,21.0,00-0035654,DE,3.0,0.0,0.0,1,2019,2
00-0035657,D.Harris,Damien Harris,RB,RB,"https://static.www.nfl.com/image/private/f_auto,q_auto/league/s0cagglk6qh9ciuddjmu",NE,2019,7,REG,NYJ,0.0,0.0,0.0,0.0,0.0,0.0,0.0,0.0,0.0,0.0,0.0,0.0,,0.0,,,4.0,12.0,0.0,0.0,0.0,0.0,-1.508874773979187,0.0,0.0,0.0,0.0,0.0,0.0,0.0,0.0,0.0,0.0,,0.0,,,,,0.0,1.2000000476837158,1.2000000476837158,00-0035657,RB,2019_07_NE_NYJ,201910210nyj,REG,HarrDa06,RB,NE,NYJ,5.0,6.0,0.0,0.0,0.0,0.0,5.0,00-0035657,RB,3.0,1.2000000000000002,0.0,5,2023,50
00-0035660,K.Warring,Kahale Warring,TE,TE,"https://static.www.nfl.com/image/private/f_auto,q_auto/league/adrvlvekklnb2zratimi",HOU,2020,12,REG,DET,0.0,0.0,0.0,0.0,0.0,0.0,0.0,0.0,0.0,0.0,0.0,0.0,,0.0,,,0.0,0.0,0.0,0.0,0.0,0.0,,0.0,0.0,1.0,0.0,0.0,0.0,0.0,6.0,0.0,0.0,-0.569964587688446,0.0,0.0,0.0434782616794109,0.0212765950709581,0.0801110118627548,0.0,0.0,0.0,00-0035660,TE,2020_12_HOU_DET,202011260det,REG,WarrKa00,TE,HOU,DET,4.0,7.000000000000001,0.0,0.0,7.0,0.23,11.0,,,,0.0,0.0,1,2020,6
00-0035664,D.Henderson,Darrell Henderson,RB,RB,"https://static.www.nfl.com/image/private/f_auto,q_auto/league/trvk8n0wjne7edxbajgw",LA,2019,1,REG,CAR,0.0,0.0,0.0,0.0,0.0,0.0,0.0,0.0,0.0,0.0,0.0,0.0,,0.0,,,1.0,0.0,0.0,0.0,0.0,0.0,-0.4775995314121246,0.0,0.0,0.0,0.0,0.0,0.0,0.0,0.0,0.0,0.0,,0.0,,,,,0.0,0.0,0.0,00-0035664,RB,2019_01_LA_CAR,201909080car,REG,HendDa00,RB,LA,CAR,2.0,3.0,0.0,0.0,0.0,0.0,2.0,00-0035664,RB,3.0,0.0,0.0,5,2023,58
00-0035665,D.Long,David Long,CB,DB,"https://static.www.nfl.com/image/upload/f_auto,q_auto/league/uawngyyimhhcvwiijs1x",LA,2019,10,REG,PIT,0.0,0.0,0.0,0.0,0.0,0.0,0.0,0.0,0.0,0.0,0.0,0.0,,0.0,,,0.0,0.0,0.0,0.0,0.0,0.0,,0.0,0.0,1.0,0.0,0.0,0.0,0.0,4.0,0.0,0.0,-3.512392997741699,0.0,0.0,0.0238095242530107,0.0134228188544511,0.0451102592051029,0.0,0.0,0.0,00-0035665,DB,2019_10_KC_TEN,201911100oti,REG,LongDa04,LB,TEN,KC,0.0,0.0,28.0,34.0,13.0,0.41,41.0,00-0035665,CB,2.0,0.0,0.0,1,2019,3
00-0035671,J.Sternberger,Jace Sternberger,TE,TE,"https://static.www.nfl.com/image/private/f_auto,q_auto/league/dhmgw6mercfkpyfh1mw8",GB,2019,14,REG,WAS,0.0,0.0,0.0,0.0,0.0,0.0,0.0,0.0,0.0,0.0,0.0,0.0,,0.0,,,0.0,0.0,0.0,0.0,0.0,0.0,,0.0,0.0,1.0,0.0,0.0,0.0,0.0,13.0,0.0,0.0,-0.4649129509925842,0.0,0.0,0.0370370373129844,0.0616113729774951,0.0986835211515426,0.0,0.0,0.0,00-0035671,TE,2019_14_WAS_GB,201912080gnb,REG,SterJa00,TE,GB,WAS,6.0,10.0,0.0,0.0,3.0,0.12,9.0,00-0035671,TE,3.0,0.0,0.0,2,2020,13
00-0035688,T.Pipkins,Trey Pipkins,T,OL,"https://static.www.nfl.com/image/private/f_auto,q_auto/league/v6tmtde91k7rtcl6liau",LAC,2023,2,REG,TEN,0.0,0.0,0.0,0.0,0.0,0.0,0.0,0.0,0.0,0.0,0.0,0.0,,0.0,,,0.0,0.0,0.0,0.0,0.0,0.0,,0.0,0.0,0.0,0.0,0.0,0.0,0.0,0.0,0.0,0.0,,1.0,,,,,0.0,2.0,2.0,00-0035688,OT,2023_02_LAC_TEN,202309170oti,REG,PipkTr00,T,LAC,TEN,68.0,100.0,0.0,0.0,4.0,0.13,72.0,00-0035688,T,1.0,0.0,0.0,1,2023,2
00-0035715,D.Gore,Derrick Gore,RB,RB,"https://static.www.nfl.com/image/private/f_auto,q_auto/league/wk7zy3ceecze3ly0mj7c",KC,2021,7,REG,TEN,0.0,0.0,0.0,0.0,0.0,0.0,0.0,0.0,0.0,0.0,0.0,0.0,,0.0,,,0.0,0.0,0.0,0.0,0.0,0.0,,0.0,1.0,1.0,7.0,0.0,0.0,0.0,-1.0,8.0,1.0,0.7659530639648438,0.0,-7.0,0.020833333954215,-0.0028490028344094,0.0292556975036859,0.0,0.699999988079071,1.7000000476837158,00-0035715,RB,2021_07_KC_TEN,202110240oti,REG,GoreDe00,RB,KC,TEN,5.0,7.000000000000001,0.0,0.0,8.0,0.42,13.0,00-0035715,RB,3.0,1.2000000000000002,0.0,2,2023,14
00-0035752,C.Streveler,Chris Streveler,QB,QB,"https://static.www.nfl.com/image/private/f_auto,q_auto/league/epyvfplm9neqqvzsj2q8",ARI,2020,1,REG,SF,0.0,0.0,0.0,0.0,0.0,0.0,0.0,0.0,0.0,0.0,0.0,0.0,,0.0,,,1.0,3.0,0.0,0.0,0.0,1.0,0.5351775884628296,0.0,0.0,0.0,0.0,0.0,0.0,0.0,0.0,0.0,0.0,,0.0,,,,,0.0,0.3000000119209289,0.3000000119209289,00-0035752,QB,2020_01_ARI_SF,202009130sfo,REG,StreCh00,QB,ARI,SF,1.0,1.0,0.0,0.0,1.0,0.04,2.0,00-0035752,QB,3.0,0.3,0.0,3,2022,8
00-0035760,J.Patrick,Jacques Patrick,RB,RB,"https://static.www.nfl.com/image/private/f_auto,q_auto/league/c7akgryuyuxz7wok2qcf",SF,2021,4,REG,SEA,0.0,0.0,0.0,0.0,0.0,0.0,0.0,0.0,0.0,0.0,0.0,0.0,,0.0,,,2.0,12.0,0.0,0.0,0.0,1.0,0.8197721838951111,0.0,0.0,0.0,0.0,0.0,0.0,0.0,0.0,0.0,0.0,,0.0,,,,,0.0,1.2000000476837158,1.2000000476837158,00-0035760,RB,,,,,,,,0.0,0.0,0.0,0.0,0.0,0.0,0.0,00-0035760,RB,2.0,1.2000000000000002,0.0,1,2021,2
00-0035823,B.Ellefson,Ben Ellefson,TE,TE,"https://static.www.nfl.com/image/private/f_auto,q_auto/league/obeiese68connhihpmln",JAX,2020,7,REG,LAC,0.0,0.0,0.0,0.0,0.0,0.0,0.0,0.0,0.0,0.0,0.0,0.0,,0.0,,,0.0,0.0,0.0,0.0,0.0,0.0,,0.0,0.0,0.0,0.0,0.0,0.0,0.0,0.0,0.0,0.0,,1.0,,,,,0.0,2.0,2.0,00-0035823,TE,2020_07_JAX_LAC,202010250sdg,REG,ElleBe00,TE,JAX,LAC,19.0,30.0,0.0,0.0,8.0,0.27,27.0,,,,0.0,0.0,3,2022,9
00-0035831,J.Robinson,James Robinson,RB,RB,"https://static.www.nfl.com/image/upload/f_auto,q_auto/league/htviio8mhknq9cennrdq",JAX,2020,1,REG,IND,0.0,0.0,0.0,0.0,0.0,0.0,0.0,0.0,0.0,0.0,0.0,0.0,,0.0,,,16.0,62.0,0.0,0.0,0.0,4.0,-1.6219016313552856,0.0,1.0,1.0,28.0,0.0,0.0,0.0,-5.0,33.0,1.0,2.109400749206543,0.0,-5.599999904632568,0.050000000745058,-0.0561797767877578,0.0356741584837436,0.0,9.0,10.0,00-0035831,RB,2020_01_IND_JAX,202009130jax,REG,RobiJa00,RB,JAX,IND,34.0,68.0,0.0,0.0,0.0,0.0,34.0,00-0035831,RB,1.0,9.5,0.0,4,2023,44
00-0035835,N.Cottrell,Nathan Cottrell,RB,RB,"https://static.www.nfl.com/image/private/f_auto,q_auto/league/nxdpocnvirsxjrwmkgvw",JAX,2021,16,REG,NYJ,0.0,0.0,0.0,0.0,0.0,0.0,0.0,0.0,0.0,0.0,0.0,0.0,,0.0,,,1.0,3.0,0.0,0.0,0.0,0.0,-0.0874983444809913,0.0,0.0,0.0,0.0,0.0,0.0,0.0,0.0,0.0,0.0,,0.0,,,,,0.0,0.3000000119209289,0.3000000119209289,00-0035835,RB,2021_16_JAX_NYJ,202112260nyj,REG,CottNa00,RB,JAX,NYJ,1.0,1.0,0.0,0.0,11.0,0.46,12.0,,,,0.3,0.0,1,2021,2
00-0035844,K.Merritt,Kirk Merritt,WR,WR,"https://static.www.nfl.com/image/private/f_auto,q_auto/league/lrixuukk1wxvulscykqs",MIA,2021,9,REG,HOU,0.0,0.0,0.0,0.0,0.0,0.0,0.0,0.0,0.0,0.0,0.0,0.0,,0.0,,,0.0,0.0,0.0,0.0,0.0,0.0,,0.0,1.0,3.0,13.0,0.0,0.0,0.0,56.0,6.0,1.0,-0.2178100496530532,0.0,0.2321428507566452,0.0750000029802322,0.145454540848732,0.214318186044693,0.0,1.2999999523162842,2.299999952316284,00-0035844,WR,2021_09_HOU_MIA,202111070mia,REG,MerrKi00,WR,MIA,HOU,11.0,15.0,0.0,0.0,3.0,0.12,14.0,,,,1.8,0.0,1,2021,2
00-0035848,D.Harris,DeMichael Harris,WR,WR,"https://static.www.nfl.com/image/private/f_auto,q_auto/league/mrren8m5euy8x1amvqus",IND,2020,6,REG,CIN,0.0,0.0,0.0,0.0,0.0,0.0,0.0,0.0,0.0,0.0,0.0,0.0,,0.0,,,0.0,0.0,0.0,0.0,0.0,0.0,,0.0,3.0,3.0,29.0,0.0,0.0,0.0,6.0,23.0,1.0,1.7425575256347656,0.0,4.833333492279053,0.0714285746216774,0.0174927115440368,0.1193877533078193,0.0,2.900000095367432,5.900000095367432,00-0035848,WR,,,,,,,,0.0,0.0,0.0,0.0,0.0,0.0,0.0,,,,4.4,0.0,1,2020,7
00-0035860,T.Jones,Tony Jones,RB,RB,"https://static.www.nfl.com/image/private/f_auto,q_auto/league/cgvll8lokulmws98olfa",NO,2020,17,REG,CAR,0.0,0.0,0.0,0.0,0.0,0.0,0.0,0.0,0.0,0.0,0.0,0.0,,0.0,,,3.0,13.0,0.0,0.0,0.0,1.0,0.4286583662033081,0.0,0.0,0.0,0.0,0.0,0.0,0.0,0.0,0.0,0.0,,0.0,,,,,0.0,1.2999999523162842,1.2999999523162842,00-0035860,RB,2020_17_NO_CAR,202101030car,REG,JoneTo04,RB,NO,CAR,5.0,8.0,0.0,0.0,0.0,0.0,5.0,,,,1.3,0.0,5,2024,26
00-0035864,K.Hinton,Kendall Hinton,WR,WR,"https://static.www.nfl.com/image/private/f_auto,q_auto/league/emvbhstqosvayr6dm2jp",DEN,2020,12,REG,NO,1.0,9.0,13.0,0.0,2.0,1.0,1.0,0.0,0.0,134.0,16.0,1.0,-11.93053913116455,0.0,0.0970149263739585,-0.1289627254009246,2.0,7.0,0.0,0.0,0.0,0.0,-1.408618688583374,0.0,0.0,0.0,0.0,0.0,0.0,0.0,0.0,0.0,0.0,,0.0,,,,,0.0,-2.7799999713897705,-2.7799999713897705,00-0035864,WR,2020_12_NO_DEN,202011290den,REG,HintKe00,QB,DEN,NO,24.0,56.00000000000001,0.0,0.0,0.0,0.0,24.0,,,,-0.7799999999999999,0.0,3,2022,40
00-0035869,A.Mack,Austin Mack,WR,WR,"https://static.www.nfl.com/image/upload/f_auto,q_auto/league/b0qw4yrgtryeikt4fypi",NYG,2020,6,REG,WAS,0.0,0.0,0.0,0.0,0.0,0.0,0.0,0.0,0.0,0.0,0.0,0.0,,0.0,,,0.0,0.0,0.0,0.0,0.0,0.0,,0.0,1.0,1.0,1.0,0.0,0.0,0.0,1.0,0.0,0.0,-0.5535246729850769,0.0,1.0,0.0555555559694767,0.0080000003799796,0.0889333337545394,0.0,0.1000000014901161,1.100000023841858,00-0035869,WR,2020_06_WAS_NYG,202010180nyg,REG,MackAu01,WR,NYG,WAS,36.0,75.0,0.0,0.0,0.0,0.0,36.0,,,,0.6,0.0,1,2020,6
00-0035883,M.Ffrench,Maurice Ffrench,WR,WR,"https://static.www.nfl.com/image/private/f_auto,q_auto/league/uyhv8s8fjussx1idbxss",LAC,2021,16,REG,HOU,0.0,0.0,0.0,0.0,0.0,0.0,0.0,0.0,0.0,0.0,0.0,0.0,,0.0,,,1.0,3.0,0.0,0.0,0.0,0.0,-0.2804734706878662,0.0,0.0,0.0,0.0,0.0,0.0,0.0,0.0,0.0,0.0,,0.0,,,,,0.0,0.3000000119209289,0.3000000119209289,00-0035883,WR,2021_16_LAC_HOU,202112260htx,REG,FfreMa00,WR,LAC,HOU,2.0,3.0,0.0,0.0,3.0,0.11,5.0,,,,0.3,0.0,1,2021,2
00-0035898,D.Bradwell,Darius Bradwell,RB,RB,"https://static.www.nfl.com/image/private/f_auto,q_auto/league/disdrxqtrv91rtoolwup",LAC,2021,12,REG,DEN,0.0,0.0,0.0,0.0,0.0,0.0,0.0,0.0,0.0,0.0,0.0,0.0,,0.0,,,0.0,0.0,0.0,0.0,0.0,0.0,,0.0,0.0,1.0,0.0,0.0,0.0,0.0,1.0,0.0,0.0,-0.4489672482013702,0.0,0.0,0.0227272734045982,0.0034843205939978,0.0365299321711063,0.0,0.0,0.0,00-0035898,RB,2021_12_LAC_DEN,202111280den,REG,BradDa00,RB,LAC,DEN,7.0,10.0,0.0,0.0,10.0,0.5,17.0,,,,0.0,0.0,1,2021,2
00-0035908,G.Nabers,Gabe Nabers,FB,RB,"https://static.www.nfl.com/image/private/f_auto,q_auto/league/dbxerjvfk8aqe26t0eny",LAC,2020,4,REG,TB,0.0,0.0,0.0,0.0,0.0,0.0,0.0,0.0,0.0,0.0,0.0,0.0,,0.0,,,1.0,4.0,0.0,0.0,0.0,0.0,-0.2561643719673157,0.0,1.0,1.0,5.0,0.0,0.0,0.0,2.0,3.0,0.0,-0.0567535087466239,0.0,2.5,0.0399999991059303,0.010638297535479,0.0674468055367469,0.0,0.8999999761581421,1.899999976158142,00-0035908,FB,2020_04_LAC_TB,202010040tam,REG,NabeGa00,RB,LAC,TB,7.0,13.0,0.0,0.0,18.0,0.56,25.0,00-0035908,FB,1.0,1.4,0.0,2,2021,15
00-0035912,L.Bellamy,LeVante Bellamy,RB,RB,"https://static.www.nfl.com/image/private/f_auto,q_auto/league/cp6swcvzcfe3zwpoymke",DEN,2020,16,REG,LAC,0.0,0.0,0.0,0.0,0.0,0.0,0.0,0.0,0.0,0.0,0.0,0.0,,0.0,,,3.0,11.0,0.0,0.0,0.0,0.0,-0.4965255856513977,0.0,1.0,1.0,5.0,0.0,0.0,0.0,0.0,5.0,0.0,-0.8565227389335632,0.0,0.0,0.0232558138668537,0.0,0.0348837226629257,0.0,1.600000023841858,2.5999999046325684,00-0035912,RB,2020_16_DEN_LAC,202012270sdg,REG,BellLe02,RB,DEN,LAC,8.0,10.0,0.0,0.0,16.0,0.53,24.0,,,,2.1,0.0,1,2020,3
00-0035939,B.Perkins,Bryce Perkins,QB,QB,"https://static.www.nfl.com/image/private/f_auto,q_auto/league/mouuxpmyg8wgcrtfc0tr",LA,2022,10,REG,ARI,1.0,1.0,-3.0,0.0,0.0,0.0,-0.0,0.0,0.0,-3.0,0.0,0.0,-1.1198842525482178,0.0,0.0,,3.0,4.0,0.0,0.0,0.0,0.0,-2.233428239822388,0.0,0.0,0.0,0.0,0.0,0.0,0.0,0.0,0.0,0.0,,0.0,,,,,0.0,0.2800000011920929,0.2800000011920929,00-0035939,QB,2022_10_ARI_LA,202211130ram,REG,PerkBr02,QB,LA,ARI,5.0,8.0,0.0,0.0,0.0,0.0,5.0,,,,0.28,0.0,1,2022,6
00-0035950,M.Hartsfield,Myles Hartsfield,FS,DB,"https://static.www.nfl.com/image/private/f_auto,q_auto/league/gk1w1temj96w6wmgyy5x",CAR,2020,7,REG,NO,0.0,0.0,0.0,0.0,0.0,0.0,0.0,0.0,0.0,0.0,0.0,0.0,,0.0,,,2.0,2.0,0.0,0.0,0.0,0.0,-1.1623841524124146,0.0,0.0,0.0,0.0,0.0,0.0,0.0,0.0,0.0,0.0,,0.0,,,,,0.0,0.2000000029802322,0.2000000029802322,00-0035950,FS,2020_07_CAR_NO,202010250nor,REG,HartMy00,DB,CAR,NO,4.0,9.0,0.0,0.0,12.0,0.55,16.0,00-0035950,FS,3.0,0.2,0.0,1,2020,2
00-0035957,R.Smith,Rodney Smith,RB,RB,"https://static.www.nfl.com/image/private/f_auto,q_auto/league/xd2tfhcsbxeokt2bisun",CAR,2020,10,REG,TB,0.0,0.0,0.0,0.0,0.0,0.0,0.0,0.0,0.0,0.0,0.0,0.0,,0.0,,,3.0,13.0,0.0,0.0,0.0,1.0,-0.1191027611494064,0.0,1.0,1.0,2.0,0.0,0.0,0.0,0.0,2.0,0.0,-0.5702709555625916,0.0,0.0,0.0357142873108387,0.0,0.0535714291036129,0.0,1.5,2.5,00-0035957,RB,2020_10_TB_CAR,202011150car,REG,SmitRo08,RB,CAR,TB,9.0,19.0,0.0,0.0,0.0,0.0,9.0,,,,2.0,0.0,2,2021,10
00-0035976,D.Chisena,Dan Chisena,WR,WR,"https://static.www.nfl.com/image/upload/f_auto,q_auto/league/dwiqdrtc7vgrvngxoiix",CAR,2024,13,REG,TB,0.0,0.0,0.0,0.0,0.0,0.0,0.0,0.0,0.0,0.0,0.0,0.0,,0.0,,,0.0,0.0,0.0,0.0,0.0,0.0,,0.0,1.0,1.0,6.0,0.0,0.0,0.0,5.0,1.0,0.0,0.2383708655834198,0.0,1.2000000476837158,0.0243902429938316,0.0124688278883695,0.0453135445713996,0.0,0.6000000238418579,1.600000023841858,00-0035976,WR,2024_13_TB_CAR,202412010car,REG,ChisDa00,WR,CAR,TB,2.0,3.0,0.0,0.0,17.0,0.47,19.0,,,,1.1,0.0,1,2024,4
00-0036000,A.Killins,Adrian Killins,RB,RB,"https://static.www.nfl.com/image/private/f_auto,q_auto/league/ip1zbhwbowhy8zkqzmng",PHI,2020,4,REG,SF,0.0,0.0,0.0,0.0,0.0,0.0,0.0,0.0,0.0,0.0,0.0,0.0,,0.0,,,1.0,-12.0,0.0,0.0,0.0,0.0,-1.7750083208084106,0.0,1.0,1.0,2.0,0.0,0.0,0.0,-4.0,6.0,0.0,-0.2689134478569031,0.0,-0.5,0.0384615398943424,-0.0263157896697521,0.0392712540924549,0.0,-1.0,0.0,00-0036000,RB,2020_04_PHI_SF,202010040sfo,REG,KillAd00,RB,PHI,SF,8.0,13.0,0.0,0.0,0.0,0.0,8.0,,,,-0.5000000000000002,0.0,1,2020,2
00-0036005,N.Togiai,Noah Togiai,TE,TE,"https://static.www.nfl.com/image/private/f_auto,q_auto/league/evxzsdrwsxqg5jobzl0r",IND,2020,3,REG,NYJ,0.0,0.0,0.0,0.0,0.0,0.0,0.0,0.0,0.0,0.0,0.0,0.0,,0.0,,,0.0,0.0,0.0,0.0,0.0,0.0,,0.0,0.0,1.0,0.0,0.0,0.0,0.0,3.0,0.0,0.0,-1.1779868602752686,0.0,0.0,0.0399999991059303,0.0209790207445621,0.0746853128075599,0.0,0.0,0.0,00-0036005,TE,2020_03_NYJ_IND,202009270clt,REG,TogiNo00,TE,IND,NYJ,15.0,25.0,0.0,0.0,6.0,0.22,21.0,00-0036005,TE,2.0,0.0,0.0,2,2022,4
00-0036008,H.Bryant,Hunter Bryant,TE,TE,"https://static.www.nfl.com/image/private/f_auto,q_auto/league/agkex6nzvopiv5he5eqi",DET,2020,15,REG,TEN,0.0,0.0,0.0,0.0,0.0,0.0,0.0,0.0,0.0,0.0,0.0,0.0,,0.0,,,0.0,0.0,0.0,0.0,0.0,0.0,,0.0,1.0,2.0,44.0,0.0,0.0,0.0,55.0,12.0,1.0,2.1037347316741943,0.0,0.800000011920929,0.0540540553629398,0.1558073610067367,0.1901462376117706,0.0,4.400000095367432,5.400000095367432,00-0036008,TE,2020_15_DET_TEN,202012200oti,REG,BryaHu02,TE,DET,TEN,7.0,11.0,0.0,0.0,8.0,0.31,15.0,00-0036008,TE,3.0,4.9,0.0,1,2020,3
00-0036069,S.Phillips,Scottie Phillips,RB,RB,"https://static.www.nfl.com/image/private/f_auto,q_auto/league/wa1jecqwos8s5mslgvqk",HOU,2020,15,REG,IND,0.0,0.0,0.0,0.0,0.0,0.0,0.0,0.0,0.0,0.0,0.0,0.0,,0.0,,,2.0,9.0,0.0,0.0,0.0,0.0,-0.0085277389734983,0.0,1.0,1.0,7.0,0.0,0.0,0.0,3.0,4.0,0.0,0.6030473113059998,0.0,2.3333332538604736,0.0263157896697521,0.0102389082312583,0.0466409213840961,0.0,1.600000023841858,2.5999999046325684,00-0036069,RB,2020_15_HOU_IND,202012200clt,REG,PhilSc01,RB,HOU,IND,4.0,6.0,0.0,0.0,12.0,0.52,16.0,00-0036069,RB,3.0,2.1,0.0,2,2021,5
00-0036080,E.Winston,Easop Winston,WR,WR,"https://static.www.nfl.com/image/private/f_auto,q_auto/league/pjpndfutwa07enkfrxwh",NO,2021,14,REG,NYJ,0.0,0.0,0.0,0.0,0.0,0.0,0.0,0.0,0.0,0.0,0.0,0.0,,0.0,,,0.0,0.0,0.0,0.0,0.0,0.0,,0.0,1.0,1.0,5.0,0.0,0.0,0.0,-4.0,9.0,0.0,-0.509274959564209,0.0,0.0,0.0476190485060215,-0.0434782616794109,0.0409937873482704,0.0,0.5,1.5,00-0036080,WR,2021_14_NO_NYJ,202112120nyj,REG,WinsEa00,WR,NO,NYJ,7.0,10.0,0.0,0.0,8.0,0.27,15.0,,,,1.0,0.0,1,2021,2
00-0036100,I.Zuber,Isaiah Zuber,WR,WR,"https://static.www.nfl.com/image/private/f_auto,q_auto/league/fnnnosvydm195mhksb4s",NE,2020,3,REG,LV,0.0,0.0,0.0,0.0,0.0,0.0,0.0,0.0,0.0,0.0,0.0,0.0,,0.0,,,1.0,13.0,0.0,0.0,0.0,1.0,0.8947658538818359,0.0,0.0,0.0,0.0,0.0,0.0,0.0,0.0,0.0,0.0,,0.0,,,,,0.0,1.2999999523162842,1.2999999523162842,00-0036100,WR,2020_03_LV_NE,202009270nwe,REG,ZubeIs00,WR,NE,LV,6.0,9.0,0.0,0.0,0.0,0.0,6.0,,,,1.3,0.0,1,2020,5
00-0036110,J.Bradley,Ja'Marcus Bradley,WR,WR,"https://static.www.nfl.com/image/private/f_auto,q_auto/league/zt4nt4auwksfvxfclbwk",CLE,2020,16,REG,NYJ,0.0,0.0,0.0,0.0,0.0,0.0,0.0,0.0,0.0,0.0,0.0,0.0,,0.0,,,0.0,0.0,0.0,0.0,0.0,0.0,,0.0,5.0,11.0,60.0,0.0,0.0,0.0,126.0,11.0,2.0,1.0428364276885986,0.0,0.4761904776096344,0.2199999988079071,0.3142144680023193,0.549950122833252,0.0,6.0,11.0,00-0036110,WR,2020_16_CLE_NYJ,202012270nyj,REG,BradJa01,WR,CLE,NYJ,77.0,95.0,0.0,0.0,0.0,0.0,77.0,,,,8.5,0.0,2,2021,5
00-0036133,J.Proche,James Proche,WR,WR,"https://static.www.nfl.com/image/upload/f_auto,q_auto/league/me4h87meacls1jjh0cug",BAL,2020,8,REG,PIT,0.0,0.0,0.0,0.0,0.0,0.0,0.0,0.0,0.0,0.0,0.0,0.0,,0.0,,,0.0,0.0,0.0,0.0,0.0,0.0,,0.0,0.0,1.0,0.0,0.0,0.0,0.0,4.0,0.0,0.0,-7.599447250366211,0.0,0.0,0.0384615398943424,0.018433179706335,0.0705955326557159,0.0,0.0,0.0,00-0036133,WR,2020_08_PIT_BAL,202011010rav,REG,ProcJa00,WR,BAL,PIT,3.0,4.0,0.0,0.0,6.0,0.23,9.0,00-0036133,WR,3.0,0.0,0.0,5,2024,53
00-0036142,I.Wright,Isaiah Wright,WR,WR,"https://static.www.nfl.com/image/private/f_auto,q_auto/league/ndgmtw52eaxjpuyfue4m",WAS,2020,3,REG,CLE,0.0,0.0,0.0,0.0,0.0,0.0,0.0,0.0,0.0,0.0,0.0,0.0,,0.0,,,1.0,6.0,0.0,0.0,0.0,0.0,0.1905873715877533,0.0,4.0,6.0,24.0,0.0,0.0,0.0,32.0,26.0,1.0,0.1320220082998275,0.0,0.75,0.1666666716337204,0.1311475336551666,0.3418032824993133,0.0,3.0,7.0,00-0036142,WR,2020_03_WAS_CLE,202009270cle,REG,WrigIs01,WR,WAS,CLE,29.0,45.0,0.0,0.0,14.0,0.5,43.0,00-0036142,WR,2.0,5.0,0.0,1,2020,32
00-0036173,T.Hudson,Tommy Hudson,TE,TE,"https://static.www.nfl.com/image/private/f_auto,q_auto/league/qjv7a2gvgt7w8voytjeb",TEN,2021,2,REG,SEA,0.0,0.0,0.0,0.0,0.0,0.0,0.0,0.0,0.0,0.0,0.0,0.0,,0.0,,,0.0,0.0,0.0,0.0,0.0,0.0,,0.0,1.0,2.0,14.0,0.0,0.0,0.0,2.0,14.0,1.0,-1.2691766023635864,0.0,7.0,0.0512820519506931,0.00492610828951,0.0803713500499725,0.0,1.399999976158142,2.400000095367432,00-0036173,TE,2021_02_TEN_SEA,202109190sea,REG,HudsTo00,TE,TEN,SEA,21.0,24.0,0.0,0.0,7.0,0.19,28.0,00-0036173,TE,3.0,1.9,0.0,1,2021,5
00-0036188,A.Williams,Antonio Williams,RB,RB,"https://static.www.nfl.com/image/private/f_auto,q_auto/league/lrv5bhws8lzbwqernv6s",BUF,2020,17,REG,MIA,0.0,0.0,0.0,0.0,0.0,0.0,0.0,0.0,0.0,0.0,0.0,0.0,,0.0,,,12.0,63.0,2.0,0.0,0.0,4.0,2.231978416442871,0.0,1.0,1.0,20.0,0.0,0.0,0.0,4.0,16.0,1.0,1.4815832376480105,0.0,5.0,0.0270270276814699,0.0087145967409014,0.046640757471323,0.0,20.299999237060547,21.299999237060547,00-0036188,RB,2020_17_MIA_BUF,202101030buf,REG,WillAn03,RB,BUF,MIA,28.0,44.0,0.0,0.0,0.0,0.0,28.0,,,,20.8,0.0,1,2020,2
00-0036194,D.Asiasi,Devin Asiasi,TE,TE,"https://static.www.nfl.com/image/private/f_auto,q_auto/league/ag0lglz7kkq6d29iqxl8",NE,2020,14,REG,LA,0.0,0.0,0.0,0.0,0.0,0.0,0.0,0.0,0.0,0.0,0.0,0.0,,0.0,,,0.0,0.0,0.0,0.0,0.0,0.0,,0.0,0.0,1.0,0.0,0.0,0.0,0.0,7.0,0.0,0.0,-3.3181300163269043,0.0,0.0,0.0434782616794109,0.0492957755923271,0.0997244343161583,0.0,0.0,0.0,00-0036194,TE,2020_14_NE_LA,202012100ram,REG,AsiaDe00,TE,NE,LA,23.0,39.0,0.0,0.0,0.0,0.0,23.0,,,,0.0,0.0,2,2022,9
00-0036196,G.Davis,Gabe Davis,WR,WR,"https://static.www.nfl.com/image/upload/f_auto,q_auto/league/rlmgjtfct5qjtbwcjqg6",BUF,2020,1,REG,NYJ,0.0,0.0,0.0,0.0,0.0,0.0,0.0,0.0,0.0,0.0,0.0,0.0,,0.0,,,0.0,0.0,0.0,0.0,0.0,0.0,,0.0,2.0,2.0,16.0,0.0,0.0,0.0,8.0,8.0,0.0,0.4025375545024872,0.0,2.0,0.0444444455206394,0.0291970800608396,0.0871046259999275,0.0,1.600000023841858,3.5999999046325684,00-0036196,WR,,,,,,,,0.0,0.0,0.0,0.0,0.0,0.0,0.0,00-0036196,WR,2.0,2.6,0.0,5,2024,86
00-0036197,J.Fromm,Jake Fromm,QB,QB,"https://static.www.nfl.com/image/private/f_auto,q_auto/league/ttrbh2olexnevobzvhub",NYG,2021,15,REG,DAL,6.0,12.0,82.0,0.0,0.0,1.0,3.0,0.0,0.0,123.0,16.0,4.0,-0.6246030926704407,0.0,0.6666666865348816,0.0028492654673755,0.0,0.0,0.0,0.0,0.0,0.0,,0.0,0.0,0.0,0.0,0.0,0.0,0.0,0.0,0.0,0.0,,0.0,,,,,0.0,3.2799999713897705,3.2799999713897705,00-0036197,QB,2021_15_DAL_NYG,202112190nyg,REG,FromJa00,QB,NYG,DAL,13.0,21.0,0.0,0.0,0.0,0.0,13.0,00-0036197,QB,3.0,3.28,0.0,1,2021,4
00-0036208,A.Pierce,Artavis Pierce,RB,RB,"https://static.www.nfl.com/image/private/f_auto,q_auto/league/yyb62mnfyphbutq3hpy7",CHI,2020,10,REG,MIN,0.0,0.0,0.0,0.0,0.0,0.0,0.0,0.0,0.0,0.0,0.0,0.0,,0.0,,,3.0,9.0,0.0,0.0,0.0,0.0,-0.95150625705719,0.0,0.0,0.0,0.0,0.0,0.0,0.0,0.0,0.0,0.0,,0.0,,,,,0.0,0.8999999761581421,0.8999999761581421,00-0036208,RB,2020_10_MIN_CHI,202011160chi,REG,PierAr00,RB,CHI,MIN,6.0,12.0,0.0,0.0,0.0,0.0,6.0,00-0036208,RB,3.0,0.9,0.0,1,2020,4
00-0036219,M.Callaway,Marquez Callaway,WR,WR,"https://static.www.nfl.com/image/upload/f_auto,q_auto/league/zrqsn3ae99gkgpi97qzr",NO,2020,4,REG,DET,0.0,0.0,0.0,0.0,0.0,0.0,0.0,0.0,0.0,0.0,0.0,0.0,,0.0,,,0.0,0.0,0.0,0.0,0.0,0.0,,0.0,1.0,1.0,16.0,0.0,0.0,0.0,11.0,5.0,1.0,0.9221195578575134,0.0,1.454545497894287,0.0399999991059303,0.0472103022038936,0.0930472090840339,0.0,1.600000023841858,2.5999999046325684,00-0036219,WR,2020_04_NO_DET,202010040det,REG,CallMa01,WR,NO,DET,15.0,21.0,0.0,0.0,4.0,0.16,19.0,00-0036219,WR,2.0,2.1,0.0,3,2022,101
00-0036226,J.Eason,Jacob Eason,QB,QB,"https://static.www.nfl.com/image/private/f_auto,q_auto/league/e2qgyhtngjk0llvaswxe",IND,2021,2,REG,LA,2.0,5.0,25.0,0.0,1.0,0.0,-0.0,0.0,0.0,63.0,7.0,2.0,-3.1025431156158447,0.0,0.3968254029750824,-0.089296355843544,0.0,0.0,0.0,0.0,0.0,0.0,,0.0,0.0,0.0,0.0,0.0,0.0,0.0,0.0,0.0,0.0,,0.0,,,,,0.0,-1.0,-1.0,00-0036226,QB,2021_02_LA_IND,202109190clt,REG,EasoJa00,QB,IND,LA,5.0,7.000000000000001,0.0,0.0,0.0,0.0,5.0,00-0036226,QB,2.0,0.0,0.0,2,2022,4
00-0036228,D.Patmon,Dezmon Patmon,WR,WR,"https://static.www.nfl.com/image/private/f_auto,q_auto/league/mqyc6dcbtujx7ioohpmv",IND,2021,9,REG,NYJ,0.0,0.0,0.0,0.0,0.0,0.0,0.0,0.0,0.0,0.0,0.0,0.0,,0.0,,,0.0,0.0,0.0,0.0,0.0,0.0,,0.0,1.0,1.0,7.0,0.0,0.0,0.0,4.0,3.0,0.0,0.1519355177879333,0.0,1.75,0.0344827584922313,0.0169491525739431,0.0635885447263717,0.0,0.699999988079071,1.7000000476837158,00-0036228,WR,2021_09_NYJ_IND,202111040clt,REG,PatmDe00,WR,IND,NYJ,20.0,32.0,0.0,0.0,0.0,0.0,20.0,,,,1.2000000000000002,0.0,2,2022,7
00-0036245,M.Perry,Malcolm Perry,RB,RB,"https://static.www.nfl.com/image/private/f_auto,q_auto/league/eni8pcqq0hvcat9cvirr",MIA,2020,8,REG,LA,0.0,0.0,0.0,0.0,0.0,0.0,0.0,0.0,0.0,0.0,0.0,0.0,,0.0,,,1.0,-5.0,0.0,0.0,0.0,0.0,-1.5538378953933716,0.0,1.0,1.0,10.0,0.0,0.0,0.0,2.0,8.0,1.0,0.7690314054489136,0.0,5.0,0.0454545468091964,0.0169491525739431,0.0800462216138839,0.0,0.5,1.5,00-0036245,RB,2020_08_LA_MIA,202011010mia,REG,PerrMa00,RB/W,MIA,LA,7.0,14.000000000000002,0.0,0.0,0.0,0.0,7.0,00-0036245,RB,3.0,1.0,0.0,1,2020,17
00-0036247,F.Swain,Freddie Swain,WR,WR,"https://static.www.nfl.com/image/upload/f_auto,q_auto/league/ir3qlibvnweezkfabv50",SEA,2020,1,REG,ATL,0.0,0.0,0.0,0.0,0.0,0.0,0.0,0.0,0.0,0.0,0.0,0.0,,0.0,,,0.0,0.0,0.0,0.0,0.0,0.0,,0.0,1.0,1.0,17.0,0.0,0.0,0.0,6.0,11.0,0.0,1.1575584411621094,0.0,2.8333332538604736,0.0285714287310838,0.029268292710185,0.0633449479937553,0.0,1.7000000476837158,2.700000047683716,00-0036247,WR,2020_01_SEA_ATL,202009130atl,REG,SwaiFr00,WR,SEA,ATL,16.0,26.0,0.0,0.0,7.0,0.24,23.0,00-0036247,WR,2.0,2.2,0.0,3,2022,56
00-0036250,T.Davis,Tyler Davis,TE,TE,"https://static.www.nfl.com/image/upload/f_auto,q_auto/league/awihnovccbawpaof5pva",JAX,2020,6,REG,DET,0.0,0.0,0.0,0.0,0.0,0.0,0.0,0.0,0.0,0.0,0.0,0.0,,0.0,,,0.0,0.0,0.0,0.0,0.0,0.0,,0.0,0.0,2.0,0.0,0.0,0.0,0.0,27.0,0.0,0.0,-1.7064179182052612,0.0,0.0,0.0454545468091964,0.0647481977939605,0.1135055571794509,0.0,0.0,0.0,00-0036250,TE,2020_06_DET_JAX,202010180jax,REG,DaviTy02,TE,JAX,DET,16.0,25.0,0.0,0.0,10.0,0.39,26.0,00-0036250,TE,3.0,0.0,0.0,3,2022,13
00-0036251,Z.Moss,Zack Moss,RB,RB,"https://static.www.nfl.com/image/upload/f_auto,q_auto/league/oxrltdgoquiabhihhgnk",BUF,2020,1,REG,NYJ,0.0,0.0,0.0,0.0,0.0,0.0,0.0,0.0,0.0,0.0,0.0,0.0,,0.0,,,9.0,11.0,0.0,0.0,0.0,0.0,-5.603968620300293,0.0,3.0,4.0,16.0,1.0,0.0,0.0,9.0,11.0,1.0,-0.3161371052265167,0.0,1.7777777910232544,0.0888888910412788,0.0328467153012752,0.1563260406255722,0.0,8.699999809265137,11.699999809265137,00-0036251,RB,2020_01_NYJ_BUF,202009130buf,REG,MossZa00,RB,BUF,NYJ,39.0,45.0,0.0,0.0,0.0,0.0,39.0,00-0036251,RB,2.0,10.2,0.0,5,2024,70
00-0036255,D.Mims,Denzel Mims,WR,WR,"https://static.www.nfl.com/image/private/f_auto,q_auto/league/vxqhwwsx0ngjupeajnpm",NYJ,2020,7,REG,BUF,0.0,0.0,0.0,0.0,0.0,0.0,0.0,0.0,0.0,0.0,0.0,0.0,,0.0,,,0.0,0.0,0.0,0.0,0.0,0.0,,0.0,4.0,7.0,42.0,0.0,0.0,0.0,58.0,11.0,2.0,-0.0216607619076967,0.0,0.7241379022598267,0.3333333432674408,0.3972602784633636,0.7780821919441223,0.0,4.199999809265137,8.199999809265137,00-0036255,WR,2020_07_BUF_NYJ,202010250nyj,REG,MimsDe00,WR,NYJ,BUF,45.0,79.0,0.0,0.0,0.0,0.0,45.0,,,,6.2,0.0,3,2022,31
00-0036269,L.Perine,La'Mical Perine,RB,RB,"https://static.www.nfl.com/image/upload/f_auto,q_auto/league/fd2pagtwrgj0hopdspal",NYJ,2020,2,REG,SF,0.0,0.0,0.0,0.0,0.0,0.0,0.0,0.0,0.0,0.0,0.0,0.0,,0.0,,,3.0,17.0,0.0,0.0,0.0,1.0,-0.2099043726921081,0.0,0.0,0.0,0.0,0.0,0.0,0.0,0.0,0.0,0.0,,0.0,,,,,0.0,1.7000000476837158,1.7000000476837158,00-0036269,RB,2020_02_SF_NYJ,202009200nyj,REG,PeriLa00,RB,NYJ,SF,9.0,14.000000000000002,0.0,0.0,0.0,0.0,9.0,00-0036269,RB,3.0,1.7000000000000002,0.0,3,2023,16
00-0036278,J.Huntley,Jason Huntley,RB,RB,"https://static.www.nfl.com/image/private/f_auto,q_auto/league/gbnyqxaymlji05bnflc5",PHI,2020,1,REG,WAS,0.0,0.0,0.0,0.0,0.0,0.0,0.0,0.0,0.0,0.0,0.0,0.0,,0.0,,,1.0,1.0,0.0,0.0,0.0,0.0,0.9926027059555054,0.0,0.0,0.0,0.0,0.0,0.0,0.0,0.0,0.0,0.0,,0.0,,,,,0.0,0.1000000014901161,0.1000000014901161,00-0036278,RB,2020_01_PHI_WAS,202009130was,REG,HuntJa01,RB,PHI,WAS,1.0,1.0,0.0,0.0,0.0,0.0,1.0,00-0036278,RB,3.0,0.1,0.0,2,2021,9
00-0036283,K.Robinson,Kenny Robinson,FS,DB,"https://static.www.nfl.com/image/private/f_auto,q_auto/league/a92bigr1l3xd9ycyjtss",CAR,2021,6,REG,CAR,0.0,0.0,0.0,0.0,0.0,0.0,0.0,0.0,0.0,0.0,0.0,0.0,,0.0,,,0.0,0.0,0.0,0.0,0.0,0.0,,0.0,0.0,0.0,0.0,0.0,0.0,0.0,0.0,0.0,0.0,,0.0,,,,,1.0,6.0,6.0,00-0036283,SAF,,,,,,,,0.0,0.0,0.0,0.0,0.0,0.0,0.0,,,,0.0,0.0,1,2021,2
00-0036308,I.Coulter,Isaiah Coulter,WR,WR,"https://static.www.nfl.com/image/private/f_auto,q_auto/league/wpkz05jnbitkowfmxaso",CHI,2021,12,REG,DET,0.0,0.0,0.0,0.0,0.0,0.0,0.0,0.0,0.0,0.0,0.0,0.0,,0.0,,,0.0,0.0,0.0,0.0,0.0,0.0,,0.0,0.0,1.0,0.0,0.0,0.0,0.0,22.0,0.0,0.0,-0.8571832776069641,0.0,0.0,0.0270270276814699,0.0652818977832794,0.0862378701567649,0.0,0.0,0.0,00-0036308,WR,2021_12_CHI_DET,202111250det,REG,CoulIs00,WR,CHI,DET,14.0,20.0,0.0,0.0,0.0,0.0,14.0,,,,0.0,0.0,1,2021,2
00-0036312,J.Luton,Jake Luton,QB,QB,"https://static.www.nfl.com/image/private/f_auto,q_auto/league/krvobstakocdgp3puv0g",JAX,2020,9,REG,HOU,26.0,38.0,304.0,1.0,1.0,2.0,16.0,1.0,0.0,334.0,124.0,13.0,3.225153923034668,0.0,0.910179615020752,0.1111754179000854,1.0,13.0,1.0,0.0,0.0,1.0,2.304609060287476,0.0,0.0,0.0,0.0,0.0,0.0,0.0,0.0,0.0,0.0,,0.0,,,,,0.0,21.459999084472656,21.459999084472656,00-0036312,QB,2020_09_HOU_JAX,202011080jax,REG,LutoJa00,QB,JAX,HOU,69.0,100.0,0.0,0.0,0.0,0.0,69.0,00-0036312,QB,1.0,23.46,0.0,1,2020,4
00-0036320,J.Charlton,Joseph Charlton,P,SPEC,"https://static.www.nfl.com/image/private/f_auto,q_auto/league/ekullk7pi9dtavlbvdcw",CAR,2020,9,REG,KC,1.0,1.0,28.0,0.0,0.0,0.0,-0.0,0.0,0.0,18.0,10.0,1.0,4.732203006744385,0.0,1.5555555820465088,,0.0,0.0,0.0,0.0,0.0,0.0,,0.0,0.0,0.0,0.0,0.0,0.0,0.0,0.0,0.0,0.0,,0.0,,,,,0.0,1.1200000047683716,1.1200000047683716,00-0036320,P,2020_09_CAR_KC,202011080kan,REG,CharJo01,P,CAR,KC,0.0,0.0,0.0,0.0,10.0,0.32,10.0,00-0036320,P,1.0,1.12,0.0,1,2020,5
00-0036326,C.Claypool,Chase Claypool,WR,WR,"https://static.www.nfl.com/image/upload/f_auto,q_auto/league/intpee5tvgt6rhzxhquc",PIT,2020,1,REG,NYG,0.0,0.0,0.0,0.0,0.0,0.0,0.0,0.0,0.0,0.0,0.0,0.0,,0.0,,,1.0,8.0,0.0,0.0,0.0,1.0,1.35041606426239,0.0,2.0,2.0,39.0,0.0,0.0,0.0,32.0,7.0,1.0,3.3789727687835693,0.0,1.21875,0.0645161271095275,0.1538461595773697,0.2044665068387985,0.0,4.699999809265137,6.699999809265137,00-0036326,WR,2020_01_PIT_NYG,202009140nyg,REG,ClayCh01,WR,PIT,NYG,19.0,30.0,0.0,0.0,14.0,0.54,33.0,00-0036326,WR,2.0,5.7,0.0,4,2023,61
00-0036336,A.McFarland,Anthony McFarland,RB,RB,"https://static.www.nfl.com/image/private/f_auto,q_auto/league/dwt64mh92t2qztepvswo",PIT,2020,3,REG,HOU,0.0,0.0,0.0,0.0,0.0,0.0,0.0,0.0,0.0,0.0,0.0,0.0,,0.0,,,6.0,42.0,0.0,0.0,0.0,2.0,-0.029768094420433,0.0,1.0,2.0,7.0,0.0,0.0,0.0,-1.0,10.0,0.0,0.0410368591547012,0.0,-7.0,0.0571428574621677,-0.0031055901199579,0.0835403725504875,0.0,4.900000095367432,5.900000095367432,00-0036336,RB,,,,,,,,0.0,0.0,0.0,0.0,0.0,0.0,0.0,00-0036336,RB,3.0,5.4,0.0,4,2023,30
00-0036340,A.Gandy-Golden,Antonio Gandy-Golden,WR,WR,"https://static.www.nfl.com/image/private/f_auto,q_auto/league/cudxhx7a5uqtedmlwtvg",WAS,2020,2,REG,ARI,0.0,0.0,0.0,0.0,0.0,0.0,0.0,0.0,0.0,0.0,0.0,0.0,,0.0,,,0.0,0.0,0.0,0.0,0.0,0.0,,0.0,1.0,1.0,3.0,0.0,0.0,0.0,2.0,1.0,0.0,-0.6346185207366943,0.0,1.5,0.0303030312061309,0.007067137863487,0.0504015423357486,0.0,0.3000000119209289,1.2999999523162842,00-0036340,WR,2020_02_WAS_ARI,202009200crd,REG,GandAn00,WR,WAS,ARI,5.0,8.0,0.0,0.0,0.0,0.0,5.0,00-0036340,WR,2.0,0.8,0.0,1,2020,5
00-0036357,H.Ruggs,Henry Ruggs,WR,WR,"https://static.www.nfl.com/image/private/f_auto,q_auto/league/i8oezzdcas0hd9ap8cfp",LV,2020,1,REG,CAR,0.0,0.0,0.0,0.0,0.0,0.0,0.0,0.0,0.0,0.0,0.0,0.0,,0.0,,,2.0,11.0,0.0,0.0,0.0,0.0,0.3209026157855987,0.0,3.0,5.0,55.0,0.0,0.0,0.0,93.0,25.0,2.0,2.66487193107605,0.0,0.5913978219032288,0.1785714328289032,0.5776397585868835,0.6722049713134766,0.0,6.599999904632568,9.600000381469728,00-0036357,WR,,,,,,,,0.0,0.0,0.0,0.0,0.0,0.0,0.0,00-0036357,WR,1.0,8.1,0.0,2,2021,58
00-0036364,L.Bowden,Lynn Bowden,WR,WR,"https://static.www.nfl.com/image/private/f_auto,q_auto/league/nrvwudvuqxpmiegmjzdu",MIA,2020,2,REG,BUF,0.0,0.0,0.0,0.0,0.0,0.0,0.0,0.0,0.0,0.0,0.0,0.0,,0.0,,,0.0,0.0,0.0,0.0,0.0,0.0,,0.0,1.0,1.0,-1.0,0.0,0.0,0.0,-1.0,0.0,0.0,-0.7106251120567322,0.0,0.0,0.0217391308397054,-0.0031948881223797,0.0303722731769084,0.0,-0.1000000014901161,0.8999999761581421,00-0036364,WR,,,,,,,,0.0,0.0,0.0,0.0,0.0,0.0,0.0,,,,0.4,0.0,2,2023,21
00-0036365,B.Edwards,Bryan Edwards,WR,WR,"https://static.www.nfl.com/image/private/f_auto,q_auto/league/hgluubcedtu0vmxjxrcf",LV,2020,1,REG,CAR,0.0,0.0,0.0,0.0,0.0,0.0,0.0,0.0,0.0,0.0,0.0,0.0,,0.0,,,0.0,0.0,0.0,0.0,0.0,0.0,,0.0,1.0,1.0,9.0,0.0,0.0,0.0,-1.0,10.0,0.0,0.7170800566673279,0.0,0.0,0.0357142873108387,-0.0062111802399158,0.0492236018180847,0.0,0.8999999761581421,1.899999976158142,00-0036365,WR,2020_01_LV_CAR,202009130car,REG,EdwaBr01,WR,LV,CAR,47.0,75.0,0.0,0.0,0.0,0.0,47.0,00-0036365,WR,1.0,1.4,0.0,3,2022,34
00-0036370,J.Kelley,Joshua Kelley,RB,RB,"https://static.www.nfl.com/image/private/f_auto,q_auto/league/fsu6gqcltgnofaakmq6u",LAC,2020,1,REG,CIN,0.0,0.0,0.0,0.0,0.0,0.0,0.0,0.0,0.0,0.0,0.0,0.0,,0.0,,,12.0,60.0,1.0,0.0,0.0,3.0,2.309237241744995,0.0,0.0,0.0,0.0,0.0,0.0,0.0,0.0,0.0,0.0,,0.0,,,,,0.0,12.0,12.0,00-0036370,RB,2020_01_LAC_CIN,202009130cin,REG,KellJo01,RB,LAC,CIN,18.0,24.0,0.0,0.0,9.0,0.31,27.0,00-0036370,RB,3.0,12.0,0.0,5,2024,58
00-0036377,J.Reed,Joe Reed,WR,WR,"https://static.www.nfl.com/image/private/f_auto,q_auto/league/fa4giqm0tlvowg979etj",LAC,2020,2,REG,KC,0.0,0.0,0.0,0.0,0.0,0.0,0.0,0.0,0.0,0.0,0.0,0.0,,0.0,,,1.0,8.0,0.0,0.0,0.0,0.0,0.3594536185264587,0.0,0.0,0.0,0.0,0.0,0.0,0.0,0.0,0.0,0.0,,0.0,,,,,0.0,0.800000011920929,0.800000011920929,00-0036377,WR,2020_02_KC_LAC,202009200sdg,REG,ReedJo03,WR,LAC,KC,2.0,2.0,0.0,0.0,12.0,0.43,14.0,00-0036377,WR,1.0,0.8,0.0,1,2020,10
00-0036382,K.Hill,K.J. Hill,WR,WR,"https://static.www.nfl.com/image/private/f_auto,q_auto/league/qd5p8nkgawauikftmkij",LAC,2020,3,REG,CAR,0.0,0.0,0.0,0.0,0.0,0.0,0.0,0.0,0.0,0.0,0.0,0.0,,0.0,,,0.0,0.0,0.0,0.0,0.0,0.0,,0.0,1.0,4.0,15.0,0.0,0.0,0.0,28.0,0.0,1.0,-1.6577694416046145,0.0,0.5357142686843872,0.0833333358168602,0.0945945978164672,0.1912162154912948,0.0,1.5,2.5,00-0036382,WR,2020_03_CAR_LAC,202009270sdg,REG,HillKJ00,WR,LAC,CAR,38.0,49.0,0.0,0.0,10.0,0.38,48.0,00-0036382,WR,2.0,2.0,0.0,2,2021,20
00-0036383,E.Benjamin,Eno Benjamin,RB,RB,"https://static.www.nfl.com/image/private/f_auto,q_auto/league/ibizpqkleka4az4mprvz",ARI,2021,7,REG,HOU,0.0,0.0,0.0,0.0,0.0,0.0,0.0,0.0,0.0,0.0,0.0,0.0,,0.0,,,2.0,7.0,0.0,0.0,0.0,0.0,-0.0372638739645481,0.0,0.0,0.0,0.0,0.0,0.0,0.0,0.0,0.0,0.0,,0.0,,,,,0.0,0.699999988079071,0.699999988079071,00-0036383,RB,2021_07_HOU_ARI,202110240crd,REG,BenjEn00,RB,ARI,HOU,4.0,6.0,0.0,0.0,3.0,0.12,7.0,00-0036383,RB,3.0,0.7000000000000001,0.0,2,2022,38
00-0036384,B.DiNucci,Ben DiNucci,QB,QB,"https://static.www.nfl.com/image/private/f_auto,q_auto/league/o1gjqpevru8k8d98y2qn",DAL,2020,7,REG,WAS,2.0,3.0,39.0,0.0,0.0,3.0,25.0,1.0,0.0,36.0,14.0,1.0,-2.504248142242432,0.0,1.0833333730697632,,1.0,0.0,0.0,1.0,0.0,0.0,-1.473271131515503,0.0,0.0,0.0,0.0,0.0,0.0,0.0,0.0,0.0,0.0,,0.0,,,,,0.0,1.559999942779541,1.559999942779541,00-0036384,QB,2020_07_DAL_WAS,202010250was,REG,DiNuBe00,QB,DAL,WAS,12.0,21.0,0.0,0.0,0.0,0.0,12.0,00-0036384,QB,2.0,-2.44,0.0,1,2020,3
00-0036398,J.Hightower,John Hightower,WR,WR,"https://static.www.nfl.com/image/private/f_auto,q_auto/league/ov8vehr0hojqxls6q7wr",PHI,2020,1,REG,WAS,0.0,0.0,0.0,0.0,0.0,0.0,0.0,0.0,0.0,0.0,0.0,0.0,,0.0,,,0.0,0.0,0.0,0.0,0.0,0.0,,0.0,1.0,4.0,-2.0,0.0,0.0,0.0,32.0,0.0,0.0,-7.37996768951416,0.0,-0.0625,0.095238097012043,0.0615384615957737,0.1859340667724609,0.0,-0.2000000029802322,0.800000011920929,00-0036398,WR,2020_01_PHI_WAS,202009130was,REG,HighJo00,WR,PHI,WAS,27.0,40.0,0.0,0.0,0.0,0.0,27.0,00-0036398,WR,3.0,0.3,0.0,1,2020,17
00-0036424,B.Hopkins,Brycen Hopkins,TE,TE,"https://static.www.nfl.com/image/private/f_auto,q_auto/league/agzychtsya1dteoz1khu",LA,2021,15,REG,SEA,0.0,0.0,0.0,0.0,0.0,0.0,0.0,0.0,0.0,0.0,0.0,0.0,,0.0,,,0.0,0.0,0.0,0.0,0.0,0.0,,0.0,1.0,1.0,9.0,0.0,0.0,0.0,3.0,6.0,1.0,1.6591813564300537,0.0,3.0,0.0344827584922313,0.0130434781312942,0.060854572802782,0.0,0.8999999761581421,1.899999976158142,00-0036424,TE,2021_15_SEA_LA,202112210ram,REG,HopkBr01,TE,LA,SEA,22.0,33.0,0.0,0.0,3.0,0.13,25.0,00-0036424,TE,2.0,1.4,0.0,3,2023,16
00-0036433,T.Stevens,Tommy Stevens,TE,TE,"https://static.www.nfl.com/image/private/f_auto,q_auto/league/d0k0fuhrprnvp1q3p16a",CAR,2020,17,REG,NO,0.0,0.0,0.0,0.0,0.0,0.0,0.0,0.0,0.0,0.0,0.0,0.0,,0.0,,,4.0,24.0,0.0,0.0,0.0,2.0,1.731274962425232,0.0,0.0,0.0,0.0,0.0,0.0,0.0,0.0,0.0,0.0,,0.0,,,,,0.0,2.400000095367432,2.400000095367432,00-0036433,QB,2020_17_NO_CAR,202101030car,REG,StevTo01,QB,CAR,NO,5.0,8.0,0.0,0.0,0.0,0.0,5.0,,,,2.4000000000000004,0.0,1,2020,2
00-0036438,S.Sullivan,Stephen Sullivan,TE,TE,"https://static.www.nfl.com/image/private/f_auto,q_auto/league/dwsdpt0yyomnirainvmj",CAR,2021,16,REG,TB,0.0,0.0,0.0,0.0,0.0,0.0,0.0,0.0,0.0,0.0,0.0,0.0,,0.0,,,0.0,0.0,0.0,0.0,0.0,0.0,,0.0,0.0,1.0,0.0,0.0,0.0,0.0,-2.0,0.0,0.0,-0.3756250143051147,0.0,0.0,0.0232558138668537,-0.0055248620919883,0.0310163181275129,0.0,0.0,0.0,00-0036438,TE,2021_16_TB_CAR,202112260car,REG,SullSt00,TE,CAR,TB,17.0,24.0,0.0,0.0,13.0,0.48,30.0,,,,0.0,0.0,4,2024,20
00-0036439,T.Cleveland,Tyrie Cleveland,WR,WR,"https://static.www.nfl.com/image/upload/f_auto,q_auto/league/dwoxtowzkymitmazn07e",DEN,2020,1,REG,TEN,0.0,0.0,0.0,0.0,0.0,0.0,0.0,0.0,0.0,0.0,0.0,0.0,,0.0,,,0.0,0.0,0.0,0.0,0.0,0.0,,0.0,1.0,1.0,7.0,0.0,0.0,0.0,-3.0,10.0,0.0,0.3149755895137787,0.0,0.0,0.03125,-0.0102739725261926,0.0396832190454006,0.0,0.699999988079071,1.7000000476837158,00-0036439,WR,2020_01_TEN_DEN,202009140den,REG,ClevTy00,WR,DEN,TEN,5.0,8.0,0.0,0.0,12.0,0.5,17.0,00-0036439,WR,3.0,1.2000000000000002,0.0,3,2022,17
00-0036450,K.Vaughn,Ke'Shawn Vaughn,RB,RB,"https://static.www.nfl.com/image/private/f_auto,q_auto/league/npa1msmoqbig9cqznkti",TB,2020,4,REG,LAC,0.0,0.0,0.0,0.0,0.0,0.0,0.0,0.0,0.0,0.0,0.0,0.0,,0.0,,,3.0,4.0,0.0,0.0,0.0,0.0,-1.43752920627594,0.0,2.0,3.0,22.0,1.0,0.0,0.0,9.0,16.0,2.0,2.9315638542175293,0.0,2.444444417953491,0.0666666701436042,0.0209302324801683,0.1146511659026146,0.0,8.600000381469727,10.600000381469728,00-0036450,RB,2020_04_LAC_TB,202010040tam,REG,VaugKe00,RB,TB,LAC,19.0,25.0,0.0,0.0,0.0,0.0,19.0,00-0036450,RB,3.0,9.6,0.0,5,2024,32
00-0036457,T.Williams,Ty'Son Williams,RB,RB,"https://static.www.nfl.com/image/private/f_auto,q_auto/league/ucxy1zbyppgm62iyvrdr",BAL,2021,1,REG,LV,0.0,0.0,0.0,0.0,0.0,0.0,0.0,0.0,0.0,0.0,0.0,0.0,,0.0,,,9.0,65.0,1.0,0.0,0.0,2.0,1.8736951351165767,0.0,3.0,4.0,29.0,0.0,0.0,0.0,0.0,31.0,1.0,0.2563207745552063,0.0,0.0,0.1379310339689254,0.0,0.2068965584039688,0.0,15.399999618530272,18.399999618530277,00-0036457,RB,2021_01_BAL_LV,202109130rai,REG,WillTy01,RB,BAL,LV,35.0,51.0,0.0,0.0,0.0,0.0,35.0,00-0036457,RB,1.0,16.9,0.0,2,2022,14
00-0036482,M.Strachan,Mike Strachan,WR,WR,"https://static.www.nfl.com/image/private/f_auto,q_auto/league/f0eepzx0zweaaoch5xfj",IND,2021,1,REG,SEA,0.0,0.0,0.0,0.0,0.0,0.0,0.0,0.0,0.0,0.0,0.0,0.0,,0.0,,,0.0,0.0,0.0,0.0,0.0,0.0,,0.0,2.0,2.0,26.0,0.0,0.0,0.0,26.0,0.0,2.0,4.239487648010254,0.0,1.0,0.0571428574621677,0.1420765072107315,0.1851678341627121,0.0,2.5999999046325684,4.599999904632568,00-0036482,WR,2021_01_SEA_IND,202109120clt,REG,StraMi03,WR,IND,SEA,18.0,24.0,0.0,0.0,0.0,0.0,18.0,00-0036482,WR,2.0,3.6,0.0,3,2023,12
00-0036493,D.Jackson,Deon Jackson,RB,RB,"https://static.www.nfl.com/image/private/f_auto,q_auto/league/wvi0pz27h6t7gfjujxis",IND,2021,11,REG,BUF,0.0,0.0,0.0,0.0,0.0,0.0,0.0,0.0,0.0,0.0,0.0,0.0,,0.0,,,6.0,12.0,0.0,0.0,0.0,0.0,-4.357672691345215,0.0,0.0,0.0,0.0,0.0,0.0,0.0,0.0,0.0,0.0,,0.0,,,,,0.0,1.2000000476837158,1.2000000476837158,00-0036493,RB,2021_11_IND_BUF,202111210buf,REG,JackDe02,RB,IND,BUF,7.0,10.0,0.0,0.0,9.0,0.39,16.0,00-0036493,RB,3.0,1.2000000000000002,0.0,3,2023,20
00-0036523,T.Ragas,Trey Ragas,RB,RB,"https://static.www.nfl.com/image/private/f_auto,q_auto/league/dxx9omigqswqm8irxgzh",LV,2021,14,REG,KC,0.0,0.0,0.0,0.0,0.0,0.0,0.0,0.0,0.0,0.0,0.0,0.0,,0.0,,,1.0,9.0,0.0,0.0,0.0,1.0,1.1782593727111816,0.0,2.0,2.0,6.0,0.0,0.0,0.0,-7.0,13.0,0.0,-0.3909990489482879,0.0,-0.8571428656578064,0.0465116277337074,-0.037234041839838,0.0437036119401454,0.0,1.5,3.5,00-0036523,RB,2021_14_LV_KC,202112120kan,REG,RagaTr00,RB,LV,KC,9.0,14.000000000000002,0.0,0.0,9.0,0.35,18.0,,,,2.5,0.0,1,2021,2
00-0036527,D.Turner,D.J. Turner,WR,WR,"https://static.www.nfl.com/image/private/f_auto,q_auto/league/uq8plrpxajq8lzqhwbz9",LV,2022,7,REG,HOU,0.0,0.0,0.0,0.0,0.0,0.0,0.0,0.0,0.0,0.0,0.0,0.0,,0.0,,,3.0,20.0,0.0,0.0,0.0,1.0,0.0803310647606849,0.0,0.0,0.0,0.0,0.0,0.0,0.0,0.0,0.0,0.0,,0.0,,,,,0.0,2.0,2.0,00-0036527,WR,,,,,,,,0.0,0.0,0.0,0.0,0.0,0.0,0.0,,,,2.0,0.0,2,2024,26
00-0036543,S.Brown,Spencer Brown,RB,RB,"https://static.www.nfl.com/image/private/f_auto,q_auto/league/mmqzyzoau79or5w0izzq",CAR,2022,8,REG,ATL,0.0,0.0,0.0,0.0,0.0,0.0,0.0,0.0,0.0,0.0,0.0,0.0,,0.0,,,6.0,27.0,0.0,0.0,0.0,0.0,-0.1289407014846801,0.0,0.0,1.0,0.0,0.0,0.0,0.0,6.0,0.0,0.0,-0.5745777487754822,0.0,0.0,0.0277777779847383,0.014184396713972,0.0515957437455654,0.0,2.700000047683716,2.700000047683716,00-0036543,RB,2022_08_CAR_ATL,202210300atl,REG,BrowSp01,RB,CAR,ATL,18.0,22.0,0.0,0.0,12.0,0.34,30.0,,,,2.7,0.0,1,2022,3
00-0036560,T.Doyle,Tommy Doyle,T,OL,"https://static.www.nfl.com/image/private/f_auto,q_auto/league/zwk8avcsoxcutb8gwt9j",BUF,2021,19,POST,NE,0.0,0.0,0.0,0.0,0.0,0.0,0.0,0.0,0.0,0.0,0.0,0.0,,0.0,,,0.0,0.0,0.0,0.0,0.0,0.0,,0.0,1.0,1.0,1.0,1.0,0.0,0.0,1.0,0.0,1.0,0.8651684522628784,0.0,1.0,0.0399999991059303,0.0043478258885443,0.063043475151062,0.0,6.099999904632568,7.099999904632568,00-0036560,OT,2021_19_NE_BUF,202201150buf,WC,DoylTo00,T,BUF,NE,11.0,20.0,0.0,0.0,7.0,0.28,18.0,00-0036560,T,2.0,6.6,0.0,1,2021,4
00-0036572,S.Smith,Shi Smith,WR,WR,"https://static.www.nfl.com/image/private/f_auto,q_auto/league/e08lbk8pl2oxbwxi86ib",CAR,2021,6,REG,MIN,0.0,0.0,0.0,0.0,0.0,0.0,0.0,0.0,0.0,0.0,0.0,0.0,,0.0,,,0.0,0.0,0.0,0.0,0.0,0.0,,0.0,2.0,2.0,20.0,0.0,0.0,0.0,-8.0,28.0,1.0,1.1528866291046145,0.0,0.0,0.0512820519506931,-0.0191387552767992,0.0635259449481964,0.0,2.0,4.0,00-0036572,WR,2021_06_MIN_CAR,202110170car,REG,SmitSh03,WR,CAR,MIN,8.0,11.0,0.0,0.0,7.0,0.2,15.0,00-0036572,WR,3.0,3.0,0.0,2,2022,53
00-0036582,N.McCrary,Nate McCrary,RB,RB,"https://static.www.nfl.com/image/private/f_auto,q_auto/league/mu0ujv1egc6viduiwbdk",BAL,2021,13,REG,PIT,0.0,0.0,0.0,0.0,0.0,0.0,0.0,0.0,0.0,0.0,0.0,0.0,,0.0,,,1.0,-1.0,0.0,0.0,0.0,0.0,-0.7256364226341248,0.0,0.0,0.0,0.0,0.0,0.0,0.0,0.0,0.0,0.0,,0.0,,,,,0.0,-0.1000000014901161,-0.1000000014901161,00-0036582,RB,2021_13_BAL_PIT,202112050pit,REG,McCrNa00,RB,BAL,PIT,2.0,3.0,0.0,0.0,0.0,0.0,2.0,,,,-0.1,0.0,1,2021,2
00-0036620,D.Eskridge,D'Wayne Eskridge,WR,WR,"https://static.www.nfl.com/image/private/f_auto,q_auto/league/lwg4cpbjcdcgoru2emht",SEA,2021,1,REG,IND,0.0,0.0,0.0,0.0,0.0,0.0,0.0,0.0,0.0,0.0,0.0,0.0,,0.0,,,2.0,22.0,0.0,0.0,0.0,1.0,1.7543044090270996,0.0,1.0,1.0,6.0,0.0,0.0,0.0,6.0,0.0,0.0,0.216481864452362,0.0,1.0,0.0476190485060215,0.0288461539894342,0.0916208773851394,0.0,2.799999952316284,3.799999952316284,00-0036620,WR,2021_01_SEA_IND,202109120clt,REG,EskrDW00,WR,SEA,IND,12.0,22.0,0.0,0.0,0.0,0.0,12.0,00-0036620,WR,2.0,3.3000000000000003,0.0,4,2024,41
00-0036650,L.Rountree,Larry Rountree,RB,RB,"https://static.www.nfl.com/image/private/f_auto,q_auto/league/m40kbqrmtagssdl2nyx0",LAC,2021,1,REG,WAS,0.0,0.0,0.0,0.0,0.0,0.0,0.0,0.0,0.0,0.0,0.0,0.0,,0.0,,,8.0,27.0,0.0,0.0,0.0,1.0,-1.514181137084961,0.0,0.0,0.0,0.0,0.0,0.0,0.0,0.0,0.0,0.0,,0.0,,,,,0.0,2.700000047683716,2.700000047683716,00-0036650,RB,2021_01_LAC_WAS,202109120was,REG,RounLa00,RB,LAC,WAS,22.0,27.0,0.0,0.0,6.0,0.26,28.0,00-0036650,RB,3.0,2.7,0.0,2,2022,16
00-0036652,R.McMath,Racey McMath,WR,WR,"https://static.www.nfl.com/image/private/f_auto,q_auto/league/zst4jrejdem1sizbyywz",TEN,2021,3,REG,IND,0.0,0.0,0.0,0.0,0.0,0.0,0.0,0.0,0.0,0.0,0.0,0.0,,0.0,,,0.0,0.0,0.0,0.0,0.0,0.0,,0.0,0.0,1.0,0.0,0.0,0.0,0.0,13.0,0.0,0.0,-0.7576055526733398,0.0,0.0,0.0384615398943424,0.0764705911278724,0.1112217158079147,0.0,0.0,0.0,00-0036652,WR,2021_03_IND_TEN,202109260oti,REG,McMaRa00,WR,TEN,IND,17.0,25.0,0.0,0.0,15.0,0.65,32.0,00-0036652,WR,3.0,0.0,0.0,2,2022,11
00-0036669,K.Hill,Kylin Hill,RB,RB,"https://static.www.nfl.com/image/private/f_auto,q_auto/league/kqcnlnwoumzvotkzu841",GB,2021,1,REG,NO,0.0,0.0,0.0,0.0,0.0,0.0,0.0,0.0,0.0,0.0,0.0,0.0,,0.0,,,5.0,14.0,0.0,0.0,0.0,1.0,0.0886788815259933,0.0,0.0,0.0,0.0,0.0,0.0,0.0,0.0,0.0,0.0,,0.0,,,,,0.0,1.399999976158142,1.399999976158142,00-0036669,RB,2021_01_GB_NO,202109120nor,REG,HillKy00,RB,GB,NO,14.0,25.0,0.0,0.0,10.0,0.45,24.0,00-0036669,RB,1.0,1.4,0.0,2,2022,11
00-0036670,J.Jefferson,Jermar Jefferson,RB,RB,"https://static.www.nfl.com/image/private/f_auto,q_auto/league/ewygyeadzbiyedxbirmb",DET,2021,8,REG,PHI,0.0,0.0,0.0,0.0,0.0,0.0,0.0,0.0,0.0,0.0,0.0,0.0,,0.0,,,2.0,6.0,1.0,0.0,0.0,1.0,1.7782468795776367,0.0,4.0,4.0,23.0,0.0,0.0,0.0,2.0,21.0,2.0,0.5526447296142578,0.0,11.5,0.125,0.0105820102617144,0.1949074119329452,0.0,8.899999618530273,12.899999618530272,00-0036670,RB,2021_08_PHI_DET,202110310det,REG,JeffJe00,RB,DET,PHI,11.0,18.0,0.0,0.0,0.0,0.0,11.0,,,,10.9,0.0,2,2024,8
00-0036671,D.Milne,Dax Milne,WR,WR,"https://static.www.nfl.com/image/private/f_auto,q_auto/league/khppoienurb6ntigjdgf",WAS,2021,5,REG,NO,0.0,0.0,0.0,0.0,0.0,0.0,0.0,0.0,0.0,0.0,0.0,0.0,,0.0,,,0.0,0.0,0.0,0.0,0.0,0.0,,0.0,1.0,1.0,6.0,0.0,0.0,0.0,6.0,0.0,0.0,0.0121509255841374,0.0,1.0,0.0243902429938316,0.0150753771886229,0.0471381284296512,0.0,0.6000000238418579,1.600000023841858,00-0036671,WR,2021_05_NO_WAS,202110100was,REG,MilnDa00,WR,WAS,NO,34.0,41.0,0.0,0.0,1.0,0.03,35.0,00-0036671,WR,2.0,1.1,0.0,2,2022,40
00-0036692,M.Forristall,Miller Forristall,TE,TE,"https://static.www.nfl.com/image/private/f_auto,q_auto/league/avkv1zg4q6jxsacoan8q",CLE,2022,3,REG,PIT,0.0,0.0,0.0,0.0,0.0,0.0,0.0,0.0,0.0,0.0,0.0,0.0,,0.0,,,0.0,0.0,0.0,0.0,0.0,0.0,,0.0,0.0,1.0,0.0,0.0,0.0,0.0,5.0,0.0,0.0,-0.508618175983429,0.0,0.0,0.0322580635547637,0.0248756222426891,0.0658000335097312,0.0,0.0,0.0,00-0036692,TE,2022_03_PIT_CLE,202209220cle,REG,ForrMi00,TE,CLE,PIT,4.0,6.0,0.0,0.0,12.0,0.43,16.0,,,,0.0,0.0,1,2022,2
00-0036698,M.Sargent,Mekhi Sargent,RB,RB,"https://static.www.nfl.com/image/private/f_auto,q_auto/league/vkjbw0dck6obsojugiya",TEN,2021,1,REG,ARI,0.0,0.0,0.0,0.0,0.0,0.0,0.0,0.0,0.0,0.0,0.0,0.0,,0.0,,,1.0,2.0,0.0,0.0,0.0,1.0,0.0082947090268135,0.0,0.0,0.0,0.0,0.0,0.0,0.0,0.0,0.0,0.0,,0.0,,,,,0.0,0.2000000029802322,0.2000000029802322,00-0036698,RB,2021_01_ARI_TEN,202109120oti,REG,SargMe00,RB,TEN,ARI,1.0,2.0,0.0,0.0,1.0,0.04,2.0,00-0036698,RB,3.0,0.2,0.0,1,2021,5
00-0036727,A.Prentice,Adam Prentice,FB,RB,"https://static.www.nfl.com/image/private/f_auto,q_auto/league/oypk09xhfdyvxpkrrxnm",NO,2021,12,REG,BUF,0.0,0.0,0.0,0.0,0.0,0.0,0.0,0.0,0.0,0.0,0.0,0.0,,0.0,,,0.0,0.0,0.0,0.0,0.0,0.0,,0.0,1.0,1.0,10.0,0.0,0.0,0.0,1.0,9.0,0.0,-0.6374856233596802,0.0,10.0,0.0357142873108387,0.0056179775856435,0.0575040131807327,0.0,1.0,2.0,00-0036727,RB,2021_12_BUF_NO,202111250nor,REG,PrenAd00,FB,NO,BUF,15.0,26.0,0.0,0.0,16.0,0.73,31.0,,,,1.5,0.0,4,2024,19
00-0036768,J.Hardy,Jaquan Hardy,RB,RB,"https://static.www.nfl.com/image/private/f_auto,q_auto/league/mgwe4bpzdc7wvox8razh",DAL,2021,14,REG,WAS,0.0,0.0,0.0,0.0,0.0,0.0,0.0,0.0,0.0,0.0,0.0,0.0,,0.0,,,1.0,3.0,0.0,0.0,0.0,0.0,-0.1993681937456131,0.0,0.0,0.0,0.0,0.0,0.0,0.0,0.0,0.0,0.0,,0.0,,,,,0.0,0.3000000119209289,0.3000000119209289,00-0036768,RB,,,,,,,,0.0,0.0,0.0,0.0,0.0,0.0,0.0,,,,0.3,0.0,1,2021,3
00-0036810,C.Johnson,Cade Johnson,WR,WR,"https://static.www.nfl.com/image/private/f_auto,q_auto/league/wu2lgnpiszv4fkdrsij4",SEA,2022,17,REG,NYJ,0.0,0.0,0.0,0.0,0.0,0.0,0.0,0.0,0.0,0.0,0.0,0.0,,0.0,,,0.0,0.0,0.0,0.0,0.0,0.0,,0.0,0.0,2.0,0.0,0.0,0.0,0.0,21.0,0.0,0.0,-1.5884177684783936,0.0,0.0,0.0714285746216774,0.0780669152736663,0.1617897003889084,0.0,0.0,0.0,00-0036810,WR,2022_17_NYJ_SEA,202301010sea,REG,JohnCa03,WR,SEA,NYJ,26.0,36.0,0.0,0.0,0.0,0.0,26.0,,,,0.0,0.0,1,2022,4
00-0036829,C.Huntley,Caleb Huntley,RB,RB,"https://static.www.nfl.com/image/private/f_auto,q_auto/league/xzzb2fcp1ovzekumnjga",ATL,2022,2,REG,LA,0.0,0.0,0.0,0.0,0.0,0.0,0.0,0.0,0.0,0.0,0.0,0.0,,0.0,,,1.0,3.0,0.0,0.0,0.0,0.0,-0.4220702052116394,0.0,0.0,0.0,0.0,0.0,0.0,0.0,0.0,0.0,0.0,,0.0,,,,,0.0,0.3000000119209289,0.3000000119209289,00-0036829,RB,2022_02_ATL_LA,202209180ram,REG,HuntCa02,RB,ATL,LA,3.0,5.0,0.0,0.0,0.0,0.0,3.0,,,,0.3,0.0,1,2022,13
00-0036857,C.Evans,Chris Evans,RB,RB,"https://static.www.nfl.com/image/private/f_auto,q_auto/league/lnkqn3hx8th4ulmxyfen",CIN,2021,2,REG,CHI,0.0,0.0,0.0,0.0,0.0,0.0,0.0,0.0,0.0,0.0,0.0,0.0,,0.0,,,0.0,0.0,0.0,0.0,0.0,0.0,,0.0,1.0,1.0,14.0,0.0,0.0,0.0,4.0,10.0,0.0,0.3111239671707153,0.0,3.5,0.0344827584922313,0.0180180184543132,0.064336746931076,0.0,1.399999976158142,2.400000095367432,00-0036857,RB,2021_02_CIN_CHI,202109190chi,REG,EvanCh02,RB,CIN,CHI,2.0,4.0,0.0,0.0,6.0,0.27,8.0,00-0036857,RB,3.0,1.9,0.0,3,2023,32
00-0036858,J.Camp,Jalen Camp,WR,WR,"https://static.www.nfl.com/image/private/f_auto,q_auto/league/uwnxm7am5nrzn5ocvpux",HOU,2022,9,REG,PHI,0.0,0.0,0.0,0.0,0.0,0.0,0.0,0.0,0.0,0.0,0.0,0.0,,0.0,,,0.0,0.0,0.0,0.0,0.0,0.0,,0.0,1.0,1.0,7.0,0.0,0.0,0.0,7.0,0.0,1.0,0.5108519196510315,0.0,1.0,0.0476190485060215,0.0445859879255294,0.102638766169548,0.0,0.699999988079071,1.7000000476837158,00-0036858,WR,2022_09_PHI_HOU,202211030htx,REG,CampJa03,WR,HOU,PHI,15.0,25.0,0.0,0.0,0.0,0.0,15.0,,,,1.2000000000000002,0.0,1,2022,2
00-0036860,J.Funk,Jake Funk,RB,RB,"https://static.www.nfl.com/image/private/f_auto,q_auto/league/usql5tnx3qhuk3mubmfs",LA,2021,3,REG,TB,0.0,0.0,0.0,0.0,0.0,0.0,0.0,0.0,0.0,0.0,0.0,0.0,,0.0,,,1.0,6.0,0.0,0.0,0.0,0.0,-0.2241811007261276,0.0,0.0,0.0,0.0,0.0,0.0,0.0,0.0,0.0,0.0,,0.0,,,,,0.0,0.6000000238418579,0.6000000238418579,00-0036860,RB,2021_03_TB_LA,202109260ram,REG,FunkJa00,RB,LA,TB,14.0,22.0,0.0,0.0,8.0,0.27,22.0,00-0036860,RB,1.0,0.6000000000000001,0.0,2,2023,8
00-0036877,J.Darden,Jaelon Darden,WR,WR,"https://static.www.nfl.com/image/private/f_auto,q_auto/league/tbuhqtdjd0h3kejsgxln",TB,2021,3,REG,LA,0.0,0.0,0.0,0.0,0.0,0.0,0.0,0.0,0.0,0.0,0.0,0.0,,0.0,,,0.0,0.0,0.0,0.0,0.0,0.0,,0.0,1.0,1.0,0.0,0.0,0.0,0.0,-1.0,1.0,0.0,-0.544227659702301,0.0,0.0,0.0185185186564922,-0.0025974025484174,0.0259595960378646,0.0,0.0,1.0,00-0036877,WR,2021_03_TB_LA,202109260ram,REG,DardJa00,WR,TB,LA,3.0,4.0,0.0,0.0,10.0,0.33,13.0,00-0036877,WR,3.0,0.5,0.0,3,2024,31
00-0036907,D.Newsome,Dazz Newsome,WR,WR,"https://static.www.nfl.com/image/private/f_auto,q_auto/league/cwp4qiumv4yzxg0hsbvj",CHI,2021,15,REG,MIN,0.0,0.0,0.0,0.0,0.0,0.0,0.0,0.0,0.0,0.0,0.0,0.0,,0.0,,,0.0,0.0,0.0,0.0,0.0,0.0,,0.0,0.0,1.0,0.0,0.0,0.0,0.0,10.0,0.0,0.0,-0.332756370306015,0.0,0.0,0.0277777779847383,0.036363635212183,0.0671212151646614,0.0,0.0,0.0,00-0036907,WR,2021_15_MIN_CHI,202112200chi,REG,NewsDa00,WR,CHI,MIN,48.0,66.0,0.0,0.0,2.0,0.1,50.0,,,,0.0,0.0,1,2021,4
00-0036910,C.Saunders,C.J. Saunders,WR,WR,"https://static.www.nfl.com/image/private/f_auto,q_auto/league/fsp88zweiyrelqneg7vk",CAR,2021,18,REG,TB,0.0,0.0,0.0,0.0,0.0,0.0,0.0,0.0,0.0,0.0,0.0,0.0,,0.0,,,0.0,0.0,0.0,0.0,0.0,0.0,,0.0,2.0,2.0,11.0,0.0,0.0,0.0,11.0,0.0,1.0,-0.3376889228820801,0.0,1.0,0.0476190485060215,0.0388692580163478,0.0986370518803596,0.0,1.100000023841858,3.0999999046325684,00-0036910,WR,2021_18_CAR_TB,202201090tam,REG,SaunCJ00,WR,CAR,TB,15.0,21.0,0.0,0.0,0.0,0.0,15.0,,,,2.1,0.0,1,2021,2
00-0036913,K.Toney,Kadarius Toney,WR,WR,"https://static.www.nfl.com/image/private/f_auto,q_auto/league/sptr6q2brsttjjg4zkov",NYG,2021,1,REG,DEN,0.0,0.0,0.0,0.0,0.0,0.0,0.0,0.0,0.0,0.0,0.0,0.0,,0.0,,,0.0,0.0,0.0,0.0,0.0,0.0,,0.0,2.0,2.0,-2.0,0.0,0.0,0.0,-10.0,8.0,0.0,-1.1704964637756348,0.0,0.0,0.0555555559694767,-0.0326797403395175,0.0604575164616107,0.0,-0.2000000029802322,1.7999999523162842,00-0036913,WR,2021_01_DEN_NYG,202109120nyg,REG,ToneKa00,WR,NYG,DEN,5.0,8.0,0.0,0.0,0.0,0.0,5.0,00-0036913,WR,3.0,0.8,0.0,4,2024,76
00-0036929,I.Book,Ian Book,QB,QB,"https://static.www.nfl.com/image/private/f_auto,q_auto/league/y61uz2z5ozimtfwocxum",NO,2021,16,REG,MIA,12.0,20.0,135.0,0.0,2.0,8.0,54.0,0.0,0.0,76.0,81.0,5.0,-29.72981071472168,0.0,1.7763158082962036,0.0153913917019963,3.0,6.0,0.0,0.0,0.0,1.0,1.0195730924606323,0.0,0.0,0.0,0.0,0.0,0.0,0.0,0.0,0.0,0.0,,0.0,,,,,0.0,2.0,2.0,00-0036929,QB,2021_16_MIA_NO,202112270nor,REG,BookIa00,QB,NO,MIA,50.0,96.0,0.0,0.0,0.0,0.0,50.0,00-0036929,QB,3.0,4.0,0.0,1,2021,2
00-0036946,K.Mond,Kellen Mond,QB,QB,"https://static.www.nfl.com/image/private/f_auto,q_auto/league/gkyy94nwpf2z7eecwvbw",MIN,2021,17,REG,GB,2.0,3.0,5.0,0.0,0.0,0.0,-0.0,0.0,0.0,0.0,9.0,0.0,-1.7575525045394895,0.0,0.0,,0.0,0.0,0.0,0.0,0.0,0.0,,0.0,0.0,0.0,0.0,0.0,0.0,0.0,0.0,0.0,0.0,,0.0,,,,,0.0,0.2000000029802322,0.2000000029802322,00-0036946,QB,2021_17_MIN_GB,202201020gnb,REG,MondKe00,QB,MIN,GB,3.0,6.0,0.0,0.0,0.0,0.0,3.0,00-0036946,QB,2.0,0.2,0.0,1,2021,2
00-0036950,A.Williams,Avery Williams,RB,RB,"https://static.www.nfl.com/image/private/f_auto,q_auto/league/pcpum1mfsl26cx7tkt5e",ATL,2022,1,REG,NO,0.0,0.0,0.0,0.0,0.0,0.0,0.0,0.0,0.0,0.0,0.0,0.0,,0.0,,,2.0,7.0,0.0,0.0,0.0,0.0,-0.2284592390060424,0.0,1.0,1.0,8.0,0.0,0.0,0.0,-7.0,15.0,0.0,0.5844110250473022,0.0,-1.1428571939468384,0.03125,-0.0248226951807737,0.0294991135597229,0.0,1.5,2.5,00-0036950,WR,2022_01_NO_ATL,202209110atl,REG,WillAv02,RB,ATL,NO,23.0,31.0,0.0,0.0,16.0,0.5,39.0,00-0036950,RB,1.0,2.0,0.0,1,2022,43
00-0036951,F.Darby,Frank Darby,WR,WR,"https://static.www.nfl.com/image/private/f_auto,q_auto/league/ctfcyiif8irphwslbqur",ATL,2021,10,REG,DAL,0.0,0.0,0.0,0.0,0.0,0.0,0.0,0.0,0.0,0.0,0.0,0.0,,0.0,,,0.0,0.0,0.0,0.0,0.0,0.0,,0.0,1.0,3.0,14.0,0.0,0.0,0.0,50.0,11.0,1.0,-2.7158796787261963,0.0,0.2800000011920929,0.1111111119389534,0.1984127014875412,0.3055555522441864,0.0,1.399999976158142,2.400000095367432,00-0036951,WR,2021_10_ATL_DAL,202111140dal,REG,DarbFr00,WR,ATL,DAL,12.0,22.0,0.0,0.0,18.0,0.72,30.0,00-0036951,WR,3.0,1.9,0.0,2,2022,5
00-0036991,A.Rodgers,Amari Rodgers,WR,WR,"https://static.www.nfl.com/image/private/f_auto,q_auto/league/g85ohsk2pgbf7xz2f1a8",GB,2021,1,REG,NO,0.0,0.0,0.0,0.0,0.0,0.0,0.0,0.0,0.0,0.0,0.0,0.0,,0.0,,,0.0,0.0,0.0,0.0,0.0,0.0,,0.0,1.0,1.0,19.0,0.0,0.0,0.0,14.0,5.0,1.0,2.351759433746338,0.0,1.3571428060531616,0.0303030312061309,0.0430769212543964,0.0756083950400352,0.0,1.899999976158142,2.900000095367432,00-0036991,WR,2021_01_GB_NO,202109120nor,REG,RodgAm00,WR,GB,NO,15.0,26.0,0.0,0.0,3.0,0.14,18.0,00-0036991,WR,1.0,2.4000000000000004,0.0,3,2023,33
00-0036999,A.Schwartz,Anthony Schwartz,WR,WR,"https://static.www.nfl.com/image/private/f_auto,q_auto/league/pmjne2xsf5kh7ze6uk5e",CLE,2021,1,REG,KC,0.0,0.0,0.0,0.0,0.0,0.0,0.0,0.0,0.0,0.0,0.0,0.0,,0.0,,,1.0,17.0,0.0,0.0,0.0,1.0,1.4837157726287842,0.0,3.0,5.0,69.0,0.0,0.0,0.0,126.0,7.0,2.0,4.051745891571045,0.0,0.5476190447807312,0.1851851791143417,0.4615384638309479,0.6008546948432922,0.0,8.600000381469727,11.600000381469728,00-0036999,WR,2021_01_CLE_KC,202109120kan,REG,SchwAn00,WR,CLE,KC,31.0,53.0,0.0,0.0,0.0,0.0,31.0,00-0036999,WR,3.0,10.1,0.0,2,2022,25
00-0037011,T.McKitty,Tre' McKitty,TE,TE,"https://static.www.nfl.com/image/private/f_auto,q_auto/league/fxv7hzz4dar3dghap5zw",LAC,2021,11,REG,PIT,0.0,0.0,0.0,0.0,0.0,0.0,0.0,0.0,0.0,0.0,0.0,0.0,,0.0,,,0.0,0.0,0.0,0.0,0.0,0.0,,0.0,1.0,1.0,7.0,0.0,0.0,0.0,-2.0,9.0,1.0,0.6761451959609985,0.0,0.0,0.0243902429938316,-0.0091324197128415,0.0301926713436841,0.0,0.699999988079071,1.7000000476837158,00-0037011,TE,2021_11_PIT_LAC,202111210sdg,REG,McKiTr00,TE,LAC,PIT,18.0,24.0,0.0,0.0,6.0,0.18,24.0,00-0037011,TE,3.0,1.2000000000000002,0.0,2,2022,20
00-0037087,T.Ebner,Trestan Ebner,RB,RB,"https://static.www.nfl.com/image/private/f_auto,q_auto/league/c7caisxuupzlxa0vxlln",CHI,2022,3,REG,HOU,0.0,0.0,0.0,0.0,0.0,0.0,0.0,0.0,0.0,0.0,0.0,0.0,,0.0,,,7.0,23.0,0.0,0.0,0.0,1.0,-1.786688208580017,0.0,0.0,1.0,0.0,0.0,0.0,0.0,-5.0,0.0,0.0,-0.5712387561798096,0.0,-0.0,0.0625,-0.0349650345742702,0.0692744776606559,0.0,2.299999952316284,2.299999952316284,00-0037087,RB,2022_03_HOU_CHI,202209250chi,REG,EbneTr00,RB,CHI,HOU,15.0,24.0,0.0,0.0,14.0,0.48,29.0,00-0037087,RB,3.0,2.3000000000000003,0.0,1,2022,15
00-0037091,B.Melton,Bo Melton,WR,WR,"https://static.www.nfl.com/image/upload/f_auto,q_auto/league/bhmhwurwugjmymgjforf",GB,2023,15,REG,TB,0.0,0.0,0.0,0.0,0.0,0.0,0.0,0.0,0.0,0.0,0.0,0.0,,0.0,,,0.0,0.0,0.0,0.0,0.0,0.0,,0.0,1.0,2.0,7.0,0.0,0.0,0.0,21.0,3.0,1.0,-0.5792789459228516,0.0,0.3333333432674408,0.0555555559694767,0.0897435918450355,0.1461538523435592,0.0,0.699999988079071,1.7000000476837158,00-0037091,WR,2023_15_TB_GB,202312170gnb,REG,MeltBo00,WR,GB,TB,18.0,30.0,0.0,0.0,5.0,0.2,23.0,,,,1.2000000000000002,0.0,2,2024,22
00-0037168,A.Rogers,Armani Rogers,TE,TE,"https://static.www.nfl.com/image/private/f_auto,q_auto/league/vrzydboexpodoeazqeal",WAS,2022,1,REG,JAX,0.0,0.0,0.0,0.0,0.0,0.0,0.0,0.0,0.0,0.0,0.0,0.0,,0.0,,,0.0,0.0,0.0,0.0,0.0,0.0,,0.0,1.0,1.0,23.0,0.0,0.0,0.0,-4.0,27.0,1.0,1.337852954864502,0.0,0.0,0.0243902429938316,-0.0137931033968925,0.0269301943480968,0.0,2.299999952316284,3.299999952316284,00-0037168,TE,2022_01_JAX_WAS,202209110was,REG,RogeAr00,TE,WAS,JAX,4.0,5.0,0.0,0.0,16.0,0.67,20.0,00-0037168,TE,3.0,2.8000000000000003,0.0,1,2022,6
00-0037175,A.Brown,Anthony Brown,QB,QB,"https://static.www.nfl.com/image/private/f_auto,q_auto/league/wsbie1tqhz6uwtf49tmj",BAL,2022,14,REG,PIT,3.0,5.0,16.0,0.0,0.0,1.0,4.0,0.0,0.0,52.0,4.0,1.0,-1.5073696374893188,0.0,0.3076923191547394,0.0040431302040815,3.0,-5.0,0.0,0.0,0.0,0.0,0.0,0.0,0.0,0.0,0.0,0.0,0.0,0.0,0.0,0.0,0.0,,0.0,,,,,0.0,0.1400000005960464,0.1400000005960464,00-0037175,QB,2022_14_BAL_PIT,202212110pit,REG,BrowAn06,QB,BAL,PIT,23.0,38.0,0.0,0.0,0.0,0.0,23.0,,,,0.14,0.0,1,2022,3
00-0037216,J.Ross,Justyn Ross,WR,WR,"https://static.www.nfl.com/image/private/f_auto,q_auto/league/sdhlpsccscg6u97qy3ef",KC,2023,1,REG,DET,0.0,0.0,0.0,0.0,0.0,0.0,0.0,0.0,0.0,0.0,0.0,0.0,,0.0,,,0.0,0.0,0.0,0.0,0.0,0.0,,0.0,1.0,1.0,6.0,0.0,0.0,0.0,6.0,0.0,0.0,0.1964324414730072,0.0,1.0,0.0270270276814699,0.0174927115440368,0.052785437554121,0.0,0.6000000238418579,1.600000023841858,00-0037216,WR,2023_01_DET_KC,202309070kan,REG,RossJu00,WR,KC,DET,6.0,9.0,0.0,0.0,9.0,0.33,15.0,00-0037216,WR,3.0,1.1,0.0,2,2024,8
00-0037265,S.Conner,Snoop Conner,RB,RB,"https://static.www.nfl.com/image/private/f_auto,q_auto/league/x8j93emkxe44z0kwinjf",JAX,2022,12,REG,BAL,0.0,0.0,0.0,0.0,0.0,0.0,0.0,0.0,0.0,0.0,0.0,0.0,,0.0,,,3.0,11.0,0.0,0.0,0.0,0.0,-0.6918823719024658,0.0,0.0,0.0,0.0,0.0,0.0,0.0,0.0,0.0,0.0,,0.0,,,,,0.0,1.100000023841858,1.100000023841858,00-0037265,RB,2022_12_BAL_JAX,202211270jax,REG,ConnSn00,RB,JAX,BAL,10.0,16.0,0.0,0.0,0.0,0.0,10.0,00-0037265,RB,3.0,1.1,0.0,1,2022,10
00-0037273,K.Philips,Kyle Philips,WR,WR,"https://static.www.nfl.com/image/private/f_auto,q_auto/league/ixonb2eub4xe9lzgwte0",TEN,2022,1,REG,NYG,0.0,0.0,0.0,0.0,0.0,0.0,0.0,0.0,0.0,0.0,0.0,0.0,,0.0,,,0.0,0.0,0.0,0.0,0.0,0.0,,0.0,6.0,9.0,66.0,0.0,0.0,0.0,75.0,10.0,3.0,1.039075493812561,0.0,0.8799999952316284,0.2903225719928741,0.2586206793785095,0.6165183782577515,0.0,6.599999904632568,12.600000381469728,00-0037273,WR,2022_01_NYG_TEN,202209110oti,REG,PhilKy01,WR,TEN,NYG,31.0,48.0,0.0,0.0,6.0,0.21,37.0,00-0037273,WR,2.0,9.6,0.0,2,2023,18
00-0037286,K.Harris,Kevin Harris,RB,RB,"https://static.www.nfl.com/image/private/f_auto,q_auto/league/jlqnwxuwbkoscvv9kz5h",NE,2022,6,REG,CLE,0.0,0.0,0.0,0.0,0.0,0.0,0.0,0.0,0.0,0.0,0.0,0.0,,0.0,,,3.0,5.0,0.0,0.0,0.0,0.0,-1.0236108303070068,0.0,0.0,0.0,0.0,0.0,0.0,0.0,0.0,0.0,0.0,,0.0,,,,,0.0,0.5,0.5,00-0037286,RB,2022_06_NE_CLE,202210160cle,REG,HarrKe01,RB,NE,CLE,12.0,17.0,0.0,0.0,0.0,0.0,12.0,,,,0.5,0.0,2,2023,11
00-0037300,M.Woods,Mike Woods,WR,WR,"https://static.www.nfl.com/image/private/f_auto,q_auto/league/qlps63mn8jfsvqgf7cub",CLE,2022,6,REG,NE,0.0,0.0,0.0,0.0,0.0,0.0,0.0,0.0,0.0,0.0,0.0,0.0,,0.0,,,0.0,0.0,0.0,0.0,0.0,0.0,,0.0,1.0,2.0,15.0,0.0,0.0,0.0,47.0,5.0,1.0,0.4762921929359436,0.0,0.3191489279270172,0.0476190485060215,0.0910852700471878,0.1351882666349411,0.0,1.5,2.5,00-0037300,WR,,,,,,,,0.0,0.0,0.0,0.0,0.0,0.0,0.0,00-0037300,WR,3.0,2.0,0.0,2,2024,13
00-0037331,Z.Horvath,Zander Horvath,RB,RB,"https://static.www.nfl.com/image/private/f_auto,q_auto/league/e1sx0c4mtcm09gavjs7s",LAC,2022,1,REG,LV,0.0,0.0,0.0,0.0,0.0,0.0,0.0,0.0,0.0,0.0,0.0,0.0,,0.0,,,1.0,2.0,0.0,0.0,0.0,1.0,0.5081189870834351,0.0,2.0,2.0,6.0,1.0,0.0,0.0,5.0,1.0,1.0,1.185447335243225,0.0,1.2000000476837158,0.0588235296308994,0.0210084039717912,0.1029411777853965,0.0,6.800000190734863,8.800000190734863,00-0037331,RB,2022_01_LV_LAC,202209110sdg,REG,HorvZa00,RB,LAC,LV,15.0,22.0,0.0,0.0,16.0,0.67,31.0,00-0037331,RB,1.0,7.8,0.0,1,2022,9
00-0037348,T.Conner,Tanner Conner,WR,WR,"https://static.www.nfl.com/image/private/f_auto,q_auto/league/ozsvfs1hhqhlxlvg0cbk",MIA,2022,5,REG,NYJ,0.0,0.0,0.0,0.0,0.0,0.0,0.0,0.0,0.0,0.0,0.0,0.0,,0.0,,,0.0,0.0,0.0,0.0,0.0,0.0,,0.0,0.0,1.0,0.0,0.0,0.0,0.0,8.0,0.0,0.0,-1.1281815767288208,0.0,0.0,0.03125,0.0360360369086265,0.0721002221107482,0.0,0.0,0.0,00-0037348,TE,2022_05_MIA_NYJ,202210090nyj,REG,ConnTa00,WR,MIA,NYJ,7.0,10.0,0.0,0.0,14.0,0.48,21.0,00-0037348,WR,3.0,0.0,0.0,2,2024,6
00-0037393,J.Domann,JoJo Domann,OLB,LB,"https://static.www.nfl.com/image/private/f_auto,q_auto/league/nvytxavob9kkxqvfur8b",IND,2022,15,REG,IND,0.0,0.0,0.0,0.0,0.0,0.0,0.0,0.0,0.0,0.0,0.0,0.0,,0.0,,,0.0,0.0,0.0,0.0,0.0,0.0,,0.0,0.0,0.0,0.0,0.0,0.0,0.0,0.0,0.0,0.0,,0.0,,,,,1.0,6.0,6.0,00-0037393,LB,2022_15_IND_MIN,202212170min,REG,DomaJo00,LB,IND,MIN,0.0,0.0,0.0,0.0,25.0,0.58,25.0,00-0037393,OLB,2.0,0.0,0.0,1,2022,2
00-0037420,K.Lassiter,Kwamie Lassiter,WR,WR,"https://static.www.nfl.com/image/private/f_auto,q_auto/league/emeqage9tq2mlpnlkzl9",CIN,2023,5,REG,ARI,0.0,0.0,0.0,0.0,0.0,0.0,0.0,0.0,0.0,0.0,0.0,0.0,,0.0,,,0.0,0.0,0.0,0.0,0.0,0.0,,0.0,1.0,1.0,2.0,0.0,0.0,0.0,-1.0,3.0,0.0,0.2223148047924041,0.0,0.0,0.0227272734045982,-0.0033557047136127,0.0317419171333313,0.0,0.2000000029802322,1.2000000476837158,00-0037420,WR,,,,,,,,0.0,0.0,0.0,0.0,0.0,0.0,0.0,,,,0.7,0.0,1,2023,2
00-0037450,T.McAllister,Tyreik McAllister,RB,RB,"https://static.www.nfl.com/image/upload/f_auto,q_auto/league/tixxelivpmdjeq2wjdo6",LV,2024,4,REG,CLE,0.0,0.0,0.0,0.0,0.0,0.0,0.0,0.0,0.0,0.0,0.0,0.0,,0.0,,,2.0,11.0,0.0,0.0,0.0,1.0,-0.0164878796786069,0.0,0.0,0.0,0.0,0.0,0.0,0.0,0.0,0.0,0.0,,0.0,,,,,0.0,1.100000023841858,1.100000023841858,00-0037450,WR,2024_04_CLE_LV,202409290rai,REG,McAlTy00,RB,LV,CLE,4.0,7.000000000000001,0.0,0.0,6.0,0.23,10.0,00-0037450,RB,3.0,1.1,0.0,1,2024,4
00-0037451,R.Williams,Rod Williams,TE,TE,"https://static.www.nfl.com/image/upload/f_auto,q_auto/league/wdqerph3lu151tifksgo",PIT,2023,8,REG,JAX,0.0,0.0,0.0,0.0,0.0,0.0,0.0,0.0,0.0,0.0,0.0,0.0,,0.0,,,0.0,0.0,0.0,0.0,0.0,0.0,,0.0,0.0,2.0,0.0,0.0,0.0,0.0,8.0,0.0,0.0,-0.6810534596443176,0.0,0.0,0.050000000745058,0.022408964112401,0.0906862765550613,0.0,0.0,0.0,00-0037451,TE,,,,,,,,0.0,0.0,0.0,0.0,0.0,0.0,0.0,00-0037451,TE,3.0,0.0,0.0,1,2023,2
00-0037456,T.Hairston,Troy Hairston,FB,RB,"https://static.www.nfl.com/image/private/f_auto,q_auto/league/sagsvhjpdxay3uue59bx",HOU,2022,1,REG,IND,0.0,0.0,0.0,0.0,0.0,0.0,0.0,0.0,0.0,0.0,0.0,0.0,,0.0,,,0.0,0.0,0.0,0.0,0.0,0.0,,0.0,1.0,1.0,5.0,0.0,0.0,0.0,4.0,1.0,0.0,0.1467663496732711,0.0,1.25,0.0277777779847383,0.015209125354886,0.0523130558431148,0.0,0.5,1.5,00-0037456,RB,2022_01_IND_HOU,202209110htx,REG,HairTr00,FB,HOU,IND,16.0,23.0,0.0,0.0,13.0,0.41,29.0,00-0037456,FB,1.0,1.0,0.0,1,2022,8
00-0037487,D.Thompkins,Deven Thompkins,WR,WR,"https://static.www.nfl.com/image/private/f_auto,q_auto/league/gt0yeyl9y8s6onw8wcdr",TB,2022,15,REG,CIN,0.0,0.0,0.0,0.0,0.0,0.0,0.0,0.0,0.0,0.0,0.0,0.0,,0.0,,,1.0,9.0,0.0,0.0,0.0,0.0,0.7143359184265137,0.0,1.0,1.0,7.0,0.0,0.0,0.0,4.0,3.0,0.0,-0.0608637817203998,0.0,1.75,0.0238095242530107,0.01290322560817,0.0447465442121028,0.0,1.600000023841858,2.5999999046325684,00-0037487,WR,2022_15_CIN_TB,202212180tam,REG,ThomDe07,WR,TB,CIN,13.0,18.0,0.0,0.0,11.0,0.44,24.0,,,,2.1,0.0,3,2024,54
00-0037563,M.Davis,Malik Davis,RB,RB,"https://static.www.nfl.com/image/private/f_auto,q_auto/league/gakyucly45gxmxsmdydq",DAL,2022,8,REG,CHI,0.0,0.0,0.0,0.0,0.0,0.0,0.0,0.0,0.0,0.0,0.0,0.0,,0.0,,,8.0,23.0,0.0,0.0,0.0,0.0,-2.1840381622314453,0.0,2.0,2.0,18.0,0.0,0.0,0.0,1.0,17.0,2.0,3.0756990909576416,0.0,18.0,0.0769230797886848,0.0051546390168368,0.1189928650856018,0.0,4.099999904632568,6.099999904632568,00-0037563,RB,2022_08_CHI_DAL,202210300dal,REG,DaviMa02,RB,DAL,CHI,19.0,33.0,0.0,0.0,15.0,0.52,34.0,,,,5.1000000000000005,0.0,1,2022,7
00-0037569,P.Hendershot,Peyton Hendershot,TE,TE,"https://static.www.nfl.com/image/private/f_auto,q_auto/league/la4laebqrgkakbd8nvvu",DAL,2022,3,REG,NYG,0.0,0.0,0.0,0.0,0.0,0.0,0.0,0.0,0.0,0.0,0.0,0.0,,0.0,,,0.0,0.0,0.0,0.0,0.0,0.0,,0.0,3.0,3.0,43.0,0.0,0.0,0.0,17.0,26.0,2.0,1.4248124361038208,0.0,2.529411792755127,0.1000000014901161,0.0669291317462921,0.1968503892421722,0.0,4.300000190734863,7.300000190734863,00-0037569,TE,2022_03_DAL_NYG,202209260nyg,REG,HendPe01,TE,DAL,NYG,38.0,59.0,0.0,0.0,17.0,0.59,55.0,00-0037569,TE,3.0,5.8,0.0,3,2024,23
00-0037609,A.Shampklin,Aaron Shampklin,RB,RB,"https://static.www.nfl.com/image/upload/f_auto,q_auto/league/iujjn4h87hwnj9tswfey",PIT,2024,4,REG,IND,0.0,0.0,0.0,0.0,0.0,0.0,0.0,0.0,0.0,0.0,0.0,0.0,,0.0,,,1.0,5.0,0.0,0.0,0.0,1.0,-0.037344466894865,0.0,0.0,0.0,0.0,0.0,0.0,0.0,0.0,0.0,0.0,,0.0,,,,,0.0,0.5,0.5,00-0037609,RB,2024_04_PIT_IND,202409290clt,REG,ShamAa00,RB,PIT,IND,13.0,19.0,0.0,0.0,6.0,0.22,19.0,,,,0.5,0.0,1,2024,4
00-0037745,V.Jones,Velus Jones,WR,WR,"https://static.www.nfl.com/image/private/f_auto,q_auto/league/gb06eaw6prinklkdkv2d",CHI,2022,5,REG,MIN,0.0,0.0,0.0,0.0,0.0,0.0,0.0,0.0,0.0,0.0,0.0,0.0,,0.0,,,0.0,0.0,0.0,0.0,0.0,0.0,,0.0,1.0,1.0,9.0,1.0,0.0,0.0,-5.0,14.0,1.0,1.7159491777420044,0.0,0.0,0.0476190485060215,-0.0289017334580421,0.0511973574757576,0.0,6.900000095367432,7.900000095367432,00-0037745,RB,,,,,,,,0.0,0.0,0.0,0.0,0.0,0.0,0.0,00-0037745,WR,2.0,7.4,0.0,3,2024,64
00-0037809,C.Okonkwo,Chigoziem Okonkwo,TE,TE,"https://static.www.nfl.com/image/private/f_auto,q_auto/league/hkqd6pubp52djhxhtyqi",TEN,2022,1,REG,NYG,0.0,0.0,0.0,0.0,0.0,0.0,0.0,0.0,0.0,0.0,0.0,0.0,,0.0,,,1.0,-4.0,0.0,0.0,0.0,0.0,-2.427287101745605,0.0,1.0,1.0,11.0,0.0,0.0,0.0,11.0,0.0,1.0,1.3324601650238037,0.0,1.0,0.0322580635547637,0.0379310362040996,0.0749388188123703,0.0,0.699999988079071,1.7000000476837158,00-0037809,TE,2022_01_NYG_TEN,202209110oti,REG,OkonCh00,TE,TEN,NYG,10.0,15.0,0.0,0.0,8.0,0.29,18.0,00-0037809,TE,2.0,1.2000000000000002,0.0,3,2024,51
00-0037827,T.Davis-Price,Tyrion Davis-Price,RB,RB,"https://static.www.nfl.com/image/private/f_auto,q_auto/league/oor9ikpohxt5hjy3g0op",SF,2022,2,REG,SEA,0.0,0.0,0.0,0.0,0.0,0.0,0.0,0.0,0.0,0.0,0.0,0.0,,0.0,,,14.0,33.0,0.0,0.0,0.0,2.0,-6.245776653289795,0.0,0.0,0.0,0.0,0.0,0.0,0.0,0.0,0.0,0.0,,0.0,,,,,0.0,3.299999952316284,3.299999952316284,00-0037827,RB,2022_02_SEA_SF,202209180sfo,REG,DaviTy03,RB,SF,SEA,30.0,39.0,0.0,0.0,0.0,0.0,30.0,00-0037827,RB,3.0,3.3000000000000003,0.0,3,2024,10
00-0037828,D.Gray,Danny Gray,WR,WR,"https://static.www.nfl.com/image/private/f_auto,q_auto/league/faphntikmfz5ha6oagcv",SF,2022,2,REG,SEA,0.0,0.0,0.0,0.0,0.0,0.0,0.0,0.0,0.0,0.0,0.0,0.0,,0.0,,,0.0,0.0,0.0,0.0,0.0,0.0,,0.0,0.0,2.0,0.0,0.0,0.0,0.0,51.0,0.0,0.0,-3.058765649795532,0.0,0.0,0.0833333358168602,0.2833333313465118,0.3233333230018616,0.0,0.0,0.0,00-0037828,WR,2022_02_SEA_SF,202209180sfo,REG,GrayDa02,WR,SF,SEA,7.0,9.0,0.0,0.0,0.0,0.0,7.0,00-0037828,WR,3.0,0.0,0.0,1,2022,11
00-0038045,I.Spiller,Isaiah Spiller,RB,RB,"https://static.www.nfl.com/image/private/f_auto,q_auto/league/mmgppj4johvoldlpuns3",LAC,2022,7,REG,SEA,0.0,0.0,0.0,0.0,0.0,0.0,0.0,0.0,0.0,0.0,0.0,0.0,,0.0,,,1.0,-5.0,0.0,0.0,0.0,0.0,-1.799099087715149,0.0,0.0,0.0,0.0,0.0,0.0,0.0,0.0,0.0,0.0,,0.0,,,,,0.0,-0.5,-0.5,00-0038045,RB,2022_07_SEA_LAC,202210230sdg,REG,SpilIs00,RB,LAC,SEA,4.0,6.0,0.0,0.0,0.0,0.0,4.0,,,,-0.5,0.0,2,2023,16
00-0038134,K.Walker,Kenneth Walker,RB,RB,"https://static.www.nfl.com/image/private/f_auto,q_auto/league/rwdj1bljth8fyojof5dp",SEA,2022,2,REG,SF,0.0,0.0,0.0,0.0,0.0,0.0,0.0,0.0,0.0,0.0,0.0,0.0,,0.0,,,4.0,10.0,0.0,0.0,0.0,1.0,-0.5139150619506836,0.0,2.0,3.0,5.0,0.0,0.0,0.0,2.0,8.0,0.0,-1.7832437753677368,0.0,2.5,0.1000000014901161,0.0117647061124444,0.1582352966070175,0.0,1.5,3.5,00-0038134,RB,,,,,,,,0.0,0.0,0.0,0.0,0.0,0.0,0.0,00-0038134,RB,2.0,2.5,0.0,3,2024,63
00-0038147,D.Baldwin,Daylen Baldwin,WR,WR,"https://static.www.nfl.com/image/private/f_auto,q_auto/league/azk4fbf1r56sykzhjcku",CLE,2022,15,REG,BAL,0.0,0.0,0.0,0.0,0.0,0.0,0.0,0.0,0.0,0.0,0.0,0.0,,0.0,,,0.0,0.0,0.0,0.0,0.0,0.0,,0.0,2.0,2.0,25.0,0.0,0.0,0.0,25.0,0.0,2.0,1.791361689567566,0.0,1.0,0.0769230797886848,0.2232142835855484,0.2716346085071563,0.0,2.5,4.5,00-0038147,WR,2022_15_BAL_CLE,202212170cle,REG,BaldDa01,WR,CLE,BAL,12.0,18.0,0.0,0.0,2.0,0.11,14.0,,,,3.5,0.0,1,2022,2
00-0038149,J.Ali,Josh Ali,WR,WR,"https://static.www.nfl.com/image/private/f_auto,q_auto/league/xsken6qj4usecotulka3",ATL,2022,18,REG,TB,0.0,0.0,0.0,0.0,0.0,0.0,0.0,0.0,0.0,0.0,0.0,0.0,,0.0,,,0.0,0.0,0.0,0.0,0.0,0.0,,0.0,0.0,1.0,0.0,0.0,0.0,0.0,45.0,0.0,0.0,-0.5190199017524719,0.0,0.0,0.0357142873108387,0.1347305327653885,0.147882804274559,0.0,0.0,0.0,00-0038149,WR,2022_18_TB_ATL,202301080atl,REG,AlixJo00,WR,ATL,TB,7.0,10.0,0.0,0.0,0.0,0.0,7.0,,,,0.0,0.0,1,2022,2
00-0038490,T.Zentner,Ty Zentner,P,SPEC,"https://static.www.nfl.com/image/upload/f_auto,q_auto/league/rmprz572lgnxuojnxh5p",TEN,2023,18,REG,JAX,0.0,0.0,0.0,0.0,0.0,0.0,0.0,0.0,0.0,0.0,0.0,0.0,,0.0,,,1.0,0.0,0.0,1.0,0.0,0.0,-2.2570948600769043,0.0,0.0,0.0,0.0,0.0,0.0,0.0,0.0,0.0,0.0,,0.0,,,,,0.0,0.0,0.0,00-0038490,P,2023_18_JAX_TEN,202401070oti,REG,ZentTy00,P,TEN,JAX,0.0,0.0,0.0,0.0,13.0,0.59,13.0,,,,-2.0,0.0,1,2023,2
00-0038507,G.DuBose,Grant DuBose,WR,WR,"https://static.www.nfl.com/image/upload/f_auto,q_auto/league/ytrkyhuvudbeuc90zuok",MIA,2024,2,REG,BUF,0.0,0.0,0.0,0.0,0.0,0.0,0.0,0.0,0.0,0.0,0.0,0.0,,0.0,,,0.0,0.0,0.0,0.0,0.0,0.0,,0.0,1.0,3.0,13.0,0.0,0.0,0.0,52.0,0.0,1.0,-3.0683271884918213,0.0,0.25,0.0810810774564743,0.1721854358911514,0.2421514242887497,0.0,1.2999999523162842,2.299999952316284,00-0038507,WR,,,,,,,,0.0,0.0,0.0,0.0,0.0,0.0,0.0,00-0038507,WR,3.0,1.8,0.0,1,2024,3
00-0038598,J.Hall,Jaren Hall,QB,QB,"https://static.www.nfl.com/image/upload/f_auto,q_auto/league/ki7jq97gzu1dv16hi4jq",MIN,2023,8,REG,GB,3.0,4.0,23.0,0.0,0.0,1.0,-0.0,1.0,1.0,14.0,12.0,1.0,-2.580854892730713,0.0,1.6428571939468384,,2.0,-1.0,0.0,0.0,0.0,0.0,0.0,0.0,0.0,0.0,0.0,0.0,0.0,0.0,0.0,0.0,0.0,,0.0,,,,,0.0,-1.1799999475479126,-1.1799999475479126,00-0038598,QB,2023_08_MIN_GB,202310290gnb,REG,HallJa00,QB,MIN,GB,11.0,15.0,0.0,0.0,0.0,0.0,11.0,00-0038598,QB,2.0,-1.18,0.0,1,2023,4
00-0038614,S.Matlock,Scott Matlock,FB,RB,"https://static.www.nfl.com/image/upload/f_auto,q_auto/league/qin48hcmcufdvuvyefxz",LAC,2024,1,REG,LV,0.0,0.0,0.0,0.0,0.0,0.0,0.0,0.0,0.0,0.0,0.0,0.0,,0.0,,,0.0,0.0,0.0,0.0,0.0,0.0,,0.0,0.0,1.0,0.0,0.0,0.0,0.0,2.0,0.0,0.0,-0.5983437299728394,0.0,0.0,0.0399999991059303,0.0129870129749178,0.0690909102559089,0.0,0.0,0.0,00-0038614,DT,2024_01_LV_LAC,202409080sdg,REG,MatlSc00,FB,LAC,LV,18.0,32.0,16.0,27.0,14.0,0.5,48.0,00-0038614,FB,2.0,0.0,0.0,1,2024,10
00-0038627,A.Green,Antoine Green,WR,WR,"https://static.www.nfl.com/image/upload/f_auto,q_auto/league/x5jwwdjpwiwe5sdtjzsd",DET,2023,2,REG,SEA,0.0,0.0,0.0,0.0,0.0,0.0,0.0,0.0,0.0,0.0,0.0,0.0,,0.0,,,0.0,0.0,0.0,0.0,0.0,0.0,,0.0,1.0,1.0,2.0,0.0,0.0,0.0,1.0,1.0,0.0,-0.6347234845161438,0.0,2.0,0.0294117648154497,0.003546099178493,0.0465999171137809,0.0,0.2000000029802322,1.2000000476837158,00-0038627,WR,2023_02_SEA_DET,202309170det,REG,GreeAn00,WR,DET,SEA,7.0,11.0,0.0,0.0,8.0,0.29,15.0,00-0038627,WR,2.0,0.7,0.0,1,2023,3
00-0038632,C.Dowell,Colton Dowell,WR,WR,"https://static.www.nfl.com/image/upload/f_auto,q_auto/league/asnykoet55r5qhhewijc",TEN,2023,4,REG,CIN,0.0,0.0,0.0,0.0,0.0,0.0,0.0,0.0,0.0,0.0,0.0,0.0,,0.0,,,0.0,0.0,0.0,0.0,0.0,0.0,,0.0,0.0,1.0,0.0,0.0,0.0,0.0,37.0,0.0,0.0,-2.41926383972168,0.0,0.0,0.0384615398943424,0.1197410970926284,0.1415110826492309,0.0,0.0,0.0,00-0038632,WR,2023_04_CIN_TEN,202310010oti,REG,DoweCo00,WR,TEN,CIN,15.0,23.0,0.0,0.0,9.0,0.43,24.0,00-0038632,WR,3.0,0.0,0.0,1,2023,3
00-0038728,J.Wayne,Jared Wayne,WR,WR,"https://static.www.nfl.com/image/private/f_auto,q_auto/league/udca0jyyym0k7vh2f5yr",HOU,2024,20,POST,KC,0.0,0.0,0.0,0.0,0.0,0.0,0.0,0.0,0.0,0.0,0.0,0.0,,0.0,,,0.0,0.0,0.0,0.0,0.0,0.0,,0.0,0.0,2.0,0.0,0.0,0.0,0.0,40.0,0.0,0.0,-1.4937772750854492,0.0,0.0,0.0714285746216774,0.1481481492519378,0.2108465582132339,0.0,0.0,0.0,00-0038728,WR,2024_20_HOU_KC,202501180kan,DIV,WaynJa01,WR,HOU,KC,24.0,35.0,0.0,0.0,10.0,0.38,34.0,,,,0.0,0.0,1,2024,2
00-0038920,J.Shenker,John Samuel Shenker,TE,TE,"https://static.www.nfl.com/image/private/f_auto,q_auto/league/gx0qdhwr7pdetd83ifcw",LV,2024,8,REG,KC,0.0,0.0,0.0,0.0,0.0,0.0,0.0,0.0,0.0,0.0,0.0,0.0,,0.0,,,0.0,0.0,0.0,0.0,0.0,0.0,,0.0,1.0,1.0,7.0,0.0,0.0,0.0,4.0,3.0,0.0,0.3741023242473602,0.0,1.75,0.0370370373129844,0.0291970800608396,0.0759935081005096,0.0,0.699999988079071,1.7000000476837158,00-0038920,TE,2024_08_KC_LV,202410270rai,REG,ShenJo00,TE,LV,KC,23.0,40.0,0.0,0.0,10.0,0.42,33.0,00-0038920,TE,2.0,1.2000000000000002,0.0,1,2024,2
00-0039136,Z.Evans,Zach Evans,RB,RB,"https://static.www.nfl.com/image/upload/f_auto,q_auto/league/i2hxbdi464do6jaxgpua",LA,2023,6,REG,ARI,0.0,0.0,0.0,0.0,0.0,0.0,0.0,0.0,0.0,0.0,0.0,0.0,,0.0,,,4.0,10.0,0.0,0.0,0.0,0.0,-2.1069884300231934,0.0,0.0,0.0,0.0,0.0,0.0,0.0,0.0,0.0,0.0,,0.0,,,,,0.0,1.0,1.0,00-0039136,RB,2023_06_ARI_LA,202310150ram,REG,EvanZa00,RB,LA,ARI,6.0,11.0,0.0,0.0,8.0,0.3,14.0,00-0039136,RB,3.0,1.0,0.0,1,2023,5
00-0039393,J.McClellan,Jase McClellan,RB,RB,"https://static.www.nfl.com/image/upload/f_auto,q_auto/league/qargp7q40zcnh0tjfc1o",ATL,2024,7,REG,SEA,0.0,0.0,0.0,0.0,0.0,0.0,0.0,0.0,0.0,0.0,0.0,0.0,,0.0,,,5.0,17.0,0.0,0.0,0.0,1.0,-2.0277225971221924,0.0,0.0,0.0,0.0,0.0,0.0,0.0,0.0,0.0,0.0,,0.0,,,,,0.0,1.7000000476837158,1.7000000476837158,00-0039393,RB,2024_07_SEA_ATL,202410200atl,REG,McClJa05,RB,ATL,SEA,6.0,8.0,0.0,0.0,1.0,0.04,7.0,00-0039393,RB,3.0,1.7000000000000002,0.0,1,2024,3
00-0039398,J.Milton,Joe Milton,QB,QB,"https://static.www.nfl.com/image/upload/f_auto,q_auto/league/x1c3tu0bkgqokripa885",NE,2024,18,REG,BUF,22.0,29.0,241.0,1.0,0.0,0.0,-0.0,0.0,0.0,280.0,72.0,14.0,11.790716171264648,0.0,0.8607142567634583,0.2361256331205368,10.0,16.0,1.0,1.0,1.0,4.0,-3.962806224822998,0.0,0.0,0.0,0.0,0.0,0.0,0.0,0.0,0.0,0.0,,0.0,,,,,0.0,19.239999771118164,19.239999771118164,00-0039398,QB,2024_18_BUF_NE,202501050nwe,REG,MiltJo00,QB,NE,BUF,61.0,95.0,0.0,0.0,0.0,0.0,61.0,00-0039398,QB,3.0,19.24,0.0,1,2024,2
00-0039543,R.Keyton,Ramel Keyton,WR,WR,"https://static.www.nfl.com/image/upload/f_auto,q_auto/league/cqzhnef7pkr3bkmuwo5q",LV,2024,9,REG,CIN,0.0,0.0,0.0,0.0,0.0,0.0,0.0,0.0,0.0,0.0,0.0,0.0,,0.0,,,0.0,0.0,0.0,0.0,0.0,0.0,,0.0,1.0,2.0,7.0,0.0,0.0,0.0,20.0,0.0,1.0,0.5075096487998962,0.0,0.3499999940395355,0.0625,0.0757575780153274,0.1467802971601486,0.0,0.699999988079071,1.7000000476837158,00-0039543,WR,2024_09_LV_CIN,202411030cin,REG,KeytRa00,WR,LV,CIN,27.0,44.0,0.0,0.0,0.0,0.0,27.0,,,,1.2000000000000002,0.0,1,2024,3
00-0039611,M.Hayball,Matthew Hayball,P,SPEC,"https://static.www.nfl.com/image/upload/f_auto,q_auto/league/tentgyr8ofqc8cr4ejjz",NO,2024,9,REG,CAR,0.0,0.0,0.0,0.0,0.0,0.0,0.0,0.0,0.0,0.0,0.0,0.0,,0.0,,,1.0,11.0,0.0,0.0,0.0,1.0,2.8743553161621094,0.0,0.0,0.0,0.0,0.0,0.0,0.0,0.0,0.0,0.0,,0.0,,,,,0.0,1.100000023841858,1.100000023841858,00-0039611,P,2024_09_NO_CAR,202411030car,REG,HaybMa00,P,NO,CAR,0.0,0.0,0.0,0.0,9.0,0.31,9.0,00-0039611,P,1.0,1.1,0.0,1,2024,3
00-0039613,D.Holker,Dallin Holker,TE,TE,"https://static.www.nfl.com/image/upload/f_auto,q_auto/league/sps8av7spro1015lpwn1",NO,2024,14,REG,NYG,0.0,0.0,0.0,0.0,0.0,0.0,0.0,0.0,0.0,0.0,0.0,0.0,,0.0,,,0.0,0.0,0.0,0.0,0.0,0.0,,0.0,1.0,1.0,10.0,0.0,0.0,0.0,-1.0,11.0,1.0,0.6718133091926575,0.0,0.0,0.0322580635547637,-0.0030674845911562,0.0462398566305637,0.0,1.0,2.0,00-0039613,TE,2024_14_NO_NYG,202412080nyg,REG,HolkDa00,TE,NO,NYG,6.0,9.0,0.0,0.0,0.0,0.0,6.0,00-0039613,TE,2.0,1.5,0.0,1,2024,4
00-0039614,J.Jackson,Jermaine Jackson,WR,WR,"https://static.www.nfl.com/image/upload/f_auto,q_auto/league/kmter0gxx2gk9d5b8wgu",NO,2024,9,REG,CAR,0.0,0.0,0.0,0.0,0.0,0.0,0.0,0.0,0.0,0.0,0.0,0.0,,0.0,,,1.0,-1.0,0.0,0.0,0.0,0.0,-0.8796551823616028,0.0,0.0,0.0,0.0,0.0,0.0,0.0,0.0,0.0,0.0,,0.0,,,,,0.0,-0.1000000014901161,-0.1000000014901161,00-0039614,WR,2024_09_NO_CAR,202411030car,REG,JackJe01,WR,NO,CAR,3.0,4.0,0.0,0.0,11.0,0.38,14.0,,,,-0.1,0.0,1,2024,2
00-0039617,J.Kibodi,Jacob Kibodi,RB,RB,"https://static.www.nfl.com/image/upload/f_auto,q_auto/league/no7mr4wgu7o2exnmjre8",CLE,2024,18,REG,BAL,0.0,0.0,0.0,0.0,0.0,0.0,0.0,0.0,0.0,0.0,0.0,0.0,,0.0,,,5.0,24.0,0.0,0.0,0.0,1.0,-0.7370813488960266,0.0,1.0,3.0,15.0,0.0,0.0,0.0,9.0,11.0,1.0,-4.447477340698242,0.0,1.6666666269302368,0.0909090936183929,0.0357142873108387,0.1613636314868927,0.0,3.900000095367432,4.900000095367432,00-0039617,RB,2024_18_CLE_BAL,202501040rav,REG,KiboJa00,RB,CLE,BAL,17.0,29.0,0.0,0.0,0.0,0.0,17.0,,,,4.4,0.0,1,2024,2
